persona_id,question_id,run_index,rating,failures,response,collected_at
0,1,1,3,0,3,2026-07-15T12:35:41.326396
0,1,2,3,0,3,2026-07-15T12:35:42.697245
0,1,3,3,0,3,2026-07-15T12:35:44.903997
0,1,4,3,0,3,2026-07-15T12:35:52.182949
0,1,5,3,0,3,2026-07-15T12:35:53.879836
0,1,6,3,0,3,2026-07-15T12:35:57.221112
0,1,7,3,0,3,2026-07-15T12:35:58.687308
0,1,8,0,0,0,2026-07-15T12:35:59.829729
0,1,9,3,0,3,2026-07-15T12:36:01.375888
0,1,10,2,0,2,2026-07-15T12:36:01.959846
0,2,1,2,0,2,2026-07-15T12:36:03.440278
0,2,2,1,0,1,2026-07-15T12:36:05.004004
0,2,3,1,0,1,2026-07-15T12:36:06.099992
0,2,4,1,0,1,2026-07-15T12:36:07.299625
0,2,5,0,0,0,2026-07-15T12:36:07.769209
0,2,6,1,0,1,2026-07-15T12:36:09.982325
0,2,7,1,0,1,2026-07-15T12:36:11.244170
0,2,8,1,0,1,2026-07-15T12:36:13.862569
0,2,9,0,0,0,2026-07-15T12:36:14.534036
0,2,10,1,0,1,2026-07-15T12:36:15.968462
0,3,1,3,0,3,2026-07-15T12:36:17.212781
0,3,2,3,0,3,2026-07-15T12:36:18.623813
0,3,3,3,0,3,2026-07-15T12:36:19.951330
0,3,4,3,0,3,2026-07-15T12:36:20.504701
0,3,5,3,0,3,2026-07-15T12:36:21.639439
0,3,6,3,0,3,2026-07-15T12:36:23.760016
0,3,7,3,0,3,2026-07-15T12:36:25.567141
0,3,8,3,0,3,2026-07-15T12:36:27.418864
0,3,9,3,0,3,2026-07-15T12:36:29.162910
0,3,10,3,0,3,2026-07-15T12:36:35.464463
0,4,1,0,0,0,2026-07-15T12:36:36.726038
0,4,2,0,0,0,2026-07-15T12:36:43.822022
0,4,3,0,0,0,2026-07-15T12:36:48.893498
0,4,4,0,0,0,2026-07-15T12:36:50.028599
0,4,5,0,0,0,2026-07-15T12:36:51.797248
0,4,6,0,0,0,2026-07-15T12:36:52.312574
0,4,7,0,0,0,2026-07-15T12:36:53.307701
0,4,8,0,0,0,2026-07-15T12:36:54.354529
0,4,9,0,0,0,2026-07-15T12:36:55.439909
0,4,10,0,0,0,2026-07-15T12:36:57.283060
0,5,1,3,0,3,2026-07-15T12:36:58.358068
0,5,2,3,0,3,2026-07-15T12:36:59.536639
0,5,3,3,0,3,2026-07-15T12:37:00.940478
0,5,4,3,0,3,2026-07-15T12:37:02.176119
0,5,5,3,0,3,2026-07-15T12:37:03.231042
0,5,6,3,0,3,2026-07-15T12:37:04.173796
0,5,7,3,0,3,2026-07-15T12:37:05.329414
0,5,8,3,0,3,2026-07-15T12:37:06.870513
0,5,9,3,0,3,2026-07-15T12:37:10.419479
0,5,10,3,0,3,2026-07-15T12:37:11.664902
0,6,1,1,0,1,2026-07-15T12:37:12.822031
0,6,2,1,0,1,2026-07-15T12:37:14.590781
0,6,3,1,0,1,2026-07-15T12:37:21.000829
0,6,4,0,0,0,2026-07-15T12:37:24.379227
0,6,5,1,0,1,2026-07-15T12:37:25.587928
0,6,6,1,0,1,2026-07-15T12:37:26.617458
0,6,7,1,0,1,2026-07-15T12:37:29.333621
0,6,8,0,0,0,2026-07-15T12:37:29.809635
0,6,9,1,0,1,2026-07-15T12:37:31.628421
0,6,10,1,0,1,2026-07-15T12:37:32.892720
0,7,1,3,0,3,2026-07-15T12:37:34.058136
0,7,2,3,0,3,2026-07-15T12:37:35.632656
0,7,3,3,0,3,2026-07-15T12:37:37.560601
0,7,4,3,0,3,2026-07-15T12:37:39.810775
0,7,5,3,0,3,2026-07-15T12:37:42.963080
0,7,6,3,0,3,2026-07-15T12:37:44.533802
0,7,7,3,0,3,2026-07-15T12:37:46.134899
0,7,8,3,0,3,2026-07-15T12:37:48.645725
0,7,9,3,0,3,2026-07-15T12:37:54.924566
0,7,10,3,0,3,2026-07-15T12:37:58.091661
0,8,1,2,0,2,2026-07-15T12:37:59.560154
0,8,2,0,0,0,2026-07-15T12:38:00.068091
0,8,3,2,0,2,2026-07-15T12:38:02.577436
0,8,4,0,0,0,2026-07-15T12:38:03.052671
0,8,5,2,0,2,2026-07-15T12:38:04.519734
0,8,6,2,0,2,2026-07-15T12:38:05.930628
0,8,7,2,0,2,2026-07-15T12:38:07.328929
0,8,8,3,0,3,2026-07-15T12:38:08.545773
0,8,9,0,0,0,2026-07-15T12:38:09.088626
0,8,10,0,0,0,2026-07-15T12:38:09.658518
0,9,1,4,0,4,2026-07-15T12:38:10.258973
0,9,2,4,0,4,2026-07-15T12:38:11.402214
0,9,3,4,0,4,2026-07-15T12:38:12.583956
0,9,4,4,0,4,2026-07-15T12:38:14.064999
0,9,5,4,0,4,2026-07-15T12:38:15.276122
0,9,6,4,0,4,2026-07-15T12:38:16.431929
0,9,7,4,0,4,2026-07-15T12:38:17.626030
0,9,8,4,0,4,2026-07-15T12:38:18.758744
0,9,9,4,0,4,2026-07-15T12:38:20.250607
0,9,10,5,0,5,2026-07-15T12:38:20.740069
1,1,1,3,0,3,2026-07-15T12:38:21.996961
1,1,2,3,0,3,2026-07-15T12:38:23.321508
1,1,3,3,0,3,2026-07-15T12:38:24.977832
1,1,4,3,0,3,2026-07-15T12:38:26.526843
1,1,5,3,0,3,2026-07-15T12:38:27.152085
1,1,6,3,0,3,2026-07-15T12:38:27.866477
1,1,7,3,0,3,2026-07-15T12:38:28.345889
1,1,8,3,0,3,2026-07-15T12:38:30.197243
1,1,9,3,0,3,2026-07-15T12:38:30.589573
1,1,10,3,0,3,2026-07-15T12:38:33.230868
1,2,1,0,0,0,2026-07-15T12:38:33.681322
1,2,2,0,0,0,2026-07-15T12:38:34.377207
1,2,3,2,0,2,2026-07-15T12:38:40.749772
1,2,4,1,0,1,2026-07-15T12:38:42.336886
1,2,5,2,0,2,2026-07-15T12:38:43.393138
1,2,6,2,0,2,2026-07-15T12:38:44.479253
1,2,7,0,0,0,2026-07-15T12:38:48.165663
1,2,8,1,0,1,2026-07-15T12:38:50.132728
1,2,9,0,0,0,2026-07-15T12:38:50.660816
1,2,10,1,0,1,2026-07-15T12:38:51.933974
1,3,1,3,0,3,2026-07-15T12:38:52.417125
1,3,2,3,0,3,2026-07-15T12:38:53.608321
1,3,3,3,0,3,2026-07-15T12:38:54.663465
1,3,4,3,0,3,2026-07-15T12:38:56.070160
1,3,5,3,0,3,2026-07-15T12:38:56.512676
1,3,6,3,0,3,2026-07-15T12:38:57.134331
1,3,7,3,0,3,2026-07-15T12:38:59.338595
1,3,8,3,0,3,2026-07-15T12:39:00.600039
1,3,9,3,0,3,2026-07-15T12:39:01.890482
1,3,10,3,0,3,2026-07-15T12:39:02.920700
1,4,1,0,0,0,2026-07-15T12:39:04.879657
1,4,2,0,0,0,2026-07-15T12:39:06.001816
1,4,3,0,0,0,2026-07-15T12:39:06.545459
1,4,4,0,0,0,2026-07-15T12:39:06.997203
1,4,5,1,0,1,2026-07-15T12:39:08.087806
1,4,6,0,0,0,2026-07-15T12:39:08.625177
1,4,7,0,0,0,2026-07-15T12:39:09.709217
1,4,8,0,0,0,2026-07-15T12:39:10.283894
1,4,9,0,0,0,2026-07-15T12:39:12.260441
1,4,10,0,0,0,2026-07-15T12:39:13.443475
1,5,1,3,0,3,2026-07-15T12:39:14.502745
1,5,2,3,0,3,2026-07-15T12:39:15.579670
1,5,3,3,0,3,2026-07-15T12:39:17.023331
1,5,4,2,0,2,2026-07-15T12:39:18.360408
1,5,5,3,0,3,2026-07-15T12:39:19.659562
1,5,6,3,0,3,2026-07-15T12:39:23.703048
1,5,7,3,0,3,2026-07-15T12:39:24.756517
1,5,8,3,0,3,2026-07-15T12:39:25.787673
1,5,9,2,0,2,2026-07-15T12:39:26.341010
1,5,10,3,0,3,2026-07-15T12:39:27.411385
1,6,1,0,0,0,2026-07-15T12:39:28.453820
1,6,2,0,0,0,2026-07-15T12:39:29.043071
1,6,3,0,0,0,2026-07-15T12:39:29.684416
1,6,4,1,0,1,2026-07-15T12:39:30.750736
1,6,5,0,0,0,2026-07-15T12:39:32.001869
1,6,6,0,0,0,2026-07-15T12:39:33.306744
1,6,7,0,0,0,2026-07-15T12:39:34.536813
1,6,8,0,0,0,2026-07-15T12:39:35.121857
1,6,9,0,0,0,2026-07-15T12:39:36.616657
1,6,10,0,0,0,2026-07-15T12:39:37.428114
1,7,1,3,0,3,2026-07-15T12:39:38.819816
1,7,2,4,0,4,2026-07-15T12:39:39.919398
1,7,3,4,0,4,2026-07-15T12:39:41.580816
1,7,4,4,0,4,2026-07-15T12:39:43.653961
1,7,5,3,0,3,2026-07-15T12:39:44.465707
1,7,6,3,0,3,2026-07-15T12:39:44.926479
1,7,7,4,0,4,2026-07-15T12:39:46.048498
1,7,8,4,0,4,2026-07-15T12:39:47.188847
1,7,9,3,0,3,2026-07-15T12:39:48.172901
1,7,10,3,0,3,2026-07-15T12:39:49.301679
1,8,1,3,0,3,2026-07-15T12:39:50.946250
1,8,2,3,0,3,2026-07-15T12:39:53.504357
1,8,3,3,0,3,2026-07-15T12:39:54.833136
1,8,4,3,0,3,2026-07-15T12:39:55.852991
1,8,5,3,0,3,2026-07-15T12:39:57.599834
1,8,6,3,0,3,2026-07-15T12:39:58.828290
1,8,7,3,0,3,2026-07-15T12:39:59.843634
1,8,8,3,0,3,2026-07-15T12:40:00.978383
1,8,9,0,0,0,2026-07-15T12:40:01.424271
1,8,10,2,0,2,2026-07-15T12:40:02.297862
1,9,1,4,0,4,2026-07-15T12:40:03.691186
1,9,2,5,0,5,2026-07-15T12:40:05.287019
1,9,3,5,0,5,2026-07-15T12:40:05.945395
1,9,4,5,0,5,2026-07-15T12:40:06.529568
1,9,5,4,0,4,2026-07-15T12:40:08.010639
1,9,6,4,0,4,2026-07-15T12:40:09.444131
1,9,7,4,0,4,2026-07-15T12:40:13.235811
1,9,8,4,0,4,2026-07-15T12:40:18.360304
1,9,9,5,0,5,2026-07-15T12:40:18.823820
1,9,10,5,0,5,2026-07-15T12:40:19.468689
2,1,1,2,0,2,2026-07-15T12:40:20.072874
2,1,2,2,0,2,2026-07-15T12:40:20.628118
2,1,3,3,0,3,2026-07-15T12:40:22.376370
2,1,4,3,0,3,2026-07-15T12:40:23.970685
2,1,5,2,0,2,2026-07-15T12:40:24.550405
2,1,6,2,0,2,2026-07-15T12:40:25.166499
2,1,7,3,0,3,2026-07-15T12:40:26.358890
2,1,8,2,0,2,2026-07-15T12:40:27.302660
2,1,9,3,0,3,2026-07-15T12:40:28.398905
2,1,10,3,0,3,2026-07-15T12:40:29.875468
2,2,1,2,0,2,2026-07-15T12:40:31.079671
2,2,2,2,0,2,2026-07-15T12:40:32.423631
2,2,3,2,0,2,2026-07-15T12:40:33.607162
2,2,4,1,0,1,2026-07-15T12:40:40.061070
2,2,5,1,0,1,2026-07-15T12:40:42.221704
2,2,6,2,0,2,2026-07-15T12:40:44.223044
2,2,7,2,0,2,2026-07-15T12:40:45.277558
2,2,8,0,0,0,2026-07-15T12:40:47.479966
2,2,9,1,0,1,2026-07-15T12:40:48.757461
2,2,10,0,0,0,2026-07-15T12:40:49.386944
2,3,1,3,0,3,2026-07-15T12:40:50.014901
2,3,2,3,0,3,2026-07-15T12:40:50.799929
2,3,3,3,0,3,2026-07-15T12:40:51.799614
2,3,4,3,0,3,2026-07-15T12:40:52.895290
2,3,5,3,0,3,2026-07-15T12:40:54.681032
2,3,6,3,0,3,2026-07-15T12:40:56.771567
2,3,7,3,0,3,2026-07-15T12:40:57.944381
2,3,8,3,0,3,2026-07-15T12:40:59.442423
2,3,9,3,0,3,2026-07-15T12:41:00.832172
2,3,10,3,0,3,2026-07-15T12:41:02.144148
2,4,1,0,0,0,2026-07-15T12:41:03.348445
2,4,2,0,0,0,2026-07-15T12:41:04.323236
2,4,3,0,0,0,2026-07-15T12:41:05.543672
2,4,4,1,0,1,2026-07-15T12:41:06.606558
2,4,5,0,0,0,2026-07-15T12:41:07.944456
2,4,6,0,0,0,2026-07-15T12:41:08.410837
2,4,7,0,0,0,2026-07-15T12:41:10.202086
2,4,8,0,0,0,2026-07-15T12:41:11.791116
2,4,9,0,0,0,2026-07-15T12:41:13.074413
2,4,10,0,0,0,2026-07-15T12:41:13.541565
2,5,1,3,0,3,2026-07-15T12:41:16.416216
2,5,2,3,0,3,2026-07-15T12:41:17.624539
2,5,3,3,0,3,2026-07-15T12:41:18.194324
2,5,4,3,0,3,2026-07-15T12:41:18.676095
2,5,5,3,0,3,2026-07-15T12:41:19.749779
2,5,6,3,0,3,2026-07-15T12:41:22.165692
2,5,7,3,0,3,2026-07-15T12:41:24.618762
2,5,8,3,0,3,2026-07-15T12:41:25.742240
2,5,9,3,0,3,2026-07-15T12:41:26.855125
2,5,10,3,0,3,2026-07-15T12:41:28.672480
2,6,1,1,0,1,2026-07-15T12:41:32.117714
2,6,2,1,0,1,2026-07-15T12:41:38.432028
2,6,3,1,0,1,2026-07-15T12:41:39.498463
2,6,4,2,0,2,2026-07-15T12:41:41.757000
2,6,5,0,0,0,2026-07-15T12:41:43.976013
2,6,6,1,0,1,2026-07-15T12:41:45.358424
2,6,7,1,0,1,2026-07-15T12:41:46.433812
2,6,8,1,0,1,2026-07-15T12:41:47.959027
2,6,9,2,0,2,2026-07-15T12:41:49.754116
2,6,10,0,0,0,2026-07-15T12:41:50.264695
2,7,1,3,0,3,2026-07-15T12:41:51.411258
2,7,2,3,0,3,2026-07-15T12:41:52.012190
2,7,3,3,0,3,2026-07-15T12:41:53.329829
2,7,4,3,0,3,2026-07-15T12:41:54.420373
2,7,5,3,0,3,2026-07-15T12:41:55.056315
2,7,6,3,0,3,2026-07-15T12:41:56.229490
2,7,7,3,0,3,2026-07-15T12:41:57.755539
2,7,8,4,0,4,2026-07-15T12:41:59.903239
2,7,9,3,0,3,2026-07-15T12:42:01.234379
2,7,10,3,0,3,2026-07-15T12:42:02.833722
2,8,1,2,0,2,2026-07-15T12:42:04.055978
2,8,2,2,0,2,2026-07-15T12:42:07.639727
2,8,3,2,0,2,2026-07-15T12:42:09.104340
2,8,4,2,0,2,2026-07-15T12:42:10.548930
2,8,5,0,0,0,2026-07-15T12:42:11.150128
2,8,6,0,0,0,2026-07-15T12:42:13.391795
2,8,7,2,0,2,2026-07-15T12:42:15.810106
2,8,8,3,0,3,2026-07-15T12:42:17.036787
2,8,9,2,0,2,2026-07-15T12:42:18.342402
2,8,10,0,0,0,2026-07-15T12:42:18.797493
2,9,1,5,0,5,2026-07-15T12:42:19.852698
2,9,2,4,0,4,2026-07-15T12:42:21.148604
2,9,3,5,0,5,2026-07-15T12:42:23.335832
2,9,4,5,0,5,2026-07-15T12:42:23.967996
2,9,5,5,0,5,2026-07-15T12:42:25.411263
2,9,6,4,0,4,2026-07-15T12:42:26.769532
2,9,7,5,0,5,2026-07-15T12:42:28.078736
2,9,8,5,0,5,2026-07-15T12:42:28.646900
2,9,9,4,0,4,2026-07-15T12:42:30.350172
2,9,10,5,0,5,2026-07-15T12:42:31.646793
3,1,1,3,0,3,2026-07-15T12:42:34.182918
3,1,2,3,0,3,2026-07-15T12:42:35.068246
3,1,3,3,0,3,2026-07-15T12:42:36.334597
3,1,4,3,0,3,2026-07-15T12:42:37.583518
3,1,5,3,0,3,2026-07-15T12:42:38.539141
3,1,6,3,0,3,2026-07-15T12:42:40.363452
3,1,7,3,0,3,2026-07-15T12:42:41.771542
3,1,8,3,0,3,2026-07-15T12:42:42.894484
3,1,9,3,0,3,2026-07-15T12:42:44.077789
3,1,10,3,0,3,2026-07-15T12:42:45.475625
3,2,1,0,0,0,2026-07-15T12:42:46.158204
3,2,2,1,0,1,2026-07-15T12:42:47.837319
3,2,3,0,0,0,2026-07-15T12:42:48.436692
3,2,4,0,0,0,2026-07-15T12:42:49.074815
3,2,5,1,0,1,2026-07-15T12:42:50.510069
3,2,6,1,0,1,2026-07-15T12:42:51.732648
3,2,7,1,0,1,2026-07-15T12:42:53.112233
3,2,8,0,0,0,2026-07-15T12:42:54.251588
3,2,9,0,0,0,2026-07-15T12:42:54.750530
3,2,10,1,0,1,2026-07-15T12:42:55.969509
3,3,1,3,0,3,2026-07-15T12:42:57.555732
3,3,2,3,0,3,2026-07-15T12:42:58.935455
3,3,3,3,0,3,2026-07-15T12:43:00.379435
3,3,4,3,0,3,2026-07-15T12:43:01.021363
3,3,5,3,0,3,2026-07-15T12:43:02.881107
3,3,6,3,0,3,2026-07-15T12:43:04.651863
3,3,7,3,0,3,2026-07-15T12:43:07.253434
3,3,8,3,0,3,2026-07-15T12:43:08.452486
3,3,9,3,0,3,2026-07-15T12:43:09.604029
3,3,10,3,0,3,2026-07-15T12:43:11.918105
3,4,1,0,0,0,2026-07-15T12:43:12.937797
3,4,2,0,0,0,2026-07-15T12:43:14.411592
3,4,3,0,0,0,2026-07-15T12:43:15.570256
3,4,4,0,0,0,2026-07-15T12:43:16.714033
3,4,5,0,0,0,2026-07-15T12:43:19.061033
3,4,6,0,0,0,2026-07-15T12:43:20.206206
3,4,7,0,0,0,2026-07-15T12:43:21.931672
3,4,8,0,0,0,2026-07-15T12:43:23.446834
3,4,9,0,0,0,2026-07-15T12:43:24.899043
3,4,10,0,0,0,2026-07-15T12:43:25.948527
3,5,1,3,0,3,2026-07-15T12:43:27.209726
3,5,2,3,0,3,2026-07-15T12:43:33.656521
3,5,3,3,0,3,2026-07-15T12:43:36.456863
3,5,4,3,0,3,2026-07-15T12:43:37.754365
3,5,5,3,0,3,2026-07-15T12:43:38.846657
3,5,6,3,0,3,2026-07-15T12:43:40.324672
3,5,7,3,0,3,2026-07-15T12:43:41.137643
3,5,8,3,0,3,2026-07-15T12:43:42.835518
3,5,9,3,0,3,2026-07-15T12:43:43.979835
3,5,10,3,0,3,2026-07-15T12:43:45.085311
3,6,1,0,0,0,2026-07-15T12:43:46.315028
3,6,2,0,0,0,2026-07-15T12:43:47.499989
3,6,3,0,0,0,2026-07-15T12:43:49.137409
3,6,4,0,0,0,2026-07-15T12:43:50.452985
3,6,5,0,0,0,2026-07-15T12:43:51.415536
3,6,6,0,0,0,2026-07-15T12:43:53.123118
3,6,7,0,0,0,2026-07-15T12:43:54.715484
3,6,8,0,0,0,2026-07-15T12:43:57.579869
3,6,9,0,0,0,2026-07-15T12:43:58.705486
3,6,10,0,0,0,2026-07-15T12:43:59.984120
3,7,1,4,0,4,2026-07-15T12:44:02.997022
3,7,2,3,0,3,2026-07-15T12:44:04.312734
3,7,3,4,0,4,2026-07-15T12:44:05.463541
3,7,4,3,0,3,2026-07-15T12:44:07.261508
3,7,5,3,0,3,2026-07-15T12:44:09.102676
3,7,6,3,0,3,2026-07-15T12:44:11.085787
3,7,7,4,0,4,2026-07-15T12:44:12.074856
3,7,8,4,0,4,2026-07-15T12:44:13.616984
3,7,9,3,0,3,2026-07-15T12:44:14.214587
3,7,10,3,0,3,2026-07-15T12:44:15.233069
3,8,1,1,0,1,2026-07-15T12:44:16.505983
3,8,2,0,0,0,2026-07-15T12:44:17.788380
3,8,3,3,0,3,2026-07-15T12:44:19.651479
3,8,4,2,0,2,2026-07-15T12:44:21.088677
3,8,5,3,0,3,2026-07-15T12:44:22.574798
3,8,6,1,0,1,2026-07-15T12:44:23.701008
3,8,7,0,0,0,2026-07-15T12:44:25.666992
3,8,8,1,0,1,2026-07-15T12:44:27.269069
3,8,9,2,0,2,2026-07-15T12:44:29.158709
3,8,10,0,0,0,2026-07-15T12:44:29.743696
3,9,1,5,0,5,2026-07-15T12:44:31.315522
3,9,2,5,0,5,2026-07-15T12:44:32.468751
3,9,3,4,0,4,2026-07-15T12:44:33.881653
3,9,4,5,0,5,2026-07-15T12:44:34.895503
3,9,5,4,0,4,2026-07-15T12:44:36.001439
3,9,6,4,0,4,2026-07-15T12:44:37.267552
3,9,7,5,0,5,2026-07-15T12:44:37.796503
3,9,8,5,0,5,2026-07-15T12:44:40.583903
3,9,9,5,0,5,2026-07-15T12:44:43.004820
3,9,10,5,0,5,2026-07-15T12:44:44.468470
4,1,1,3,0,3,2026-07-15T12:44:45.543211
4,1,2,3,0,3,2026-07-15T12:44:48.720607
4,1,3,3,0,3,2026-07-15T12:44:50.098857
4,1,4,3,0,3,2026-07-15T12:44:51.421947
4,1,5,3,0,3,2026-07-15T12:44:53.107752
4,1,6,3,0,3,2026-07-15T12:44:54.418421
4,1,7,3,0,3,2026-07-15T12:44:55.950990
4,1,8,3,0,3,2026-07-15T12:44:57.511075
4,1,9,3,0,3,2026-07-15T12:44:59.265861
4,1,10,3,0,3,2026-07-15T12:45:00.990567
4,2,1,0,0,0,2026-07-15T12:45:05.240577
4,2,2,2,0,2,2026-07-15T12:45:06.924826
4,2,3,1,0,1,2026-07-15T12:45:08.769941
4,2,4,1,0,1,2026-07-15T12:45:10.662650
4,2,5,1,0,1,2026-07-15T12:45:14.199165
4,2,6,1,0,1,2026-07-15T12:45:15.551933
4,2,7,0,0,0,2026-07-15T12:45:16.469348
4,2,8,1,0,1,2026-07-15T12:45:18.495914
4,2,9,1,0,1,2026-07-15T12:45:19.627444
4,2,10,1,0,1,2026-07-15T12:45:21.498305
4,3,1,3,0,3,2026-07-15T12:45:22.634968
4,3,2,3,0,3,2026-07-15T12:45:23.900178
4,3,3,3,0,3,2026-07-15T12:45:25.211458
4,3,4,3,0,3,2026-07-15T12:45:25.792750
4,3,5,3,0,3,2026-07-15T12:45:27.613931
4,3,6,3,0,3,2026-07-15T12:45:28.750341
4,3,7,3,0,3,2026-07-15T12:45:29.322915
4,3,8,3,0,3,2026-07-15T12:45:31.214725
4,3,9,3,0,3,2026-07-15T12:45:32.936049
4,3,10,3,0,3,2026-07-15T12:45:39.315532
4,4,1,0,0,0,2026-07-15T12:45:43.657387
4,4,2,0,0,0,2026-07-15T12:45:45.292399
4,4,3,1,0,1,2026-07-15T12:45:46.348349
4,4,4,0,0,0,2026-07-15T12:45:47.790259
4,4,5,0,0,0,2026-07-15T12:45:49.155374
4,4,6,0,0,0,2026-07-15T12:45:50.717031
4,4,7,1,0,1,2026-07-15T12:45:52.100583
4,4,8,0,0,0,2026-07-15T12:45:53.648817
4,4,9,1,0,1,2026-07-15T12:45:55.505813
4,4,10,1,0,1,2026-07-15T12:45:56.685001
4,5,1,3,0,3,2026-07-15T12:45:57.743719
4,5,2,3,0,3,2026-07-15T12:45:59.026784
4,5,3,3,0,3,2026-07-15T12:46:00.280859
4,5,4,3,0,3,2026-07-15T12:46:02.036118
4,5,5,3,0,3,2026-07-15T12:46:03.106956
4,5,6,2,0,2,2026-07-15T12:46:03.951747
4,5,7,3,0,3,2026-07-15T12:46:06.202844
4,5,8,3,0,3,2026-07-15T12:46:07.274903
4,5,9,3,0,3,2026-07-15T12:46:08.565234
4,5,10,3,0,3,2026-07-15T12:46:09.727193
4,6,1,1,0,1,2026-07-15T12:46:18.546617
4,6,2,0,0,0,2026-07-15T12:46:19.938767
4,6,3,1,0,1,2026-07-15T12:46:24.258865
4,6,4,0,0,0,2026-07-15T12:46:26.258693
4,6,5,0,0,0,2026-07-15T12:46:27.625426
4,6,6,0,0,0,2026-07-15T12:46:28.074287
4,6,7,0,0,0,2026-07-15T12:46:28.622691
4,6,8,0,0,0,2026-07-15T12:46:29.976006
4,6,9,1,0,1,2026-07-15T12:46:36.789251
4,6,10,0,0,0,2026-07-15T12:46:43.490839
4,7,1,3,0,3,2026-07-15T12:46:44.720018
4,7,2,3,0,3,2026-07-15T12:46:47.040716
4,7,3,4,0,4,2026-07-15T12:46:48.749034
4,7,4,3,0,3,2026-07-15T12:46:49.300705
4,7,5,4,0,4,2026-07-15T12:46:50.563565
4,7,6,3,0,3,2026-07-15T12:46:53.841205
4,7,7,3,0,3,2026-07-15T12:46:55.260842
4,7,8,4,0,4,2026-07-15T12:46:56.719075
4,7,9,3,0,3,2026-07-15T12:46:58.140081
4,7,10,3,0,3,2026-07-15T12:46:59.608691
4,8,1,0,0,0,2026-07-15T12:47:00.209773
4,8,2,2,0,2,2026-07-15T12:47:01.605667
4,8,3,2,0,2,2026-07-15T12:47:03.018007
4,8,4,0,0,0,2026-07-15T12:47:03.564347
4,8,5,3,0,3,2026-07-15T12:47:05.018580
4,8,6,2,0,2,2026-07-15T12:47:06.544341
4,8,7,2,0,2,2026-07-15T12:47:08.544208
4,8,8,2,0,2,2026-07-15T12:47:09.905351
4,8,9,3,0,3,2026-07-15T12:47:11.911727
4,8,10,3,0,3,2026-07-15T12:47:14.094732
4,9,1,4,0,4,2026-07-15T12:47:16.441345
4,9,2,4,0,4,2026-07-15T12:47:18.063826
4,9,3,4,0,4,2026-07-15T12:47:19.735394
4,9,4,4,0,4,2026-07-15T12:47:21.985058
4,9,5,4,0,4,2026-07-15T12:47:23.946664
4,9,6,4,0,4,2026-07-15T12:47:26.760107
4,9,7,4,0,4,2026-07-15T12:47:29.015273
4,9,8,4,0,4,2026-07-15T12:47:31.682566
4,9,9,4,0,4,2026-07-15T12:47:33.173892
4,9,10,4,0,4,2026-07-15T12:47:34.583492
5,1,1,3,0,3,2026-07-15T12:47:36.180951
5,1,2,2,0,2,2026-07-15T12:47:37.095333
5,1,3,3,0,3,2026-07-15T12:47:38.702710
5,1,4,2,0,2,2026-07-15T12:47:39.795958
5,1,5,3,0,3,2026-07-15T12:47:41.280284
5,1,6,3,0,3,2026-07-15T12:47:42.953506
5,1,7,2,0,2,2026-07-15T12:47:43.574226
5,1,8,3,0,3,2026-07-15T12:47:45.096852
5,1,9,3,0,3,2026-07-15T12:47:46.473320
5,1,10,3,0,3,2026-07-15T12:47:47.842633
5,2,1,1,0,1,2026-07-15T12:47:49.840267
5,2,2,1,0,1,2026-07-15T12:47:51.281639
5,2,3,2,0,2,2026-07-15T12:47:52.650358
5,2,4,1,0,1,2026-07-15T12:47:54.062617
5,2,5,0,0,0,2026-07-15T12:47:54.688700
5,2,6,1,0,1,2026-07-15T12:47:56.223217
5,2,7,2,0,2,2026-07-15T12:47:57.775997
5,2,8,0,0,0,2026-07-15T12:47:58.307352
5,2,9,2,0,2,2026-07-15T12:47:59.382329
5,2,10,1,0,1,2026-07-15T12:48:02.415178
5,3,1,3,0,3,2026-07-15T12:48:03.909594
5,3,2,3,0,3,2026-07-15T12:48:06.070949
5,3,3,3,0,3,2026-07-15T12:48:07.732275
5,3,4,3,0,3,2026-07-15T12:48:09.120175
5,3,5,3,0,3,2026-07-15T12:48:10.480687
5,3,6,3,0,3,2026-07-15T12:48:12.250149
5,3,7,3,0,3,2026-07-15T12:48:13.775657
5,3,8,3,0,3,2026-07-15T12:48:15.019876
5,3,9,3,0,3,2026-07-15T12:48:16.424293
5,3,10,3,0,3,2026-07-15T12:48:18.673438
5,4,1,0,0,0,2026-07-15T12:48:19.977679
5,4,2,0,0,0,2026-07-15T12:48:21.968357
5,4,3,0,0,0,2026-07-15T12:48:23.602989
5,4,4,0,0,0,2026-07-15T12:48:26.711853
5,4,5,0,0,0,2026-07-15T12:48:27.910210
5,4,6,1,0,1,2026-07-15T12:48:29.157199
5,4,7,0,0,0,2026-07-15T12:48:30.383600
5,4,8,0,0,0,2026-07-15T12:48:32.021778
5,4,9,1,0,1,2026-07-15T12:48:33.091956
5,4,10,1,0,1,2026-07-15T12:48:35.403981
5,5,1,3,0,3,2026-07-15T12:48:36.957850
5,5,2,3,0,3,2026-07-15T12:48:37.952279
5,5,3,3,0,3,2026-07-15T12:48:39.518384
5,5,4,3,0,3,2026-07-15T12:48:40.660192
5,5,5,3,0,3,2026-07-15T12:48:41.220441
5,5,6,3,0,3,2026-07-15T12:48:42.637676
5,5,7,3,0,3,2026-07-15T12:48:43.863636
5,5,8,3,0,3,2026-07-15T12:48:44.974784
5,5,9,3,0,3,2026-07-15T12:48:45.580528
5,5,10,3,0,3,2026-07-15T12:48:47.210985
5,6,1,1,0,1,2026-07-15T12:48:48.420144
5,6,2,1,0,1,2026-07-15T12:48:51.426130
5,6,3,1,0,1,2026-07-15T12:48:53.071675
5,6,4,0,0,0,2026-07-15T12:48:53.680842
5,6,5,0,0,0,2026-07-15T12:48:54.387409
5,6,6,0,0,0,2026-07-15T12:48:54.919412
5,6,7,1,0,1,2026-07-15T12:48:56.290901
5,6,8,1,0,1,2026-07-15T12:48:57.362454
5,6,9,0,0,0,2026-07-15T12:48:58.558987
5,6,10,0,0,0,2026-07-15T12:48:59.131116
5,7,1,3,0,3,2026-07-15T12:49:00.637424
5,7,2,3,0,3,2026-07-15T12:49:01.929019
5,7,3,3,0,3,2026-07-15T12:49:03.090513
5,7,4,3,0,3,2026-07-15T12:49:04.642825
5,7,5,3,0,3,2026-07-15T12:49:05.866865
5,7,6,3,0,3,2026-07-15T12:49:06.422137
5,7,7,3,0,3,2026-07-15T12:49:07.693363
5,7,8,3,0,3,2026-07-15T12:49:08.923592
5,7,9,3,0,3,2026-07-15T12:49:09.489560
5,7,10,3,0,3,2026-07-15T12:49:10.656763
5,8,1,3,0,3,2026-07-15T12:49:11.857507
5,8,2,3,0,3,2026-07-15T12:49:13.511398
5,8,3,2,0,2,2026-07-15T12:49:14.150988
5,8,4,3,0,3,2026-07-15T12:49:16.446530
5,8,5,3,0,3,2026-07-15T12:49:17.637948
5,8,6,3,0,3,2026-07-15T12:49:19.923409
5,8,7,3,0,3,2026-07-15T12:49:21.120590
5,8,8,3,0,3,2026-07-15T12:49:22.288767
5,8,9,3,0,3,2026-07-15T12:49:23.441883
5,8,10,3,0,3,2026-07-15T12:49:24.985062
5,9,1,4,0,4,2026-07-15T12:49:26.402297
5,9,2,4,0,4,2026-07-15T12:49:27.659904
5,9,3,4,0,4,2026-07-15T12:49:28.738268
5,9,4,4,0,4,2026-07-15T12:49:32.332260
5,9,5,4,0,4,2026-07-15T12:49:33.602363
5,9,6,4,0,4,2026-07-15T12:49:34.698981
5,9,7,4,0,4,2026-07-15T12:49:35.283472
5,9,8,4,0,4,2026-07-15T12:49:36.713537
5,9,9,4,0,4,2026-07-15T12:49:38.234023
5,9,10,4,0,4,2026-07-15T12:49:39.226903
6,1,1,3,0,3,2026-07-15T12:49:40.975039
6,1,2,3,0,3,2026-07-15T12:49:42.045117
6,1,3,2,0,2,2026-07-15T12:49:42.471915
6,1,4,3,0,3,2026-07-15T12:49:44.011570
6,1,5,3,0,3,2026-07-15T12:49:45.071724
6,1,6,3,0,3,2026-07-15T12:49:49.659455
6,1,7,3,0,3,2026-07-15T12:49:50.908149
6,1,8,3,0,3,2026-07-15T12:49:53.692028
6,1,9,3,0,3,2026-07-15T12:49:54.871925
6,1,10,3,0,3,2026-07-15T12:49:56.755888
6,2,1,1,0,1,2026-07-15T12:49:58.405750
6,2,2,1,0,1,2026-07-15T12:50:05.337254
6,2,3,1,0,1,2026-07-15T12:50:07.025799
6,2,4,1,0,1,2026-07-15T12:50:08.397838
6,2,5,2,0,2,2026-07-15T12:50:09.413151
6,2,6,1,0,1,2026-07-15T12:50:10.609008
6,2,7,1,0,1,2026-07-15T12:50:11.774410
6,2,8,2,0,2,2026-07-15T12:50:13.153430
6,2,9,2,0,2,2026-07-15T12:50:14.418491
6,2,10,1,0,1,2026-07-15T12:50:15.608407
6,3,1,3,0,3,2026-07-15T12:50:16.088376
6,3,2,3,0,3,2026-07-15T12:50:16.682218
6,3,3,4,0,4,2026-07-15T12:50:17.891053
6,3,4,4,0,4,2026-07-15T12:50:19.045507
6,3,5,4,0,4,2026-07-15T12:50:20.357580
6,3,6,3,0,3,2026-07-15T12:50:20.815879
6,3,7,3,0,3,2026-07-15T12:50:21.350684
6,3,8,3,0,3,2026-07-15T12:50:22.458458
6,3,9,3,0,3,2026-07-15T12:50:23.031003
6,3,10,4,0,4,2026-07-15T12:50:24.063060
6,4,1,0,0,0,2026-07-15T12:50:25.286610
6,4,2,0,0,0,2026-07-15T12:50:26.993179
6,4,3,0,0,0,2026-07-15T12:50:28.015521
6,4,4,0,0,0,2026-07-15T12:50:29.519956
6,4,5,0,0,0,2026-07-15T12:50:31.219891
6,4,6,0,0,0,2026-07-15T12:50:33.716658
6,4,7,0,0,0,2026-07-15T12:50:35.725474
6,4,8,0,0,0,2026-07-15T12:50:36.775803
6,4,9,0,0,0,2026-07-15T12:50:40.482382
6,4,10,0,0,0,2026-07-15T12:50:42.280026
6,5,1,3,0,3,2026-07-15T12:50:42.765607
6,5,2,3,0,3,2026-07-15T12:50:43.292334
6,5,3,3,0,3,2026-07-15T12:50:44.708070
6,5,4,3,0,3,2026-07-15T12:50:45.457927
6,5,5,3,0,3,2026-07-15T12:50:46.889470
6,5,6,3,0,3,2026-07-15T12:50:47.804297
6,5,7,3,0,3,2026-07-15T12:50:49.126357
6,5,8,3,0,3,2026-07-15T12:50:50.463895
6,5,9,3,0,3,2026-07-15T12:50:51.232652
6,5,10,3,0,3,2026-07-15T12:50:53.360650
6,6,1,0,0,0,2026-07-15T12:50:54.653852
6,6,2,0,0,0,2026-07-15T12:50:55.277428
6,6,3,0,0,0,2026-07-15T12:50:57.158950
6,6,4,0,0,0,2026-07-15T12:51:04.189910
6,6,5,0,0,0,2026-07-15T12:51:05.422894
6,6,6,0,0,0,2026-07-15T12:51:06.507221
6,6,7,0,0,0,2026-07-15T12:51:07.866947
6,6,8,0,0,0,2026-07-15T12:51:09.819214
6,6,9,0,0,0,2026-07-15T12:51:12.198642
6,6,10,0,0,0,2026-07-15T12:51:12.732334
6,7,1,3,0,3,2026-07-15T12:51:13.636046
6,7,2,3,0,3,2026-07-15T12:51:14.686537
6,7,3,3,0,3,2026-07-15T12:51:15.892367
6,7,4,4,0,4,2026-07-15T12:51:17.148606
6,7,5,4,0,4,2026-07-15T12:51:18.589523
6,7,6,3,0,3,2026-07-15T12:51:20.752414
6,7,7,3,0,3,2026-07-15T12:51:21.304056
6,7,8,3,0,3,2026-07-15T12:51:21.840246
6,7,9,3,0,3,2026-07-15T12:51:23.657659
6,7,10,3,0,3,2026-07-15T12:51:25.196511
6,8,1,3,0,3,2026-07-15T12:51:26.398982
6,8,2,2,0,2,2026-07-15T12:51:27.999165
6,8,3,0,0,0,2026-07-15T12:51:30.964483
6,8,4,2,0,2,2026-07-15T12:51:32.336434
6,8,5,2,0,2,2026-07-15T12:51:34.410805
6,8,6,3,0,3,2026-07-15T12:51:35.625453
6,8,7,0,0,0,2026-07-15T12:51:36.163591
6,8,8,2,0,2,2026-07-15T12:51:37.481694
6,8,9,2,0,2,2026-07-15T12:51:38.720278
6,8,10,2,0,2,2026-07-15T12:51:40.105404
6,9,1,5,0,5,2026-07-15T12:51:41.984847
6,9,2,5,0,5,2026-07-15T12:51:48.630396
6,9,3,5,0,5,2026-07-15T12:51:54.980780
6,9,4,5,0,5,2026-07-15T12:51:58.438912
6,9,5,5,0,5,2026-07-15T12:52:01.448475
6,9,6,5,0,5,2026-07-15T12:52:03.619001
6,9,7,5,0,5,2026-07-15T12:52:04.154555
6,9,8,5,0,5,2026-07-15T12:52:05.433654
6,9,9,5,0,5,2026-07-15T12:52:06.351204
6,9,10,4,0,4,2026-07-15T12:52:07.891910
7,1,1,3,0,3,2026-07-15T12:52:09.069323
7,1,2,3,0,3,2026-07-15T12:52:10.579721
7,1,3,3,0,3,2026-07-15T12:52:11.825865
7,1,4,3,0,3,2026-07-15T12:52:12.430624
7,1,5,3,0,3,2026-07-15T12:52:13.828243
7,1,6,3,0,3,2026-07-15T12:52:15.269410
7,1,7,3,0,3,2026-07-15T12:52:16.055096
7,1,8,3,0,3,2026-07-15T12:52:17.544175
7,1,9,3,0,3,2026-07-15T12:52:19.814154
7,1,10,3,0,3,2026-07-15T12:52:21.360148
7,2,1,1,0,1,2026-07-15T12:52:23.907663
7,2,2,2,0,2,2026-07-15T12:52:25.736778
7,2,3,2,0,2,2026-07-15T12:52:27.992406
7,2,4,2,0,2,2026-07-15T12:52:29.521716
7,2,5,0,0,0,2026-07-15T12:52:30.175909
7,2,6,0,0,0,2026-07-15T12:52:30.768988
7,2,7,2,0,2,2026-07-15T12:52:32.156262
7,2,8,2,0,2,2026-07-15T12:52:34.417913
7,2,9,2,0,2,2026-07-15T12:52:36.202176
7,2,10,2,0,2,2026-07-15T12:52:43.665685
7,3,1,3,0,3,2026-07-15T12:52:45.334130
7,3,2,3,0,3,2026-07-15T12:52:47.857351
7,3,3,3,0,3,2026-07-15T12:52:49.190514
7,3,4,3,0,3,2026-07-15T12:52:50.848582
7,3,5,3,0,3,2026-07-15T12:52:54.647633
7,3,6,3,0,3,2026-07-15T12:52:56.110748
7,3,7,3,0,3,2026-07-15T12:52:56.895440
7,3,8,3,0,3,2026-07-15T12:52:57.476044
7,3,9,3,0,3,2026-07-15T12:52:59.069174
7,3,10,3,0,3,2026-07-15T12:53:00.281021
7,4,1,0,0,0,2026-07-15T12:53:02.045789
7,4,2,0,0,0,2026-07-15T12:53:03.305441
7,4,3,0,0,0,2026-07-15T12:53:04.783416
7,4,4,0,0,0,2026-07-15T12:53:06.755565
7,4,5,0,0,0,2026-07-15T12:53:07.864160
7,4,6,0,0,0,2026-07-15T12:53:09.363505
7,4,7,0,0,0,2026-07-15T12:53:09.817385
7,4,8,0,0,0,2026-07-15T12:53:10.395494
7,4,9,0,0,0,2026-07-15T12:53:11.782750
7,4,10,0,0,0,2026-07-15T12:53:13.777239
7,5,1,3,0,3,2026-07-15T12:53:15.206227
7,5,2,2,0,2,2026-07-15T12:53:15.713396
7,5,3,3,0,3,2026-07-15T12:53:18.147809
7,5,4,3,0,3,2026-07-15T12:53:19.437230
7,5,5,3,0,3,2026-07-15T12:53:21.301374
7,5,6,3,0,3,2026-07-15T12:53:22.733942
7,5,7,3,0,3,2026-07-15T12:53:23.577088
7,5,8,3,0,3,2026-07-15T12:53:24.943543
7,5,9,3,0,3,2026-07-15T12:53:27.289058
7,5,10,3,0,3,2026-07-15T12:53:28.529677
7,6,1,2,0,2,2026-07-15T12:53:29.945186
7,6,2,2,0,2,2026-07-15T12:53:31.180102
7,6,3,1,0,1,2026-07-15T12:53:33.292089
7,6,4,1,0,1,2026-07-15T12:53:35.200008
7,6,5,2,0,2,2026-07-15T12:53:36.471097
7,6,6,2,0,2,2026-07-15T12:53:37.993738
7,6,7,2,0,2,2026-07-15T12:53:39.256026
7,6,8,1,0,1,2026-07-15T12:53:45.853967
7,6,9,2,0,2,2026-07-15T12:53:47.370702
7,6,10,0,0,0,2026-07-15T12:53:51.784339
7,7,1,3,0,3,2026-07-15T12:53:54.320934
7,7,2,3,0,3,2026-07-15T12:53:56.421252
7,7,3,4,0,4,2026-07-15T12:53:56.934920
7,7,4,3,0,3,2026-07-15T12:53:57.877508
7,7,5,3,0,3,2026-07-15T12:53:59.451706
7,7,6,3,0,3,2026-07-15T12:54:00.069192
7,7,7,3,0,3,2026-07-15T12:54:00.749927
7,7,8,3,0,3,2026-07-15T12:54:03.838512
7,7,9,3,0,3,2026-07-15T12:54:04.786179
7,7,10,3,0,3,2026-07-15T12:54:06.056876
7,8,1,3,0,3,2026-07-15T12:54:07.189708
7,8,2,3,0,3,2026-07-15T12:54:08.492158
7,8,3,2,0,2,2026-07-15T12:54:08.995824
7,8,4,2,0,2,2026-07-15T12:54:09.590298
7,8,5,3,0,3,2026-07-15T12:54:10.938897
7,8,6,2,0,2,2026-07-15T12:54:11.574427
7,8,7,3,0,3,2026-07-15T12:54:12.817940
7,8,8,3,0,3,2026-07-15T12:54:13.927972
7,8,9,3,0,3,2026-07-15T12:54:15.091760
7,8,10,1,0,1,2026-07-15T12:54:17.441559
7,9,1,5,0,5,2026-07-15T12:54:18.475181
7,9,2,5,0,5,2026-07-15T12:54:19.741506
7,9,3,4,0,4,2026-07-15T12:54:20.956728
7,9,4,4,0,4,2026-07-15T12:54:22.058740
7,9,5,4,0,4,2026-07-15T12:54:23.513737
7,9,6,5,0,5,2026-07-15T12:54:25.161987
7,9,7,4,0,4,2026-07-15T12:54:26.538406
7,9,8,5,0,5,2026-07-15T12:54:27.063602
7,9,9,5,0,5,2026-07-15T12:54:27.515490
7,9,10,5,0,5,2026-07-15T12:54:29.000878
8,1,1,3,0,3,2026-07-15T12:54:30.617142
8,1,2,3,0,3,2026-07-15T12:54:32.120580
8,1,3,3,0,3,2026-07-15T12:54:33.066518
8,1,4,3,0,3,2026-07-15T12:54:34.072412
8,1,5,3,0,3,2026-07-15T12:54:38.564522
8,1,6,3,0,3,2026-07-15T12:54:39.139300
8,1,7,3,0,3,2026-07-15T12:54:40.861975
8,1,8,3,0,3,2026-07-15T12:54:42.230624
8,1,9,3,0,3,2026-07-15T12:54:43.583820
8,1,10,3,0,3,2026-07-15T12:54:44.995431
8,2,1,2,0,2,2026-07-15T12:54:46.459176
8,2,2,2,0,2,2026-07-15T12:54:47.660249
8,2,3,2,0,2,2026-07-15T12:54:49.334896
8,2,4,2,0,2,2026-07-15T12:54:50.599535
8,2,5,2,0,2,2026-07-15T12:54:53.755727
8,2,6,2,0,2,2026-07-15T12:54:55.157648
8,2,7,2,0,2,2026-07-15T12:54:56.326382
8,2,8,2,0,2,2026-07-15T12:54:58.414360
8,2,9,2,0,2,2026-07-15T12:55:00.497808
8,2,10,2,0,2,2026-07-15T12:55:02.366310
8,3,1,3,0,3,2026-07-15T12:55:04.713555
8,3,2,3,0,3,2026-07-15T12:55:06.593908
8,3,3,3,0,3,2026-07-15T12:55:07.749662
8,3,4,3,0,3,2026-07-15T12:55:09.341140
8,3,5,3,0,3,2026-07-15T12:55:09.902854
8,3,6,3,0,3,2026-07-15T12:55:13.326711
8,3,7,3,0,3,2026-07-15T12:55:14.367921
8,3,8,3,0,3,2026-07-15T12:55:15.512780
8,3,9,3,0,3,2026-07-15T12:55:16.091352
8,3,10,3,0,3,2026-07-15T12:55:17.591415
8,4,1,0,0,0,2026-07-15T12:55:18.140444
8,4,2,1,0,1,2026-07-15T12:55:19.973890
8,4,3,1,0,1,2026-07-15T12:55:21.140440
8,4,4,1,0,1,2026-07-15T12:55:23.149144
8,4,5,0,0,0,2026-07-15T12:55:23.646433
8,4,6,1,0,1,2026-07-15T12:55:25.022552
8,4,7,0,0,0,2026-07-15T12:55:25.684927
8,4,8,1,0,1,2026-07-15T12:55:27.449560
8,4,9,1,0,1,2026-07-15T12:55:29.104905
8,4,10,1,0,1,2026-07-15T12:55:30.470399
8,5,1,3,0,3,2026-07-15T12:55:31.983210
8,5,2,3,0,3,2026-07-15T12:55:33.936220
8,5,3,3,0,3,2026-07-15T12:55:35.130334
8,5,4,3,0,3,2026-07-15T12:55:38.011008
8,5,5,3,0,3,2026-07-15T12:55:40.181805
8,5,6,3,0,3,2026-07-15T12:55:46.629711
8,5,7,3,0,3,2026-07-15T12:55:47.795230
8,5,8,3,0,3,2026-07-15T12:55:49.343586
8,5,9,3,0,3,2026-07-15T12:55:50.785026
8,5,10,3,0,3,2026-07-15T12:55:52.252674
8,6,1,0,0,0,2026-07-15T12:55:53.088592
8,6,2,0,0,0,2026-07-15T12:55:53.805710
8,6,3,0,0,0,2026-07-15T12:55:55.341123
8,6,4,1,0,1,2026-07-15T12:55:57.233036
8,6,5,2,0,2,2026-07-15T12:55:58.560076
8,6,6,2,0,2,2026-07-15T12:55:59.968670
8,6,7,0,0,0,2026-07-15T12:56:01.367688
8,6,8,0,0,0,2026-07-15T12:56:01.922914
8,6,9,0,0,0,2026-07-15T12:56:02.537280
8,6,10,2,0,2,2026-07-15T12:56:03.615372
8,7,1,3,0,3,2026-07-15T12:56:05.314365
8,7,2,3,0,3,2026-07-15T12:56:05.894100
8,7,3,3,0,3,2026-07-15T12:56:07.961582
8,7,4,3,0,3,2026-07-15T12:56:09.047302
8,7,5,3,0,3,2026-07-15T12:56:10.767873
8,7,6,3,0,3,2026-07-15T12:56:12.075092
8,7,7,3,0,3,2026-07-15T12:56:14.220597
8,7,8,3,0,3,2026-07-15T12:56:15.286334
8,7,9,4,0,4,2026-07-15T12:56:16.833189
8,7,10,3,0,3,2026-07-15T12:56:18.116727
8,8,1,3,0,3,2026-07-15T12:56:25.194106
8,8,2,3,0,3,2026-07-15T12:56:27.738765
8,8,3,3,0,3,2026-07-15T12:56:28.995961
8,8,4,3,0,3,2026-07-15T12:56:36.054954
8,8,5,3,0,3,2026-07-15T12:56:37.586730
8,8,6,3,0,3,2026-07-15T12:56:39.590752
8,8,7,2,0,2,2026-07-15T12:56:41.349238
8,8,8,0,0,0,2026-07-15T12:56:41.875275
8,8,9,0,0,0,2026-07-15T12:56:42.597705
8,8,10,2,0,2,2026-07-15T12:56:43.957573
8,9,1,4,0,4,2026-07-15T12:56:45.117961
8,9,2,4,0,4,2026-07-15T12:56:47.127107
8,9,3,4,0,4,2026-07-15T12:56:48.421699
8,9,4,4,0,4,2026-07-15T12:56:49.413678
8,9,5,4,0,4,2026-07-15T12:56:50.209202
8,9,6,4,0,4,2026-07-15T12:56:51.495947
8,9,7,4,0,4,2026-07-15T12:56:52.755721
8,9,8,4,0,4,2026-07-15T12:56:54.180166
8,9,9,4,0,4,2026-07-15T12:56:54.763450
8,9,10,4,0,4,2026-07-15T12:56:55.468542
9,1,1,2,0,2,2026-07-15T12:56:56.261596
9,1,2,2,0,2,2026-07-15T12:56:56.863832
9,1,3,3,0,3,2026-07-15T12:56:57.318165
9,1,4,3,0,3,2026-07-15T12:56:58.947668
9,1,5,3,0,3,2026-07-15T12:56:59.523173
9,1,6,3,0,3,2026-07-15T12:57:00.949913
9,1,7,3,0,3,2026-07-15T12:57:02.031009
9,1,8,3,0,3,2026-07-15T12:57:08.475757
9,1,9,3,0,3,2026-07-15T12:57:09.840657
9,1,10,3,0,3,2026-07-15T12:57:16.253313
9,2,1,0,0,0,2026-07-15T12:57:17.824594
9,2,2,2,0,2,2026-07-15T12:57:20.244091
9,2,3,3,0,3,2026-07-15T12:57:21.585804
9,2,4,0,0,0,2026-07-15T12:57:23.333891
9,2,5,0,0,0,2026-07-15T12:57:23.943542
9,2,6,3,0,3,2026-07-15T12:57:25.195535
9,2,7,0,0,0,2026-07-15T12:57:25.909390
9,2,8,0,0,0,2026-07-15T12:57:26.527656
9,2,9,2,0,2,2026-07-15T12:57:27.973307
9,2,10,2,0,2,2026-07-15T12:57:29.896470
9,3,1,3,0,3,2026-07-15T12:57:31.360695
9,3,2,3,0,3,2026-07-15T12:57:33.402824
9,3,3,3,0,3,2026-07-15T12:57:34.202224
9,3,4,4,0,4,2026-07-15T12:57:35.533225
9,3,5,3,0,3,2026-07-15T12:57:36.087306
9,3,6,3,0,3,2026-07-15T12:57:37.706436
9,3,7,3,0,3,2026-07-15T12:57:39.535147
9,3,8,3,0,3,2026-07-15T12:57:41.004222
9,3,9,3,0,3,2026-07-15T12:57:43.191132
9,3,10,3,0,3,2026-07-15T12:57:43.879973
9,4,1,1,0,1,2026-07-15T12:57:45.077266
9,4,2,1,0,1,2026-07-15T12:57:46.558201
9,4,3,0,0,0,2026-07-15T12:57:48.407348
9,4,4,2,0,2,2026-07-15T12:57:49.819975
9,4,5,0,0,0,2026-07-15T12:57:51.580601
9,4,6,0,0,0,2026-07-15T12:57:53.266109
9,4,7,0,0,0,2026-07-15T12:57:55.221388
9,4,8,0,0,0,2026-07-15T12:57:57.287410
9,4,9,0,0,0,2026-07-15T12:57:58.929447
9,4,10,0,0,0,2026-07-15T12:58:00.292993
9,5,1,3,0,3,2026-07-15T12:58:01.751665
9,5,2,3,0,3,2026-07-15T12:58:03.224847
9,5,3,3,0,3,2026-07-15T12:58:04.527302
9,5,4,3,0,3,2026-07-15T12:58:06.878430
9,5,5,3,0,3,2026-07-15T12:58:09.428482
9,5,6,3,0,3,2026-07-15T12:58:09.990414
9,5,7,3,0,3,2026-07-15T12:58:11.326278
9,5,8,3,0,3,2026-07-15T12:58:12.562302
9,5,9,3,0,3,2026-07-15T12:58:14.348527
9,5,10,3,0,3,2026-07-15T12:58:15.760844
9,6,1,3,0,3,2026-07-15T12:58:17.014120
9,6,2,1,0,1,2026-07-15T12:58:18.659335
9,6,3,0,0,0,2026-07-15T12:58:19.120509
9,6,4,1,0,1,2026-07-15T12:58:21.971074
9,6,5,2,0,2,2026-07-15T12:58:23.244880
9,6,6,2,0,2,2026-07-15T12:58:24.546256
9,6,7,1,0,1,2026-07-15T12:58:26.514149
9,6,8,3,0,3,2026-07-15T12:58:27.953851
9,6,9,1,0,1,2026-07-15T12:58:29.214123
9,6,10,1,0,1,2026-07-15T12:58:31.981226
9,7,1,4,0,4,2026-07-15T12:58:33.038842
9,7,2,4,0,4,2026-07-15T12:58:34.385711
9,7,3,3,0,3,2026-07-15T12:58:35.593277
9,7,4,3,0,3,2026-07-15T12:58:36.839630
9,7,5,4,0,4,2026-07-15T12:58:38.161424
9,7,6,4,0,4,2026-07-15T12:58:39.622895
9,7,7,4,0,4,2026-07-15T12:58:41.168381
9,7,8,4,0,4,2026-07-15T12:58:42.654015
9,7,9,4,0,4,2026-07-15T12:58:47.359957
9,7,10,4,0,4,2026-07-15T12:58:49.493734
9,8,1,0,0,0,2026-07-15T12:58:50.116196
9,8,2,3,0,3,2026-07-15T12:58:52.845808
9,8,3,3,0,3,2026-07-15T12:58:54.102657
9,8,4,3,0,3,2026-07-15T12:58:55.330989
9,8,5,0,0,0,2026-07-15T12:58:55.912194
9,8,6,0,0,0,2026-07-15T12:58:56.827801
9,8,7,3,0,3,2026-07-15T12:58:58.045308
9,8,8,0,0,0,2026-07-15T12:58:59.685277
9,8,9,0,0,0,2026-07-15T12:59:00.447866
9,8,10,3,0,3,2026-07-15T12:59:01.764678
9,9,1,5,0,5,2026-07-15T12:59:02.481037
9,9,2,5,0,5,2026-07-15T12:59:03.154253
9,9,3,4,0,4,2026-07-15T12:59:03.824475
9,9,4,4,0,4,2026-07-15T12:59:05.307106
9,9,5,4,0,4,2026-07-15T12:59:07.016479
9,9,6,4,0,4,2026-07-15T12:59:08.752465
9,9,7,4,0,4,2026-07-15T12:59:10.142377
9,9,8,5,0,5,2026-07-15T12:59:11.627597
9,9,9,5,0,5,2026-07-15T12:59:13.290051
9,9,10,4,0,4,2026-07-15T12:59:15.242564
10,1,1,3,0,3,2026-07-15T12:59:21.702760
10,1,2,3,0,3,2026-07-15T12:59:22.862363
10,1,3,3,0,3,2026-07-15T12:59:25.102041
10,1,4,3,0,3,2026-07-15T12:59:26.210918
10,1,5,3,0,3,2026-07-15T12:59:27.431879
10,1,6,2,0,2,2026-07-15T12:59:31.870212
10,1,7,3,0,3,2026-07-15T12:59:33.383038
10,1,8,3,0,3,2026-07-15T12:59:34.962595
10,1,9,3,0,3,2026-07-15T12:59:38.674072
10,1,10,3,0,3,2026-07-15T12:59:40.303326
10,2,1,0,0,0,2026-07-15T12:59:41.034174
10,2,2,2,0,2,2026-07-15T12:59:42.448916
10,2,3,2,0,2,2026-07-15T12:59:43.676985
10,2,4,0,0,0,2026-07-15T12:59:44.294267
10,2,5,2,0,2,2026-07-15T12:59:45.541334
10,2,6,2,0,2,2026-07-15T12:59:46.775755
10,2,7,2,0,2,2026-07-15T12:59:48.109299
10,2,8,2,0,2,2026-07-15T12:59:49.463512
10,2,9,0,0,0,2026-07-15T12:59:50.494442
10,2,10,1,0,1,2026-07-15T12:59:52.936921
10,3,1,3,0,3,2026-07-15T12:59:54.597564
10,3,2,3,0,3,2026-07-15T12:59:55.984690
10,3,3,3,0,3,2026-07-15T12:59:57.233682
10,3,4,3,0,3,2026-07-15T12:59:58.455325
10,3,5,3,0,3,2026-07-15T13:00:00.547559
10,3,6,3,0,3,2026-07-15T13:00:02.885825
10,3,7,3,0,3,2026-07-15T13:00:06.120374
10,3,8,3,0,3,2026-07-15T13:00:07.357842
10,3,9,3,0,3,2026-07-15T13:00:10.632339
10,3,10,3,0,3,2026-07-15T13:00:11.870471
10,4,1,0,0,0,2026-07-15T13:00:12.480584
10,4,2,0,0,0,2026-07-15T13:00:13.768012
10,4,3,0,0,0,2026-07-15T13:00:15.062738
10,4,4,0,0,0,2026-07-15T13:00:17.146834
10,4,5,0,0,0,2026-07-15T13:00:18.705872
10,4,6,0,0,0,2026-07-15T13:00:21.170380
10,4,7,0,0,0,2026-07-15T13:00:23.899813
10,4,8,0,0,0,2026-07-15T13:00:24.516642
10,4,9,0,0,0,2026-07-15T13:00:25.884464
10,4,10,0,0,0,2026-07-15T13:00:27.357653
10,5,1,3,0,3,2026-07-15T13:00:33.892701
10,5,2,3,0,3,2026-07-15T13:00:39.247958
10,5,3,3,0,3,2026-07-15T13:00:40.795156
10,5,4,3,0,3,2026-07-15T13:00:42.460140
10,5,5,3,0,3,2026-07-15T13:00:43.329594
10,5,6,2,0,2,2026-07-15T13:00:43.958542
10,5,7,3,0,3,2026-07-15T13:00:47.124458
10,5,8,3,0,3,2026-07-15T13:00:47.756345
10,5,9,3,0,3,2026-07-15T13:00:49.096299
10,5,10,3,0,3,2026-07-15T13:00:50.320859
10,6,1,1,0,1,2026-07-15T13:00:51.565511
10,6,2,0,0,0,2026-07-15T13:00:55.086227
10,6,3,1,0,1,2026-07-15T13:00:57.216634
10,6,4,0,0,0,2026-07-15T13:00:59.419437
10,6,5,0,0,0,2026-07-15T13:01:02.506929
10,6,6,0,0,0,2026-07-15T13:01:03.523528
10,6,7,1,0,1,2026-07-15T13:01:05.641769
10,6,8,1,0,1,2026-07-15T13:01:07.507271
10,6,9,0,0,0,2026-07-15T13:01:10.718947
10,6,10,0,0,0,2026-07-15T13:01:12.885267
10,7,1,3,0,3,2026-07-15T13:01:16.291908
10,7,2,3,0,3,2026-07-15T13:01:22.346155
10,7,3,3,0,3,2026-07-15T13:01:24.080341
10,7,4,3,0,3,2026-07-15T13:01:28.901987
10,7,5,3,0,3,2026-07-15T13:01:30.202615
10,7,6,3,0,3,2026-07-15T13:01:38.005120
10,7,7,3,0,3,2026-07-15T13:01:40.827403
10,7,8,3,0,3,2026-07-15T13:01:45.569544
10,7,9,3,0,3,2026-07-15T13:01:47.150764
10,7,10,3,0,3,2026-07-15T13:01:49.567116
10,8,1,2,0,2,2026-07-15T13:01:51.123439
10,8,2,2,0,2,2026-07-15T13:01:58.841239
10,8,3,3,0,3,2026-07-15T13:02:05.900374
10,8,4,3,0,3,2026-07-15T13:02:07.117246
10,8,5,3,0,3,2026-07-15T13:02:08.448256
10,8,6,2,0,2,2026-07-15T13:02:10.141017
10,8,7,2,0,2,2026-07-15T13:02:12.642717
10,8,8,1,0,1,2026-07-15T13:02:16.325874
10,8,9,0,0,0,2026-07-15T13:02:16.841987
10,8,10,1,0,1,2026-07-15T13:02:18.756462
10,9,1,4,0,4,2026-07-15T13:02:20.030766
10,9,2,4,0,4,2026-07-15T13:02:21.428449
10,9,3,4,0,4,2026-07-15T13:02:26.508481
10,9,4,4,0,4,2026-07-15T13:02:27.088486
10,9,5,4,0,4,2026-07-15T13:02:28.973584
10,9,6,5,0,5,2026-07-15T13:02:29.625676
10,9,7,5,0,5,2026-07-15T13:02:30.587975
10,9,8,4,0,4,2026-07-15T13:02:31.812675
10,9,9,4,0,4,2026-07-15T13:02:33.134770
10,9,10,4,0,4,2026-07-15T13:02:35.967188
11,1,1,3,0,3,2026-07-15T13:02:42.401829
11,1,2,3,0,3,2026-07-15T13:02:43.760861
11,1,3,3,0,3,2026-07-15T13:02:46.783830
11,1,4,2,0,2,2026-07-15T13:02:48.116314
11,1,5,3,0,3,2026-07-15T13:02:49.588663
11,1,6,3,0,3,2026-07-15T13:02:50.796806
11,1,7,3,0,3,2026-07-15T13:02:52.890091
11,1,8,3,0,3,2026-07-15T13:02:54.256842
11,1,9,2,0,2,2026-07-15T13:02:54.792862
11,1,10,3,0,3,2026-07-15T13:02:57.934831
11,2,1,2,0,2,2026-07-15T13:02:59.166339
11,2,2,0,0,0,2026-07-15T13:03:00.052689
11,2,3,3,0,3,2026-07-15T13:03:01.668542
11,2,4,2,0,2,2026-07-15T13:03:02.828589
11,2,5,2,0,2,2026-07-15T13:03:06.822549
11,2,6,2,0,2,2026-07-15T13:03:08.357161
11,2,7,2,0,2,2026-07-15T13:03:09.601553
11,2,8,2,0,2,2026-07-15T13:03:11.299421
11,2,9,2,0,2,2026-07-15T13:03:13.230044
11,2,10,2,0,2,2026-07-15T13:03:14.884621
11,3,1,4,0,4,2026-07-15T13:03:19.950555
11,3,2,4,0,4,2026-07-15T13:03:21.090388
11,3,3,4,0,4,2026-07-15T13:03:22.843844
11,3,4,4,0,4,2026-07-15T13:03:24.970555
11,3,5,4,0,4,2026-07-15T13:03:26.927396
11,3,6,4,0,4,2026-07-15T13:03:28.624418
11,3,7,3,0,3,2026-07-15T13:03:29.313894
11,3,8,3,0,3,2026-07-15T13:03:31.867587
11,3,9,4,0,4,2026-07-15T13:03:34.158861
11,3,10,3,0,3,2026-07-15T13:03:34.809996
11,4,1,0,0,0,2026-07-15T13:03:36.950436
11,4,2,0,0,0,2026-07-15T13:03:38.456226
11,4,3,0,0,0,2026-07-15T13:03:38.889502
11,4,4,0,0,0,2026-07-15T13:03:40.398521
11,4,5,0,0,0,2026-07-15T13:03:41.199805
11,4,6,0,0,0,2026-07-15T13:03:43.888402
11,4,7,0,0,0,2026-07-15T13:03:44.698096
11,4,8,0,0,0,2026-07-15T13:03:46.846590
11,4,9,0,0,0,2026-07-15T13:03:48.308918
11,4,10,0,0,0,2026-07-15T13:03:49.720030
11,5,1,3,0,3,2026-07-15T13:03:52.101637
11,5,2,3,0,3,2026-07-15T13:03:53.378451
11,5,3,2,0,2,2026-07-15T13:03:53.991647
11,5,4,3,0,3,2026-07-15T13:03:57.158284
11,5,5,3,0,3,2026-07-15T13:03:58.499014
11,5,6,3,0,3,2026-07-15T13:04:00.305312
11,5,7,3,0,3,2026-07-15T13:04:02.637589
11,5,8,2,0,2,2026-07-15T13:04:03.193341
11,5,9,3,0,3,2026-07-15T13:04:05.687241
11,5,10,2,0,2,2026-07-15T13:04:07.612724
11,6,1,1,0,1,2026-07-15T13:04:09.542364
11,6,2,2,0,2,2026-07-15T13:04:11.920794
11,6,3,0,0,0,2026-07-15T13:04:14.063960
11,6,4,1,0,1,2026-07-15T13:04:15.865077
11,6,5,0,0,0,2026-07-15T13:04:17.237431
11,6,6,0,0,0,2026-07-15T13:04:18.147176
11,6,7,2,0,2,2026-07-15T13:04:19.431850
11,6,8,1,0,1,2026-07-15T13:04:22.400302
11,6,9,2,0,2,2026-07-15T13:04:23.794380
11,6,10,1,0,1,2026-07-15T13:04:25.309309
11,7,1,3,0,3,2026-07-15T13:04:26.717029
11,7,2,3,0,3,2026-07-15T13:04:28.158803
11,7,3,4,0,4,2026-07-15T13:04:30.210165
11,7,4,3,0,3,2026-07-15T13:04:30.852349
11,7,5,3,0,3,2026-07-15T13:04:33.543565
11,7,6,3,0,3,2026-07-15T13:04:35.020404
11,7,7,3,0,3,2026-07-15T13:04:36.879010
11,7,8,3,0,3,2026-07-15T13:04:39.341061
11,7,9,3,0,3,2026-07-15T13:04:39.959963
11,7,10,3,0,3,2026-07-15T13:04:41.319745
11,8,1,0,0,0,2026-07-15T13:04:42.004179
11,8,2,3,0,3,2026-07-15T13:04:43.357217
11,8,3,3,0,3,2026-07-15T13:04:45.279008
11,8,4,3,0,3,2026-07-15T13:04:46.507363
11,8,5,3,0,3,2026-07-15T13:04:48.585607
11,8,6,1,0,1,2026-07-15T13:04:49.112577
11,8,7,3,0,3,2026-07-15T13:04:50.656526
11,8,8,2,0,2,2026-07-15T13:04:51.241935
11,8,9,1,0,1,2026-07-15T13:04:52.527019
11,8,10,0,0,0,2026-07-15T13:04:53.363398
11,9,1,4,0,4,2026-07-15T13:04:54.725492
11,9,2,4,0,4,2026-07-15T13:04:55.886863
11,9,3,4,0,4,2026-07-15T13:04:57.419341
11,9,4,4,0,4,2026-07-15T13:04:59.333509
11,9,5,5,0,5,2026-07-15T13:04:59.960586
11,9,6,4,0,4,2026-07-15T13:05:00.677495
11,9,7,4,0,4,2026-07-15T13:05:02.085794
11,9,8,4,0,4,2026-07-15T13:05:03.413439
11,9,9,4,0,4,2026-07-15T13:05:04.641434
11,9,10,4,0,4,2026-07-15T13:05:05.850640
12,1,1,0,0,0,2026-07-15T13:05:06.546045
12,1,2,2,0,2,2026-07-15T13:05:07.799651
12,1,3,0,0,0,2026-07-15T13:05:11.455464
12,1,4,3,0,3,2026-07-15T13:05:12.988471
12,1,5,3,0,3,2026-07-15T13:05:14.196105
12,1,6,3,0,3,2026-07-15T13:05:15.413915
12,1,7,3,0,3,2026-07-15T13:05:16.667217
12,1,8,3,0,3,2026-07-15T13:05:17.992699
12,1,9,3,0,3,2026-07-15T13:05:19.170352
12,1,10,3,0,3,2026-07-15T13:05:20.734020
12,2,1,0,0,0,2026-07-15T13:05:22.849982
12,2,2,0,0,0,2026-07-15T13:05:24.067506
12,2,3,0,0,0,2026-07-15T13:05:25.394633
12,2,4,0,0,0,2026-07-15T13:05:26.725715
12,2,5,0,0,0,2026-07-15T13:05:28.010723
12,2,6,0,0,0,2026-07-15T13:05:29.084867
12,2,7,0,0,0,2026-07-15T13:05:30.944826
12,2,8,0,0,0,2026-07-15T13:05:32.226370
12,2,9,0,0,0,2026-07-15T13:05:32.883089
12,2,10,0,0,0,2026-07-15T13:05:34.583800
12,3,1,4,0,4,2026-07-15T13:05:35.928323
12,3,2,4,0,4,2026-07-15T13:05:37.292445
12,3,3,4,0,4,2026-07-15T13:05:38.409203
12,3,4,4,0,4,2026-07-15T13:05:39.606776
12,3,5,3,0,3,2026-07-15T13:05:40.221120
12,3,6,3,0,3,2026-07-15T13:05:41.705943
12,3,7,4,0,4,2026-07-15T13:05:43.075421
12,3,8,4,0,4,2026-07-15T13:05:44.300747
12,3,9,4,0,4,2026-07-15T13:05:45.510574
12,3,10,4,0,4,2026-07-15T13:05:46.912071
12,4,1,0,0,0,2026-07-15T13:05:47.617553
12,4,2,0,0,0,2026-07-15T13:05:48.933575
12,4,3,0,0,0,2026-07-15T13:05:50.107664
12,4,4,0,0,0,2026-07-15T13:05:51.206982
12,4,5,0,0,0,2026-07-15T13:05:52.476620
12,4,6,0,0,0,2026-07-15T13:05:54.731705
12,4,7,0,0,0,2026-07-15T13:05:55.918712
12,4,8,0,0,0,2026-07-15T13:05:57.580639
12,4,9,0,0,0,2026-07-15T13:05:58.878418
12,4,10,0,0,0,2026-07-15T13:06:00.093511
12,5,1,2,0,2,2026-07-15T13:06:00.668514
12,5,2,2,0,2,2026-07-15T13:06:01.193639
12,5,3,3,0,3,2026-07-15T13:06:02.614470
12,5,4,3,0,3,2026-07-15T13:06:03.940022
12,5,5,3,0,3,2026-07-15T13:06:05.049255
12,5,6,3,0,3,2026-07-15T13:06:06.203799
12,5,7,3,0,3,2026-07-15T13:06:07.518211
12,5,8,3,0,3,2026-07-15T13:06:09.547065
12,5,9,3,0,3,2026-07-15T13:06:10.694971
12,5,10,3,0,3,2026-07-15T13:06:12.317596
12,6,1,0,0,0,2026-07-15T13:06:14.262238
12,6,2,0,0,0,2026-07-15T13:06:15.023787
12,6,3,0,0,0,2026-07-15T13:06:16.737975
12,6,4,0,0,0,2026-07-15T13:06:19.027159
12,6,5,0,0,0,2026-07-15T13:06:21.267877
12,6,6,0,0,0,2026-07-15T13:06:22.453330
12,6,7,0,0,0,2026-07-15T13:06:23.834783
12,6,8,0,0,0,2026-07-15T13:06:25.225908
12,6,9,0,0,0,2026-07-15T13:06:26.848677
12,6,10,0,0,0,2026-07-15T13:06:28.114552
12,7,1,4,0,4,2026-07-15T13:06:30.353509
12,7,2,5,0,5,2026-07-15T13:06:31.579141
12,7,3,5,0,5,2026-07-15T13:06:33.440037
12,7,4,5,0,5,2026-07-15T13:06:36.137650
12,7,5,5,0,5,2026-07-15T13:06:36.756136
12,7,6,5,0,5,2026-07-15T13:06:37.322168
12,7,7,5,0,5,2026-07-15T13:06:38.040172
12,7,8,5,0,5,2026-07-15T13:06:39.140020
12,7,9,5,0,5,2026-07-15T13:06:41.404656
12,7,10,5,0,5,2026-07-15T13:06:43.220618
12,8,1,1,0,1,2026-07-15T13:06:44.428173
12,8,2,0,0,0,2026-07-15T13:06:44.933108
12,8,3,0,0,0,2026-07-15T13:06:45.491994
12,8,4,0,0,0,2026-07-15T13:06:46.118427
12,8,5,1,0,1,2026-07-15T13:06:47.472521
12,8,6,1,0,1,2026-07-15T13:06:49.488030
12,8,7,1,0,1,2026-07-15T13:06:51.216404
12,8,8,0,0,0,2026-07-15T13:06:52.426357
12,8,9,0,0,0,2026-07-15T13:06:53.510348
12,8,10,0,0,0,2026-07-15T13:06:54.489077
12,9,1,5,0,5,2026-07-15T13:06:56.068118
12,9,2,5,0,5,2026-07-15T13:06:57.288617
12,9,3,5,0,5,2026-07-15T13:06:59.851244
12,9,4,5,0,5,2026-07-15T13:07:02.278149
12,9,5,5,0,5,2026-07-15T13:07:04.455312
12,9,6,5,0,5,2026-07-15T13:07:05.243110
12,9,7,5,0,5,2026-07-15T13:07:06.546690
12,9,8,5,0,5,2026-07-15T13:07:08.055269
12,9,9,5,0,5,2026-07-15T13:07:09.243297
12,9,10,5,0,5,2026-07-15T13:07:12.569416
13,1,1,3,0,3,2026-07-15T13:07:16.250291
13,1,2,3,0,3,2026-07-15T13:07:17.769928
13,1,3,3,0,3,2026-07-15T13:07:20.279267
13,1,4,3,0,3,2026-07-15T13:07:22.285635
13,1,5,3,0,3,2026-07-15T13:07:23.432306
13,1,6,3,0,3,2026-07-15T13:07:23.953390
13,1,7,3,0,3,2026-07-15T13:07:25.034003
13,1,8,3,0,3,2026-07-15T13:07:26.364602
13,1,9,3,0,3,2026-07-15T13:07:27.512126
13,1,10,3,0,3,2026-07-15T13:07:29.499793
13,2,1,1,0,1,2026-07-15T13:07:30.529678
13,2,2,0,0,0,2026-07-15T13:07:31.383226
13,2,3,0,0,0,2026-07-15T13:07:32.240749
13,2,4,1,0,1,2026-07-15T13:07:33.709344
13,2,5,0,0,0,2026-07-15T13:07:34.448046
13,2,6,0,0,0,2026-07-15T13:07:35.142250
13,2,7,1,0,1,2026-07-15T13:07:37.447815
13,2,8,0,0,0,2026-07-15T13:07:38.310827
13,2,9,1,0,1,2026-07-15T13:07:39.782723
13,2,10,1,0,1,2026-07-15T13:07:41.071389
13,3,1,4,0,4,2026-07-15T13:07:42.190642
13,3,2,4,0,4,2026-07-15T13:07:43.544154
13,3,3,3,0,3,2026-07-15T13:07:45.104940
13,3,4,4,0,4,2026-07-15T13:07:46.497525
13,3,5,4,0,4,2026-07-15T13:07:47.740559
13,3,6,3,0,3,2026-07-15T13:07:48.248433
13,3,7,3,0,3,2026-07-15T13:07:49.585617
13,3,8,3,0,3,2026-07-15T13:07:50.037130
13,3,9,3,0,3,2026-07-15T13:07:50.881465
13,3,10,4,0,4,2026-07-15T13:07:52.721421
13,4,1,0,0,0,2026-07-15T13:07:54.022448
13,4,2,0,0,0,2026-07-15T13:07:55.321013
13,4,3,0,0,0,2026-07-15T13:07:58.568795
13,4,4,0,0,0,2026-07-15T13:07:59.845767
13,4,5,0,0,0,2026-07-15T13:08:01.879738
13,4,6,0,0,0,2026-07-15T13:08:03.017223
13,4,7,0,0,0,2026-07-15T13:08:04.231128
13,4,8,0,0,0,2026-07-15T13:08:05.029877
13,4,9,0,0,0,2026-07-15T13:08:07.122806
13,4,10,0,0,0,2026-07-15T13:08:07.965181
13,5,1,2,0,2,2026-07-15T13:08:08.697691
13,5,2,3,0,3,2026-07-15T13:08:10.064405
13,5,3,3,0,3,2026-07-15T13:08:11.958641
13,5,4,3,0,3,2026-07-15T13:08:13.186897
13,5,5,2,0,2,2026-07-15T13:08:13.763085
13,5,6,3,0,3,2026-07-15T13:08:18.580396
13,5,7,2,0,2,2026-07-15T13:08:19.298461
13,5,8,2,0,2,2026-07-15T13:08:20.165488
13,5,9,3,0,3,2026-07-15T13:08:22.300341
13,5,10,2,0,2,2026-07-15T13:08:23.920100
13,6,1,0,0,0,2026-07-15T13:08:24.430259
13,6,2,1,0,1,2026-07-15T13:08:26.032913
13,6,3,0,0,0,2026-07-15T13:08:27.087624
13,6,4,0,0,0,2026-07-15T13:08:28.486776
13,6,5,0,0,0,2026-07-15T13:08:29.037062
13,6,6,1,0,1,2026-07-15T13:08:30.502455
13,6,7,0,0,0,2026-07-15T13:08:31.269803
13,6,8,1,0,1,2026-07-15T13:08:32.502383
13,6,9,0,0,0,2026-07-15T13:08:34.056162
13,6,10,0,0,0,2026-07-15T13:08:35.707264
13,7,1,4,0,4,2026-07-15T13:08:36.842101
13,7,2,4,0,4,2026-07-15T13:08:38.184032
13,7,3,3,0,3,2026-07-15T13:08:39.431972
13,7,4,4,0,4,2026-07-15T13:08:40.874139
13,7,5,3,0,3,2026-07-15T13:08:41.466109
13,7,6,4,0,4,2026-07-15T13:08:43.235325
13,7,7,3,0,3,2026-07-15T13:08:43.961674
13,7,8,3,0,3,2026-07-15T13:08:44.595276
13,7,9,4,0,4,2026-07-15T13:08:46.066227
13,7,10,3,0,3,2026-07-15T13:08:48.201794
13,8,1,2,0,2,2026-07-15T13:08:49.418232
13,8,2,0,0,0,2026-07-15T13:08:49.847421
13,8,3,3,0,3,2026-07-15T13:08:51.018615
13,8,4,2,0,2,2026-07-15T13:08:52.496450
13,8,5,2,0,2,2026-07-15T13:08:53.809816
13,8,6,3,0,3,2026-07-15T13:08:55.811503
13,8,7,0,0,0,2026-07-15T13:08:56.604525
13,8,8,3,0,3,2026-07-15T13:08:57.757131
13,8,9,3,0,3,2026-07-15T13:08:58.770098
13,8,10,3,0,3,2026-07-15T13:09:01.392995
13,9,1,5,0,5,2026-07-15T13:09:02.935104
13,9,2,4,0,4,2026-07-15T13:09:04.188317
13,9,3,4,0,4,2026-07-15T13:09:05.798901
13,9,4,5,0,5,2026-07-15T13:09:07.339438
13,9,5,5,0,5,2026-07-15T13:09:08.474977
13,9,6,4,0,4,2026-07-15T13:09:10.178028
13,9,7,5,0,5,2026-07-15T13:09:12.192153
13,9,8,5,0,5,2026-07-15T13:09:13.302553
13,9,9,4,0,4,2026-07-15T13:09:14.553255
13,9,10,5,0,5,2026-07-15T13:09:16.031425
14,1,1,3,0,3,2026-07-15T13:09:16.615570
14,1,2,3,0,3,2026-07-15T13:09:18.475091
14,1,3,3,0,3,2026-07-15T13:09:19.681455
14,1,4,3,0,3,2026-07-15T13:09:20.363949
14,1,5,3,0,3,2026-07-15T13:09:20.810570
14,1,6,3,0,3,2026-07-15T13:09:22.037326
14,1,7,3,0,3,2026-07-15T13:09:24.752579
14,1,8,3,0,3,2026-07-15T13:09:26.174546
14,1,9,3,0,3,2026-07-15T13:09:27.659962
14,1,10,3,0,3,2026-07-15T13:09:28.916323
14,2,1,0,0,0,2026-07-15T13:09:30.318991
14,2,2,0,0,0,2026-07-15T13:09:31.670406
14,2,3,0,0,0,2026-07-15T13:09:33.420874
14,2,4,0,0,0,2026-07-15T13:09:34.726030
14,2,5,1,0,1,2026-07-15T13:09:36.177535
14,2,6,0,0,0,2026-07-15T13:09:36.859538
14,2,7,0,0,0,2026-07-15T13:09:38.118676
14,2,8,0,0,0,2026-07-15T13:09:39.384969
14,2,9,0,0,0,2026-07-15T13:09:40.474880
14,2,10,0,0,0,2026-07-15T13:09:41.945974
14,3,1,3,0,3,2026-07-15T13:09:43.162567
14,3,2,3,0,3,2026-07-15T13:09:43.711936
14,3,3,3,0,3,2026-07-15T13:09:44.233784
14,3,4,3,0,3,2026-07-15T13:09:45.808908
14,3,5,3,0,3,2026-07-15T13:09:46.973668
14,3,6,3,0,3,2026-07-15T13:09:47.778464
14,3,7,3,0,3,2026-07-15T13:09:50.189329
14,3,8,3,0,3,2026-07-15T13:09:50.799698
14,3,9,3,0,3,2026-07-15T13:09:51.656578
14,3,10,3,0,3,2026-07-15T13:09:53.055742
14,4,1,0,0,0,2026-07-15T13:09:54.873399
14,4,2,0,0,0,2026-07-15T13:09:56.010594
14,4,3,0,0,0,2026-07-15T13:09:58.176496
14,4,4,0,0,0,2026-07-15T13:09:59.347531
14,4,5,0,0,0,2026-07-15T13:10:00.467051
14,4,6,0,0,0,2026-07-15T13:10:01.674462
14,4,7,0,0,0,2026-07-15T13:10:02.729074
14,4,8,0,0,0,2026-07-15T13:10:04.202406
14,4,9,0,0,0,2026-07-15T13:10:05.923148
14,4,10,0,0,0,2026-07-15T13:10:07.525944
14,5,1,2,0,2,2026-07-15T13:10:08.853117
14,5,2,2,0,2,2026-07-15T13:10:15.342976
14,5,3,2,0,2,2026-07-15T13:10:15.977221
14,5,4,2,0,2,2026-07-15T13:10:17.185044
14,5,5,3,0,3,2026-07-15T13:10:18.249184
14,5,6,2,0,2,2026-07-15T13:10:19.506796
14,5,7,3,0,3,2026-07-15T13:10:24.628380
14,5,8,3,0,3,2026-07-15T13:10:25.928544
14,5,9,2,0,2,2026-07-15T13:10:27.023190
14,5,10,2,0,2,2026-07-15T13:10:28.503691
14,6,1,2,0,2,2026-07-15T13:10:33.751691
14,6,2,0,0,0,2026-07-15T13:10:35.886494
14,6,3,0,0,0,2026-07-15T13:10:37.393084
14,6,4,0,0,0,2026-07-15T13:10:38.220959
14,6,5,0,0,0,2026-07-15T13:10:39.386560
14,6,6,0,0,0,2026-07-15T13:10:40.687464
14,6,7,0,0,0,2026-07-15T13:10:42.952790
14,6,8,0,0,0,2026-07-15T13:10:43.684549
14,6,9,0,0,0,2026-07-15T13:10:44.318321
14,6,10,0,0,0,2026-07-15T13:10:44.966157
14,7,1,3,0,3,2026-07-15T13:10:45.457044
14,7,2,3,0,3,2026-07-15T13:10:45.957031
14,7,3,3,0,3,2026-07-15T13:10:47.207550
14,7,4,3,0,3,2026-07-15T13:10:48.472021
14,7,5,3,0,3,2026-07-15T13:10:49.678678
14,7,6,3,0,3,2026-07-15T13:10:50.413462
14,7,7,3,0,3,2026-07-15T13:10:51.595451
14,7,8,3,0,3,2026-07-15T13:10:57.902556
14,7,9,3,0,3,2026-07-15T13:10:59.388709
14,7,10,3,0,3,2026-07-15T13:11:00.610133
14,8,1,2,0,2,2026-07-15T13:11:02.734729
14,8,2,1,0,1,2026-07-15T13:11:04.004227
14,8,3,1,0,1,2026-07-15T13:11:05.294041
14,8,4,2,0,2,2026-07-15T13:11:06.405828
14,8,5,0,0,0,2026-07-15T13:11:07.141797
14,8,6,0,0,0,2026-07-15T13:11:07.629414
14,8,7,2,0,2,2026-07-15T13:11:08.844781
14,8,8,2,0,2,2026-07-15T13:11:10.110096
14,8,9,1,0,1,2026-07-15T13:11:11.288128
14,8,10,1,0,1,2026-07-15T13:11:13.193312
14,9,1,4,0,4,2026-07-15T13:11:14.502740
14,9,2,4,0,4,2026-07-15T13:11:15.841167
14,9,3,4,0,4,2026-07-15T13:11:17.018843
14,9,4,4,0,4,2026-07-15T13:11:18.300961
14,9,5,5,0,5,2026-07-15T13:11:19.841546
14,9,6,4,0,4,2026-07-15T13:11:21.257931
14,9,7,5,0,5,2026-07-15T13:11:21.911329
14,9,8,4,0,4,2026-07-15T13:11:23.090631
14,9,9,5,0,5,2026-07-15T13:11:23.815196
14,9,10,4,0,4,2026-07-15T13:11:25.020828
15,1,1,3,0,3,2026-07-15T13:11:26.549454
15,1,2,3,0,3,2026-07-15T13:11:28.255199
15,1,3,3,0,3,2026-07-15T13:11:29.308057
15,1,4,3,0,3,2026-07-15T13:11:30.207101
15,1,5,3,0,3,2026-07-15T13:11:31.982995
15,1,6,3,0,3,2026-07-15T13:11:33.183607
15,1,7,3,0,3,2026-07-15T13:11:33.752627
15,1,8,3,0,3,2026-07-15T13:11:34.306510
15,1,9,3,0,3,2026-07-15T13:11:35.012982
15,1,10,3,0,3,2026-07-15T13:11:36.162208
15,2,1,2,0,2,2026-07-15T13:11:37.325274
15,2,2,2,0,2,2026-07-15T13:11:38.592400
15,2,3,0,0,0,2026-07-15T13:11:39.100928
15,2,4,2,0,2,2026-07-15T13:11:41.764873
15,2,5,1,0,1,2026-07-15T13:11:43.055912
15,2,6,0,0,0,2026-07-15T13:11:44.300860
15,2,7,2,0,2,2026-07-15T13:11:45.473320
15,2,8,1,0,1,2026-07-15T13:11:48.135144
15,2,9,2,0,2,2026-07-15T13:11:49.879420
15,2,10,0,0,0,2026-07-15T13:11:50.509296
15,3,1,4,0,4,2026-07-15T13:11:51.726561
15,3,2,3,0,3,2026-07-15T13:11:52.300656
15,3,3,4,0,4,2026-07-15T13:11:53.474753
15,3,4,4,0,4,2026-07-15T13:11:54.793798
15,3,5,4,0,4,2026-07-15T13:11:55.941722
15,3,6,4,0,4,2026-07-15T13:11:58.885961
15,3,7,4,0,4,2026-07-15T13:12:00.010237
15,3,8,3,0,3,2026-07-15T13:12:00.484934
15,3,9,4,0,4,2026-07-15T13:12:02.022777
15,3,10,3,0,3,2026-07-15T13:12:02.729009
15,4,1,1,0,1,2026-07-15T13:12:03.998371
15,4,2,1,0,1,2026-07-15T13:12:05.243524
15,4,3,1,0,1,2026-07-15T13:12:06.599830
15,4,4,0,0,0,2026-07-15T13:12:07.101910
15,4,5,0,0,0,2026-07-15T13:12:08.413181
15,4,6,1,0,1,2026-07-15T13:12:09.540876
15,4,7,0,0,0,2026-07-15T13:12:10.111233
15,4,8,0,0,0,2026-07-15T13:12:11.825354
15,4,9,0,0,0,2026-07-15T13:12:12.313894
15,4,10,1,0,1,2026-07-15T13:12:13.747280
15,5,1,3,0,3,2026-07-15T13:12:15.516383
15,5,2,3,0,3,2026-07-15T13:12:16.859683
15,5,3,3,0,3,2026-07-15T13:12:17.505365
15,5,4,3,0,3,2026-07-15T13:12:18.675014
15,5,5,3,0,3,2026-07-15T13:12:20.331138
15,5,6,3,0,3,2026-07-15T13:12:21.454399
15,5,7,3,0,3,2026-07-15T13:12:23.069343
15,5,8,3,0,3,2026-07-15T13:12:24.160470
15,5,9,3,0,3,2026-07-15T13:12:24.754405
15,5,10,3,0,3,2026-07-15T13:12:25.942536
15,6,1,1,0,1,2026-07-15T13:12:27.272934
15,6,2,1,0,1,2026-07-15T13:12:29.511878
15,6,3,1,0,1,2026-07-15T13:12:30.643960
15,6,4,1,0,1,2026-07-15T13:12:31.776171
15,6,5,1,0,1,2026-07-15T13:12:33.325125
15,6,6,1,0,1,2026-07-15T13:12:34.640187
15,6,7,1,0,1,2026-07-15T13:12:36.075145
15,6,8,1,0,1,2026-07-15T13:12:37.279999
15,6,9,1,0,1,2026-07-15T13:12:38.597467
15,6,10,1,0,1,2026-07-15T13:12:39.877361
15,7,1,3,0,3,2026-07-15T13:12:41.495442
15,7,2,4,0,4,2026-07-15T13:12:43.247157
15,7,3,4,0,4,2026-07-15T13:12:44.672630
15,7,4,4,0,4,2026-07-15T13:12:46.337864
15,7,5,4,0,4,2026-07-15T13:12:48.452214
15,7,6,4,0,4,2026-07-15T13:12:49.547722
15,7,7,3,0,3,2026-07-15T13:12:50.834827
15,7,8,4,0,4,2026-07-15T13:12:52.096722
15,7,9,4,0,4,2026-07-15T13:12:53.600871
15,7,10,4,0,4,2026-07-15T13:12:55.339996
15,8,1,0,0,0,2026-07-15T13:12:56.062521
15,8,2,3,0,3,2026-07-15T13:12:57.387481
15,8,3,3,0,3,2026-07-15T13:12:58.633200
15,8,4,0,0,0,2026-07-15T13:12:59.231474
15,8,5,0,0,0,2026-07-15T13:13:00.810354
15,8,6,0,0,0,2026-07-15T13:13:01.533977
15,8,7,0,0,0,2026-07-15T13:13:02.177776
15,8,8,0,0,0,2026-07-15T13:13:02.909772
15,8,9,3,0,3,2026-07-15T13:13:04.225844
15,8,10,2,0,2,2026-07-15T13:13:05.887008
15,9,1,5,0,5,2026-07-15T13:13:07.905416
15,9,2,4,0,4,2026-07-15T13:13:09.010645
15,9,3,5,0,5,2026-07-15T13:13:10.623897
15,9,4,5,0,5,2026-07-15T13:13:12.467399
15,9,5,4,0,4,2026-07-15T13:13:14.573095
15,9,6,5,0,5,2026-07-15T13:13:18.474545
15,9,7,5,0,5,2026-07-15T13:13:19.765806
15,9,8,5,0,5,2026-07-15T13:13:20.345966
15,9,9,5,0,5,2026-07-15T13:13:21.023881
15,9,10,5,0,5,2026-07-15T13:13:21.676360
16,1,1,3,0,3,2026-07-15T13:13:22.793892
16,1,2,2,0,2,2026-07-15T13:13:23.627498
16,1,3,3,0,3,2026-07-15T13:13:25.086303
16,1,4,3,0,3,2026-07-15T13:13:26.692634
16,1,5,3,0,3,2026-07-15T13:13:28.071928
16,1,6,3,0,3,2026-07-15T13:13:29.804505
16,1,7,3,0,3,2026-07-15T13:13:30.902378
16,1,8,3,0,3,2026-07-15T13:13:32.129476
16,1,9,3,0,3,2026-07-15T13:13:33.368529
16,1,10,2,0,2,2026-07-15T13:13:34.975732
16,2,1,2,0,2,2026-07-15T13:13:36.096391
16,2,2,2,0,2,2026-07-15T13:13:37.829888
16,2,3,3,0,3,2026-07-15T13:13:38.996296
16,2,4,0,0,0,2026-07-15T13:13:39.684792
16,2,5,2,0,2,2026-07-15T13:13:41.363217
16,2,6,2,0,2,2026-07-15T13:13:42.701076
16,2,7,0,0,0,2026-07-15T13:13:43.328331
16,2,8,2,0,2,2026-07-15T13:13:44.868123
16,2,9,2,0,2,2026-07-15T13:13:46.109338
16,2,10,2,0,2,2026-07-15T13:13:47.403428
16,3,1,3,0,3,2026-07-15T13:13:48.438684
16,3,2,3,0,3,2026-07-15T13:13:49.151341
16,3,3,3,0,3,2026-07-15T13:13:50.491401
16,3,4,3,0,3,2026-07-15T13:13:51.947277
16,3,5,3,0,3,2026-07-15T13:13:53.729973
16,3,6,3,0,3,2026-07-15T13:13:55.269368
16,3,7,3,0,3,2026-07-15T13:13:56.929285
16,3,8,3,0,3,2026-07-15T13:13:59.472990
16,3,9,3,0,3,2026-07-15T13:14:00.354059
16,3,10,3,0,3,2026-07-15T13:14:01.313071
16,4,1,1,0,1,2026-07-15T13:14:02.441750
16,4,2,0,0,0,2026-07-15T13:14:03.587139
16,4,3,1,0,1,2026-07-15T13:14:04.957627
16,4,4,1,0,1,2026-07-15T13:14:06.216942
16,4,5,0,0,0,2026-07-15T13:14:07.587309
16,4,6,1,0,1,2026-07-15T13:14:08.750126
16,4,7,0,0,0,2026-07-15T13:14:10.456564
16,4,8,0,0,0,2026-07-15T13:14:12.252368
16,4,9,1,0,1,2026-07-15T13:14:13.399632
16,4,10,0,0,0,2026-07-15T13:14:15.295715
16,5,1,3,0,3,2026-07-15T13:14:17.395382
16,5,2,3,0,3,2026-07-15T13:14:19.216388
16,5,3,3,0,3,2026-07-15T13:14:20.307310
16,5,4,3,0,3,2026-07-15T13:14:21.175266
16,5,5,3,0,3,2026-07-15T13:14:23.344373
16,5,6,3,0,3,2026-07-15T13:14:24.840097
16,5,7,3,0,3,2026-07-15T13:14:25.434967
16,5,8,3,0,3,2026-07-15T13:14:27.875376
16,5,9,3,0,3,2026-07-15T13:14:29.707995
16,5,10,3,0,3,2026-07-15T13:14:32.224150
16,6,1,2,0,2,2026-07-15T13:14:33.423697
16,6,2,0,0,0,2026-07-15T13:14:33.929993
16,6,3,2,0,2,2026-07-15T13:14:35.072087
16,6,4,0,0,0,2026-07-15T13:14:35.765519
16,6,5,1,0,1,2026-07-15T13:14:37.484665
16,6,6,2,0,2,2026-07-15T13:14:38.831530
16,6,7,2,0,2,2026-07-15T13:14:40.143562
16,6,8,0,0,0,2026-07-15T13:14:40.612150
16,6,9,0,0,0,2026-07-15T13:14:41.086630
16,6,10,1,0,1,2026-07-15T13:14:42.349436
16,7,1,3,0,3,2026-07-15T13:14:44.553990
16,7,2,3,0,3,2026-07-15T13:14:45.211132
16,7,3,3,0,3,2026-07-15T13:14:46.498640
16,7,4,3,0,3,2026-07-15T13:14:47.688081
16,7,5,4,0,4,2026-07-15T13:14:49.618375
16,7,6,3,0,3,2026-07-15T13:14:50.867293
16,7,7,3,0,3,2026-07-15T13:14:51.436175
16,7,8,3,0,3,2026-07-15T13:14:52.342980
16,7,9,3,0,3,2026-07-15T13:14:53.651333
16,7,10,3,0,3,2026-07-15T13:14:55.058487
16,8,1,3,0,3,2026-07-15T13:14:57.568391
16,8,2,3,0,3,2026-07-15T13:14:58.942617
16,8,3,3,0,3,2026-07-15T13:15:00.387552
16,8,4,3,0,3,2026-07-15T13:15:01.636798
16,8,5,3,0,3,2026-07-15T13:15:03.181506
16,8,6,3,0,3,2026-07-15T13:15:04.481674
16,8,7,3,0,3,2026-07-15T13:15:06.261852
16,8,8,3,0,3,2026-07-15T13:15:07.599909
16,8,9,3,0,3,2026-07-15T13:15:09.780337
16,8,10,3,0,3,2026-07-15T13:15:11.457682
16,9,1,4,0,4,2026-07-15T13:15:12.871219
16,9,2,4,0,4,2026-07-15T13:15:14.852768
16,9,3,5,0,5,2026-07-15T13:15:15.463986
16,9,4,4,0,4,2026-07-15T13:15:16.027775
16,9,5,4,0,4,2026-07-15T13:15:18.296009
16,9,6,4,0,4,2026-07-15T13:15:19.412000
16,9,7,4,0,4,2026-07-15T13:15:24.270254
16,9,8,4,0,4,2026-07-15T13:15:26.533853
16,9,9,4,0,4,2026-07-15T13:15:28.002539
16,9,10,4,0,4,2026-07-15T13:15:29.973516
17,1,1,2,0,2,2026-07-15T13:15:31.467038
17,1,2,3,0,3,2026-07-15T13:15:33.984306
17,1,3,3,0,3,2026-07-15T13:15:36.877132
17,1,4,3,0,3,2026-07-15T13:15:38.617811
17,1,5,3,0,3,2026-07-15T13:15:40.409601
17,1,6,3,0,3,2026-07-15T13:15:41.888201
17,1,7,3,0,3,2026-07-15T13:15:42.579871
17,1,8,3,0,3,2026-07-15T13:15:44.652264
17,1,9,3,0,3,2026-07-15T13:15:46.266496
17,1,10,3,0,3,2026-07-15T13:15:46.915789
17,2,1,0,0,0,2026-07-15T13:15:48.700050
17,2,2,0,0,0,2026-07-15T13:15:49.312050
17,2,3,0,0,0,2026-07-15T13:15:51.005491
17,2,4,0,0,0,2026-07-15T13:15:53.210583
17,2,5,0,0,0,2026-07-15T13:15:53.989285
17,2,6,0,0,0,2026-07-15T13:15:55.579631
17,2,7,1,0,1,2026-07-15T13:15:57.086520
17,2,8,0,0,0,2026-07-15T13:15:57.704793
17,2,9,0,0,0,2026-07-15T13:15:58.216847
17,2,10,0,0,0,2026-07-15T13:16:00.269868
17,3,1,4,0,4,2026-07-15T13:16:01.808482
17,3,2,4,0,4,2026-07-15T13:16:03.031768
17,3,3,4,0,4,2026-07-15T13:16:04.403501
17,3,4,4,0,4,2026-07-15T13:16:06.032644
17,3,5,3,0,3,2026-07-15T13:16:06.663167
17,3,6,3,0,3,2026-07-15T13:16:08.410370
17,3,7,4,0,4,2026-07-15T13:16:10.252989
17,3,8,3,0,3,2026-07-15T13:16:12.035300
17,3,9,3,0,3,2026-07-15T13:16:12.712216
17,3,10,4,0,4,2026-07-15T13:16:14.317948
17,4,1,0,0,0,2026-07-15T13:16:16.013749
17,4,2,0,0,0,2026-07-15T13:16:17.421558
17,4,3,0,0,0,2026-07-15T13:16:18.619411
17,4,4,0,0,0,2026-07-15T13:16:19.681929
17,4,5,0,0,0,2026-07-15T13:16:21.085509
17,4,6,0,0,0,2026-07-15T13:16:26.192128
17,4,7,0,0,0,2026-07-15T13:16:27.067846
17,4,8,0,0,0,2026-07-15T13:16:28.623316
17,4,9,0,0,0,2026-07-15T13:16:29.927328
17,4,10,0,0,0,2026-07-15T13:16:31.009590
17,5,1,3,0,3,2026-07-15T13:16:32.849854
17,5,2,3,0,3,2026-07-15T13:16:33.439800
17,5,3,3,0,3,2026-07-15T13:16:34.572872
17,5,4,3,0,3,2026-07-15T13:16:35.804902
17,5,5,3,0,3,2026-07-15T13:16:36.956626
17,5,6,3,0,3,2026-07-15T13:16:38.647354
17,5,7,3,0,3,2026-07-15T13:16:39.085619
17,5,8,3,0,3,2026-07-15T13:16:39.822101
17,5,9,3,0,3,2026-07-15T13:16:40.935354
17,5,10,3,0,3,2026-07-15T13:16:42.148827
17,6,1,0,0,0,2026-07-15T13:16:43.441146
17,6,2,0,0,0,2026-07-15T13:16:44.854136
17,6,3,0,0,0,2026-07-15T13:16:46.338313
17,6,4,0,0,0,2026-07-15T13:16:47.513889
17,6,5,0,0,0,2026-07-15T13:16:49.224622
17,6,6,0,0,0,2026-07-15T13:16:50.040541
17,6,7,0,0,0,2026-07-15T13:16:51.214482
17,6,8,0,0,0,2026-07-15T13:16:52.472403
17,6,9,0,0,0,2026-07-15T13:16:54.004939
17,6,10,0,0,0,2026-07-15T13:16:54.466138
17,7,1,4,0,4,2026-07-15T13:16:56.595927
17,7,2,4,0,4,2026-07-15T13:16:58.191302
17,7,3,4,0,4,2026-07-15T13:16:58.988033
17,7,4,4,0,4,2026-07-15T13:16:59.631799
17,7,5,4,0,4,2026-07-15T13:17:01.210596
17,7,6,4,0,4,2026-07-15T13:17:01.926559
17,7,7,4,0,4,2026-07-15T13:17:03.137508
17,7,8,4,0,4,2026-07-15T13:17:04.512199
17,7,9,4,0,4,2026-07-15T13:17:05.769321
17,7,10,4,0,4,2026-07-15T13:17:07.296942
17,8,1,1,0,1,2026-07-15T13:17:08.450494
17,8,2,0,0,0,2026-07-15T13:17:09.128816
17,8,3,1,0,1,2026-07-15T13:17:10.449000
17,8,4,1,0,1,2026-07-15T13:17:11.741741
17,8,5,1,0,1,2026-07-15T13:17:13.220872
17,8,6,1,0,1,2026-07-15T13:17:18.354306
17,8,7,1,0,1,2026-07-15T13:17:20.639629
17,8,8,1,0,1,2026-07-15T13:17:21.840110
17,8,9,1,0,1,2026-07-15T13:17:23.072282
17,8,10,1,0,1,2026-07-15T13:17:24.379250
17,9,1,4,0,4,2026-07-15T13:17:25.786348
17,9,2,5,0,5,2026-07-15T13:17:27.010035
17,9,3,5,0,5,2026-07-15T13:17:28.678456
17,9,4,5,0,5,2026-07-15T13:17:29.875682
17,9,5,5,0,5,2026-07-15T13:17:31.111517
17,9,6,5,0,5,2026-07-15T13:17:31.723280
17,9,7,5,0,5,2026-07-15T13:17:32.286256
17,9,8,5,0,5,2026-07-15T13:17:33.647960
17,9,9,5,0,5,2026-07-15T13:17:34.231037
17,9,10,5,0,5,2026-07-15T13:17:34.814598
18,1,1,3,0,3,2026-07-15T13:17:36.379038
18,1,2,3,0,3,2026-07-15T13:17:37.638574
18,1,3,3,0,3,2026-07-15T13:17:38.833019
18,1,4,3,0,3,2026-07-15T13:17:39.464506
18,1,5,3,0,3,2026-07-15T13:17:40.795373
18,1,6,3,0,3,2026-07-15T13:17:41.580397
18,1,7,3,0,3,2026-07-15T13:17:43.124242
18,1,8,3,0,3,2026-07-15T13:17:44.570470
18,1,9,3,0,3,2026-07-15T13:17:45.738224
18,1,10,3,0,3,2026-07-15T13:17:47.048149
18,2,1,0,0,0,2026-07-15T13:17:47.811207
18,2,2,1,0,1,2026-07-15T13:17:49.282755
18,2,3,1,0,1,2026-07-15T13:17:50.715237
18,2,4,1,0,1,2026-07-15T13:17:52.017545
18,2,5,0,0,0,2026-07-15T13:17:52.683484
18,2,6,0,0,0,2026-07-15T13:17:53.396664
18,2,7,1,0,1,2026-07-15T13:17:54.716321
18,2,8,1,0,1,2026-07-15T13:17:55.816118
18,2,9,1,0,1,2026-07-15T13:17:57.981341
18,2,10,2,0,2,2026-07-15T13:17:59.636142
18,3,1,3,0,3,2026-07-15T13:18:00.914556
18,3,2,4,0,4,2026-07-15T13:18:02.356740
18,3,3,3,0,3,2026-07-15T13:18:03.531839
18,3,4,4,0,4,2026-07-15T13:18:04.733433
18,3,5,3,0,3,2026-07-15T13:18:05.486107
18,3,6,4,0,4,2026-07-15T13:18:06.538029
18,3,7,4,0,4,2026-07-15T13:18:07.684975
18,3,8,3,0,3,2026-07-15T13:18:08.145523
18,3,9,4,0,4,2026-07-15T13:18:09.520690
18,3,10,3,0,3,2026-07-15T13:18:10.715281
18,4,1,0,0,0,2026-07-15T13:18:13.225075
18,4,2,0,0,0,2026-07-15T13:18:13.916882
18,4,3,0,0,0,2026-07-15T13:18:15.142839
18,4,4,0,0,0,2026-07-15T13:18:15.747395
18,4,5,0,0,0,2026-07-15T13:18:17.311365
18,4,6,0,0,0,2026-07-15T13:18:19.614670
18,4,7,0,0,0,2026-07-15T13:18:20.889238
18,4,8,1,0,1,2026-07-15T13:18:22.608835
18,4,9,0,0,0,2026-07-15T13:18:23.168365
18,4,10,0,0,0,2026-07-15T13:18:24.218839
18,5,1,3,0,3,2026-07-15T13:18:26.061719
18,5,2,3,0,3,2026-07-15T13:18:27.107833
18,5,3,3,0,3,2026-07-15T13:18:28.555467
18,5,4,3,0,3,2026-07-15T13:18:30.073596
18,5,5,3,0,3,2026-07-15T13:18:32.307082
18,5,6,3,0,3,2026-07-15T13:18:34.378360
18,5,7,3,0,3,2026-07-15T13:18:35.636290
18,5,8,3,0,3,2026-07-15T13:18:37.466229
18,5,9,3,0,3,2026-07-15T13:18:39.643013
18,5,10,3,0,3,2026-07-15T13:18:40.813016
18,6,1,1,0,1,2026-07-15T13:18:42.194266
18,6,2,1,0,1,2026-07-15T13:18:43.222780
18,6,3,1,0,1,2026-07-15T13:18:44.353883
18,6,4,0,0,0,2026-07-15T13:18:45.249988
18,6,5,1,0,1,2026-07-15T13:18:46.715576
18,6,6,1,0,1,2026-07-15T13:18:47.965694
18,6,7,0,0,0,2026-07-15T13:18:48.460196
18,6,8,1,0,1,2026-07-15T13:18:50.080512
18,6,9,1,0,1,2026-07-15T13:18:51.335010
18,6,10,1,0,1,2026-07-15T13:18:53.439971
18,7,1,4,0,4,2026-07-15T13:18:54.828435
18,7,2,4,0,4,2026-07-15T13:18:56.307932
18,7,3,4,0,4,2026-07-15T13:18:58.278963
18,7,4,3,0,3,2026-07-15T13:18:59.036297
18,7,5,4,0,4,2026-07-15T13:19:00.328766
18,7,6,4,0,4,2026-07-15T13:19:03.368706
18,7,7,4,0,4,2026-07-15T13:19:04.732184
18,7,8,3,0,3,2026-07-15T13:19:05.401555
18,7,9,4,0,4,2026-07-15T13:19:07.061643
18,7,10,4,0,4,2026-07-15T13:19:08.415535
18,8,1,3,0,3,2026-07-15T13:19:09.595427
18,8,2,0,0,0,2026-07-15T13:19:10.146769
18,8,3,2,0,2,2026-07-15T13:19:11.793098
18,8,4,2,0,2,2026-07-15T13:19:13.806796
18,8,5,2,0,2,2026-07-15T13:19:14.937607
18,8,6,2,0,2,2026-07-15T13:19:16.045536
18,8,7,3,0,3,2026-07-15T13:19:17.472354
18,8,8,0,0,0,2026-07-15T13:19:18.040210
18,8,9,2,0,2,2026-07-15T13:19:19.976297
18,8,10,2,0,2,2026-07-15T13:19:21.513060
18,9,1,5,0,5,2026-07-15T13:19:23.334026
18,9,2,4,0,4,2026-07-15T13:19:24.613851
18,9,3,4,0,4,2026-07-15T13:19:25.858497
18,9,4,5,0,5,2026-07-15T13:19:26.532042
18,9,5,5,0,5,2026-07-15T13:19:27.202038
18,9,6,5,0,5,2026-07-15T13:19:28.814830
18,9,7,4,0,4,2026-07-15T13:19:30.148741
18,9,8,5,0,5,2026-07-15T13:19:31.446328
18,9,9,4,0,4,2026-07-15T13:19:33.416859
18,9,10,5,0,5,2026-07-15T13:19:34.084151
19,1,1,3,0,3,2026-07-15T13:19:35.332228
19,1,2,3,0,3,2026-07-15T13:19:37.622579
19,1,3,3,0,3,2026-07-15T13:19:39.281558
19,1,4,3,0,3,2026-07-15T13:19:39.811601
19,1,5,3,0,3,2026-07-15T13:19:41.053894
19,1,6,3,0,3,2026-07-15T13:19:42.441111
19,1,7,3,0,3,2026-07-15T13:19:43.721859
19,1,8,3,0,3,2026-07-15T13:19:44.814589
19,1,9,3,0,3,2026-07-15T13:19:46.179459
19,1,10,3,0,3,2026-07-15T13:19:47.533040
19,2,1,2,0,2,2026-07-15T13:19:49.169408
19,2,2,1,0,1,2026-07-15T13:19:50.612120
19,2,3,0,0,0,2026-07-15T13:19:52.406125
19,2,4,0,0,0,2026-07-15T13:19:52.956272
19,2,5,0,0,0,2026-07-15T13:19:54.181861
19,2,6,1,0,1,2026-07-15T13:19:57.076213
19,2,7,1,0,1,2026-07-15T13:20:00.083440
19,2,8,1,0,1,2026-07-15T13:20:03.462074
19,2,9,0,0,0,2026-07-15T13:20:04.127959
19,2,10,1,0,1,2026-07-15T13:20:05.505580
19,3,1,4,0,4,2026-07-15T13:20:07.302364
19,3,2,4,0,4,2026-07-15T13:20:10.407706
19,3,3,4,0,4,2026-07-15T13:20:11.158463
19,3,4,3,0,3,2026-07-15T13:20:12.682693
19,3,5,4,0,4,2026-07-15T13:20:14.256367
19,3,6,4,0,4,2026-07-15T13:20:17.393996
19,3,7,4,0,4,2026-07-15T13:20:19.124413
19,3,8,4,0,4,2026-07-15T13:20:19.728877
19,3,9,4,0,4,2026-07-15T13:20:20.867382
19,3,10,3,0,3,2026-07-15T13:20:21.772652
19,4,1,0,0,0,2026-07-15T13:20:23.326118
19,4,2,0,0,0,2026-07-15T13:20:24.410107
19,4,3,0,0,0,2026-07-15T13:20:25.734571
19,4,4,0,0,0,2026-07-15T13:20:26.955881
19,4,5,0,0,0,2026-07-15T13:20:28.234693
19,4,6,0,0,0,2026-07-15T13:20:29.377116
19,4,7,0,0,0,2026-07-15T13:20:30.370631
19,4,8,0,0,0,2026-07-15T13:20:31.064006
19,4,9,0,0,0,2026-07-15T13:20:32.729934
19,4,10,0,0,0,2026-07-15T13:20:34.700685
19,5,1,3,0,3,2026-07-15T13:20:35.440870
19,5,2,3,0,3,2026-07-15T13:20:37.465528
19,5,3,3,0,3,2026-07-15T13:20:38.656693
19,5,4,3,0,3,2026-07-15T13:20:39.695780
19,5,5,3,0,3,2026-07-15T13:20:40.686573
19,5,6,3,0,3,2026-07-15T13:20:41.303378
19,5,7,3,0,3,2026-07-15T13:20:42.430552
19,5,8,3,0,3,2026-07-15T13:20:43.448028
19,5,9,3,0,3,2026-07-15T13:20:44.127791
19,5,10,3,0,3,2026-07-15T13:20:45.700246
19,6,1,1,0,1,2026-07-15T13:20:47.004521
19,6,2,0,0,0,2026-07-15T13:20:48.697771
19,6,3,0,0,0,2026-07-15T13:20:50.859339
19,6,4,0,0,0,2026-07-15T13:20:52.262495
19,6,5,0,0,0,2026-07-15T13:20:53.778478
19,6,6,0,0,0,2026-07-15T13:20:55.171998
19,6,7,0,0,0,2026-07-15T13:20:58.119361
19,6,8,0,0,0,2026-07-15T13:20:59.524218
19,6,9,0,0,0,2026-07-15T13:21:01.102530
19,6,10,0,0,0,2026-07-15T13:21:01.686592
19,7,1,4,0,4,2026-07-15T13:21:03.211726
19,7,2,4,0,4,2026-07-15T13:21:04.452341
19,7,3,4,0,4,2026-07-15T13:21:05.908799
19,7,4,4,0,4,2026-07-15T13:21:06.752337
19,7,5,4,0,4,2026-07-15T13:21:08.016273
19,7,6,4,0,4,2026-07-15T13:21:09.138341
19,7,7,4,0,4,2026-07-15T13:21:11.679219
19,7,8,4,0,4,2026-07-15T13:21:12.951741
19,7,9,4,0,4,2026-07-15T13:21:15.196889
19,7,10,4,0,4,2026-07-15T13:21:16.926491
19,8,1,0,0,0,2026-07-15T13:21:18.570919
19,8,2,1,0,1,2026-07-15T13:21:20.269069
19,8,3,2,0,2,2026-07-15T13:21:21.957796
19,8,4,2,0,2,2026-07-15T13:21:23.735163
19,8,5,2,0,2,2026-07-15T13:21:25.071435
19,8,6,0,0,0,2026-07-15T13:21:25.643490
19,8,7,2,0,2,2026-07-15T13:21:28.785574
19,8,8,2,0,2,2026-07-15T13:21:29.978196
19,8,9,2,0,2,2026-07-15T13:21:32.124162
19,8,10,2,0,2,2026-07-15T13:21:33.657069
19,9,1,5,0,5,2026-07-15T13:21:34.956022
19,9,2,5,0,5,2026-07-15T13:21:35.614856
19,9,3,5,0,5,2026-07-15T13:21:36.280150
19,9,4,5,0,5,2026-07-15T13:21:37.335016
19,9,5,5,0,5,2026-07-15T13:21:39.057025
19,9,6,5,0,5,2026-07-15T13:21:40.588117
19,9,7,5,0,5,2026-07-15T13:21:44.041810
19,9,8,5,0,5,2026-07-15T13:21:44.885904
19,9,9,5,0,5,2026-07-15T13:21:45.665194
19,9,10,5,0,5,2026-07-15T13:21:46.736393
20,1,1,3,0,3,2026-07-15T13:21:47.949404
20,1,2,3,0,3,2026-07-15T13:21:48.633331
20,1,3,3,0,3,2026-07-15T13:21:49.286103
20,1,4,2,0,2,2026-07-15T13:21:54.188921
20,1,5,3,0,3,2026-07-15T13:21:55.766782
20,1,6,3,0,3,2026-07-15T13:21:56.887559
20,1,7,3,0,3,2026-07-15T13:21:59.428003
20,1,8,3,0,3,2026-07-15T13:22:01.099874
20,1,9,2,0,2,2026-07-15T13:22:01.752676
20,1,10,3,0,3,2026-07-15T13:22:03.717480
20,2,1,1,0,1,2026-07-15T13:22:05.366865
20,2,2,2,0,2,2026-07-15T13:22:06.997829
20,2,3,2,0,2,2026-07-15T13:22:09.700937
20,2,4,2,0,2,2026-07-15T13:22:11.433442
20,2,5,1,0,1,2026-07-15T13:22:13.080245
20,2,6,0,0,0,2026-07-15T13:22:13.824480
20,2,7,2,0,2,2026-07-15T13:22:15.285140
20,2,8,2,0,2,2026-07-15T13:22:17.281693
20,2,9,0,0,0,2026-07-15T13:22:17.776664
20,2,10,0,0,0,2026-07-15T13:22:18.556259
20,3,1,3,0,3,2026-07-15T13:22:19.978972
20,3,2,3,0,3,2026-07-15T13:22:23.702277
20,3,3,3,0,3,2026-07-15T13:22:24.901789
20,3,4,3,0,3,2026-07-15T13:22:28.875593
20,3,5,3,0,3,2026-07-15T13:22:30.284795
20,3,6,2,0,2,2026-07-15T13:22:32.185245
20,3,7,3,0,3,2026-07-15T13:22:33.941552
20,3,8,3,0,3,2026-07-15T13:22:36.098949
20,3,9,3,0,3,2026-07-15T13:22:36.591691
20,3,10,3,0,3,2026-07-15T13:22:38.002901
20,4,1,1,0,1,2026-07-15T13:22:40.138590
20,4,2,0,0,0,2026-07-15T13:22:40.944784
20,4,3,1,0,1,2026-07-15T13:22:43.814328
20,4,4,2,0,2,2026-07-15T13:22:45.060396
20,4,5,1,0,1,2026-07-15T13:22:51.229874
20,4,6,1,0,1,2026-07-15T13:22:53.086164
20,4,7,1,0,1,2026-07-15T13:22:54.898884
20,4,8,1,0,1,2026-07-15T13:22:56.628517
20,4,9,1,0,1,2026-07-15T13:22:58.616071
20,4,10,1,0,1,2026-07-15T13:23:00.220786
20,5,1,3,0,3,2026-07-15T13:23:01.701098
20,5,2,3,0,3,2026-07-15T13:23:03.140118
20,5,3,2,0,2,2026-07-15T13:23:06.290189
20,5,4,2,0,2,2026-07-15T13:23:07.304388
20,5,5,2,0,2,2026-07-15T13:23:07.905470
20,5,6,3,0,3,2026-07-15T13:23:11.010690
20,5,7,3,0,3,2026-07-15T13:23:12.546728
20,5,8,2,0,2,2026-07-15T13:23:14.057879
20,5,9,2,0,2,2026-07-15T13:23:15.095293
20,5,10,2,0,2,2026-07-15T13:23:16.836145
20,6,1,3,0,3,2026-07-15T13:23:20.657667
20,6,2,3,0,3,2026-07-15T13:23:22.442675
20,6,3,0,0,0,2026-07-15T13:23:23.494783
20,6,4,2,0,2,2026-07-15T13:23:25.039241
20,6,5,3,0,3,2026-07-15T13:23:26.566663
20,6,6,0,0,0,2026-07-15T13:23:27.236243
20,6,7,3,0,3,2026-07-15T13:23:29.121807
20,6,8,0,0,0,2026-07-15T13:23:29.607428
20,6,9,0,0,0,2026-07-15T13:23:30.584408
20,6,10,3,0,3,2026-07-15T13:23:33.111602
20,7,1,3,0,3,2026-07-15T13:23:36.000718
20,7,2,3,0,3,2026-07-15T13:23:37.750723
20,7,3,3,0,3,2026-07-15T13:23:43.379391
20,7,4,3,0,3,2026-07-15T13:23:44.238420
20,7,5,3,0,3,2026-07-15T13:23:45.472584
20,7,6,3,0,3,2026-07-15T13:23:48.197835
20,7,7,3,0,3,2026-07-15T13:23:49.812443
20,7,8,3,0,3,2026-07-15T13:23:51.090367
20,7,9,3,0,3,2026-07-15T13:23:52.428680
20,7,10,3,0,3,2026-07-15T13:23:57.363698
20,8,1,0,0,0,2026-07-15T13:23:58.201750
20,8,2,2,0,2,2026-07-15T13:23:59.776956
20,8,3,3,0,3,2026-07-15T13:24:01.631169
20,8,4,2,0,2,2026-07-15T13:24:05.859799
20,8,5,0,0,0,2026-07-15T13:24:06.510568
20,8,6,3,0,3,2026-07-15T13:24:08.064368
20,8,7,0,0,0,2026-07-15T13:24:09.077267
20,8,8,2,0,2,2026-07-15T13:24:10.470335
20,8,9,3,0,3,2026-07-15T13:24:13.840039
20,8,10,3,0,3,2026-07-15T13:24:18.528833
20,9,1,4,0,4,2026-07-15T13:24:19.236305
20,9,2,4,0,4,2026-07-15T13:24:20.454646
20,9,3,3,0,3,2026-07-15T13:24:22.473364
20,9,4,4,0,4,2026-07-15T13:24:23.036125
20,9,5,4,0,4,2026-07-15T13:24:25.185194
20,9,6,4,0,4,2026-07-15T13:24:25.831753
20,9,7,4,0,4,2026-07-15T13:24:30.387874
20,9,8,3,0,3,2026-07-15T13:24:32.066562
20,9,9,3,0,3,2026-07-15T13:24:35.271383
20,9,10,4,0,4,2026-07-15T13:24:37.571012
21,1,1,3,0,3,2026-07-15T13:24:38.721930
21,1,2,3,0,3,2026-07-15T13:24:40.304797
21,1,3,3,0,3,2026-07-15T13:24:42.139850
21,1,4,3,0,3,2026-07-15T13:24:43.236191
21,1,5,3,0,3,2026-07-15T13:24:45.115628
21,1,6,3,0,3,2026-07-15T13:24:46.724147
21,1,7,3,0,3,2026-07-15T13:24:48.016616
21,1,8,3,0,3,2026-07-15T13:24:48.488150
21,1,9,3,0,3,2026-07-15T13:24:50.027936
21,1,10,3,0,3,2026-07-15T13:24:52.435321
21,2,1,2,0,2,2026-07-15T13:24:54.287428
21,2,2,1,0,1,2026-07-15T13:24:56.281325
21,2,3,2,0,2,2026-07-15T13:24:58.416603
21,2,4,1,0,1,2026-07-15T13:25:00.740277
21,2,5,2,0,2,2026-07-15T13:25:02.850193
21,2,6,1,0,1,2026-07-15T13:25:04.326029
21,2,7,0,0,0,2026-07-15T13:25:05.901806
21,2,8,1,0,1,2026-07-15T13:25:07.429139
21,2,9,0,0,0,2026-07-15T13:25:07.926165
21,2,10,0,0,0,2026-07-15T13:25:08.936196
21,3,1,3,0,3,2026-07-15T13:25:10.230000
21,3,2,4,0,4,2026-07-15T13:25:12.001220
21,3,3,3,0,3,2026-07-15T13:25:13.701734
21,3,4,3,0,3,2026-07-15T13:25:15.522312
21,3,5,3,0,3,2026-07-15T13:25:17.517594
21,3,6,3,0,3,2026-07-15T13:25:18.833214
21,3,7,3,0,3,2026-07-15T13:25:19.927489
21,3,8,3,0,3,2026-07-15T13:25:21.802166
21,3,9,3,0,3,2026-07-15T13:25:24.214587
21,3,10,3,0,3,2026-07-15T13:25:24.802935
21,4,1,0,0,0,2026-07-15T13:25:27.077016
21,4,2,1,0,1,2026-07-15T13:25:28.388989
21,4,3,0,0,0,2026-07-15T13:25:29.647837
21,4,4,0,0,0,2026-07-15T13:25:31.911010
21,4,5,1,0,1,2026-07-15T13:25:33.623097
21,4,6,0,0,0,2026-07-15T13:25:35.094090
21,4,7,0,0,0,2026-07-15T13:25:37.093783
21,4,8,0,0,0,2026-07-15T13:25:38.173583
21,4,9,1,0,1,2026-07-15T13:25:40.534050
21,4,10,0,0,0,2026-07-15T13:25:42.497938
21,5,1,3,0,3,2026-07-15T13:25:43.944563
21,5,2,3,0,3,2026-07-15T13:25:45.351640
21,5,3,3,0,3,2026-07-15T13:25:46.369287
21,5,4,3,0,3,2026-07-15T13:25:47.060883
21,5,5,3,0,3,2026-07-15T13:25:48.115250
21,5,6,3,0,3,2026-07-15T13:25:49.952551
21,5,7,2,0,2,2026-07-15T13:25:50.915013
21,5,8,3,0,3,2026-07-15T13:25:51.443484
21,5,9,3,0,3,2026-07-15T13:25:53.727037
21,5,10,3,0,3,2026-07-15T13:25:54.655415
21,6,1,0,0,0,2026-07-15T13:25:56.280839
21,6,2,0,0,0,2026-07-15T13:25:57.593749
21,6,3,1,0,1,2026-07-15T13:25:58.691117
21,6,4,0,0,0,2026-07-15T13:25:59.403701
21,6,5,1,0,1,2026-07-15T13:26:01.462769
21,6,6,0,0,0,2026-07-15T13:26:02.063377
21,6,7,1,0,1,2026-07-15T13:26:03.763002
21,6,8,0,0,0,2026-07-15T13:26:05.780709
21,6,9,1,0,1,2026-07-15T13:26:07.335064
21,6,10,1,0,1,2026-07-15T13:26:08.664140
21,7,1,3,0,3,2026-07-15T13:26:09.902819
21,7,2,3,0,3,2026-07-15T13:26:13.009645
21,7,3,3,0,3,2026-07-15T13:26:14.679198
21,7,4,3,0,3,2026-07-15T13:26:16.421985
21,7,5,3,0,3,2026-07-15T13:26:18.698358
21,7,6,3,0,3,2026-07-15T13:26:19.364936
21,7,7,3,0,3,2026-07-15T13:26:20.305440
21,7,8,3,0,3,2026-07-15T13:26:22.131225
21,7,9,3,0,3,2026-07-15T13:26:24.063706
21,7,10,3,0,3,2026-07-15T13:26:25.537983
21,8,1,3,0,3,2026-07-15T13:26:26.796435
21,8,2,3,0,3,2026-07-15T13:26:28.523014
21,8,3,3,0,3,2026-07-15T13:26:30.450989
21,8,4,3,0,3,2026-07-15T13:26:32.651200
21,8,5,3,0,3,2026-07-15T13:26:34.092584
21,8,6,3,0,3,2026-07-15T13:26:35.119308
21,8,7,3,0,3,2026-07-15T13:26:36.763833
21,8,8,3,0,3,2026-07-15T13:26:40.494922
21,8,9,3,0,3,2026-07-15T13:26:42.455897
21,8,10,3,0,3,2026-07-15T13:26:44.163217
21,9,1,4,0,4,2026-07-15T13:26:46.099179
21,9,2,5,0,5,2026-07-15T13:26:47.312384
21,9,3,4,0,4,2026-07-15T13:26:49.196297
21,9,4,4,0,4,2026-07-15T13:26:50.546096
21,9,5,4,0,4,2026-07-15T13:26:51.957825
21,9,6,4,0,4,2026-07-15T13:26:53.151145
21,9,7,5,0,5,2026-07-15T13:26:54.174275
21,9,8,5,0,5,2026-07-15T13:26:55.910693
21,9,9,5,0,5,2026-07-15T13:26:57.150048
21,9,10,4,0,4,2026-07-15T13:26:59.065568
22,1,1,3,0,3,2026-07-15T13:27:00.762901
22,1,2,3,0,3,2026-07-15T13:27:03.576723
22,1,3,2,0,2,2026-07-15T13:27:05.233272
22,1,4,3,0,3,2026-07-15T13:27:06.951175
22,1,5,2,0,2,2026-07-15T13:27:07.969176
22,1,6,2,0,2,2026-07-15T13:27:08.869128
22,1,7,3,0,3,2026-07-15T13:27:10.503958
22,1,8,2,0,2,2026-07-15T13:27:11.893099
22,1,9,3,0,3,2026-07-15T13:27:13.630051
22,1,10,3,0,3,2026-07-15T13:27:16.102432
22,2,1,1,0,1,2026-07-15T13:27:17.280169
22,2,2,0,0,0,2026-07-15T13:27:19.384496
22,2,3,0,0,0,2026-07-15T13:27:20.333408
22,2,4,1,0,1,2026-07-15T13:27:21.990744
22,2,5,0,0,0,2026-07-15T13:27:24.542948
22,2,6,0,0,0,2026-07-15T13:27:27.086449
22,2,7,0,0,0,2026-07-15T13:27:27.572759
22,2,8,1,0,1,2026-07-15T13:27:29.253951
22,2,9,0,0,0,2026-07-15T13:27:29.720836
22,2,10,1,0,1,2026-07-15T13:27:31.346781
22,3,1,3,0,3,2026-07-15T13:27:33.195614
22,3,2,3,0,3,2026-07-15T13:27:35.546875
22,3,3,3,0,3,2026-07-15T13:27:37.175486
22,3,4,3,0,3,2026-07-15T13:27:39.434083
22,3,5,3,0,3,2026-07-15T13:27:40.501720
22,3,6,3,0,3,2026-07-15T13:27:41.535976
22,3,7,3,0,3,2026-07-15T13:27:43.387624
22,3,8,3,0,3,2026-07-15T13:27:46.167675
22,3,9,3,0,3,2026-07-15T13:27:47.871283
22,3,10,3,0,3,2026-07-15T13:27:49.420387
22,4,1,0,0,0,2026-07-15T13:27:51.145914
22,4,2,0,0,0,2026-07-15T13:27:54.437776
22,4,3,0,0,0,2026-07-15T13:27:58.394391
22,4,4,0,0,0,2026-07-15T13:28:00.154016
22,4,5,0,0,0,2026-07-15T13:28:02.192557
22,4,6,0,0,0,2026-07-15T13:28:03.829715
22,4,7,0,0,0,2026-07-15T13:28:05.041650
22,4,8,0,0,0,2026-07-15T13:28:07.171330
22,4,9,0,0,0,2026-07-15T13:28:09.203564
22,4,10,0,0,0,2026-07-15T13:28:11.201430
22,5,1,2,0,2,2026-07-15T13:28:12.182738
22,5,2,2,0,2,2026-07-15T13:28:13.042940
22,5,3,2,0,2,2026-07-15T13:28:13.866015
22,5,4,2,0,2,2026-07-15T13:28:15.302473
22,5,5,3,0,3,2026-07-15T13:28:17.345345
22,5,6,3,0,3,2026-07-15T13:28:20.133487
22,5,7,3,0,3,2026-07-15T13:28:21.887935
22,5,8,3,0,3,2026-07-15T13:28:25.717031
22,5,9,3,0,3,2026-07-15T13:28:28.502520
22,5,10,3,0,3,2026-07-15T13:28:30.411234
22,6,1,1,0,1,2026-07-15T13:28:31.720106
22,6,2,1,0,1,2026-07-15T13:28:33.009164
22,6,3,1,0,1,2026-07-15T13:28:34.653462
22,6,4,0,0,0,2026-07-15T13:28:36.729486
22,6,5,0,0,0,2026-07-15T13:28:39.111403
22,6,6,1,0,1,2026-07-15T13:28:40.468160
22,6,7,1,0,1,2026-07-15T13:28:41.422683
22,6,8,0,0,0,2026-07-15T13:28:42.180756
22,6,9,1,0,1,2026-07-15T13:28:44.350528
22,6,10,1,0,1,2026-07-15T13:28:45.537920
22,7,1,3,0,3,2026-07-15T13:28:47.218572
22,7,2,3,0,3,2026-07-15T13:28:47.924423
22,7,3,3,0,3,2026-07-15T13:28:49.035649
22,7,4,3,0,3,2026-07-15T13:28:50.109560
22,7,5,3,0,3,2026-07-15T13:28:51.372344
22,7,6,3,0,3,2026-07-15T13:28:52.771875
22,7,7,3,0,3,2026-07-15T13:28:57.137348
22,7,8,3,0,3,2026-07-15T13:28:58.512617
22,7,9,3,0,3,2026-07-15T13:29:00.219103
22,7,10,3,0,3,2026-07-15T13:29:01.129057
22,8,1,3,0,3,2026-07-15T13:29:02.555673
22,8,2,2,0,2,2026-07-15T13:29:03.663967
22,8,3,3,0,3,2026-07-15T13:29:04.703645
22,8,4,0,0,0,2026-07-15T13:29:05.299040
22,8,5,1,0,1,2026-07-15T13:29:06.670025
22,8,6,0,0,0,2026-07-15T13:29:07.112489
22,8,7,0,0,0,2026-07-15T13:29:07.664567
22,8,8,0,0,0,2026-07-15T13:29:08.287699
22,8,9,0,0,0,2026-07-15T13:29:08.819473
22,8,10,0,0,0,2026-07-15T13:29:09.267144
22,9,1,4,0,4,2026-07-15T13:29:10.256258
22,9,2,4,0,4,2026-07-15T13:29:11.520140
22,9,3,4,0,4,2026-07-15T13:29:12.948663
22,9,4,4,0,4,2026-07-15T13:29:14.190375
22,9,5,4,0,4,2026-07-15T13:29:15.692577
22,9,6,4,0,4,2026-07-15T13:29:16.833705
22,9,7,4,0,4,2026-07-15T13:29:18.311807
22,9,8,4,0,4,2026-07-15T13:29:19.486690
22,9,9,4,0,4,2026-07-15T13:29:21.221440
22,9,10,4,0,4,2026-07-15T13:29:23.549135
23,1,1,3,0,3,2026-07-15T13:29:24.801980
23,1,2,2,0,2,2026-07-15T13:29:25.410004
23,1,3,2,0,2,2026-07-15T13:29:25.935348
23,1,4,3,0,3,2026-07-15T13:29:28.224163
23,1,5,3,0,3,2026-07-15T13:29:29.776277
23,1,6,3,0,3,2026-07-15T13:29:31.172371
23,1,7,3,0,3,2026-07-15T13:29:32.795115
23,1,8,2,0,2,2026-07-15T13:29:33.383153
23,1,9,2,0,2,2026-07-15T13:29:33.973094
23,1,10,3,0,3,2026-07-15T13:29:35.367211
23,2,1,2,0,2,2026-07-15T13:29:39.754165
23,2,2,2,0,2,2026-07-15T13:29:40.989262
23,2,3,2,0,2,2026-07-15T13:29:41.974467
23,2,4,2,0,2,2026-07-15T13:29:43.309127
23,2,5,0,0,0,2026-07-15T13:29:43.811833
23,2,6,2,0,2,2026-07-15T13:29:45.262415
23,2,7,2,0,2,2026-07-15T13:29:47.819088
23,2,8,1,0,1,2026-07-15T13:29:49.285047
23,2,9,1,0,1,2026-07-15T13:29:50.935431
23,2,10,2,0,2,2026-07-15T13:29:52.190728
23,3,1,3,0,3,2026-07-15T13:29:53.886452
23,3,2,4,0,4,2026-07-15T13:29:54.917386
23,3,3,3,0,3,2026-07-15T13:29:56.357159
23,3,4,3,0,3,2026-07-15T13:29:56.872284
23,3,5,3,0,3,2026-07-15T13:29:57.510497
23,3,6,3,0,3,2026-07-15T13:29:59.069139
23,3,7,3,0,3,2026-07-15T13:29:59.540816
23,3,8,3,0,3,2026-07-15T13:30:00.973533
23,3,9,4,0,4,2026-07-15T13:30:02.122378
23,3,10,3,0,3,2026-07-15T13:30:04.391744
23,4,1,0,0,0,2026-07-15T13:30:04.975130
23,4,2,0,0,0,2026-07-15T13:30:05.526747
23,4,3,0,0,0,2026-07-15T13:30:05.959752
23,4,4,0,0,0,2026-07-15T13:30:07.412250
23,4,5,0,0,0,2026-07-15T13:30:08.604499
23,4,6,0,0,0,2026-07-15T13:30:09.782799
23,4,7,0,0,0,2026-07-15T13:30:10.984458
23,4,8,0,0,0,2026-07-15T13:30:12.176716
23,4,9,0,0,0,2026-07-15T13:30:13.568038
23,4,10,0,0,0,2026-07-15T13:30:15.336130
23,5,1,3,0,3,2026-07-15T13:30:16.287032
23,5,2,3,0,3,2026-07-15T13:30:18.150822
23,5,3,3,0,3,2026-07-15T13:30:19.689551
23,5,4,3,0,3,2026-07-15T13:30:20.946365
23,5,5,3,0,3,2026-07-15T13:30:22.676388
23,5,6,3,0,3,2026-07-15T13:30:24.630932
23,5,7,3,0,3,2026-07-15T13:30:25.210294
23,5,8,3,0,3,2026-07-15T13:30:27.259955
23,5,9,3,0,3,2026-07-15T13:30:28.642881
23,5,10,2,0,2,2026-07-15T13:30:29.278929
23,6,1,2,0,2,2026-07-15T13:30:30.391311
23,6,2,1,0,1,2026-07-15T13:30:34.190224
23,6,3,1,0,1,2026-07-15T13:30:36.389054
23,6,4,2,0,2,2026-07-15T13:30:37.687661
23,6,5,2,0,2,2026-07-15T13:30:39.082151
23,6,6,0,0,0,2026-07-15T13:30:39.864991
23,6,7,2,0,2,2026-07-15T13:30:41.531834
23,6,8,0,0,0,2026-07-15T13:30:42.088242
23,6,9,1,0,1,2026-07-15T13:30:43.576366
23,6,10,0,0,0,2026-07-15T13:30:44.205952
23,7,1,3,0,3,2026-07-15T13:30:44.863936
23,7,2,3,0,3,2026-07-15T13:30:45.436218
23,7,3,3,0,3,2026-07-15T13:30:46.449707
23,7,4,3,0,3,2026-07-15T13:30:48.343473
23,7,5,3,0,3,2026-07-15T13:30:48.846318
23,7,6,3,0,3,2026-07-15T13:30:50.263736
23,7,7,3,0,3,2026-07-15T13:30:51.351852
23,7,8,3,0,3,2026-07-15T13:30:53.089658
23,7,9,3,0,3,2026-07-15T13:30:54.351009
23,7,10,3,0,3,2026-07-15T13:30:55.658260
23,8,1,1,0,1,2026-07-15T13:30:56.142078
23,8,2,1,0,1,2026-07-15T13:30:56.594592
23,8,3,1,0,1,2026-07-15T13:30:57.054583
23,8,4,3,0,3,2026-07-15T13:30:58.079547
23,8,5,3,0,3,2026-07-15T13:30:59.122790
23,8,6,1,0,1,2026-07-15T13:30:59.571080
23,8,7,3,0,3,2026-07-15T13:31:00.826884
23,8,8,2,0,2,2026-07-15T13:31:02.729902
23,8,9,3,0,3,2026-07-15T13:31:03.934616
23,8,10,2,0,2,2026-07-15T13:31:05.289900
23,9,1,5,0,5,2026-07-15T13:31:07.030486
23,9,2,4,0,4,2026-07-15T13:31:08.506711
23,9,3,5,0,5,2026-07-15T13:31:09.399018
23,9,4,5,0,5,2026-07-15T13:31:10.715656
23,9,5,4,0,4,2026-07-15T13:31:12.066123
23,9,6,4,0,4,2026-07-15T13:31:13.691778
23,9,7,4,0,4,2026-07-15T13:31:14.730625
23,9,8,5,0,5,2026-07-15T13:31:15.763033
23,9,9,5,0,5,2026-07-15T13:31:16.367216
23,9,10,4,0,4,2026-07-15T13:31:18.004970
24,1,1,4,0,4,2026-07-15T13:31:19.117255
24,1,2,4,0,4,2026-07-15T13:31:20.246985
24,1,3,3,0,3,2026-07-15T13:31:20.908900
24,1,4,4,0,4,2026-07-15T13:31:22.227667
24,1,5,3,0,3,2026-07-15T13:31:22.863456
24,1,6,3,0,3,2026-07-15T13:31:23.353457
24,1,7,3,0,3,2026-07-15T13:31:23.776987
24,1,8,4,0,4,2026-07-15T13:31:24.902370
24,1,9,4,0,4,2026-07-15T13:31:26.840146
24,1,10,3,0,3,2026-07-15T13:31:28.021089
24,2,1,1,0,1,2026-07-15T13:31:29.364908
24,2,2,1,0,1,2026-07-15T13:31:30.333780
24,2,3,0,0,0,2026-07-15T13:31:30.908057
24,2,4,1,0,1,2026-07-15T13:31:31.996113
24,2,5,1,0,1,2026-07-15T13:31:33.178865
24,2,6,0,0,0,2026-07-15T13:31:34.843807
24,2,7,1,0,1,2026-07-15T13:31:36.075443
24,2,8,1,0,1,2026-07-15T13:31:37.988041
24,2,9,1,0,1,2026-07-15T13:31:39.570550
24,2,10,1,0,1,2026-07-15T13:31:41.616512
24,3,1,4,0,4,2026-07-15T13:31:42.709373
24,3,2,3,0,3,2026-07-15T13:31:43.948895
24,3,3,3,0,3,2026-07-15T13:31:46.543302
24,3,4,3,0,3,2026-07-15T13:31:47.146732
24,3,5,4,0,4,2026-07-15T13:31:48.353153
24,3,6,3,0,3,2026-07-15T13:31:48.900385
24,3,7,3,0,3,2026-07-15T13:31:49.612987
24,3,8,4,0,4,2026-07-15T13:31:51.725087
24,3,9,4,0,4,2026-07-15T13:31:52.743411
24,3,10,3,0,3,2026-07-15T13:31:53.316580
24,4,1,0,0,0,2026-07-15T13:31:54.588642
24,4,2,0,0,0,2026-07-15T13:31:55.630525
24,4,3,0,0,0,2026-07-15T13:31:56.351559
24,4,4,0,0,0,2026-07-15T13:31:56.938677
24,4,5,0,0,0,2026-07-15T13:31:57.408535
24,4,6,0,0,0,2026-07-15T13:31:58.892307
24,4,7,0,0,0,2026-07-15T13:32:00.143897
24,4,8,0,0,0,2026-07-15T13:32:01.883627
24,4,9,0,0,0,2026-07-15T13:32:03.403299
24,4,10,0,0,0,2026-07-15T13:32:05.472975
24,5,1,2,0,2,2026-07-15T13:32:06.030268
24,5,2,3,0,3,2026-07-15T13:32:07.170554
24,5,3,2,0,2,2026-07-15T13:32:07.650158
24,5,4,3,0,3,2026-07-15T13:32:08.936850
24,5,5,3,0,3,2026-07-15T13:32:09.997848
24,5,6,2,0,2,2026-07-15T13:32:11.218683
24,5,7,3,0,3,2026-07-15T13:32:12.500796
24,5,8,3,0,3,2026-07-15T13:32:13.789217
24,5,9,3,0,3,2026-07-15T13:32:14.861655
24,5,10,3,0,3,2026-07-15T13:32:16.198336
24,6,1,0,0,0,2026-07-15T13:32:17.224046
24,6,2,0,0,0,2026-07-15T13:32:18.715981
24,6,3,0,0,0,2026-07-15T13:32:19.690232
24,6,4,0,0,0,2026-07-15T13:32:21.523202
24,6,5,0,0,0,2026-07-15T13:32:22.667589
24,6,6,0,0,0,2026-07-15T13:32:23.353261
24,6,7,1,0,1,2026-07-15T13:32:24.911113
24,6,8,0,0,0,2026-07-15T13:32:26.005558
24,6,9,1,0,1,2026-07-15T13:32:27.115519
24,6,10,0,0,0,2026-07-15T13:32:28.541898
24,7,1,4,0,4,2026-07-15T13:32:29.924367
24,7,2,4,0,4,2026-07-15T13:32:31.254698
24,7,3,4,0,4,2026-07-15T13:32:32.734113
24,7,4,4,0,4,2026-07-15T13:32:33.218040
24,7,5,4,0,4,2026-07-15T13:32:34.313776
24,7,6,4,0,4,2026-07-15T13:32:34.810015
24,7,7,4,0,4,2026-07-15T13:32:36.104047
24,7,8,4,0,4,2026-07-15T13:32:37.491054
24,7,9,4,0,4,2026-07-15T13:32:38.102489
24,7,10,4,0,4,2026-07-15T13:32:39.407423
24,8,1,0,0,0,2026-07-15T13:32:40.418834
24,8,2,2,0,2,2026-07-15T13:32:41.579923
24,8,3,2,0,2,2026-07-15T13:32:43.090016
24,8,4,2,0,2,2026-07-15T13:32:44.349930
24,8,5,2,0,2,2026-07-15T13:32:45.596783
24,8,6,2,0,2,2026-07-15T13:32:46.811838
24,8,7,2,0,2,2026-07-15T13:32:47.955276
24,8,8,2,0,2,2026-07-15T13:32:49.494140
24,8,9,2,0,2,2026-07-15T13:32:50.544200
24,8,10,2,0,2,2026-07-15T13:32:51.953024
24,9,1,4,0,4,2026-07-15T13:32:53.540326
24,9,2,4,0,4,2026-07-15T13:32:55.165995
24,9,3,5,0,5,2026-07-15T13:32:56.182284
24,9,4,5,0,5,2026-07-15T13:32:57.335519
24,9,5,4,0,4,2026-07-15T13:32:58.883762
24,9,6,5,0,5,2026-07-15T13:33:00.655807
24,9,7,4,0,4,2026-07-15T13:33:01.574645
24,9,8,5,0,5,2026-07-15T13:33:03.196702
24,9,9,4,0,4,2026-07-15T13:33:05.746261
24,9,10,4,0,4,2026-07-15T13:33:07.162260
25,1,1,3,0,3,2026-07-15T13:33:08.387432
25,1,2,3,0,3,2026-07-15T13:33:09.650907
25,1,3,3,0,3,2026-07-15T13:33:10.800326
25,1,4,3,0,3,2026-07-15T13:33:11.397908
25,1,5,3,0,3,2026-07-15T13:33:12.750275
25,1,6,3,0,3,2026-07-15T13:33:14.159099
25,1,7,3,0,3,2026-07-15T13:33:15.419174
25,1,8,3,0,3,2026-07-15T13:33:16.652138
25,1,9,3,0,3,2026-07-15T13:33:18.527483
25,1,10,3,0,3,2026-07-15T13:33:20.769137
25,2,1,0,0,0,2026-07-15T13:33:22.167428
25,2,2,0,0,0,2026-07-15T13:33:23.515184
25,2,3,0,0,0,2026-07-15T13:33:25.018952
25,2,4,0,0,0,2026-07-15T13:33:26.391389
25,2,5,0,0,0,2026-07-15T13:33:27.867234
25,2,6,0,0,0,2026-07-15T13:33:29.140161
25,2,7,0,0,0,2026-07-15T13:33:30.129707
25,2,8,0,0,0,2026-07-15T13:33:31.645736
25,2,9,0,0,0,2026-07-15T13:33:32.208041
25,2,10,0,0,0,2026-07-15T13:33:32.788918
25,3,1,3,0,3,2026-07-15T13:33:33.570308
25,3,2,3,0,3,2026-07-15T13:33:35.398577
25,3,3,3,0,3,2026-07-15T13:33:36.477530
25,3,4,3,0,3,2026-07-15T13:33:37.176854
25,3,5,3,0,3,2026-07-15T13:33:38.700331
25,3,6,2,0,2,2026-07-15T13:33:40.804844
25,3,7,2,0,2,2026-07-15T13:33:41.338871
25,3,8,3,0,3,2026-07-15T13:33:43.154429
25,3,9,3,0,3,2026-07-15T13:33:46.320267
25,3,10,3,0,3,2026-07-15T13:33:47.116203
25,4,1,1,0,1,2026-07-15T13:33:48.679510
25,4,2,1,0,1,2026-07-15T13:33:49.999097
25,4,3,0,0,0,2026-07-15T13:33:51.524468
25,4,4,1,0,1,2026-07-15T13:33:52.747846
25,4,5,1,0,1,2026-07-15T13:33:54.589769
25,4,6,0,0,0,2026-07-15T13:33:56.532282
25,4,7,1,0,1,2026-07-15T13:33:58.806465
25,4,8,1,0,1,2026-07-15T13:34:00.270275
25,4,9,1,0,1,2026-07-15T13:34:02.038821
25,4,10,1,0,1,2026-07-15T13:34:03.213346
25,5,1,1,0,1,2026-07-15T13:34:05.328815
25,5,2,2,0,2,2026-07-15T13:34:06.980071
25,5,3,2,0,2,2026-07-15T13:34:09.881616
25,5,4,0,0,0,2026-07-15T13:34:10.611715
25,5,5,2,0,2,2026-07-15T13:34:11.728831
25,5,6,2,0,2,2026-07-15T13:34:13.973277
25,5,7,2,0,2,2026-07-15T13:34:15.515145
25,5,8,2,0,2,2026-07-15T13:34:17.749641
25,5,9,1,0,1,2026-07-15T13:34:19.783912
25,5,10,2,0,2,2026-07-15T13:34:21.629030
25,6,1,0,0,0,2026-07-15T13:34:22.333485
25,6,2,0,0,0,2026-07-15T13:34:23.857502
25,6,3,0,0,0,2026-07-15T13:34:25.085409
25,6,4,0,0,0,2026-07-15T13:34:27.539346
25,6,5,0,0,0,2026-07-15T13:34:28.736968
25,6,6,0,0,0,2026-07-15T13:34:30.513035
25,6,7,0,0,0,2026-07-15T13:34:31.909796
25,6,8,0,0,0,2026-07-15T13:34:33.898744
25,6,9,0,0,0,2026-07-15T13:34:35.214849
25,6,10,0,0,0,2026-07-15T13:34:35.727987
25,7,1,4,0,4,2026-07-15T13:34:36.998234
25,7,2,4,0,4,2026-07-15T13:34:38.261230
25,7,3,3,0,3,2026-07-15T13:34:39.675610
25,7,4,3,0,3,2026-07-15T13:34:41.251743
25,7,5,3,0,3,2026-07-15T13:34:42.663687
25,7,6,3,0,3,2026-07-15T13:34:43.369669
25,7,7,3,0,3,2026-07-15T13:34:47.189374
25,7,8,3,0,3,2026-07-15T13:34:48.521222
25,7,9,3,0,3,2026-07-15T13:34:51.476683
25,7,10,3,0,3,2026-07-15T13:34:52.512258
25,8,1,1,0,1,2026-07-15T13:34:54.121893
25,8,2,3,0,3,2026-07-15T13:34:55.644186
25,8,3,0,0,0,2026-07-15T13:34:57.258921
25,8,4,0,0,0,2026-07-15T13:34:58.054468
25,8,5,2,0,2,2026-07-15T13:34:59.780164
25,8,6,2,0,2,2026-07-15T13:35:01.813843
25,8,7,0,0,0,2026-07-15T13:35:03.076278
25,8,8,0,0,0,2026-07-15T13:35:04.127069
25,8,9,2,0,2,2026-07-15T13:35:05.510975
25,8,10,1,0,1,2026-07-15T13:35:07.284447
25,9,1,5,0,5,2026-07-15T13:35:08.931883
25,9,2,4,0,4,2026-07-15T13:35:10.392475
25,9,3,4,0,4,2026-07-15T13:35:12.170115
25,9,4,4,0,4,2026-07-15T13:35:13.940534
25,9,5,4,0,4,2026-07-15T13:35:15.308497
25,9,6,4,0,4,2026-07-15T13:35:16.639702
25,9,7,4,0,4,2026-07-15T13:35:17.817682
25,9,8,4,0,4,2026-07-15T13:35:19.502713
25,9,9,4,0,4,2026-07-15T13:35:20.980367
25,9,10,4,0,4,2026-07-15T13:35:22.179696
26,1,1,3,0,3,2026-07-15T13:35:25.674790
26,1,2,3,0,3,2026-07-15T13:35:26.968085
26,1,3,3,0,3,2026-07-15T13:35:28.854660
26,1,4,3,0,3,2026-07-15T13:35:29.979814
26,1,5,3,0,3,2026-07-15T13:35:31.616983
26,1,6,3,0,3,2026-07-15T13:35:33.054344
26,1,7,3,0,3,2026-07-15T13:35:33.616344
26,1,8,3,0,3,2026-07-15T13:35:36.056438
26,1,9,3,0,3,2026-07-15T13:35:37.182905
26,1,10,3,0,3,2026-07-15T13:35:38.747648
26,2,1,0,0,0,2026-07-15T13:35:39.650001
26,2,2,0,0,0,2026-07-15T13:35:40.880576
26,2,3,0,0,0,2026-07-15T13:35:41.741214
26,2,4,0,0,0,2026-07-15T13:35:42.821537
26,2,5,0,0,0,2026-07-15T13:35:44.630926
26,2,6,0,0,0,2026-07-15T13:35:46.590952
26,2,7,0,0,0,2026-07-15T13:35:47.613743
26,2,8,1,0,1,2026-07-15T13:35:48.683729
26,2,9,0,0,0,2026-07-15T13:35:50.096862
26,2,10,1,0,1,2026-07-15T13:35:51.530666
26,3,1,3,0,3,2026-07-15T13:35:54.142505
26,3,2,3,0,3,2026-07-15T13:35:56.380443
26,3,3,3,0,3,2026-07-15T13:35:58.302336
26,3,4,3,0,3,2026-07-15T13:35:58.983116
26,3,5,3,0,3,2026-07-15T13:36:00.550286
26,3,6,3,0,3,2026-07-15T13:36:01.536775
26,3,7,3,0,3,2026-07-15T13:36:04.047852
26,3,8,3,0,3,2026-07-15T13:36:05.139552
26,3,9,3,0,3,2026-07-15T13:36:06.052415
26,3,10,3,0,3,2026-07-15T13:36:06.713589
26,4,1,0,0,0,2026-07-15T13:36:08.811603
26,4,2,0,0,0,2026-07-15T13:36:10.400399
26,4,3,0,0,0,2026-07-15T13:36:12.583755
26,4,4,0,0,0,2026-07-15T13:36:15.839894
26,4,5,0,0,0,2026-07-15T13:36:17.439515
26,4,6,0,0,0,2026-07-15T13:36:18.720358
26,4,7,0,0,0,2026-07-15T13:36:19.675095
26,4,8,0,0,0,2026-07-15T13:36:20.701986
26,4,9,0,0,0,2026-07-15T13:36:21.173689
26,4,10,0,0,0,2026-07-15T13:36:22.952889
26,5,1,3,0,3,2026-07-15T13:36:24.727077
26,5,2,3,0,3,2026-07-15T13:36:26.332759
26,5,3,3,0,3,2026-07-15T13:36:27.715788
26,5,4,3,0,3,2026-07-15T13:36:29.616419
26,5,5,3,0,3,2026-07-15T13:36:30.766028
26,5,6,3,0,3,2026-07-15T13:36:32.398645
26,5,7,3,0,3,2026-07-15T13:36:34.531482
26,5,8,3,0,3,2026-07-15T13:36:36.041631
26,5,9,3,0,3,2026-07-15T13:36:37.352548
26,5,10,3,0,3,2026-07-15T13:36:38.512628
26,6,1,0,0,0,2026-07-15T13:36:39.883556
26,6,2,0,0,0,2026-07-15T13:36:41.520707
26,6,3,0,0,0,2026-07-15T13:36:42.868980
26,6,4,0,0,0,2026-07-15T13:36:44.139179
26,6,5,0,0,0,2026-07-15T13:36:45.828864
26,6,6,0,0,0,2026-07-15T13:36:47.965227
26,6,7,0,0,0,2026-07-15T13:36:50.133093
26,6,8,0,0,0,2026-07-15T13:36:51.414911
26,6,9,0,0,0,2026-07-15T13:36:53.532108
26,6,10,0,0,0,2026-07-15T13:36:55.585575
26,7,1,3,0,3,2026-07-15T13:36:58.940776
26,7,2,3,0,3,2026-07-15T13:37:00.711687
26,7,3,3,0,3,2026-07-15T13:37:02.469544
26,7,4,3,0,3,2026-07-15T13:37:06.299508
26,7,5,3,0,3,2026-07-15T13:37:06.889853
26,7,6,3,0,3,2026-07-15T13:37:08.233523
26,7,7,3,0,3,2026-07-15T13:37:10.150065
26,7,8,3,0,3,2026-07-15T13:37:11.452584
26,7,9,3,0,3,2026-07-15T13:37:12.730794
26,7,10,3,0,3,2026-07-15T13:37:14.355298
26,8,1,2,0,2,2026-07-15T13:37:16.442846
26,8,2,0,0,0,2026-07-15T13:37:17.113674
26,8,3,3,0,3,2026-07-15T13:37:18.516623
26,8,4,3,0,3,2026-07-15T13:37:20.817054
26,8,5,2,0,2,2026-07-15T13:37:23.164750
26,8,6,3,0,3,2026-07-15T13:37:25.428166
26,8,7,3,0,3,2026-07-15T13:37:27.900576
26,8,8,1,0,1,2026-07-15T13:37:29.509304
26,8,9,2,0,2,2026-07-15T13:37:31.473003
26,8,10,0,0,0,2026-07-15T13:37:32.657611
26,9,1,4,0,4,2026-07-15T13:37:34.104455
26,9,2,5,0,5,2026-07-15T13:37:35.284348
26,9,3,4,0,4,2026-07-15T13:37:36.545590
26,9,4,5,0,5,2026-07-15T13:37:38.204356
26,9,5,5,0,5,2026-07-15T13:37:39.864229
26,9,6,5,0,5,2026-07-15T13:37:41.903274
26,9,7,5,0,5,2026-07-15T13:37:43.684339
26,9,8,4,0,4,2026-07-15T13:37:45.457536
26,9,9,5,0,5,2026-07-15T13:37:46.919648
26,9,10,5,0,5,2026-07-15T13:37:48.601773
27,1,1,2,0,2,2026-07-15T13:37:51.213365
27,1,2,2,0,2,2026-07-15T13:37:52.528526
27,1,3,2,0,2,2026-07-15T13:37:54.197999
27,1,4,2,0,2,2026-07-15T13:37:55.571020
27,1,5,2,0,2,2026-07-15T13:37:56.857169
27,1,6,3,0,3,2026-07-15T13:37:58.570437
27,1,7,3,0,3,2026-07-15T13:37:59.874479
27,1,8,2,0,2,2026-07-15T13:38:01.491631
27,1,9,2,0,2,2026-07-15T13:38:02.978236
27,1,10,3,0,3,2026-07-15T13:38:04.227494
27,2,1,0,0,0,2026-07-15T13:38:05.507293
27,2,2,0,0,0,2026-07-15T13:38:06.903972
27,2,3,0,0,0,2026-07-15T13:38:07.826436
27,2,4,1,0,1,2026-07-15T13:38:09.875151
27,2,5,0,0,0,2026-07-15T13:38:11.995206
27,2,6,0,0,0,2026-07-15T13:38:13.673026
27,2,7,1,0,1,2026-07-15T13:38:16.385550
27,2,8,1,0,1,2026-07-15T13:38:18.002228
27,2,9,0,0,0,2026-07-15T13:38:19.193474
27,2,10,0,0,0,2026-07-15T13:38:20.889221
27,3,1,3,0,3,2026-07-15T13:38:21.506778
27,3,2,3,0,3,2026-07-15T13:38:23.174361
27,3,3,3,0,3,2026-07-15T13:38:24.958124
27,3,4,3,0,3,2026-07-15T13:38:25.534492
27,3,5,3,0,3,2026-07-15T13:38:26.379260
27,3,6,3,0,3,2026-07-15T13:38:27.738605
27,3,7,3,0,3,2026-07-15T13:38:30.345472
27,3,8,3,0,3,2026-07-15T13:38:31.181290
27,3,9,3,0,3,2026-07-15T13:38:33.052523
27,3,10,3,0,3,2026-07-15T13:38:34.324215
27,4,1,0,0,0,2026-07-15T13:38:36.830976
27,4,2,0,0,0,2026-07-15T13:38:38.220712
27,4,3,0,0,0,2026-07-15T13:38:39.105615
27,4,4,0,0,0,2026-07-15T13:38:41.849483
27,4,5,0,0,0,2026-07-15T13:38:43.559627
27,4,6,0,0,0,2026-07-15T13:38:45.071004
27,4,7,0,0,0,2026-07-15T13:38:45.589920
27,4,8,0,0,0,2026-07-15T13:38:47.033641
27,4,9,0,0,0,2026-07-15T13:38:47.964620
27,4,10,0,0,0,2026-07-15T13:38:49.307400
27,5,1,3,0,3,2026-07-15T13:38:50.833970
27,5,2,3,0,3,2026-07-15T13:38:52.325431
27,5,3,3,0,3,2026-07-15T13:38:57.954986
27,5,4,3,0,3,2026-07-15T13:38:59.888154
27,5,5,2,0,2,2026-07-15T13:39:00.793780
27,5,6,3,0,3,2026-07-15T13:39:05.317990
27,5,7,3,0,3,2026-07-15T13:39:06.895313
27,5,8,2,0,2,2026-07-15T13:39:08.164552
27,5,9,3,0,3,2026-07-15T13:39:10.169324
27,5,10,2,0,2,2026-07-15T13:39:11.147166
27,6,1,0,0,0,2026-07-15T13:39:12.672072
27,6,2,0,0,0,2026-07-15T13:39:13.774752
27,6,3,0,0,0,2026-07-15T13:39:14.646518
27,6,4,0,0,0,2026-07-15T13:39:16.121729
27,6,5,1,0,1,2026-07-15T13:39:17.683486
27,6,6,0,0,0,2026-07-15T13:39:18.952661
27,6,7,1,0,1,2026-07-15T13:39:20.448359
27,6,8,0,0,0,2026-07-15T13:39:21.491584
27,6,9,0,0,0,2026-07-15T13:39:22.785878
27,6,10,0,0,0,2026-07-15T13:39:24.768506
27,7,1,4,0,4,2026-07-15T13:39:26.914783
27,7,2,4,0,4,2026-07-15T13:39:29.755966
27,7,3,4,0,4,2026-07-15T13:39:31.604452
27,7,4,5,0,5,2026-07-15T13:39:32.612903
27,7,5,4,0,4,2026-07-15T13:39:34.133857
27,7,6,4,0,4,2026-07-15T13:39:37.528999
27,7,7,5,0,5,2026-07-15T13:39:39.168274
27,7,8,5,0,5,2026-07-15T13:39:40.678465
27,7,9,4,0,4,2026-07-15T13:39:43.299337
27,7,10,5,0,5,2026-07-15T13:39:44.075792
27,8,1,0,0,0,2026-07-15T13:39:46.996139
27,8,2,0,0,0,2026-07-15T13:39:48.783524
27,8,3,1,0,1,2026-07-15T13:39:50.532323
27,8,4,0,0,0,2026-07-15T13:39:52.080294
27,8,5,0,0,0,2026-07-15T13:39:52.793550
27,8,6,0,0,0,2026-07-15T13:39:54.986030
27,8,7,0,0,0,2026-07-15T13:39:56.501939
27,8,8,0,0,0,2026-07-15T13:39:58.311830
27,8,9,0,0,0,2026-07-15T13:40:00.066159
27,8,10,0,0,0,2026-07-15T13:40:01.574500
27,9,1,4,0,4,2026-07-15T13:40:06.378300
27,9,2,4,0,4,2026-07-15T13:40:08.627568
27,9,3,4,0,4,2026-07-15T13:40:11.561193
27,9,4,5,0,5,2026-07-15T13:40:12.217580
27,9,5,4,0,4,2026-07-15T13:40:13.241094
27,9,6,4,0,4,2026-07-15T13:40:15.596672
27,9,7,4,0,4,2026-07-15T13:40:18.370417
27,9,8,4,0,4,2026-07-15T13:40:21.360151
27,9,9,5,0,5,2026-07-15T13:40:23.915978
27,9,10,4,0,4,2026-07-15T13:40:25.532350
28,1,1,2,0,2,2026-07-15T13:40:27.627366
28,1,2,2,0,2,2026-07-15T13:40:28.570011
28,1,3,3,0,3,2026-07-15T13:40:30.794769
28,1,4,2,0,2,2026-07-15T13:40:32.147469
28,1,5,3,0,3,2026-07-15T13:40:36.008268
28,1,6,3,0,3,2026-07-15T13:40:37.465759
28,1,7,1,0,1,2026-07-15T13:40:38.555048
28,1,8,3,0,3,2026-07-15T13:40:40.309576
28,1,9,3,0,3,2026-07-15T13:40:42.988124
28,1,10,3,0,3,2026-07-15T13:40:44.886088
28,2,1,0,0,0,2026-07-15T13:40:45.367667
28,2,2,2,0,2,2026-07-15T13:40:47.254096
28,2,3,1,0,1,2026-07-15T13:40:48.744098
28,2,4,1,0,1,2026-07-15T13:40:50.550133
28,2,5,0,0,0,2026-07-15T13:40:51.402477
28,2,6,2,0,2,2026-07-15T13:40:53.754778
28,2,7,2,0,2,2026-07-15T13:40:55.399309
28,2,8,2,0,2,2026-07-15T13:40:57.332657
28,2,9,1,0,1,2026-07-15T13:40:59.335366
28,2,10,2,0,2,2026-07-15T13:41:00.942280
28,3,1,3,0,3,2026-07-15T13:41:01.835399
28,3,2,3,0,3,2026-07-15T13:41:02.350526
28,3,3,3,0,3,2026-07-15T13:41:03.627503
28,3,4,3,0,3,2026-07-15T13:41:04.792994
28,3,5,3,0,3,2026-07-15T13:41:05.622251
28,3,6,3,0,3,2026-07-15T13:41:07.618433
28,3,7,3,0,3,2026-07-15T13:41:08.990488
28,3,8,3,0,3,2026-07-15T13:41:10.511467
28,3,9,3,0,3,2026-07-15T13:41:12.037885
28,3,10,3,0,3,2026-07-15T13:41:14.176883
28,4,1,0,0,0,2026-07-15T13:41:15.229154
28,4,2,0,0,0,2026-07-15T13:41:15.914395
28,4,3,0,0,0,2026-07-15T13:41:16.613881
28,4,4,0,0,0,2026-07-15T13:41:18.762159
28,4,5,0,0,0,2026-07-15T13:41:20.163183
28,4,6,0,0,0,2026-07-15T13:41:22.027276
28,4,7,1,0,1,2026-07-15T13:41:24.033928
28,4,8,0,0,0,2026-07-15T13:41:25.448205
28,4,9,0,0,0,2026-07-15T13:41:27.061924
28,4,10,1,0,1,2026-07-15T13:41:28.473413
28,5,1,3,0,3,2026-07-15T13:41:29.727165
28,5,2,3,0,3,2026-07-15T13:41:31.149794
28,5,3,3,0,3,2026-07-15T13:41:32.532419
28,5,4,3,0,3,2026-07-15T13:41:34.490589
28,5,5,2,0,2,2026-07-15T13:41:35.073394
28,5,6,2,0,2,2026-07-15T13:41:36.594974
28,5,7,3,0,3,2026-07-15T13:41:38.363017
28,5,8,2,0,2,2026-07-15T13:41:39.558496
28,5,9,2,0,2,2026-07-15T13:41:41.021652
28,5,10,3,0,3,2026-07-15T13:41:42.526788
28,6,1,3,0,3,2026-07-15T13:41:45.023994
28,6,2,2,0,2,2026-07-15T13:41:46.481304
28,6,3,2,0,2,2026-07-15T13:41:48.093438
28,6,4,3,0,3,2026-07-15T13:41:50.317662
28,6,5,1,0,1,2026-07-15T13:41:52.015116
28,6,6,2,0,2,2026-07-15T13:41:53.806641
28,6,7,0,0,0,2026-07-15T13:41:54.954898
28,6,8,3,0,3,2026-07-15T13:41:56.612156
28,6,9,0,0,0,2026-07-15T13:41:57.781996
28,6,10,2,0,2,2026-07-15T13:41:58.829945
28,7,1,3,0,3,2026-07-15T13:42:00.557276
28,7,2,2,0,2,2026-07-15T13:42:01.642824
28,7,3,3,0,3,2026-07-15T13:42:03.085173
28,7,4,2,0,2,2026-07-15T13:42:03.942912
28,7,5,3,0,3,2026-07-15T13:42:05.188604
28,7,6,2,0,2,2026-07-15T13:42:06.410900
28,7,7,2,0,2,2026-07-15T13:42:07.399036
28,7,8,3,0,3,2026-07-15T13:42:08.466587
28,7,9,3,0,3,2026-07-15T13:42:10.408114
28,7,10,3,0,3,2026-07-15T13:42:11.804787
28,8,1,3,0,3,2026-07-15T13:42:14.027303
28,8,2,2,0,2,2026-07-15T13:42:15.707294
28,8,3,4,0,4,2026-07-15T13:42:17.140582
28,8,4,3,0,3,2026-07-15T13:42:19.149563
28,8,5,4,0,4,2026-07-15T13:42:20.738095
28,8,6,2,0,2,2026-07-15T13:42:21.595468
28,8,7,3,0,3,2026-07-15T13:42:23.566654
28,8,8,3,0,3,2026-07-15T13:42:25.378848
28,8,9,3,0,3,2026-07-15T13:42:27.169169
28,8,10,2,0,2,2026-07-15T13:42:28.454853
28,9,1,4,0,4,2026-07-15T13:42:30.707236
28,9,2,4,0,4,2026-07-15T13:42:32.660089
28,9,3,4,0,4,2026-07-15T13:42:33.226962
28,9,4,4,0,4,2026-07-15T13:42:34.322404
28,9,5,4,0,4,2026-07-15T13:42:36.483042
28,9,6,4,0,4,2026-07-15T13:42:38.275331
28,9,7,4,0,4,2026-07-15T13:42:39.578534
28,9,8,4,0,4,2026-07-15T13:42:41.026779
28,9,9,4,0,4,2026-07-15T13:42:42.480311
28,9,10,4,0,4,2026-07-15T13:42:43.655522
29,1,1,3,0,3,2026-07-15T13:42:46.457030
29,1,2,3,0,3,2026-07-15T13:42:47.576666
29,1,3,3,0,3,2026-07-15T13:42:49.763314
29,1,4,2,0,2,2026-07-15T13:42:50.534043
29,1,5,3,0,3,2026-07-15T13:42:52.104531
29,1,6,3,0,3,2026-07-15T13:42:53.461309
29,1,7,3,0,3,2026-07-15T13:42:54.970386
29,1,8,2,0,2,2026-07-15T13:42:56.939468
29,1,9,2,0,2,2026-07-15T13:42:58.284038
29,1,10,3,0,3,2026-07-15T13:42:59.864574
29,2,1,2,0,2,2026-07-15T13:43:01.221725
29,2,2,2,0,2,2026-07-15T13:43:03.214695
29,2,3,0,0,0,2026-07-15T13:43:04.624544
29,2,4,0,0,0,2026-07-15T13:43:06.958417
29,2,5,0,0,0,2026-07-15T13:43:08.993390
29,2,6,0,0,0,2026-07-15T13:43:10.554301
29,2,7,0,0,0,2026-07-15T13:43:13.340256
29,2,8,0,0,0,2026-07-15T13:43:14.430338
29,2,9,0,0,0,2026-07-15T13:43:15.976595
29,2,10,2,0,2,2026-07-15T13:43:17.744977
29,3,1,3,0,3,2026-07-15T13:43:19.991112
29,3,2,3,0,3,2026-07-15T13:43:21.592943
29,3,3,4,0,4,2026-07-15T13:43:24.218926
29,3,4,3,0,3,2026-07-15T13:43:25.802242
29,3,5,3,0,3,2026-07-15T13:43:26.448229
29,3,6,3,0,3,2026-07-15T13:43:27.279238
29,3,7,4,0,4,2026-07-15T13:43:30.069160
29,3,8,4,0,4,2026-07-15T13:43:31.266221
29,3,9,4,0,4,2026-07-15T13:43:33.758226
29,3,10,3,0,3,2026-07-15T13:43:35.596229
29,4,1,0,0,0,2026-07-15T13:43:42.617118
29,4,2,0,0,0,2026-07-15T13:43:44.602016
29,4,3,0,0,0,2026-07-15T13:43:46.176513
29,4,4,0,0,0,2026-07-15T13:43:47.588784
29,4,5,0,0,0,2026-07-15T13:43:49.258786
29,4,6,0,0,0,2026-07-15T13:43:50.383724
29,4,7,1,0,1,2026-07-15T13:43:51.776655
29,4,8,0,0,0,2026-07-15T13:43:53.048735
29,4,9,0,0,0,2026-07-15T13:43:54.572582
29,4,10,0,0,0,2026-07-15T13:43:56.539427
29,5,1,3,0,3,2026-07-15T13:43:57.837132
29,5,2,3,0,3,2026-07-15T13:43:59.882860
29,5,3,3,0,3,2026-07-15T13:44:02.082915
29,5,4,4,0,4,2026-07-15T13:44:04.397421
29,5,5,3,0,3,2026-07-15T13:44:07.115381
29,5,6,3,0,3,2026-07-15T13:44:09.071553
29,5,7,3,0,3,2026-07-15T13:44:10.580255
29,5,8,3,0,3,2026-07-15T13:44:12.926443
29,5,9,3,0,3,2026-07-15T13:44:14.926972
29,5,10,3,0,3,2026-07-15T13:44:17.671355
29,6,1,0,0,0,2026-07-15T13:44:19.002848
29,6,2,1,0,1,2026-07-15T13:44:21.371947
29,6,3,1,0,1,2026-07-15T13:44:22.685778
29,6,4,0,0,0,2026-07-15T13:44:24.354159
29,6,5,1,0,1,2026-07-15T13:44:26.406019
29,6,6,0,0,0,2026-07-15T13:44:33.176204
29,6,7,1,0,1,2026-07-15T13:44:35.558689
29,6,8,0,0,0,2026-07-15T13:44:37.751840
29,6,9,1,0,1,2026-07-15T13:44:39.499742
29,6,10,2,0,2,2026-07-15T13:44:41.615600
29,7,1,3,0,3,2026-07-15T13:44:43.865460
29,7,2,3,0,3,2026-07-15T13:44:45.182753
29,7,3,3,0,3,2026-07-15T13:44:46.858487
29,7,4,3,0,3,2026-07-15T13:44:48.853520
29,7,5,3,0,3,2026-07-15T13:44:50.760924
29,7,6,3,0,3,2026-07-15T13:44:52.956259
29,7,7,3,0,3,2026-07-15T13:44:55.193785
29,7,8,3,0,3,2026-07-15T13:44:56.604209
29,7,9,3,0,3,2026-07-15T13:44:58.094984
29,7,10,3,0,3,2026-07-15T13:45:00.065804
29,8,1,3,0,3,2026-07-15T13:45:01.536229
29,8,2,3,0,3,2026-07-15T13:45:03.653677
29,8,3,3,0,3,2026-07-15T13:45:05.311230
29,8,4,3,0,3,2026-07-15T13:45:07.041520
29,8,5,3,0,3,2026-07-15T13:45:08.485260
29,8,6,3,0,3,2026-07-15T13:45:10.381429
29,8,7,3,0,3,2026-07-15T13:45:11.660990
29,8,8,3,0,3,2026-07-15T13:45:13.597602
29,8,9,3,0,3,2026-07-15T13:45:14.969676
29,8,10,3,0,3,2026-07-15T13:45:16.888759
29,9,1,5,0,5,2026-07-15T13:45:23.554800
29,9,2,4,0,4,2026-07-15T13:45:25.369322
29,9,3,4,0,4,2026-07-15T13:45:26.845570
29,9,4,4,0,4,2026-07-15T13:45:28.081940
29,9,5,5,0,5,2026-07-15T13:45:29.346253
29,9,6,4,0,4,2026-07-15T13:45:32.387967
29,9,7,4,0,4,2026-07-15T13:45:34.646590
29,9,8,5,0,5,2026-07-15T13:45:35.906126
29,9,9,4,0,4,2026-07-15T13:45:37.819754
29,9,10,4,0,4,2026-07-15T13:45:39.361930
30,1,1,2,0,2,2026-07-15T13:45:42.868407
30,1,2,3,0,3,2026-07-15T13:45:44.577666
30,1,3,3,0,3,2026-07-15T13:45:45.756323
30,1,4,2,0,2,2026-07-15T13:45:46.998573
30,1,5,2,0,2,2026-07-15T13:45:47.553575
30,1,6,3,0,3,2026-07-15T13:45:49.099244
30,1,7,2,0,2,2026-07-15T13:45:50.192408
30,1,8,2,0,2,2026-07-15T13:45:50.990651
30,1,9,2,0,2,2026-07-15T13:45:53.122413
30,1,10,3,0,3,2026-07-15T13:45:54.615188
30,2,1,1,0,1,2026-07-15T13:45:58.109181
30,2,2,1,0,1,2026-07-15T13:46:00.961597
30,2,3,1,0,1,2026-07-15T13:46:03.631027
30,2,4,1,0,1,2026-07-15T13:46:05.853655
30,2,5,2,0,2,2026-07-15T13:46:07.679743
30,2,6,1,0,1,2026-07-15T13:46:10.315288
30,2,7,0,0,0,2026-07-15T13:46:11.961956
30,2,8,1,0,1,2026-07-15T13:46:14.047235
30,2,9,1,0,1,2026-07-15T13:46:16.525228
30,2,10,0,0,0,2026-07-15T13:46:17.116995
30,3,1,3,0,3,2026-07-15T13:46:18.724538
30,3,2,3,0,3,2026-07-15T13:46:19.955748
30,3,3,3,0,3,2026-07-15T13:46:21.565863
30,3,4,3,0,3,2026-07-15T13:46:22.386699
30,3,5,3,0,3,2026-07-15T13:46:23.542480
30,3,6,3,0,3,2026-07-15T13:46:24.502895
30,3,7,3,0,3,2026-07-15T13:46:25.789908
30,3,8,3,0,3,2026-07-15T13:46:26.980553
30,3,9,3,0,3,2026-07-15T13:46:28.436941
30,3,10,3,0,3,2026-07-15T13:46:30.682886
30,4,1,1,0,1,2026-07-15T13:46:32.532617
30,4,2,0,0,0,2026-07-15T13:46:34.816193
30,4,3,0,0,0,2026-07-15T13:46:36.113193
30,4,4,0,0,0,2026-07-15T13:46:36.569702
30,4,5,0,0,0,2026-07-15T13:46:37.202078
30,4,6,1,0,1,2026-07-15T13:46:38.906920
30,4,7,1,0,1,2026-07-15T13:46:40.701766
30,4,8,0,0,0,2026-07-15T13:46:42.024030
30,4,9,1,0,1,2026-07-15T13:46:43.406483
30,4,10,1,0,1,2026-07-15T13:46:44.504396
30,5,1,3,0,3,2026-07-15T13:46:47.018901
30,5,2,3,0,3,2026-07-15T13:46:48.360767
30,5,3,3,0,3,2026-07-15T13:46:50.420259
30,5,4,3,0,3,2026-07-15T13:46:51.631567
30,5,5,3,0,3,2026-07-15T13:46:52.675110
30,5,6,3,0,3,2026-07-15T13:46:54.257574
30,5,7,3,0,3,2026-07-15T13:46:54.800438
30,5,8,3,0,3,2026-07-15T13:46:56.758868
30,5,9,3,0,3,2026-07-15T13:46:57.996428
30,5,10,3,0,3,2026-07-15T13:46:58.637640
30,6,1,0,0,0,2026-07-15T13:46:59.797111
30,6,2,0,0,0,2026-07-15T13:47:00.282015
30,6,3,0,0,0,2026-07-15T13:47:01.710647
30,6,4,1,0,1,2026-07-15T13:47:02.832266
30,6,5,0,0,0,2026-07-15T13:47:03.344042
30,6,6,0,0,0,2026-07-15T13:47:06.297429
30,6,7,0,0,0,2026-07-15T13:47:06.782705
30,6,8,0,0,0,2026-07-15T13:47:08.654601
30,6,9,0,0,0,2026-07-15T13:47:09.926286
30,6,10,0,0,0,2026-07-15T13:47:11.730270
30,7,1,3,0,3,2026-07-15T13:47:13.095066
30,7,2,3,0,3,2026-07-15T13:47:14.738539
30,7,3,3,0,3,2026-07-15T13:47:16.112929
30,7,4,3,0,3,2026-07-15T13:47:17.230999
30,7,5,3,0,3,2026-07-15T13:47:17.762672
30,7,6,3,0,3,2026-07-15T13:47:18.860526
30,7,7,3,0,3,2026-07-15T13:47:20.385581
30,7,8,3,0,3,2026-07-15T13:47:22.243045
30,7,9,4,0,4,2026-07-15T13:47:24.326972
30,7,10,3,0,3,2026-07-15T13:47:26.718736
30,8,1,2,0,2,2026-07-15T13:47:28.877103
30,8,2,1,0,1,2026-07-15T13:47:30.379617
30,8,3,1,0,1,2026-07-15T13:47:31.856233
30,8,4,2,0,2,2026-07-15T13:47:33.691588
30,8,5,0,0,0,2026-07-15T13:47:34.359238
30,8,6,0,0,0,2026-07-15T13:47:34.889119
30,8,7,2,0,2,2026-07-15T13:47:36.756158
30,8,8,1,0,1,2026-07-15T13:47:38.381623
30,8,9,0,0,0,2026-07-15T13:47:38.850067
30,8,10,0,0,0,2026-07-15T13:47:39.608901
30,9,1,4,0,4,2026-07-15T13:47:41.687263
30,9,2,4,0,4,2026-07-15T13:47:43.602280
30,9,3,4,0,4,2026-07-15T13:47:44.243313
30,9,4,4,0,4,2026-07-15T13:47:46.244380
30,9,5,4,0,4,2026-07-15T13:47:46.920996
30,9,6,4,0,4,2026-07-15T13:47:48.145187
30,9,7,4,0,4,2026-07-15T13:47:49.509977
30,9,8,4,0,4,2026-07-15T13:47:50.106307
30,9,9,4,0,4,2026-07-15T13:47:52.048864
30,9,10,4,0,4,2026-07-15T13:47:53.065439
31,1,1,3,0,3,2026-07-15T13:47:54.538897
31,1,2,3,0,3,2026-07-15T13:47:56.074536
31,1,3,2,0,2,2026-07-15T13:47:56.643992
31,1,4,3,0,3,2026-07-15T13:47:57.627393
31,1,5,3,0,3,2026-07-15T13:47:58.705011
31,1,6,3,0,3,2026-07-15T13:47:59.970770
31,1,7,3,0,3,2026-07-15T13:48:01.071529
31,1,8,2,0,2,2026-07-15T13:48:01.658285
31,1,9,2,0,2,2026-07-15T13:48:02.121027
31,1,10,3,0,3,2026-07-15T13:48:03.309624
31,2,1,2,0,2,2026-07-15T13:48:04.717101
31,2,2,2,0,2,2026-07-15T13:48:06.035058
31,2,3,2,0,2,2026-07-15T13:48:07.536968
31,2,4,2,0,2,2026-07-15T13:48:08.959411
31,2,5,0,0,0,2026-07-15T13:48:10.038798
31,2,6,2,0,2,2026-07-15T13:48:11.336281
31,2,7,2,0,2,2026-07-15T13:48:12.309338
31,2,8,2,0,2,2026-07-15T13:48:13.416598
31,2,9,0,0,0,2026-07-15T13:48:14.739199
31,2,10,0,0,0,2026-07-15T13:48:15.233048
31,3,1,3,0,3,2026-07-15T13:48:15.711969
31,3,2,3,0,3,2026-07-15T13:48:17.358362
31,3,3,4,0,4,2026-07-15T13:48:18.844564
31,3,4,4,0,4,2026-07-15T13:48:20.034715
31,3,5,3,0,3,2026-07-15T13:48:21.509896
31,3,6,3,0,3,2026-07-15T13:48:23.296178
31,3,7,4,0,4,2026-07-15T13:48:24.567369
31,3,8,4,0,4,2026-07-15T13:48:26.722982
31,3,9,3,0,3,2026-07-15T13:48:27.398886
31,3,10,3,0,3,2026-07-15T13:48:29.527902
31,4,1,0,0,0,2026-07-15T13:48:30.725833
31,4,2,0,0,0,2026-07-15T13:48:32.138402
31,4,3,0,0,0,2026-07-15T13:48:32.704130
31,4,4,0,0,0,2026-07-15T13:48:34.054797
31,4,5,0,0,0,2026-07-15T13:48:35.904220
31,4,6,0,0,0,2026-07-15T13:48:37.063036
31,4,7,0,0,0,2026-07-15T13:48:38.117470
31,4,8,0,0,0,2026-07-15T13:48:40.274431
31,4,9,0,0,0,2026-07-15T13:48:41.477470
31,4,10,0,0,0,2026-07-15T13:48:42.025808
31,5,1,3,0,3,2026-07-15T13:48:43.501385
31,5,2,2,0,2,2026-07-15T13:48:44.088863
31,5,3,2,0,2,2026-07-15T13:48:44.703949
31,5,4,3,0,3,2026-07-15T13:48:45.825934
31,5,5,3,0,3,2026-07-15T13:48:46.862130
31,5,6,2,0,2,2026-07-15T13:48:47.289733
31,5,7,3,0,3,2026-07-15T13:48:48.872107
31,5,8,3,0,3,2026-07-15T13:48:50.675332
31,5,9,2,0,2,2026-07-15T13:48:51.116509
31,5,10,3,0,3,2026-07-15T13:48:52.447335
31,6,1,0,0,0,2026-07-15T13:48:53.137717
31,6,2,1,0,1,2026-07-15T13:48:56.044681
31,6,3,2,0,2,2026-07-15T13:48:57.764177
31,6,4,0,0,0,2026-07-15T13:48:58.373480
31,6,5,2,0,2,2026-07-15T13:48:59.620696
31,6,6,0,0,0,2026-07-15T13:49:00.147438
31,6,7,1,0,1,2026-07-15T13:49:01.408570
31,6,8,1,0,1,2026-07-15T13:49:03.230477
31,6,9,1,0,1,2026-07-15T13:49:04.839001
31,6,10,0,0,0,2026-07-15T13:49:05.320115
31,7,1,3,0,3,2026-07-15T13:49:06.702362
31,7,2,3,0,3,2026-07-15T13:49:07.220748
31,7,3,3,0,3,2026-07-15T13:49:07.731702
31,7,4,3,0,3,2026-07-15T13:49:09.101873
31,7,5,4,0,4,2026-07-15T13:49:10.226047
31,7,6,3,0,3,2026-07-15T13:49:11.254825
31,7,7,3,0,3,2026-07-15T13:49:12.615829
31,7,8,3,0,3,2026-07-15T13:49:13.600509
31,7,9,3,0,3,2026-07-15T13:49:14.968489
31,7,10,3,0,3,2026-07-15T13:49:15.986921
31,8,1,3,0,3,2026-07-15T13:49:17.134675
31,8,2,3,0,3,2026-07-15T13:49:18.309161
31,8,3,2,0,2,2026-07-15T13:49:18.786895
31,8,4,3,0,3,2026-07-15T13:49:20.152195
31,8,5,3,0,3,2026-07-15T13:49:21.411707
31,8,6,1,0,1,2026-07-15T13:49:22.141337
31,8,7,3,0,3,2026-07-15T13:49:23.370817
31,8,8,3,0,3,2026-07-15T13:49:24.334454
31,8,9,1,0,1,2026-07-15T13:49:24.842735
31,8,10,3,0,3,2026-07-15T13:49:27.417006
31,9,1,5,0,5,2026-07-15T13:49:28.543776
31,9,2,5,0,5,2026-07-15T13:49:29.685125
31,9,3,5,0,5,2026-07-15T13:49:32.234370
31,9,4,5,0,5,2026-07-15T13:49:33.461670
31,9,5,4,0,4,2026-07-15T13:49:35.054166
31,9,6,5,0,5,2026-07-15T13:49:35.600474
31,9,7,5,0,5,2026-07-15T13:49:37.777248
31,9,8,5,0,5,2026-07-15T13:49:38.878317
31,9,9,4,0,4,2026-07-15T13:49:40.226359
31,9,10,4,0,4,2026-07-15T13:49:42.223868
32,1,1,3,0,3,2026-07-15T13:49:43.969197
32,1,2,3,0,3,2026-07-15T13:49:44.930011
32,1,3,3,0,3,2026-07-15T13:49:46.227152
32,1,4,3,0,3,2026-07-15T13:49:47.616264
32,1,5,3,0,3,2026-07-15T13:49:48.843199
32,1,6,3,0,3,2026-07-15T13:49:49.907300
32,1,7,3,0,3,2026-07-15T13:49:51.167876
32,1,8,3,0,3,2026-07-15T13:49:52.572756
32,1,9,3,0,3,2026-07-15T13:49:54.019840
32,1,10,3,0,3,2026-07-15T13:49:55.073155
32,2,1,0,0,0,2026-07-15T13:49:55.669156
32,2,2,1,0,1,2026-07-15T13:49:56.729786
32,2,3,1,0,1,2026-07-15T13:49:57.839410
32,2,4,2,0,2,2026-07-15T13:49:58.941827
32,2,5,0,0,0,2026-07-15T13:49:59.375543
32,2,6,2,0,2,2026-07-15T13:50:00.888443
32,2,7,2,0,2,2026-07-15T13:50:02.188207
32,2,8,2,0,2,2026-07-15T13:50:04.890337
32,2,9,0,0,0,2026-07-15T13:50:05.367509
32,2,10,1,0,1,2026-07-15T13:50:06.713690
32,3,1,3,0,3,2026-07-15T13:50:07.369003
32,3,2,4,0,4,2026-07-15T13:50:09.041093
32,3,3,4,0,4,2026-07-15T13:50:10.209517
32,3,4,3,0,3,2026-07-15T13:50:11.461103
32,3,5,3,0,3,2026-07-15T13:50:12.128706
32,3,6,3,0,3,2026-07-15T13:50:13.700580
32,3,7,4,0,4,2026-07-15T13:50:14.781422
32,3,8,4,0,4,2026-07-15T13:50:15.843074
32,3,9,4,0,4,2026-07-15T13:50:17.009866
32,3,10,4,0,4,2026-07-15T13:50:18.362324
32,4,1,0,0,0,2026-07-15T13:50:20.377696
32,4,2,0,0,0,2026-07-15T13:50:21.788748
32,4,3,0,0,0,2026-07-15T13:50:23.311530
32,4,4,0,0,0,2026-07-15T13:50:24.647715
32,4,5,0,0,0,2026-07-15T13:50:25.723904
32,4,6,0,0,0,2026-07-15T13:50:26.898246
32,4,7,0,0,0,2026-07-15T13:50:28.048627
32,4,8,0,0,0,2026-07-15T13:50:29.220433
32,4,9,0,0,0,2026-07-15T13:50:30.305463
32,4,10,0,0,0,2026-07-15T13:50:31.513223
32,5,1,3,0,3,2026-07-15T13:50:32.729309
32,5,2,3,0,3,2026-07-15T13:50:33.992634
32,5,3,3,0,3,2026-07-15T13:50:35.525699
32,5,4,3,0,3,2026-07-15T13:50:36.797873
32,5,5,3,0,3,2026-07-15T13:50:38.189574
32,5,6,3,0,3,2026-07-15T13:50:39.444738
32,5,7,3,0,3,2026-07-15T13:50:39.846748
32,5,8,3,0,3,2026-07-15T13:50:41.311897
32,5,9,3,0,3,2026-07-15T13:50:42.535030
32,5,10,3,0,3,2026-07-15T13:50:43.111658
32,6,1,1,0,1,2026-07-15T13:50:44.512737
32,6,2,2,0,2,2026-07-15T13:50:45.582088
32,6,3,2,0,2,2026-07-15T13:50:46.629637
32,6,4,2,0,2,2026-07-15T13:50:47.633683
32,6,5,2,0,2,2026-07-15T13:50:48.750459
32,6,6,1,0,1,2026-07-15T13:50:50.414312
32,6,7,2,0,2,2026-07-15T13:50:51.840226
32,6,8,0,0,0,2026-07-15T13:50:52.332647
32,6,9,0,0,0,2026-07-15T13:50:52.892037
32,6,10,2,0,2,2026-07-15T13:50:53.966435
32,7,1,3,0,3,2026-07-15T13:50:55.787370
32,7,2,3,0,3,2026-07-15T13:50:56.809635
32,7,3,3,0,3,2026-07-15T13:50:58.625509
32,7,4,3,0,3,2026-07-15T13:51:00.413394
32,7,5,3,0,3,2026-07-15T13:51:01.462076
32,7,6,3,0,3,2026-07-15T13:51:02.848638
32,7,7,3,0,3,2026-07-15T13:51:04.573972
32,7,8,3,0,3,2026-07-15T13:51:05.870074
32,7,9,3,0,3,2026-07-15T13:51:07.573572
32,7,10,3,0,3,2026-07-15T13:51:08.793414
32,8,1,0,0,0,2026-07-15T13:51:10.642995
32,8,2,3,0,3,2026-07-15T13:51:11.758563
32,8,3,3,0,3,2026-07-15T13:51:12.891638
32,8,4,3,0,3,2026-07-15T13:51:14.189626
32,8,5,3,0,3,2026-07-15T13:51:15.148934
32,8,6,3,0,3,2026-07-15T13:51:16.768892
32,8,7,3,0,3,2026-07-15T13:51:18.916430
32,8,8,3,0,3,2026-07-15T13:51:21.166161
32,8,9,3,0,3,2026-07-15T13:51:22.976480
32,8,10,3,0,3,2026-07-15T13:51:24.632112
32,9,1,4,0,4,2026-07-15T13:51:26.112434
32,9,2,5,0,5,2026-07-15T13:51:29.107422
32,9,3,4,0,4,2026-07-15T13:51:31.596555
32,9,4,5,0,5,2026-07-15T13:51:32.252954
32,9,5,5,0,5,2026-07-15T13:51:39.006565
32,9,6,4,0,4,2026-07-15T13:51:41.218930
32,9,7,4,0,4,2026-07-15T13:51:43.534543
32,9,8,5,0,5,2026-07-15T13:51:45.724040
32,9,9,4,0,4,2026-07-15T13:51:48.021000
32,9,10,4,0,4,2026-07-15T13:51:50.564914
33,1,1,3,0,3,2026-07-15T13:51:52.217591
33,1,2,3,0,3,2026-07-15T13:51:54.114731
33,1,3,3,0,3,2026-07-15T13:51:56.503862
33,1,4,3,0,3,2026-07-15T13:51:58.805971
33,1,5,3,0,3,2026-07-15T13:52:01.080257
33,1,6,3,0,3,2026-07-15T13:52:03.826431
33,1,7,3,0,3,2026-07-15T13:52:06.019020
33,1,8,3,0,3,2026-07-15T13:52:08.197170
33,1,9,3,0,3,2026-07-15T13:52:10.905242
33,1,10,3,0,3,2026-07-15T13:52:13.019475
33,2,1,2,0,2,2026-07-15T13:52:17.141088
33,2,2,2,0,2,2026-07-15T13:52:18.716825
33,2,3,2,0,2,2026-07-15T13:52:21.373966
33,2,4,2,0,2,2026-07-15T13:52:24.677180
33,2,5,2,0,2,2026-07-15T13:52:27.061191
33,2,6,0,0,0,2026-07-15T13:52:31.393196
33,2,7,0,0,0,2026-07-15T13:52:32.925874
33,2,8,2,0,2,2026-07-15T13:52:34.579255
33,2,9,0,0,0,2026-07-15T13:52:36.456498
33,2,10,2,0,2,2026-07-15T13:52:39.428890
33,3,1,3,0,3,2026-07-15T13:52:41.296932
33,3,2,3,0,3,2026-07-15T13:52:42.404456
33,3,3,3,0,3,2026-07-15T13:52:45.109920
33,3,4,3,0,3,2026-07-15T13:52:50.872809
33,3,5,3,0,3,2026-07-15T13:52:52.160252
33,3,6,3,0,3,2026-07-15T13:52:53.715771
33,3,7,3,0,3,2026-07-15T13:52:54.899483
33,3,8,3,0,3,2026-07-15T13:52:56.968600
33,3,9,3,0,3,2026-07-15T13:52:58.439167
33,3,10,3,0,3,2026-07-15T13:53:00.456314
33,4,1,1,0,1,2026-07-15T13:53:03.009957
33,4,2,1,0,1,2026-07-15T13:53:04.984714
33,4,3,0,0,0,2026-07-15T13:53:06.254973
33,4,4,1,0,1,2026-07-15T13:53:07.645703
33,4,5,1,0,1,2026-07-15T13:53:10.981941
33,4,6,1,0,1,2026-07-15T13:53:12.263168
33,4,7,1,0,1,2026-07-15T13:53:13.568208
33,4,8,1,0,1,2026-07-15T13:53:15.131549
33,4,9,1,0,1,2026-07-15T13:53:16.923480
33,4,10,0,0,0,2026-07-15T13:53:18.093394
33,5,1,3,0,3,2026-07-15T13:53:19.078534
33,5,2,3,0,3,2026-07-15T13:53:23.101217
33,5,3,3,0,3,2026-07-15T13:53:25.374633
33,5,4,3,0,3,2026-07-15T13:53:26.005509
33,5,5,3,0,3,2026-07-15T13:53:28.139144
33,5,6,3,0,3,2026-07-15T13:53:29.424561
33,5,7,3,0,3,2026-07-15T13:53:30.406536
33,5,8,3,0,3,2026-07-15T13:53:31.931277
33,5,9,3,0,3,2026-07-15T13:53:33.278319
33,5,10,3,0,3,2026-07-15T13:53:34.867402
33,6,1,1,0,1,2026-07-15T13:53:36.900179
33,6,2,1,0,1,2026-07-15T13:53:40.432866
33,6,3,1,0,1,2026-07-15T13:53:41.593704
33,6,4,1,0,1,2026-07-15T13:53:43.109382
33,6,5,1,0,1,2026-07-15T13:53:44.271068
33,6,6,1,0,1,2026-07-15T13:53:45.311006
33,6,7,1,0,1,2026-07-15T13:53:48.861316
33,6,8,2,0,2,2026-07-15T13:53:50.700153
33,6,9,1,0,1,2026-07-15T13:53:54.900920
33,6,10,2,0,2,2026-07-15T13:53:56.721901
33,7,1,4,0,4,2026-07-15T13:53:58.090164
33,7,2,3,0,3,2026-07-15T13:53:59.916065
33,7,3,3,0,3,2026-07-15T13:54:01.541914
33,7,4,3,0,3,2026-07-15T13:54:02.779369
33,7,5,3,0,3,2026-07-15T13:54:04.826502
33,7,6,3,0,3,2026-07-15T13:54:06.303562
33,7,7,3,0,3,2026-07-15T13:54:07.850890
33,7,8,3,0,3,2026-07-15T13:54:09.761468
33,7,9,3,0,3,2026-07-15T13:54:10.537297
33,7,10,3,0,3,2026-07-15T13:54:14.254513
33,8,1,3,0,3,2026-07-15T13:54:15.577815
33,8,2,3,0,3,2026-07-15T13:54:18.861225
33,8,3,0,0,0,2026-07-15T13:54:19.426739
33,8,4,0,0,0,2026-07-15T13:54:20.730536
33,8,5,0,0,0,2026-07-15T13:54:22.122812
33,8,6,3,0,3,2026-07-15T13:54:24.341048
33,8,7,3,0,3,2026-07-15T13:54:25.585673
33,8,8,3,0,3,2026-07-15T13:54:26.928881
33,8,9,3,0,3,2026-07-15T13:54:28.763260
33,8,10,3,0,3,2026-07-15T13:54:30.940365
33,9,1,5,0,5,2026-07-15T13:54:31.390595
33,9,2,4,0,4,2026-07-15T13:54:32.944316
33,9,3,4,0,4,2026-07-15T13:54:34.357646
33,9,4,5,0,5,2026-07-15T13:54:35.004982
33,9,5,4,0,4,2026-07-15T13:54:38.559879
33,9,6,4,0,4,2026-07-15T13:54:40.079030
33,9,7,4,0,4,2026-07-15T13:54:44.237004
33,9,8,4,0,4,2026-07-15T13:54:45.770019
33,9,9,4,0,4,2026-07-15T13:54:47.020335
33,9,10,4,0,4,2026-07-15T13:54:48.337097
34,1,1,3,0,3,2026-07-15T13:54:51.660521
34,1,2,3,0,3,2026-07-15T13:54:53.166274
34,1,3,2,0,2,2026-07-15T13:54:54.464985
34,1,4,3,0,3,2026-07-15T13:54:56.756138
34,1,5,3,0,3,2026-07-15T13:54:58.423403
34,1,6,3,0,3,2026-07-15T13:54:58.964135
34,1,7,3,0,3,2026-07-15T13:55:00.789008
34,1,8,3,0,3,2026-07-15T13:55:02.391877
34,1,9,3,0,3,2026-07-15T13:55:06.396044
34,1,10,2,0,2,2026-07-15T13:55:07.097896
34,2,1,1,0,1,2026-07-15T13:55:08.807575
34,2,2,1,0,1,2026-07-15T13:55:10.061459
34,2,3,1,0,1,2026-07-15T13:55:11.187549
34,2,4,0,0,0,2026-07-15T13:55:15.774119
34,2,5,1,0,1,2026-07-15T13:55:20.705818
34,2,6,0,0,0,2026-07-15T13:55:23.803771
34,2,7,1,0,1,2026-07-15T13:55:24.981160
34,2,8,1,0,1,2026-07-15T13:55:26.218903
34,2,9,1,0,1,2026-07-15T13:55:27.262384
34,2,10,0,0,0,2026-07-15T13:55:28.760794
34,3,1,3,0,3,2026-07-15T13:55:31.159834
34,3,2,3,0,3,2026-07-15T13:55:33.038548
34,3,3,3,0,3,2026-07-15T13:55:34.277496
34,3,4,3,0,3,2026-07-15T13:55:35.857481
34,3,5,3,0,3,2026-07-15T13:55:39.426036
34,3,6,3,0,3,2026-07-15T13:55:41.942748
34,3,7,3,0,3,2026-07-15T13:55:43.702230
34,3,8,3,0,3,2026-07-15T13:55:45.822193
34,3,9,3,0,3,2026-07-15T13:55:47.429365
34,3,10,3,0,3,2026-07-15T13:55:48.826178
34,4,1,0,0,0,2026-07-15T13:55:50.431050
34,4,2,0,0,0,2026-07-15T13:55:51.674994
34,4,3,0,0,0,2026-07-15T13:55:52.241820
34,4,4,0,0,0,2026-07-15T13:55:53.156671
34,4,5,0,0,0,2026-07-15T13:55:54.651335
34,4,6,0,0,0,2026-07-15T13:55:56.024059
34,4,7,0,0,0,2026-07-15T13:55:57.431843
34,4,8,0,0,0,2026-07-15T13:55:57.976957
34,4,9,0,0,0,2026-07-15T13:56:00.027003
34,4,10,0,0,0,2026-07-15T13:56:00.555704
34,5,1,3,0,3,2026-07-15T13:56:02.185563
34,5,2,3,0,3,2026-07-15T13:56:03.590719
34,5,3,2,0,2,2026-07-15T13:56:04.040146
34,5,4,3,0,3,2026-07-15T13:56:05.363803
34,5,5,3,0,3,2026-07-15T13:56:06.838241
34,5,6,3,0,3,2026-07-15T13:56:07.840079
34,5,7,3,0,3,2026-07-15T13:56:09.157082
34,5,8,2,0,2,2026-07-15T13:56:09.749622
34,5,9,3,0,3,2026-07-15T13:56:11.293016
34,5,10,3,0,3,2026-07-15T13:56:12.961603
34,6,1,0,0,0,2026-07-15T13:56:13.507072
34,6,2,0,0,0,2026-07-15T13:56:14.828083
34,6,3,0,0,0,2026-07-15T13:56:17.338799
34,6,4,0,0,0,2026-07-15T13:56:18.797277
34,6,5,0,0,0,2026-07-15T13:56:20.793781
34,6,6,0,0,0,2026-07-15T13:56:22.549175
34,6,7,0,0,0,2026-07-15T13:56:23.769648
34,6,8,0,0,0,2026-07-15T13:56:25.186445
34,6,9,0,0,0,2026-07-15T13:56:26.356840
34,6,10,0,0,0,2026-07-15T13:56:27.968974
34,7,1,3,0,3,2026-07-15T13:56:29.468727
34,7,2,3,0,3,2026-07-15T13:56:29.970529
34,7,3,3,0,3,2026-07-15T13:56:31.838790
34,7,4,3,0,3,2026-07-15T13:56:32.419174
34,7,5,3,0,3,2026-07-15T13:56:34.048217
34,7,6,3,0,3,2026-07-15T13:56:34.680418
34,7,7,3,0,3,2026-07-15T13:56:36.253428
34,7,8,3,0,3,2026-07-15T13:56:38.317304
34,7,9,3,0,3,2026-07-15T13:56:39.586271
34,7,10,3,0,3,2026-07-15T13:56:41.009254
34,8,1,0,0,0,2026-07-15T13:56:41.648622
34,8,2,1,0,1,2026-07-15T13:56:44.126742
34,8,3,1,0,1,2026-07-15T13:56:45.631015
34,8,4,0,0,0,2026-07-15T13:56:46.134762
34,8,5,1,0,1,2026-07-15T13:56:47.856136
34,8,6,1,0,1,2026-07-15T13:56:49.153952
34,8,7,1,0,1,2026-07-15T13:56:50.317273
34,8,8,2,0,2,2026-07-15T13:56:53.134691
34,8,9,1,0,1,2026-07-15T13:56:54.570166
34,8,10,1,0,1,2026-07-15T13:56:55.829634
34,9,1,4,0,4,2026-07-15T13:56:56.890609
34,9,2,4,0,4,2026-07-15T13:56:58.164519
34,9,3,4,0,4,2026-07-15T13:56:59.343573
34,9,4,4,0,4,2026-07-15T13:57:00.470312
34,9,5,4,0,4,2026-07-15T13:57:02.327044
34,9,6,4,0,4,2026-07-15T13:57:04.252008
34,9,7,5,0,5,2026-07-15T13:57:05.307279
34,9,8,4,0,4,2026-07-15T13:57:06.767448
34,9,9,4,0,4,2026-07-15T13:57:07.795136
34,9,10,4,0,4,2026-07-15T13:57:09.447612
35,1,1,2,0,2,2026-07-15T13:57:09.981630
35,1,2,3,0,3,2026-07-15T13:57:11.475563
35,1,3,3,0,3,2026-07-15T13:57:12.688797
35,1,4,3,0,3,2026-07-15T13:57:14.266093
35,1,5,3,0,3,2026-07-15T13:57:16.199728
35,1,6,3,0,3,2026-07-15T13:57:17.234492
35,1,7,3,0,3,2026-07-15T13:57:19.085120
35,1,8,2,0,2,2026-07-15T13:57:19.797104
35,1,9,3,0,3,2026-07-15T13:57:22.205729
35,1,10,3,0,3,2026-07-15T13:57:23.627535
35,2,1,2,0,2,2026-07-15T13:57:24.971930
35,2,2,2,0,2,2026-07-15T13:57:27.774431
35,2,3,2,0,2,2026-07-15T13:57:30.007551
35,2,4,1,0,1,2026-07-15T13:57:31.383171
35,2,5,2,0,2,2026-07-15T13:57:32.933688
35,2,6,0,0,0,2026-07-15T13:57:33.404512
35,2,7,2,0,2,2026-07-15T13:57:34.549744
35,2,8,0,0,0,2026-07-15T13:57:35.237236
35,2,9,2,0,2,2026-07-15T13:57:36.321536
35,2,10,0,0,0,2026-07-15T13:57:36.824790
35,3,1,3,0,3,2026-07-15T13:57:38.288480
35,3,2,3,0,3,2026-07-15T13:57:39.615371
35,3,3,3,0,3,2026-07-15T13:57:41.508013
35,3,4,3,0,3,2026-07-15T13:57:42.596504
35,3,5,3,0,3,2026-07-15T13:57:44.021532
35,3,6,3,0,3,2026-07-15T13:57:45.394800
35,3,7,3,0,3,2026-07-15T13:57:47.110982
35,3,8,3,0,3,2026-07-15T13:57:48.071423
35,3,9,3,0,3,2026-07-15T13:57:49.166414
35,3,10,3,0,3,2026-07-15T13:57:51.407549
35,4,1,0,0,0,2026-07-15T13:57:53.056947
35,4,2,0,0,0,2026-07-15T13:57:54.193728
35,4,3,0,0,0,2026-07-15T13:57:55.616795
35,4,4,0,0,0,2026-07-15T13:57:57.041882
35,4,5,0,0,0,2026-07-15T13:57:57.689221
35,4,6,0,0,0,2026-07-15T13:57:58.756246
35,4,7,0,0,0,2026-07-15T13:57:59.746353
35,4,8,0,0,0,2026-07-15T13:58:00.908767
35,4,9,0,0,0,2026-07-15T13:58:02.043057
35,4,10,0,0,0,2026-07-15T13:58:03.368512
35,5,1,3,0,3,2026-07-15T13:58:04.431988
35,5,2,3,0,3,2026-07-15T13:58:05.395860
35,5,3,3,0,3,2026-07-15T13:58:06.801447
35,5,4,3,0,3,2026-07-15T13:58:08.311160
35,5,5,3,0,3,2026-07-15T13:58:09.837921
35,5,6,2,0,2,2026-07-15T13:58:10.457820
35,5,7,3,0,3,2026-07-15T13:58:11.813860
35,5,8,2,0,2,2026-07-15T13:58:12.344323
35,5,9,2,0,2,2026-07-15T13:58:12.978031
35,5,10,3,0,3,2026-07-15T13:58:14.168900
35,6,1,0,0,0,2026-07-15T13:58:15.303397
35,6,2,0,0,0,2026-07-15T13:58:16.750294
35,6,3,0,0,0,2026-07-15T13:58:17.809603
35,6,4,0,0,0,2026-07-15T13:58:19.341244
35,6,5,0,0,0,2026-07-15T13:58:19.875729
35,6,6,0,0,0,2026-07-15T13:58:22.078408
35,6,7,1,0,1,2026-07-15T13:58:23.408209
35,6,8,0,0,0,2026-07-15T13:58:24.130595
35,6,9,1,0,1,2026-07-15T13:58:25.185981
35,6,10,0,0,0,2026-07-15T13:58:26.750910
35,7,1,4,0,4,2026-07-15T13:58:27.785170
35,7,2,4,0,4,2026-07-15T13:58:28.873701
35,7,3,3,0,3,2026-07-15T13:58:29.998388
35,7,4,4,0,4,2026-07-15T13:58:31.989258
35,7,5,3,0,3,2026-07-15T13:58:33.301017
35,7,6,3,0,3,2026-07-15T13:58:34.845135
35,7,7,3,0,3,2026-07-15T13:58:36.375281
35,7,8,4,0,4,2026-07-15T13:58:38.121719
35,7,9,3,0,3,2026-07-15T13:58:39.588512
35,7,10,4,0,4,2026-07-15T13:58:41.101077
35,8,1,2,0,2,2026-07-15T13:58:42.438131
35,8,2,1,0,1,2026-07-15T13:58:43.946422
35,8,3,2,0,2,2026-07-15T13:58:45.006022
35,8,4,0,0,0,2026-07-15T13:58:45.529360
35,8,5,1,0,1,2026-07-15T13:58:47.580624
35,8,6,2,0,2,2026-07-15T13:58:48.851015
35,8,7,2,0,2,2026-07-15T13:58:49.959435
35,8,8,2,0,2,2026-07-15T13:58:51.793419
35,8,9,1,0,1,2026-07-15T13:58:53.132499
35,8,10,2,0,2,2026-07-15T13:58:54.518997
35,9,1,4,0,4,2026-07-15T13:58:55.589187
35,9,2,4,0,4,2026-07-15T13:59:01.302629
35,9,3,5,0,5,2026-07-15T13:59:01.891358
35,9,4,5,0,5,2026-07-15T13:59:02.925423
35,9,5,4,0,4,2026-07-15T13:59:04.823953
35,9,6,4,0,4,2026-07-15T13:59:06.094423
35,9,7,4,0,4,2026-07-15T13:59:08.106733
35,9,8,5,0,5,2026-07-15T13:59:08.789839
35,9,9,5,0,5,2026-07-15T13:59:09.261961
35,9,10,4,0,4,2026-07-15T13:59:10.468290
36,1,1,3,0,3,2026-07-15T13:59:12.764341
36,1,2,3,0,3,2026-07-15T13:59:14.047872
36,1,3,3,0,3,2026-07-15T13:59:15.727669
36,1,4,2,0,2,2026-07-15T13:59:16.678789
36,1,5,3,0,3,2026-07-15T13:59:18.153857
36,1,6,3,0,3,2026-07-15T13:59:19.320790
36,1,7,3,0,3,2026-07-15T13:59:20.596439
36,1,8,2,0,2,2026-07-15T13:59:22.079870
36,1,9,3,0,3,2026-07-15T13:59:23.151548
36,1,10,3,0,3,2026-07-15T13:59:24.270526
36,2,1,2,0,2,2026-07-15T13:59:25.616251
36,2,2,0,0,0,2026-07-15T13:59:26.250955
36,2,3,3,0,3,2026-07-15T13:59:27.527970
36,2,4,2,0,2,2026-07-15T13:59:29.152298
36,2,5,2,0,2,2026-07-15T13:59:30.474324
36,2,6,2,0,2,2026-07-15T13:59:31.837464
36,2,7,1,0,1,2026-07-15T13:59:33.447566
36,2,8,3,0,3,2026-07-15T13:59:34.787862
36,2,9,1,0,1,2026-07-15T13:59:36.162480
36,2,10,2,0,2,2026-07-15T13:59:37.637983
36,3,1,3,0,3,2026-07-15T13:59:40.272177
36,3,2,3,0,3,2026-07-15T13:59:41.361981
36,3,3,3,0,3,2026-07-15T13:59:43.050116
36,3,4,3,0,3,2026-07-15T13:59:44.438389
36,3,5,3,0,3,2026-07-15T13:59:45.519188
36,3,6,3,0,3,2026-07-15T13:59:46.704169
36,3,7,3,0,3,2026-07-15T13:59:47.994941
36,3,8,3,0,3,2026-07-15T13:59:49.353334
36,3,9,3,0,3,2026-07-15T13:59:50.675971
36,3,10,3,0,3,2026-07-15T13:59:51.813237
36,4,1,0,0,0,2026-07-15T13:59:53.942057
36,4,2,0,0,0,2026-07-15T13:59:55.089365
36,4,3,0,0,0,2026-07-15T13:59:56.301982
36,4,4,0,0,0,2026-07-15T13:59:57.664012
36,4,5,0,0,0,2026-07-15T13:59:59.387673
36,4,6,0,0,0,2026-07-15T14:00:00.705733
36,4,7,0,0,0,2026-07-15T14:00:02.124401
36,4,8,0,0,0,2026-07-15T14:00:03.333275
36,4,9,0,0,0,2026-07-15T14:00:07.486352
36,4,10,0,0,0,2026-07-15T14:00:09.355050
36,5,1,2,0,2,2026-07-15T14:00:10.398820
36,5,2,2,0,2,2026-07-15T14:00:11.896178
36,5,3,2,0,2,2026-07-15T14:00:13.502263
36,5,4,2,0,2,2026-07-15T14:00:16.117154
36,5,5,2,0,2,2026-07-15T14:00:17.960049
36,5,6,1,0,1,2026-07-15T14:00:19.664017
36,5,7,2,0,2,2026-07-15T14:00:21.880146
36,5,8,2,0,2,2026-07-15T14:00:23.735926
36,5,9,2,0,2,2026-07-15T14:00:28.939391
36,5,10,2,0,2,2026-07-15T14:00:30.011799
36,6,1,1,0,1,2026-07-15T14:00:31.358793
36,6,2,0,0,0,2026-07-15T14:00:33.222879
36,6,3,2,0,2,2026-07-15T14:00:35.242063
36,6,4,0,0,0,2026-07-15T14:00:36.893000
36,6,5,0,0,0,2026-07-15T14:00:40.758995
36,6,6,1,0,1,2026-07-15T14:00:42.980822
36,6,7,0,0,0,2026-07-15T14:00:44.763451
36,6,8,0,0,0,2026-07-15T14:00:48.948002
36,6,9,0,0,0,2026-07-15T14:00:50.237396
36,6,10,0,0,0,2026-07-15T14:00:51.319120
36,7,1,3,0,3,2026-07-15T14:00:52.860711
36,7,2,3,0,3,2026-07-15T14:00:56.625848
36,7,3,3,0,3,2026-07-15T14:00:57.988910
36,7,4,3,0,3,2026-07-15T14:00:59.395552
36,7,5,3,0,3,2026-07-15T14:01:01.194371
36,7,6,3,0,3,2026-07-15T14:01:02.602720
36,7,7,3,0,3,2026-07-15T14:01:03.515908
36,7,8,3,0,3,2026-07-15T14:01:04.760512
36,7,9,3,0,3,2026-07-15T14:01:07.413193
36,7,10,3,0,3,2026-07-15T14:01:09.417796
36,8,1,0,0,0,2026-07-15T14:01:12.149392
36,8,2,0,0,0,2026-07-15T14:01:13.024563
36,8,3,3,0,3,2026-07-15T14:01:14.355751
36,8,4,3,0,3,2026-07-15T14:01:15.333820
36,8,5,0,0,0,2026-07-15T14:01:17.447343
36,8,6,2,0,2,2026-07-15T14:01:18.440264
36,8,7,3,0,3,2026-07-15T14:01:20.127799
36,8,8,0,0,0,2026-07-15T14:01:22.637119
36,8,9,3,0,3,2026-07-15T14:01:24.084845
36,8,10,3,0,3,2026-07-15T14:01:25.159326
36,9,1,4,0,4,2026-07-15T14:01:26.515736
36,9,2,4,0,4,2026-07-15T14:01:29.458424
36,9,3,5,0,5,2026-07-15T14:01:30.803769
36,9,4,5,0,5,2026-07-15T14:01:31.612503
36,9,5,4,0,4,2026-07-15T14:01:33.461134
36,9,6,4,0,4,2026-07-15T14:01:34.806734
36,9,7,5,0,5,2026-07-15T14:01:35.434248
36,9,8,4,0,4,2026-07-15T14:01:36.470760
36,9,9,4,0,4,2026-07-15T14:01:37.443179
36,9,10,5,0,5,2026-07-15T14:01:38.071307
37,1,1,3,0,3,2026-07-15T14:01:41.062097
37,1,2,3,0,3,2026-07-15T14:01:42.264617
37,1,3,3,0,3,2026-07-15T14:01:43.592212
37,1,4,3,0,3,2026-07-15T14:01:44.845533
37,1,5,3,0,3,2026-07-15T14:01:46.407277
37,1,6,3,0,3,2026-07-15T14:01:48.221451
37,1,7,2,0,2,2026-07-15T14:01:49.209384
37,1,8,3,0,3,2026-07-15T14:01:50.088398
37,1,9,2,0,2,2026-07-15T14:01:50.768498
37,1,10,3,0,3,2026-07-15T14:01:51.959558
37,2,1,1,0,1,2026-07-15T14:01:53.369825
37,2,2,1,0,1,2026-07-15T14:01:54.457667
37,2,3,1,0,1,2026-07-15T14:01:55.519997
37,2,4,1,0,1,2026-07-15T14:01:56.580822
37,2,5,0,0,0,2026-07-15T14:01:58.909851
37,2,6,1,0,1,2026-07-15T14:02:00.103528
37,2,7,1,0,1,2026-07-15T14:02:01.277917
37,2,8,0,0,0,2026-07-15T14:02:02.361508
37,2,9,0,0,0,2026-07-15T14:02:03.038890
37,2,10,0,0,0,2026-07-15T14:02:05.873682
37,3,1,4,0,4,2026-07-15T14:02:07.511825
37,3,2,3,0,3,2026-07-15T14:02:09.427111
37,3,3,3,0,3,2026-07-15T14:02:11.503478
37,3,4,3,0,3,2026-07-15T14:02:12.796431
37,3,5,3,0,3,2026-07-15T14:02:13.659607
37,3,6,3,0,3,2026-07-15T14:02:16.228253
37,3,7,3,0,3,2026-07-15T14:02:23.029466
37,3,8,4,0,4,2026-07-15T14:02:29.417976
37,3,9,4,0,4,2026-07-15T14:02:30.401131
37,3,10,4,0,4,2026-07-15T14:02:31.773730
37,4,1,0,0,0,2026-07-15T14:02:32.915732
37,4,2,0,0,0,2026-07-15T14:02:33.982619
37,4,3,0,0,0,2026-07-15T14:02:35.308007
37,4,4,0,0,0,2026-07-15T14:02:37.219953
37,4,5,0,0,0,2026-07-15T14:02:38.196561
37,4,6,0,0,0,2026-07-15T14:02:39.444547
37,4,7,0,0,0,2026-07-15T14:02:40.410644
37,4,8,0,0,0,2026-07-15T14:02:41.800704
37,4,9,0,0,0,2026-07-15T14:02:43.411657
37,4,10,0,0,0,2026-07-15T14:02:44.587129
37,5,1,3,0,3,2026-07-15T14:02:45.815291
37,5,2,3,0,3,2026-07-15T14:02:46.650820
37,5,3,3,0,3,2026-07-15T14:02:47.792782
37,5,4,3,0,3,2026-07-15T14:02:49.465807
37,5,5,3,0,3,2026-07-15T14:02:50.391944
37,5,6,3,0,3,2026-07-15T14:02:51.051137
37,5,7,3,0,3,2026-07-15T14:02:52.869478
37,5,8,3,0,3,2026-07-15T14:02:53.856927
37,5,9,3,0,3,2026-07-15T14:02:55.465446
37,5,10,3,0,3,2026-07-15T14:02:56.831029
37,6,1,0,0,0,2026-07-15T14:02:58.499429
37,6,2,1,0,1,2026-07-15T14:02:59.704103
37,6,3,1,0,1,2026-07-15T14:03:00.905433
37,6,4,0,0,0,2026-07-15T14:03:01.543519
37,6,5,0,0,0,2026-07-15T14:03:02.784323
37,6,6,0,0,0,2026-07-15T14:03:03.985564
37,6,7,1,0,1,2026-07-15T14:03:05.535203
37,6,8,0,0,0,2026-07-15T14:03:06.916824
37,6,9,0,0,0,2026-07-15T14:03:08.658368
37,6,10,1,0,1,2026-07-15T14:03:09.795785
37,7,1,4,0,4,2026-07-15T14:03:11.082622
37,7,2,4,0,4,2026-07-15T14:03:13.007336
37,7,3,4,0,4,2026-07-15T14:03:14.501079
37,7,4,4,0,4,2026-07-15T14:03:15.095396
37,7,5,4,0,4,2026-07-15T14:03:16.320258
37,7,6,4,0,4,2026-07-15T14:03:18.489116
37,7,7,4,0,4,2026-07-15T14:03:22.364279
37,7,8,4,0,4,2026-07-15T14:03:24.944887
37,7,9,4,0,4,2026-07-15T14:03:26.023223
37,7,10,4,0,4,2026-07-15T14:03:27.654599
37,8,1,2,0,2,2026-07-15T14:03:29.870067
37,8,2,2,0,2,2026-07-15T14:03:31.251517
37,8,3,2,0,2,2026-07-15T14:03:32.365538
37,8,4,2,0,2,2026-07-15T14:03:34.069145
37,8,5,2,0,2,2026-07-15T14:03:35.161520
37,8,6,0,0,0,2026-07-15T14:03:36.343010
37,8,7,2,0,2,2026-07-15T14:03:37.798023
37,8,8,2,0,2,2026-07-15T14:03:39.243146
37,8,9,2,0,2,2026-07-15T14:03:40.864665
37,8,10,2,0,2,2026-07-15T14:03:42.180375
37,9,1,5,0,5,2026-07-15T14:03:42.907820
37,9,2,5,0,5,2026-07-15T14:03:44.031243
37,9,3,4,0,4,2026-07-15T14:03:47.165337
37,9,4,5,0,5,2026-07-15T14:03:48.338091
37,9,5,4,0,4,2026-07-15T14:03:49.596980
37,9,6,4,0,4,2026-07-15T14:03:50.698107
37,9,7,5,0,5,2026-07-15T14:03:51.437351
37,9,8,5,0,5,2026-07-15T14:03:52.133316
37,9,9,4,0,4,2026-07-15T14:03:53.522691
37,9,10,5,0,5,2026-07-15T14:03:54.535341
38,1,1,3,0,3,2026-07-15T14:03:55.562772
38,1,2,3,0,3,2026-07-15T14:03:58.739234
38,1,3,3,0,3,2026-07-15T14:03:59.359677
38,1,4,3,0,3,2026-07-15T14:04:00.561158
38,1,5,3,0,3,2026-07-15T14:04:01.744668
38,1,6,3,0,3,2026-07-15T14:04:02.790244
38,1,7,3,0,3,2026-07-15T14:04:03.486260
38,1,8,3,0,3,2026-07-15T14:04:04.532872
38,1,9,3,0,3,2026-07-15T14:04:06.095075
38,1,10,3,0,3,2026-07-15T14:04:07.933097
38,2,1,0,0,0,2026-07-15T14:04:08.418406
38,2,2,1,0,1,2026-07-15T14:04:09.469044
38,2,3,1,0,1,2026-07-15T14:04:10.693941
38,2,4,1,0,1,2026-07-15T14:04:12.349735
38,2,5,1,0,1,2026-07-15T14:04:14.136247
38,2,6,1,0,1,2026-07-15T14:04:16.749759
38,2,7,1,0,1,2026-07-15T14:04:17.766435
38,2,8,2,0,2,2026-07-15T14:04:19.118021
38,2,9,1,0,1,2026-07-15T14:04:21.045480
38,2,10,0,0,0,2026-07-15T14:04:22.301670
38,3,1,3,0,3,2026-07-15T14:04:23.726500
38,3,2,4,0,4,2026-07-15T14:04:25.316139
38,3,3,3,0,3,2026-07-15T14:04:26.389752
38,3,4,3,0,3,2026-07-15T14:04:27.816838
38,3,5,3,0,3,2026-07-15T14:04:29.465336
38,3,6,3,0,3,2026-07-15T14:04:30.508712
38,3,7,3,0,3,2026-07-15T14:04:31.554520
38,3,8,3,0,3,2026-07-15T14:04:33.420921
38,3,9,3,0,3,2026-07-15T14:04:34.779784
38,3,10,3,0,3,2026-07-15T14:04:36.266584
38,4,1,0,0,0,2026-07-15T14:04:37.376702
38,4,2,1,0,1,2026-07-15T14:04:38.489550
38,4,3,0,0,0,2026-07-15T14:04:39.604482
38,4,4,0,0,0,2026-07-15T14:04:40.919675
38,4,5,0,0,0,2026-07-15T14:04:42.000221
38,4,6,0,0,0,2026-07-15T14:04:42.958253
38,4,7,0,0,0,2026-07-15T14:04:45.356045
38,4,8,0,0,0,2026-07-15T14:04:47.050204
38,4,9,0,0,0,2026-07-15T14:04:48.223369
38,4,10,1,0,1,2026-07-15T14:04:49.508958
38,5,1,3,0,3,2026-07-15T14:04:50.579768
38,5,2,2,0,2,2026-07-15T14:04:51.020240
38,5,3,3,0,3,2026-07-15T14:04:52.677381
38,5,4,3,0,3,2026-07-15T14:04:53.976175
38,5,5,3,0,3,2026-07-15T14:04:55.443950
38,5,6,3,0,3,2026-07-15T14:04:55.900946
38,5,7,3,0,3,2026-07-15T14:04:56.957811
38,5,8,3,0,3,2026-07-15T14:04:57.476003
38,5,9,2,0,2,2026-07-15T14:04:57.910244
38,5,10,3,0,3,2026-07-15T14:04:59.168848
38,6,1,0,0,0,2026-07-15T14:04:59.620575
38,6,2,0,0,0,2026-07-15T14:05:00.089733
38,6,3,1,0,1,2026-07-15T14:05:01.579350
38,6,4,0,0,0,2026-07-15T14:05:02.993531
38,6,5,0,0,0,2026-07-15T14:05:05.116707
38,6,6,1,0,1,2026-07-15T14:05:06.358184
38,6,7,0,0,0,2026-07-15T14:05:08.580856
38,6,8,1,0,1,2026-07-15T14:05:09.696376
38,6,9,0,0,0,2026-07-15T14:05:12.129941
38,6,10,0,0,0,2026-07-15T14:05:13.401157
38,7,1,3,0,3,2026-07-15T14:05:14.971179
38,7,2,4,0,4,2026-07-15T14:05:16.224894
38,7,3,4,0,4,2026-07-15T14:05:17.416697
38,7,4,4,0,4,2026-07-15T14:05:19.147974
38,7,5,4,0,4,2026-07-15T14:05:20.898834
38,7,6,3,0,3,2026-07-15T14:05:23.182477
38,7,7,3,0,3,2026-07-15T14:05:24.113498
38,7,8,3,0,3,2026-07-15T14:05:26.132483
38,7,9,4,0,4,2026-07-15T14:05:27.352791
38,7,10,4,0,4,2026-07-15T14:05:28.451299
38,8,1,3,0,3,2026-07-15T14:05:30.005212
38,8,2,3,0,3,2026-07-15T14:05:31.040272
38,8,3,3,0,3,2026-07-15T14:05:35.280944
38,8,4,3,0,3,2026-07-15T14:05:36.631210
38,8,5,3,0,3,2026-07-15T14:05:38.166139
38,8,6,2,0,2,2026-07-15T14:05:39.537486
38,8,7,3,0,3,2026-07-15T14:05:40.666127
38,8,8,2,0,2,2026-07-15T14:05:42.267841
38,8,9,3,0,3,2026-07-15T14:05:43.393905
38,8,10,2,0,2,2026-07-15T14:05:45.854129
38,9,1,5,0,5,2026-07-15T14:05:46.531557
38,9,2,5,0,5,2026-07-15T14:05:47.064172
38,9,3,5,0,5,2026-07-15T14:05:48.061728
38,9,4,4,0,4,2026-07-15T14:05:50.660902
38,9,5,4,0,4,2026-07-15T14:05:51.822988
38,9,6,5,0,5,2026-07-15T14:05:53.057427
38,9,7,4,0,4,2026-07-15T14:05:54.080587
38,9,8,4,0,4,2026-07-15T14:05:55.209338
38,9,9,5,0,5,2026-07-15T14:05:56.334513
38,9,10,5,0,5,2026-07-15T14:05:56.873128
39,1,1,2,0,2,2026-07-15T14:05:57.478031
39,1,2,3,0,3,2026-07-15T14:05:58.548221
39,1,3,2,0,2,2026-07-15T14:06:00.359012
39,1,4,3,0,3,2026-07-15T14:06:01.669220
39,1,5,3,0,3,2026-07-15T14:06:03.751273
39,1,6,3,0,3,2026-07-15T14:06:04.918334
39,1,7,2,0,2,2026-07-15T14:06:05.602853
39,1,8,2,0,2,2026-07-15T14:06:06.379750
39,1,9,2,0,2,2026-07-15T14:06:06.911056
39,1,10,3,0,3,2026-07-15T14:06:08.104601
39,2,1,0,0,0,2026-07-15T14:06:09.140225
39,2,2,2,0,2,2026-07-15T14:06:10.176622
39,2,3,0,0,0,2026-07-15T14:06:10.899463
39,2,4,0,0,0,2026-07-15T14:06:11.519695
39,2,5,2,0,2,2026-07-15T14:06:12.755135
39,2,6,3,0,3,2026-07-15T14:06:14.310265
39,2,7,2,0,2,2026-07-15T14:06:16.306262
39,2,8,2,0,2,2026-07-15T14:06:17.360163
39,2,9,3,0,3,2026-07-15T14:06:18.672175
39,2,10,2,0,2,2026-07-15T14:06:19.607925
39,3,1,3,0,3,2026-07-15T14:06:20.118624
39,3,2,3,0,3,2026-07-15T14:06:21.503561
39,3,3,3,0,3,2026-07-15T14:06:22.543080
39,3,4,3,0,3,2026-07-15T14:06:23.560244
39,3,5,3,0,3,2026-07-15T14:06:24.582893
39,3,6,3,0,3,2026-07-15T14:06:25.061206
39,3,7,3,0,3,2026-07-15T14:06:26.082923
39,3,8,3,0,3,2026-07-15T14:06:27.675385
39,3,9,3,0,3,2026-07-15T14:06:28.786766
39,3,10,3,0,3,2026-07-15T14:06:29.423541
39,4,1,2,0,2,2026-07-15T14:06:30.594028
39,4,2,1,0,1,2026-07-15T14:06:31.695794
39,4,3,1,0,1,2026-07-15T14:06:33.271149
39,4,4,1,0,1,2026-07-15T14:06:34.396345
39,4,5,0,0,0,2026-07-15T14:06:35.035459
39,4,6,2,0,2,2026-07-15T14:06:36.429865
39,4,7,2,0,2,2026-07-15T14:06:37.515075
39,4,8,1,0,1,2026-07-15T14:06:38.691881
39,4,9,1,0,1,2026-07-15T14:06:39.743486
39,4,10,0,0,0,2026-07-15T14:06:40.359860
39,5,1,3,0,3,2026-07-15T14:06:41.441239
39,5,2,2,0,2,2026-07-15T14:06:42.320733
39,5,3,3,0,3,2026-07-15T14:06:43.781792
39,5,4,3,0,3,2026-07-15T14:06:44.809517
39,5,5,3,0,3,2026-07-15T14:06:46.095204
39,5,6,3,0,3,2026-07-15T14:06:48.062326
39,5,7,3,0,3,2026-07-15T14:06:49.361138
39,5,8,3,0,3,2026-07-15T14:06:50.581145
39,5,9,3,0,3,2026-07-15T14:06:51.997788
39,5,10,2,0,2,2026-07-15T14:06:53.985210
39,6,1,0,0,0,2026-07-15T14:06:54.655192
39,6,2,2,0,2,2026-07-15T14:06:56.199172
39,6,3,1,0,1,2026-07-15T14:06:57.222811
39,6,4,1,0,1,2026-07-15T14:06:58.448573
39,6,5,1,0,1,2026-07-15T14:07:00.192876
39,6,6,2,0,2,2026-07-15T14:07:01.232916
39,6,7,3,0,3,2026-07-15T14:07:02.334801
39,6,8,2,0,2,2026-07-15T14:07:03.671808
39,6,9,2,0,2,2026-07-15T14:07:04.921728
39,6,10,2,0,2,2026-07-15T14:07:06.031609
39,7,1,3,0,3,2026-07-15T14:07:07.047682
39,7,2,3,0,3,2026-07-15T14:07:08.164845
39,7,3,3,0,3,2026-07-15T14:07:09.268753
39,7,4,3,0,3,2026-07-15T14:07:10.705731
39,7,5,3,0,3,2026-07-15T14:07:12.875281
39,7,6,3,0,3,2026-07-15T14:07:14.109981
39,7,7,3,0,3,2026-07-15T14:07:15.476827
39,7,8,3,0,3,2026-07-15T14:07:16.894598
39,7,9,3,0,3,2026-07-15T14:07:18.080497
39,7,10,3,0,3,2026-07-15T14:07:19.071467
39,8,1,3,0,3,2026-07-15T14:07:21.233730
39,8,2,2,0,2,2026-07-15T14:07:21.678856
39,8,3,3,0,3,2026-07-15T14:07:23.044157
39,8,4,3,0,3,2026-07-15T14:07:24.490214
39,8,5,3,0,3,2026-07-15T14:07:25.604269
39,8,6,3,0,3,2026-07-15T14:07:26.611137
39,8,7,3,0,3,2026-07-15T14:07:27.835634
39,8,8,2,0,2,2026-07-15T14:07:28.403037
39,8,9,3,0,3,2026-07-15T14:07:29.401655
39,8,10,3,0,3,2026-07-15T14:07:30.630664
39,9,1,4,0,4,2026-07-15T14:07:31.980724
39,9,2,4,0,4,2026-07-15T14:07:33.131534
39,9,3,4,0,4,2026-07-15T14:07:34.487153
39,9,4,4,0,4,2026-07-15T14:07:35.269618
39,9,5,4,0,4,2026-07-15T14:07:36.320242
39,9,6,4,0,4,2026-07-15T14:07:37.744575
39,9,7,4,0,4,2026-07-15T14:07:38.789257
39,9,8,4,0,4,2026-07-15T14:07:39.643101
39,9,9,4,0,4,2026-07-15T14:07:41.062075
39,9,10,4,0,4,2026-07-15T14:07:43.603553
40,1,1,1,0,1,2026-07-15T14:07:44.975038
40,1,2,2,0,2,2026-07-15T14:07:46.372422
40,1,3,1,0,1,2026-07-15T14:07:47.153374
40,1,4,2,0,2,2026-07-15T14:07:48.317460
40,1,5,2,0,2,2026-07-15T14:07:49.737823
40,1,6,2,0,2,2026-07-15T14:07:50.952098
40,1,7,2,0,2,2026-07-15T14:07:52.333955
40,1,8,3,0,3,2026-07-15T14:07:53.628594
40,1,9,2,0,2,2026-07-15T14:07:54.750426
40,1,10,1,0,1,2026-07-15T14:07:56.046131
40,2,1,1,0,1,2026-07-15T14:07:57.038187
40,2,2,1,0,1,2026-07-15T14:07:58.329117
40,2,3,2,0,2,2026-07-15T14:07:59.964963
40,2,4,1,0,1,2026-07-15T14:08:01.184857
40,2,5,2,0,2,2026-07-15T14:08:02.193688
40,2,6,0,0,0,2026-07-15T14:08:03.492554
40,2,7,1,0,1,2026-07-15T14:08:05.293079
40,2,8,2,0,2,2026-07-15T14:08:06.439285
40,2,9,1,0,1,2026-07-15T14:08:07.547525
40,2,10,2,0,2,2026-07-15T14:08:08.967712
40,3,1,2,0,2,2026-07-15T14:08:10.924707
40,3,2,2,0,2,2026-07-15T14:08:11.769216
40,3,3,3,0,3,2026-07-15T14:08:13.043049
40,3,4,3,0,3,2026-07-15T14:08:14.978083
40,3,5,3,0,3,2026-07-15T14:08:16.045115
40,3,6,3,0,3,2026-07-15T14:08:17.349901
40,3,7,3,0,3,2026-07-15T14:08:18.654209
40,3,8,3,0,3,2026-07-15T14:08:19.895129
40,3,9,2,0,2,2026-07-15T14:08:21.220828
40,3,10,3,0,3,2026-07-15T14:08:22.386807
40,4,1,0,0,0,2026-07-15T14:08:24.371543
40,4,2,0,0,0,2026-07-15T14:08:24.841229
40,4,3,0,0,0,2026-07-15T14:08:26.087009
40,4,4,0,0,0,2026-07-15T14:08:27.675050
40,4,5,0,0,0,2026-07-15T14:08:28.292146
40,4,6,0,0,0,2026-07-15T14:08:29.744316
40,4,7,0,0,0,2026-07-15T14:08:31.296548
40,4,8,0,0,0,2026-07-15T14:08:33.818597
40,4,9,0,0,0,2026-07-15T14:08:35.012531
40,4,10,0,0,0,2026-07-15T14:08:36.410076
40,5,1,2,0,2,2026-07-15T14:08:37.721099
40,5,2,2,0,2,2026-07-15T14:08:39.090272
40,5,3,2,0,2,2026-07-15T14:08:40.653904
40,5,4,2,0,2,2026-07-15T14:08:44.966345
40,5,5,2,0,2,2026-07-15T14:08:46.460779
40,5,6,2,0,2,2026-07-15T14:08:47.863502
40,5,7,2,0,2,2026-07-15T14:08:49.141332
40,5,8,3,0,3,2026-07-15T14:08:55.693274
40,5,9,2,0,2,2026-07-15T14:08:57.180615
40,5,10,2,0,2,2026-07-15T14:08:59.498597
40,6,1,1,0,1,2026-07-15T14:09:00.863577
40,6,2,1,0,1,2026-07-15T14:09:03.325892
40,6,3,1,0,1,2026-07-15T14:09:05.254316
40,6,4,0,0,0,2026-07-15T14:09:06.174826
40,6,5,0,0,0,2026-07-15T14:09:06.739130
40,6,6,1,0,1,2026-07-15T14:09:07.931492
40,6,7,1,0,1,2026-07-15T14:09:09.319252
40,6,8,1,0,1,2026-07-15T14:09:10.529283
40,6,9,0,0,0,2026-07-15T14:09:13.105650
40,6,10,1,0,1,2026-07-15T14:09:15.925850
40,7,1,3,0,3,2026-07-15T14:09:17.297515
40,7,2,3,0,3,2026-07-15T14:09:19.217078
40,7,3,3,0,3,2026-07-15T14:09:20.852049
40,7,4,3,0,3,2026-07-15T14:09:22.724435
40,7,5,3,0,3,2026-07-15T14:09:24.013771
40,7,6,3,0,3,2026-07-15T14:09:26.325395
40,7,7,3,0,3,2026-07-15T14:09:28.705494
40,7,8,3,0,3,2026-07-15T14:09:30.431509
40,7,9,3,0,3,2026-07-15T14:09:32.050423
40,7,10,3,0,3,2026-07-15T14:09:34.342588
40,8,1,0,0,0,2026-07-15T14:09:39.171340
40,8,2,3,0,3,2026-07-15T14:09:40.574093
40,8,3,3,0,3,2026-07-15T14:09:41.799169
40,8,4,3,0,3,2026-07-15T14:09:48.153435
40,8,5,3,0,3,2026-07-15T14:09:49.322059
40,8,6,3,0,3,2026-07-15T14:09:51.120861
40,8,7,3,0,3,2026-07-15T14:09:52.938923
40,8,8,0,0,0,2026-07-15T14:09:53.578686
40,8,9,0,0,0,2026-07-15T14:09:55.245238
40,8,10,3,0,3,2026-07-15T14:09:56.619791
40,9,1,4,0,4,2026-07-15T14:09:57.832332
40,9,2,4,0,4,2026-07-15T14:09:59.013413
40,9,3,4,0,4,2026-07-15T14:10:00.244226
40,9,4,4,0,4,2026-07-15T14:10:01.882640
40,9,5,4,0,4,2026-07-15T14:10:03.749416
40,9,6,4,0,4,2026-07-15T14:10:05.144405
40,9,7,4,0,4,2026-07-15T14:10:05.743440
40,9,8,4,0,4,2026-07-15T14:10:06.972390
40,9,9,4,0,4,2026-07-15T14:10:09.787396
40,9,10,4,0,4,2026-07-15T14:10:11.709591
41,1,1,3,0,3,2026-07-15T14:10:13.451774
41,1,2,3,0,3,2026-07-15T14:10:15.420132
41,1,3,3,0,3,2026-07-15T14:10:17.181986
41,1,4,3,0,3,2026-07-15T14:10:19.717607
41,1,5,3,0,3,2026-07-15T14:10:23.030458
41,1,6,3,0,3,2026-07-15T14:10:25.677935
41,1,7,3,0,3,2026-07-15T14:10:27.069964
41,1,8,3,0,3,2026-07-15T14:10:28.854415
41,1,9,3,0,3,2026-07-15T14:10:30.249656
41,1,10,3,0,3,2026-07-15T14:10:36.863625
41,2,1,1,0,1,2026-07-15T14:10:38.679956
41,2,2,1,0,1,2026-07-15T14:10:39.987939
41,2,3,1,0,1,2026-07-15T14:10:41.141158
41,2,4,1,0,1,2026-07-15T14:10:42.156824
41,2,5,1,0,1,2026-07-15T14:10:44.486016
41,2,6,1,0,1,2026-07-15T14:10:46.339144
41,2,7,0,0,0,2026-07-15T14:10:46.957749
41,2,8,1,0,1,2026-07-15T14:10:48.261217
41,2,9,1,0,1,2026-07-15T14:10:49.335112
41,2,10,0,0,0,2026-07-15T14:10:50.350983
41,3,1,4,0,4,2026-07-15T14:10:52.177120
41,3,2,4,0,4,2026-07-15T14:10:53.337816
41,3,3,3,0,3,2026-07-15T14:10:54.450997
41,3,4,3,0,3,2026-07-15T14:10:56.506063
41,3,5,4,0,4,2026-07-15T14:10:57.645048
41,3,6,3,0,3,2026-07-15T14:11:00.880108
41,3,7,4,0,4,2026-07-15T14:11:02.827892
41,3,8,3,0,3,2026-07-15T14:11:03.845051
41,3,9,3,0,3,2026-07-15T14:11:05.121711
41,3,10,3,0,3,2026-07-15T14:11:07.234980
41,4,1,0,0,0,2026-07-15T14:11:08.240982
41,4,2,0,0,0,2026-07-15T14:11:09.301752
41,4,3,0,0,0,2026-07-15T14:11:10.709990
41,4,4,0,0,0,2026-07-15T14:11:12.700948
41,4,5,0,0,0,2026-07-15T14:11:14.553183
41,4,6,0,0,0,2026-07-15T14:11:15.046916
41,4,7,0,0,0,2026-07-15T14:11:16.665564
41,4,8,0,0,0,2026-07-15T14:11:17.922220
41,4,9,0,0,0,2026-07-15T14:11:19.169180
41,4,10,0,0,0,2026-07-15T14:11:20.191142
41,5,1,3,0,3,2026-07-15T14:11:20.695998
41,5,2,3,0,3,2026-07-15T14:11:21.798268
41,5,3,3,0,3,2026-07-15T14:11:23.220046
41,5,4,3,0,3,2026-07-15T14:11:24.396803
41,5,5,3,0,3,2026-07-15T14:11:26.084834
41,5,6,3,0,3,2026-07-15T14:11:26.872888
41,5,7,2,0,2,2026-07-15T14:11:27.510055
41,5,8,3,0,3,2026-07-15T14:11:28.998289
41,5,9,3,0,3,2026-07-15T14:11:29.533465
41,5,10,3,0,3,2026-07-15T14:11:31.170117
41,6,1,0,0,0,2026-07-15T14:11:31.732270
41,6,2,0,0,0,2026-07-15T14:11:32.941548
41,6,3,0,0,0,2026-07-15T14:11:34.317949
41,6,4,0,0,0,2026-07-15T14:11:34.892110
41,6,5,0,0,0,2026-07-15T14:11:36.154707
41,6,6,0,0,0,2026-07-15T14:11:37.468192
41,6,7,0,0,0,2026-07-15T14:11:38.681101
41,6,8,0,0,0,2026-07-15T14:11:39.126553
41,6,9,0,0,0,2026-07-15T14:11:40.568104
41,6,10,0,0,0,2026-07-15T14:11:42.501350
41,7,1,4,0,4,2026-07-15T14:11:43.609019
41,7,2,4,0,4,2026-07-15T14:11:44.811001
41,7,3,3,0,3,2026-07-15T14:11:46.265887
41,7,4,4,0,4,2026-07-15T14:11:47.419186
41,7,5,4,0,4,2026-07-15T14:11:49.444260
41,7,6,4,0,4,2026-07-15T14:11:50.567111
41,7,7,4,0,4,2026-07-15T14:11:51.863840
41,7,8,4,0,4,2026-07-15T14:11:53.093989
41,7,9,4,0,4,2026-07-15T14:11:54.416541
41,7,10,4,0,4,2026-07-15T14:11:54.942435
41,8,1,2,0,2,2026-07-15T14:11:56.095321
41,8,2,3,0,3,2026-07-15T14:11:57.241283
41,8,3,2,0,2,2026-07-15T14:11:58.231561
41,8,4,3,0,3,2026-07-15T14:11:59.500225
41,8,5,2,0,2,2026-07-15T14:12:00.686625
41,8,6,2,0,2,2026-07-15T14:12:01.957553
41,8,7,2,0,2,2026-07-15T14:12:03.036311
41,8,8,3,0,3,2026-07-15T14:12:04.352580
41,8,9,3,0,3,2026-07-15T14:12:05.514586
41,8,10,2,0,2,2026-07-15T14:12:06.799278
41,9,1,5,0,5,2026-07-15T14:12:07.472280
41,9,2,4,0,4,2026-07-15T14:12:08.680016
41,9,3,4,0,4,2026-07-15T14:12:09.845324
41,9,4,4,0,4,2026-07-15T14:12:11.870726
41,9,5,4,0,4,2026-07-15T14:12:13.313916
41,9,6,4,0,4,2026-07-15T14:12:14.807271
41,9,7,4,0,4,2026-07-15T14:12:16.533266
41,9,8,4,0,4,2026-07-15T14:12:17.518499
41,9,9,4,0,4,2026-07-15T14:12:18.738855
41,9,10,5,0,5,2026-07-15T14:12:19.950298
42,1,1,3,0,3,2026-07-15T14:12:21.183577
42,1,2,3,0,3,2026-07-15T14:12:27.800181
42,1,3,3,0,3,2026-07-15T14:12:28.946555
42,1,4,3,0,3,2026-07-15T14:12:31.448387
42,1,5,3,0,3,2026-07-15T14:12:37.659070
42,1,6,3,0,3,2026-07-15T14:12:38.764037
42,1,7,3,0,3,2026-07-15T14:12:40.232223
42,1,8,3,0,3,2026-07-15T14:12:46.428801
42,1,9,3,0,3,2026-07-15T14:12:47.594729
42,1,10,3,0,3,2026-07-15T14:12:48.605123
42,2,1,1,0,1,2026-07-15T14:12:51.483221
42,2,2,2,0,2,2026-07-15T14:12:53.254538
42,2,3,1,0,1,2026-07-15T14:12:55.463979
42,2,4,2,0,2,2026-07-15T14:12:56.495994
42,2,5,1,0,1,2026-07-15T14:12:57.811306
42,2,6,2,0,2,2026-07-15T14:12:58.918639
42,2,7,2,0,2,2026-07-15T14:13:00.150896
42,2,8,2,0,2,2026-07-15T14:13:01.198084
42,2,9,1,0,1,2026-07-15T14:13:03.172822
42,2,10,2,0,2,2026-07-15T14:13:04.293692
42,3,1,3,0,3,2026-07-15T14:13:05.370326
42,3,2,3,0,3,2026-07-15T14:13:06.807878
42,3,3,3,0,3,2026-07-15T14:13:09.042731
42,3,4,3,0,3,2026-07-15T14:13:10.104518
42,3,5,3,0,3,2026-07-15T14:13:11.564178
42,3,6,3,0,3,2026-07-15T14:13:12.804185
42,3,7,3,0,3,2026-07-15T14:13:14.102126
42,3,8,3,0,3,2026-07-15T14:13:15.603828
42,3,9,3,0,3,2026-07-15T14:13:17.709092
42,3,10,3,0,3,2026-07-15T14:13:19.970837
42,4,1,0,0,0,2026-07-15T14:13:21.984700
42,4,2,0,0,0,2026-07-15T14:13:25.144559
42,4,3,0,0,0,2026-07-15T14:13:26.308449
42,4,4,0,0,0,2026-07-15T14:13:27.525051
42,4,5,0,0,0,2026-07-15T14:13:28.717412
42,4,6,0,0,0,2026-07-15T14:13:30.448853
42,4,7,0,0,0,2026-07-15T14:13:32.070538
42,4,8,0,0,0,2026-07-15T14:13:33.331800
42,4,9,0,0,0,2026-07-15T14:13:35.705278
42,4,10,0,0,0,2026-07-15T14:13:37.740529
42,5,1,3,0,3,2026-07-15T14:13:39.020405
42,5,2,3,0,3,2026-07-15T14:13:40.360709
42,5,3,3,0,3,2026-07-15T14:13:41.480946
42,5,4,3,0,3,2026-07-15T14:13:42.690517
42,5,5,3,0,3,2026-07-15T14:13:44.217019
42,5,6,3,0,3,2026-07-15T14:13:44.870408
42,5,7,3,0,3,2026-07-15T14:13:46.319403
42,5,8,3,0,3,2026-07-15T14:13:47.464403
42,5,9,3,0,3,2026-07-15T14:13:48.856547
42,5,10,3,0,3,2026-07-15T14:13:50.085392
42,6,1,0,0,0,2026-07-15T14:13:51.323197
42,6,2,0,0,0,2026-07-15T14:13:51.824973
42,6,3,0,0,0,2026-07-15T14:13:53.030785
42,6,4,0,0,0,2026-07-15T14:13:54.358052
42,6,5,0,0,0,2026-07-15T14:13:55.414014
42,6,6,1,0,1,2026-07-15T14:13:56.578354
42,6,7,0,0,0,2026-07-15T14:13:58.043761
42,6,8,0,0,0,2026-07-15T14:13:59.242064
42,6,9,0,0,0,2026-07-15T14:14:00.594054
42,6,10,1,0,1,2026-07-15T14:14:01.636288
42,7,1,3,0,3,2026-07-15T14:14:03.069088
42,7,2,3,0,3,2026-07-15T14:14:03.504484
42,7,3,3,0,3,2026-07-15T14:14:04.640461
42,7,4,3,0,3,2026-07-15T14:14:06.625206
42,7,5,3,0,3,2026-07-15T14:14:07.243237
42,7,6,3,0,3,2026-07-15T14:14:08.423961
42,7,7,3,0,3,2026-07-15T14:14:09.682115
42,7,8,3,0,3,2026-07-15T14:14:12.011951
42,7,9,3,0,3,2026-07-15T14:14:12.620285
42,7,10,3,0,3,2026-07-15T14:14:13.171486
42,8,1,2,0,2,2026-07-15T14:14:14.800908
42,8,2,2,0,2,2026-07-15T14:14:16.461091
42,8,3,3,0,3,2026-07-15T14:14:17.906880
42,8,4,2,0,2,2026-07-15T14:14:19.590259
42,8,5,3,0,3,2026-07-15T14:14:20.792465
42,8,6,2,0,2,2026-07-15T14:14:22.023162
42,8,7,3,0,3,2026-07-15T14:14:23.442700
42,8,8,3,0,3,2026-07-15T14:14:25.016241
42,8,9,2,0,2,2026-07-15T14:14:26.195840
42,8,10,2,0,2,2026-07-15T14:14:28.145955
42,9,1,4,0,4,2026-07-15T14:14:29.570629
42,9,2,5,0,5,2026-07-15T14:14:31.084498
42,9,3,4,0,4,2026-07-15T14:14:32.151410
42,9,4,4,0,4,2026-07-15T14:14:33.435411
42,9,5,4,0,4,2026-07-15T14:14:34.547613
42,9,6,4,0,4,2026-07-15T14:14:35.739239
42,9,7,4,0,4,2026-07-15T14:14:38.040421
42,9,8,4,0,4,2026-07-15T14:14:40.149892
42,9,9,4,0,4,2026-07-15T14:14:42.211046
42,9,10,4,0,4,2026-07-15T14:14:43.581116
43,1,1,3,0,3,2026-07-15T14:14:44.675918
43,1,2,3,0,3,2026-07-15T14:14:45.817236
43,1,3,2,0,2,2026-07-15T14:14:46.466743
43,1,4,3,0,3,2026-07-15T14:14:47.830761
43,1,5,3,0,3,2026-07-15T14:14:48.974740
43,1,6,3,0,3,2026-07-15T14:14:50.526512
43,1,7,3,0,3,2026-07-15T14:14:53.232526
43,1,8,3,0,3,2026-07-15T14:14:54.422223
43,1,9,3,0,3,2026-07-15T14:14:55.737138
43,1,10,2,0,2,2026-07-15T14:14:56.382270
43,2,1,0,0,0,2026-07-15T14:14:56.948414
43,2,2,2,0,2,2026-07-15T14:14:58.299682
43,2,3,3,0,3,2026-07-15T14:14:59.428460
43,2,4,2,0,2,2026-07-15T14:15:01.460703
43,2,5,2,0,2,2026-07-15T14:15:02.447249
43,2,6,0,0,0,2026-07-15T14:15:03.032997
43,2,7,2,0,2,2026-07-15T14:15:04.683149
43,2,8,2,0,2,2026-07-15T14:15:05.794893
43,2,9,2,0,2,2026-07-15T14:15:07.092231
43,2,10,0,0,0,2026-07-15T14:15:07.815785
43,3,1,3,0,3,2026-07-15T14:15:09.468851
43,3,2,3,0,3,2026-07-15T14:15:10.479886
43,3,3,4,0,4,2026-07-15T14:15:11.546839
43,3,4,3,0,3,2026-07-15T14:15:13.667623
43,3,5,3,0,3,2026-07-15T14:15:15.123108
43,3,6,3,0,3,2026-07-15T14:15:15.677232
43,3,7,3,0,3,2026-07-15T14:15:17.392387
43,3,8,3,0,3,2026-07-15T14:15:18.570779
43,3,9,3,0,3,2026-07-15T14:15:19.732686
43,3,10,3,0,3,2026-07-15T14:15:21.124028
43,4,1,1,0,1,2026-07-15T14:15:22.458933
43,4,2,1,0,1,2026-07-15T14:15:24.010215
43,4,3,1,0,1,2026-07-15T14:15:25.060443
43,4,4,1,0,1,2026-07-15T14:15:26.403402
43,4,5,1,0,1,2026-07-15T14:15:27.538715
43,4,6,1,0,1,2026-07-15T14:15:28.776400
43,4,7,1,0,1,2026-07-15T14:15:30.536816
43,4,8,1,0,1,2026-07-15T14:15:32.558315
43,4,9,1,0,1,2026-07-15T14:15:33.858148
43,4,10,0,0,0,2026-07-15T14:15:34.488621
43,5,1,3,0,3,2026-07-15T14:15:35.055153
43,5,2,3,0,3,2026-07-15T14:15:36.732022
43,5,3,3,0,3,2026-07-15T14:15:37.713781
43,5,4,3,0,3,2026-07-15T14:15:39.696680
43,5,5,3,0,3,2026-07-15T14:15:41.323558
43,5,6,3,0,3,2026-07-15T14:15:42.652779
43,5,7,3,0,3,2026-07-15T14:15:43.730383
43,5,8,3,0,3,2026-07-15T14:15:45.187868
43,5,9,3,0,3,2026-07-15T14:15:47.026668
43,5,10,3,0,3,2026-07-15T14:15:48.423916
43,6,1,1,0,1,2026-07-15T14:15:49.437869
43,6,2,2,0,2,2026-07-15T14:15:50.618188
43,6,3,1,0,1,2026-07-15T14:15:51.725430
43,6,4,0,0,0,2026-07-15T14:15:52.540474
43,6,5,0,0,0,2026-07-15T14:15:54.278901
43,6,6,2,0,2,2026-07-15T14:15:55.673849
43,6,7,0,0,0,2026-07-15T14:15:56.136773
43,6,8,2,0,2,2026-07-15T14:15:57.653745
43,6,9,2,0,2,2026-07-15T14:15:58.870161
43,6,10,2,0,2,2026-07-15T14:16:00.673311
43,7,1,3,0,3,2026-07-15T14:16:01.444560
43,7,2,3,0,3,2026-07-15T14:16:02.866576
43,7,3,3,0,3,2026-07-15T14:16:04.041650
43,7,4,3,0,3,2026-07-15T14:16:05.117518
43,7,5,4,0,4,2026-07-15T14:16:06.164216
43,7,6,3,0,3,2026-07-15T14:16:07.377594
43,7,7,3,0,3,2026-07-15T14:16:07.824177
43,7,8,3,0,3,2026-07-15T14:16:08.933144
43,7,9,3,0,3,2026-07-15T14:16:11.568024
43,7,10,3,0,3,2026-07-15T14:16:13.042221
43,8,1,3,0,3,2026-07-15T14:16:13.766667
43,8,2,3,0,3,2026-07-15T14:16:14.964180
43,8,3,3,0,3,2026-07-15T14:16:16.008988
43,8,4,3,0,3,2026-07-15T14:16:17.066313
43,8,5,3,0,3,2026-07-15T14:16:17.743438
43,8,6,3,0,3,2026-07-15T14:16:18.845769
43,8,7,3,0,3,2026-07-15T14:16:22.000681
43,8,8,3,0,3,2026-07-15T14:16:23.550512
43,8,9,3,0,3,2026-07-15T14:16:24.588792
43,8,10,3,0,3,2026-07-15T14:16:30.827736
43,9,1,4,0,4,2026-07-15T14:16:32.639884
43,9,2,4,0,4,2026-07-15T14:16:33.900860
43,9,3,4,0,4,2026-07-15T14:16:36.907573
43,9,4,5,0,5,2026-07-15T14:16:38.242541
43,9,5,5,0,5,2026-07-15T14:16:39.082808
43,9,6,4,0,4,2026-07-15T14:16:41.385934
43,9,7,4,0,4,2026-07-15T14:16:42.764774
43,9,8,5,0,5,2026-07-15T14:16:43.298644
43,9,9,5,0,5,2026-07-15T14:16:43.724966
43,9,10,4,0,4,2026-07-15T14:16:44.689061
44,1,1,2,0,2,2026-07-15T14:16:45.120296
44,1,2,2,0,2,2026-07-15T14:16:45.622318
44,1,3,3,0,3,2026-07-15T14:16:47.635451
44,1,4,3,0,3,2026-07-15T14:16:48.286253
44,1,5,3,0,3,2026-07-15T14:16:50.439209
44,1,6,3,0,3,2026-07-15T14:16:51.831547
44,1,7,2,0,2,2026-07-15T14:16:52.285394
44,1,8,3,0,3,2026-07-15T14:16:53.308834
44,1,9,3,0,3,2026-07-15T14:16:53.771581
44,1,10,3,0,3,2026-07-15T14:16:55.714474
44,2,1,0,0,0,2026-07-15T14:16:57.352782
44,2,2,0,0,0,2026-07-15T14:16:58.760337
44,2,3,0,0,0,2026-07-15T14:16:59.892817
44,2,4,0,0,0,2026-07-15T14:17:01.072113
44,2,5,0,0,0,2026-07-15T14:17:02.306126
44,2,6,0,0,0,2026-07-15T14:17:02.823174
44,2,7,0,0,0,2026-07-15T14:17:04.301711
44,2,8,0,0,0,2026-07-15T14:17:05.499920
44,2,9,0,0,0,2026-07-15T14:17:06.065830
44,2,10,0,0,0,2026-07-15T14:17:08.266128
44,3,1,3,0,3,2026-07-15T14:17:08.767847
44,3,2,3,0,3,2026-07-15T14:17:09.446699
44,3,3,3,0,3,2026-07-15T14:17:10.465677
44,3,4,4,0,4,2026-07-15T14:17:11.748137
44,3,5,3,0,3,2026-07-15T14:17:13.163365
44,3,6,3,0,3,2026-07-15T14:17:13.619273
44,3,7,3,0,3,2026-07-15T14:17:14.353063
44,3,8,3,0,3,2026-07-15T14:17:15.006874
44,3,9,3,0,3,2026-07-15T14:17:15.562239
44,3,10,3,0,3,2026-07-15T14:17:16.764873
44,4,1,0,0,0,2026-07-15T14:17:18.028105
44,4,2,0,0,0,2026-07-15T14:17:19.539126
44,4,3,0,0,0,2026-07-15T14:17:21.119839
44,4,4,0,0,0,2026-07-15T14:17:21.930029
44,4,5,0,0,0,2026-07-15T14:17:22.675650
44,4,6,0,0,0,2026-07-15T14:17:24.706171
44,4,7,0,0,0,2026-07-15T14:17:27.303521
44,4,8,0,0,0,2026-07-15T14:17:29.465101
44,4,9,0,0,0,2026-07-15T14:17:30.757527
44,4,10,0,0,0,2026-07-15T14:17:32.155768
44,5,1,3,0,3,2026-07-15T14:17:34.144163
44,5,2,3,0,3,2026-07-15T14:17:40.724725
44,5,3,3,0,3,2026-07-15T14:17:44.006838
44,5,4,3,0,3,2026-07-15T14:17:45.159269
44,5,5,2,0,2,2026-07-15T14:17:45.863582
44,5,6,3,0,3,2026-07-15T14:17:50.511082
44,5,7,3,0,3,2026-07-15T14:17:51.612942
44,5,8,3,0,3,2026-07-15T14:17:52.721455
44,5,9,3,0,3,2026-07-15T14:17:53.770372
44,5,10,3,0,3,2026-07-15T14:17:55.282325
44,6,1,0,0,0,2026-07-15T14:17:56.866961
44,6,2,0,0,0,2026-07-15T14:17:58.180469
44,6,3,0,0,0,2026-07-15T14:17:58.968436
44,6,4,0,0,0,2026-07-15T14:17:59.615121
44,6,5,0,0,0,2026-07-15T14:18:00.967215
44,6,6,0,0,0,2026-07-15T14:18:01.626963
44,6,7,0,0,0,2026-07-15T14:18:03.995797
44,6,8,0,0,0,2026-07-15T14:18:05.698961
44,6,9,0,0,0,2026-07-15T14:18:06.471632
44,6,10,0,0,0,2026-07-15T14:18:07.747464
44,7,1,3,0,3,2026-07-15T14:18:08.741606
44,7,2,4,0,4,2026-07-15T14:18:09.989642
44,7,3,4,0,4,2026-07-15T14:18:11.236726
44,7,4,3,0,3,2026-07-15T14:18:12.024282
44,7,5,4,0,4,2026-07-15T14:18:14.043947
44,7,6,4,0,4,2026-07-15T14:18:15.543057
44,7,7,4,0,4,2026-07-15T14:18:18.268736
44,7,8,3,0,3,2026-07-15T14:18:19.419633
44,7,9,4,0,4,2026-07-15T14:18:20.961644
44,7,10,4,0,4,2026-07-15T14:18:23.889244
44,8,1,0,0,0,2026-07-15T14:18:26.907972
44,8,2,0,0,0,2026-07-15T14:18:28.618726
44,8,3,0,0,0,2026-07-15T14:18:29.272083
44,8,4,1,0,1,2026-07-15T14:18:30.307046
44,8,5,0,0,0,2026-07-15T14:18:30.911991
44,8,6,0,0,0,2026-07-15T14:18:32.006360
44,8,7,0,0,0,2026-07-15T14:18:33.268713
44,8,8,0,0,0,2026-07-15T14:18:34.258434
44,8,9,1,0,1,2026-07-15T14:18:36.104520
44,8,10,0,0,0,2026-07-15T14:18:37.273836
44,9,1,5,0,5,2026-07-15T14:18:38.950843
44,9,2,5,0,5,2026-07-15T14:18:40.149329
44,9,3,5,0,5,2026-07-15T14:18:41.439778
44,9,4,5,0,5,2026-07-15T14:18:43.124860
44,9,5,5,0,5,2026-07-15T14:18:45.848955
44,9,6,5,0,5,2026-07-15T14:18:47.993670
44,9,7,5,0,5,2026-07-15T14:18:49.920021
44,9,8,5,0,5,2026-07-15T14:18:51.990572
44,9,9,5,0,5,2026-07-15T14:18:53.485086
44,9,10,5,0,5,2026-07-15T14:18:54.807775
45,1,1,3,0,3,2026-07-15T14:18:56.160328
45,1,2,3,0,3,2026-07-15T14:18:56.850346
45,1,3,3,0,3,2026-07-15T14:18:57.578728
45,1,4,3,0,3,2026-07-15T14:18:59.311705
45,1,5,3,0,3,2026-07-15T14:19:00.750728
45,1,6,3,0,3,2026-07-15T14:19:01.352589
45,1,7,3,0,3,2026-07-15T14:19:02.343900
45,1,8,3,0,3,2026-07-15T14:19:03.088113
45,1,9,3,0,3,2026-07-15T14:19:04.624855
45,1,10,3,0,3,2026-07-15T14:19:05.303348
45,2,1,0,0,0,2026-07-15T14:19:06.861504
45,2,2,0,0,0,2026-07-15T14:19:09.007498
45,2,3,0,0,0,2026-07-15T14:19:09.843559
45,2,4,0,0,0,2026-07-15T14:19:11.126375
45,2,5,0,0,0,2026-07-15T14:19:12.386349
45,2,6,0,0,0,2026-07-15T14:19:14.002951
45,2,7,0,0,0,2026-07-15T14:19:15.209551
45,2,8,0,0,0,2026-07-15T14:19:16.254166
45,2,9,0,0,0,2026-07-15T14:19:18.201696
45,2,10,0,0,0,2026-07-15T14:19:19.579128
45,3,1,3,0,3,2026-07-15T14:19:21.341565
45,3,2,3,0,3,2026-07-15T14:19:22.979894
45,3,3,3,0,3,2026-07-15T14:19:24.519917
45,3,4,3,0,3,2026-07-15T14:19:25.865308
45,3,5,2,0,2,2026-07-15T14:19:27.817813
45,3,6,3,0,3,2026-07-15T14:19:29.658705
45,3,7,3,0,3,2026-07-15T14:19:31.820543
45,3,8,3,0,3,2026-07-15T14:19:33.328266
45,3,9,3,0,3,2026-07-15T14:19:34.625892
45,3,10,3,0,3,2026-07-15T14:19:36.052720
45,4,1,0,0,0,2026-07-15T14:19:37.779131
45,4,2,0,0,0,2026-07-15T14:19:38.749382
45,4,3,0,0,0,2026-07-15T14:19:39.238232
45,4,4,0,0,0,2026-07-15T14:19:40.715773
45,4,5,0,0,0,2026-07-15T14:19:41.961273
45,4,6,0,0,0,2026-07-15T14:19:43.114136
45,4,7,0,0,0,2026-07-15T14:19:44.488010
45,4,8,0,0,0,2026-07-15T14:19:45.578399
45,4,9,0,0,0,2026-07-15T14:19:47.086053
45,4,10,0,0,0,2026-07-15T14:19:48.124975
45,5,1,0,0,0,2026-07-15T14:19:49.759120
45,5,2,2,0,2,2026-07-15T14:19:51.013867
45,5,3,1,0,1,2026-07-15T14:19:52.350891
45,5,4,2,0,2,2026-07-15T14:19:53.403239
45,5,5,2,0,2,2026-07-15T14:19:54.454685
45,5,6,1,0,1,2026-07-15T14:19:58.699449
45,5,7,2,0,2,2026-07-15T14:20:00.252580
45,5,8,1,0,1,2026-07-15T14:20:01.020849
45,5,9,1,0,1,2026-07-15T14:20:01.740891
45,5,10,0,0,0,2026-07-15T14:20:02.396327
45,6,1,0,0,0,2026-07-15T14:20:04.564648
45,6,2,0,0,0,2026-07-15T14:20:05.701841
45,6,3,1,0,1,2026-07-15T14:20:07.892580
45,6,4,0,0,0,2026-07-15T14:20:11.449389
45,6,5,1,0,1,2026-07-15T14:20:12.765649
45,6,6,1,0,1,2026-07-15T14:20:14.359736
45,6,7,1,0,1,2026-07-15T14:20:15.534330
45,6,8,1,0,1,2026-07-15T14:20:16.781999
45,6,9,0,0,0,2026-07-15T14:20:17.230606
45,6,10,1,0,1,2026-07-15T14:20:18.936543
45,7,1,3,0,3,2026-07-15T14:20:20.146667
45,7,2,3,0,3,2026-07-15T14:20:22.157599
45,7,3,3,0,3,2026-07-15T14:20:23.348095
45,7,4,3,0,3,2026-07-15T14:20:24.638484
45,7,5,4,0,4,2026-07-15T14:20:25.860211
45,7,6,4,0,4,2026-07-15T14:20:27.265468
45,7,7,4,0,4,2026-07-15T14:20:28.881566
45,7,8,3,0,3,2026-07-15T14:20:32.138910
45,7,9,3,0,3,2026-07-15T14:20:36.809918
45,7,10,3,0,3,2026-07-15T14:20:38.022524
45,8,1,1,0,1,2026-07-15T14:20:39.857767
45,8,2,1,0,1,2026-07-15T14:20:41.532893
45,8,3,1,0,1,2026-07-15T14:20:42.713647
45,8,4,2,0,2,2026-07-15T14:20:46.990125
45,8,5,0,0,0,2026-07-15T14:20:47.828015
45,8,6,1,0,1,2026-07-15T14:20:49.405761
45,8,7,1,0,1,2026-07-15T14:20:50.913226
45,8,8,1,0,1,2026-07-15T14:20:52.580192
45,8,9,0,0,0,2026-07-15T14:20:53.728017
45,8,10,0,0,0,2026-07-15T14:20:54.381158
45,9,1,3,0,3,2026-07-15T14:20:55.077989
45,9,2,3,0,3,2026-07-15T14:20:56.815383
45,9,3,4,0,4,2026-07-15T14:20:58.873740
45,9,4,3,0,3,2026-07-15T14:21:01.245141
45,9,5,3,0,3,2026-07-15T14:21:02.694404
45,9,6,3,0,3,2026-07-15T14:21:04.898696
45,9,7,4,0,4,2026-07-15T14:21:05.755806
45,9,8,3,0,3,2026-07-15T14:21:06.803320
45,9,9,4,0,4,2026-07-15T14:21:08.125721
45,9,10,4,0,4,2026-07-15T14:21:09.653775
46,1,1,3,0,3,2026-07-15T14:21:10.833181
46,1,2,2,0,2,2026-07-15T14:21:11.484627
46,1,3,3,0,3,2026-07-15T14:21:14.470747
46,1,4,3,0,3,2026-07-15T14:21:16.190975
46,1,5,3,0,3,2026-07-15T14:21:17.690629
46,1,6,3,0,3,2026-07-15T14:21:18.833553
46,1,7,3,0,3,2026-07-15T14:21:19.916646
46,1,8,3,0,3,2026-07-15T14:21:21.040650
46,1,9,3,0,3,2026-07-15T14:21:22.507097
46,1,10,3,0,3,2026-07-15T14:21:23.943666
46,2,1,1,0,1,2026-07-15T14:21:25.261792
46,2,2,1,0,1,2026-07-15T14:21:27.346631
46,2,3,1,0,1,2026-07-15T14:21:28.520623
46,2,4,0,0,0,2026-07-15T14:21:32.344411
46,2,5,1,0,1,2026-07-15T14:21:34.272151
46,2,6,1,0,1,2026-07-15T14:21:35.953083
46,2,7,0,0,0,2026-07-15T14:21:40.595223
46,2,8,0,0,0,2026-07-15T14:21:43.924546
46,2,9,1,0,1,2026-07-15T14:21:45.358152
46,2,10,1,0,1,2026-07-15T14:21:46.650032
46,3,1,3,0,3,2026-07-15T14:21:51.655541
46,3,2,3,0,3,2026-07-15T14:21:53.539174
46,3,3,3,0,3,2026-07-15T14:21:55.331032
46,3,4,3,0,3,2026-07-15T14:21:56.999028
46,3,5,3,0,3,2026-07-15T14:21:59.126807
46,3,6,3,0,3,2026-07-15T14:22:00.647750
46,3,7,3,0,3,2026-07-15T14:22:02.187073
46,3,8,3,0,3,2026-07-15T14:22:03.887170
46,3,9,3,0,3,2026-07-15T14:22:06.440425
46,3,10,3,0,3,2026-07-15T14:22:08.020649
46,4,1,0,0,0,2026-07-15T14:22:11.660673
46,4,2,0,0,0,2026-07-15T14:22:12.883568
46,4,3,0,0,0,2026-07-15T14:22:19.881988
46,4,4,0,0,0,2026-07-15T14:22:23.461672
46,4,5,0,0,0,2026-07-15T14:22:25.782126
46,4,6,0,0,0,2026-07-15T14:22:27.480721
46,4,7,0,0,0,2026-07-15T14:22:28.837714
46,4,8,0,0,0,2026-07-15T14:22:31.002451
46,4,9,0,0,0,2026-07-15T14:22:37.629878
46,4,10,0,0,0,2026-07-15T14:22:41.676851
46,5,1,2,0,2,2026-07-15T14:22:49.102752
46,5,2,3,0,3,2026-07-15T14:22:50.473413
46,5,3,3,0,3,2026-07-15T14:22:57.155435
46,5,4,3,0,3,2026-07-15T14:23:05.273737
46,5,5,3,0,3,2026-07-15T14:23:07.376004
46,5,6,3,0,3,2026-07-15T14:23:09.059962
46,5,7,3,0,3,2026-07-15T14:23:10.231795
46,5,8,3,0,3,2026-07-15T14:23:11.982331
46,5,9,3,0,3,2026-07-15T14:23:15.555143
46,5,10,3,0,3,2026-07-15T14:23:17.861152
46,6,1,0,0,0,2026-07-15T14:23:18.908157
46,6,2,0,0,0,2026-07-15T14:23:20.936538
46,6,3,1,0,1,2026-07-15T14:23:25.139340
46,6,4,1,0,1,2026-07-15T14:23:26.180192
46,6,5,1,0,1,2026-07-15T14:23:27.467666
46,6,6,1,0,1,2026-07-15T14:23:28.675626
46,6,7,1,0,1,2026-07-15T14:23:30.202114
46,6,8,0,0,0,2026-07-15T14:23:31.659110
46,6,9,1,0,1,2026-07-15T14:23:33.356946
46,6,10,0,0,0,2026-07-15T14:23:34.651617
46,7,1,3,0,3,2026-07-15T14:23:35.990028
46,7,2,3,0,3,2026-07-15T14:23:37.273480
46,7,3,4,0,4,2026-07-15T14:23:38.509142
46,7,4,3,0,3,2026-07-15T14:23:39.724130
46,7,5,4,0,4,2026-07-15T14:23:40.977028
46,7,6,3,0,3,2026-07-15T14:23:42.915446
46,7,7,4,0,4,2026-07-15T14:23:44.324166
46,7,8,3,0,3,2026-07-15T14:23:45.831480
46,7,9,3,0,3,2026-07-15T14:23:47.160734
46,7,10,3,0,3,2026-07-15T14:23:48.294245
46,8,1,3,0,3,2026-07-15T14:23:50.008015
46,8,2,2,0,2,2026-07-15T14:23:51.587437
46,8,3,2,0,2,2026-07-15T14:23:52.961752
46,8,4,2,0,2,2026-07-15T14:23:54.188998
46,8,5,2,0,2,2026-07-15T14:23:55.332643
46,8,6,3,0,3,2026-07-15T14:23:56.424418
46,8,7,0,0,0,2026-07-15T14:23:57.004175
46,8,8,0,0,0,2026-07-15T14:23:57.919117
46,8,9,0,0,0,2026-07-15T14:23:58.540587
46,8,10,2,0,2,2026-07-15T14:24:00.323913
46,9,1,5,0,5,2026-07-15T14:24:01.161600
46,9,2,4,0,4,2026-07-15T14:24:02.626404
46,9,3,4,0,4,2026-07-15T14:24:04.201840
46,9,4,4,0,4,2026-07-15T14:24:06.233925
46,9,5,5,0,5,2026-07-15T14:24:07.266750
46,9,6,4,0,4,2026-07-15T14:24:08.600478
46,9,7,5,0,5,2026-07-15T14:24:10.365447
46,9,8,4,0,4,2026-07-15T14:24:11.964681
46,9,9,4,0,4,2026-07-15T14:24:13.182261
46,9,10,4,0,4,2026-07-15T14:24:15.092520
47,1,1,3,0,3,2026-07-15T14:24:16.790532
47,1,2,3,0,3,2026-07-15T14:24:18.606458
47,1,3,3,0,3,2026-07-15T14:24:19.766499
47,1,4,3,0,3,2026-07-15T14:24:21.505699
47,1,5,3,0,3,2026-07-15T14:24:23.471115
47,1,6,2,0,2,2026-07-15T14:24:24.684592
47,1,7,3,0,3,2026-07-15T14:24:26.060628
47,1,8,3,0,3,2026-07-15T14:24:27.697951
47,1,9,3,0,3,2026-07-15T14:24:30.452235
47,1,10,3,0,3,2026-07-15T14:24:31.902593
47,2,1,0,0,0,2026-07-15T14:24:33.706485
47,2,2,0,0,0,2026-07-15T14:24:35.064538
47,2,3,0,0,0,2026-07-15T14:24:35.831753
47,2,4,1,0,1,2026-07-15T14:24:38.060080
47,2,5,0,0,0,2026-07-15T14:24:39.868077
47,2,6,1,0,1,2026-07-15T14:24:41.680960
47,2,7,1,0,1,2026-07-15T14:24:43.663519
47,2,8,1,0,1,2026-07-15T14:24:45.018464
47,2,9,0,0,0,2026-07-15T14:24:46.598007
47,2,10,1,0,1,2026-07-15T14:24:48.573931
47,3,1,3,0,3,2026-07-15T14:24:50.046720
47,3,2,3,0,3,2026-07-15T14:24:51.356705
47,3,3,3,0,3,2026-07-15T14:24:52.367674
47,3,4,3,0,3,2026-07-15T14:24:54.118589
47,3,5,3,0,3,2026-07-15T14:24:55.790741
47,3,6,3,0,3,2026-07-15T14:24:57.233073
47,3,7,3,0,3,2026-07-15T14:24:58.357415
47,3,8,3,0,3,2026-07-15T14:25:00.299594
47,3,9,3,0,3,2026-07-15T14:25:01.752752
47,3,10,3,0,3,2026-07-15T14:25:03.479030
47,4,1,0,0,0,2026-07-15T14:25:04.787561
47,4,2,1,0,1,2026-07-15T14:25:07.097841
47,4,3,1,0,1,2026-07-15T14:25:08.868974
47,4,4,0,0,0,2026-07-15T14:25:11.596428
47,4,5,1,0,1,2026-07-15T14:25:12.925438
47,4,6,1,0,1,2026-07-15T14:25:14.237499
47,4,7,1,0,1,2026-07-15T14:25:16.658188
47,4,8,0,0,0,2026-07-15T14:25:18.733019
47,4,9,0,0,0,2026-07-15T14:25:21.593100
47,4,10,0,0,0,2026-07-15T14:25:24.240020
47,5,1,1,0,1,2026-07-15T14:25:25.579877
47,5,2,1,0,1,2026-07-15T14:25:31.991701
47,5,3,1,0,1,2026-07-15T14:25:35.567010
47,5,4,1,0,1,2026-07-15T14:25:37.284887
47,5,5,1,0,1,2026-07-15T14:25:39.776331
47,5,6,1,0,1,2026-07-15T14:25:41.234512
47,5,7,1,0,1,2026-07-15T14:25:43.302054
47,5,8,1,0,1,2026-07-15T14:25:46.197211
47,5,9,1,0,1,2026-07-15T14:25:49.453630
47,5,10,1,0,1,2026-07-15T14:25:51.214017
47,6,1,0,0,0,2026-07-15T14:25:53.771795
47,6,2,1,0,1,2026-07-15T14:25:56.546972
47,6,3,0,0,0,2026-07-15T14:25:57.933443
47,6,4,0,0,0,2026-07-15T14:25:59.165268
47,6,5,1,0,1,2026-07-15T14:26:01.031313
47,6,6,1,0,1,2026-07-15T14:26:05.372240
47,6,7,1,0,1,2026-07-15T14:26:07.490007
47,6,8,1,0,1,2026-07-15T14:26:09.044807
47,6,9,1,0,1,2026-07-15T14:26:10.562106
47,6,10,1,0,1,2026-07-15T14:26:12.666393
47,7,1,4,0,4,2026-07-15T14:26:13.735649
47,7,2,4,0,4,2026-07-15T14:26:14.829341
47,7,3,4,0,4,2026-07-15T14:26:16.822987
47,7,4,3,0,3,2026-07-15T14:26:18.367633
47,7,5,4,0,4,2026-07-15T14:26:20.147002
47,7,6,3,0,3,2026-07-15T14:26:21.627502
47,7,7,3,0,3,2026-07-15T14:26:23.198216
47,7,8,4,0,4,2026-07-15T14:26:26.264018
47,7,9,4,0,4,2026-07-15T14:26:28.206716
47,7,10,4,0,4,2026-07-15T14:26:30.005030
47,8,1,2,0,2,2026-07-15T14:26:32.071739
47,8,2,1,0,1,2026-07-15T14:26:34.889401
47,8,3,2,0,2,2026-07-15T14:26:36.080389
47,8,4,0,0,0,2026-07-15T14:26:39.867974
47,8,5,0,0,0,2026-07-15T14:26:41.671858
47,8,6,1,0,1,2026-07-15T14:26:43.162393
47,8,7,0,0,0,2026-07-15T14:26:44.977639
47,8,8,1,0,1,2026-07-15T14:26:46.812750
47,8,9,0,0,0,2026-07-15T14:26:49.659133
47,8,10,1,0,1,2026-07-15T14:26:56.161817
47,9,1,4,0,4,2026-07-15T14:26:57.952460
47,9,2,4,0,4,2026-07-15T14:27:04.624811
47,9,3,4,0,4,2026-07-15T14:27:05.884753
47,9,4,4,0,4,2026-07-15T14:27:07.926955
47,9,5,4,0,4,2026-07-15T14:27:09.936510
47,9,6,4,0,4,2026-07-15T14:27:11.236118
47,9,7,4,0,4,2026-07-15T14:27:14.113181
47,9,8,4,0,4,2026-07-15T14:27:15.759668
47,9,9,4,0,4,2026-07-15T14:27:17.967547
47,9,10,4,0,4,2026-07-15T14:27:19.672692
48,1,1,3,0,3,2026-07-15T14:27:20.928387
48,1,2,3,0,3,2026-07-15T14:27:22.050495
48,1,3,3,0,3,2026-07-15T14:27:24.162013
48,1,4,3,0,3,2026-07-15T14:27:25.644049
48,1,5,3,0,3,2026-07-15T14:27:27.093803
48,1,6,3,0,3,2026-07-15T14:27:28.716826
48,1,7,3,0,3,2026-07-15T14:27:30.577754
48,1,8,3,0,3,2026-07-15T14:27:31.881600
48,1,9,2,0,2,2026-07-15T14:27:32.785794
48,1,10,2,0,2,2026-07-15T14:27:33.642676
48,2,1,0,0,0,2026-07-15T14:27:34.134459
48,2,2,1,0,1,2026-07-15T14:27:35.893680
48,2,3,1,0,1,2026-07-15T14:27:38.021584
48,2,4,1,0,1,2026-07-15T14:27:39.364029
48,2,5,1,0,1,2026-07-15T14:27:41.071618
48,2,6,0,0,0,2026-07-15T14:27:42.414631
48,2,7,1,0,1,2026-07-15T14:27:44.196672
48,2,8,1,0,1,2026-07-15T14:27:45.958715
48,2,9,1,0,1,2026-07-15T14:27:47.916244
48,2,10,1,0,1,2026-07-15T14:27:49.337793
48,3,1,3,0,3,2026-07-15T14:27:51.552051
48,3,2,3,0,3,2026-07-15T14:27:55.846990
48,3,3,3,0,3,2026-07-15T14:27:57.239751
48,3,4,3,0,3,2026-07-15T14:27:58.837484
48,3,5,3,0,3,2026-07-15T14:28:00.432524
48,3,6,3,0,3,2026-07-15T14:28:02.305158
48,3,7,3,0,3,2026-07-15T14:28:03.459251
48,3,8,3,0,3,2026-07-15T14:28:07.356705
48,3,9,3,0,3,2026-07-15T14:28:08.976765
48,3,10,3,0,3,2026-07-15T14:28:11.930174
48,4,1,0,0,0,2026-07-15T14:28:13.275117
48,4,2,0,0,0,2026-07-15T14:28:14.761159
48,4,3,0,0,0,2026-07-15T14:28:15.954398
48,4,4,0,0,0,2026-07-15T14:28:18.014017
48,4,5,0,0,0,2026-07-15T14:28:20.050806
48,4,6,0,0,0,2026-07-15T14:28:21.457448
48,4,7,0,0,0,2026-07-15T14:28:23.164563
48,4,8,0,0,0,2026-07-15T14:28:24.675689
48,4,9,0,0,0,2026-07-15T14:28:26.975644
48,4,10,0,0,0,2026-07-15T14:28:32.226305
48,5,1,3,0,3,2026-07-15T14:28:34.450625
48,5,2,3,0,3,2026-07-15T14:28:36.234417
48,5,3,3,0,3,2026-07-15T14:28:38.167290
48,5,4,3,0,3,2026-07-15T14:28:39.597704
48,5,5,3,0,3,2026-07-15T14:28:41.849539
48,5,6,2,0,2,2026-07-15T14:28:43.285120
48,5,7,3,0,3,2026-07-15T14:28:45.114401
48,5,8,3,0,3,2026-07-15T14:28:47.303155
48,5,9,3,0,3,2026-07-15T14:28:49.091198
48,5,10,3,0,3,2026-07-15T14:28:51.029549
48,6,1,1,0,1,2026-07-15T14:28:52.640453
48,6,2,1,0,1,2026-07-15T14:28:54.144469
48,6,3,1,0,1,2026-07-15T14:28:55.635774
48,6,4,0,0,0,2026-07-15T14:29:00.288537
48,6,5,1,0,1,2026-07-15T14:29:06.791658
48,6,6,1,0,1,2026-07-15T14:29:08.066005
48,6,7,1,0,1,2026-07-15T14:29:09.246610
48,6,8,1,0,1,2026-07-15T14:29:10.794407
48,6,9,1,0,1,2026-07-15T14:29:16.062788
48,6,10,1,0,1,2026-07-15T14:29:17.420407
48,7,1,3,0,3,2026-07-15T14:29:18.881132
48,7,2,3,0,3,2026-07-15T14:29:20.155283
48,7,3,3,0,3,2026-07-15T14:29:21.765040
48,7,4,3,0,3,2026-07-15T14:29:24.071216
48,7,5,3,0,3,2026-07-15T14:29:25.200861
48,7,6,3,0,3,2026-07-15T14:29:26.766571
48,7,7,3,0,3,2026-07-15T14:29:33.385337
48,7,8,3,0,3,2026-07-15T14:29:40.466399
48,7,9,3,0,3,2026-07-15T14:29:42.043823
48,7,10,3,0,3,2026-07-15T14:29:43.371289
48,8,1,2,0,2,2026-07-15T14:29:44.642307
48,8,2,2,0,2,2026-07-15T14:29:46.764504
48,8,3,2,0,2,2026-07-15T14:29:48.828581
48,8,4,0,0,0,2026-07-15T14:29:52.084207
48,8,5,2,0,2,2026-07-15T14:29:53.632020
48,8,6,2,0,2,2026-07-15T14:29:55.905698
48,8,7,2,0,2,2026-07-15T14:29:57.139145
48,8,8,2,0,2,2026-07-15T14:29:58.505954
48,8,9,2,0,2,2026-07-15T14:30:00.091572
48,8,10,2,0,2,2026-07-15T14:30:01.375696
48,9,1,4,0,4,2026-07-15T14:30:04.634939
48,9,2,4,0,4,2026-07-15T14:30:06.017791
48,9,3,4,0,4,2026-07-15T14:30:07.802453
48,9,4,4,0,4,2026-07-15T14:30:09.705207
48,9,5,4,0,4,2026-07-15T14:30:12.432971
48,9,6,4,0,4,2026-07-15T14:30:14.513451
48,9,7,4,0,4,2026-07-15T14:30:16.303284
48,9,8,4,0,4,2026-07-15T14:30:17.535098
48,9,9,4,0,4,2026-07-15T14:30:19.385523
48,9,10,4,0,4,2026-07-15T14:30:26.492178
49,1,1,3,0,3,2026-07-15T14:30:28.908568
49,1,2,3,0,3,2026-07-15T14:30:30.116814
49,1,3,3,0,3,2026-07-15T14:30:31.081098
49,1,4,3,0,3,2026-07-15T14:30:33.462858
49,1,5,3,0,3,2026-07-15T14:30:35.704387
49,1,6,3,0,3,2026-07-15T14:30:37.550152
49,1,7,2,0,2,2026-07-15T14:30:39.616357
49,1,8,3,0,3,2026-07-15T14:30:41.220992
49,1,9,3,0,3,2026-07-15T14:30:42.503992
49,1,10,3,0,3,2026-07-15T14:30:45.431394
49,2,1,0,0,0,2026-07-15T14:30:46.561282
49,2,2,1,0,1,2026-07-15T14:30:48.337817
49,2,3,1,0,1,2026-07-15T14:30:51.447897
49,2,4,1,0,1,2026-07-15T14:30:53.221759
49,2,5,1,0,1,2026-07-15T14:30:54.847829
49,2,6,0,0,0,2026-07-15T14:30:55.649672
49,2,7,1,0,1,2026-07-15T14:30:57.073259
49,2,8,0,0,0,2026-07-15T14:30:57.881797
49,2,9,1,0,1,2026-07-15T14:30:59.304834
49,2,10,1,0,1,2026-07-15T14:31:00.836883
49,3,1,4,0,4,2026-07-15T14:31:02.224610
49,3,2,4,0,4,2026-07-15T14:31:04.015648
49,3,3,4,0,4,2026-07-15T14:31:05.328114
49,3,4,3,0,3,2026-07-15T14:31:05.817787
49,3,5,4,0,4,2026-07-15T14:31:07.240719
49,3,6,3,0,3,2026-07-15T14:31:09.184720
49,3,7,4,0,4,2026-07-15T14:31:10.560720
49,3,8,3,0,3,2026-07-15T14:31:11.867200
49,3,9,4,0,4,2026-07-15T14:31:13.268951
49,3,10,3,0,3,2026-07-15T14:31:15.046091
49,4,1,0,0,0,2026-07-15T14:31:16.925854
49,4,2,0,0,0,2026-07-15T14:31:18.383761
49,4,3,0,0,0,2026-07-15T14:31:19.429402
49,4,4,0,0,0,2026-07-15T14:31:21.911517
49,4,5,0,0,0,2026-07-15T14:31:23.192301
49,4,6,0,0,0,2026-07-15T14:31:24.409435
49,4,7,0,0,0,2026-07-15T14:31:25.620021
49,4,8,0,0,0,2026-07-15T14:31:27.245276
49,4,9,0,0,0,2026-07-15T14:31:30.486112
49,4,10,0,0,0,2026-07-15T14:31:32.150939
49,5,1,3,0,3,2026-07-15T14:31:36.777776
49,5,2,3,0,3,2026-07-15T14:31:37.794206
49,5,3,3,0,3,2026-07-15T14:31:39.338688
49,5,4,3,0,3,2026-07-15T14:31:40.473171
49,5,5,3,0,3,2026-07-15T14:31:42.174994
49,5,6,3,0,3,2026-07-15T14:31:43.657817
49,5,7,3,0,3,2026-07-15T14:31:45.894380
49,5,8,3,0,3,2026-07-15T14:31:47.162728
49,5,9,3,0,3,2026-07-15T14:31:47.660280
49,5,10,3,0,3,2026-07-15T14:31:48.995013
49,6,1,1,0,1,2026-07-15T14:31:50.902946
49,6,2,0,0,0,2026-07-15T14:31:52.975712
49,6,3,0,0,0,2026-07-15T14:31:54.271976
49,6,4,0,0,0,2026-07-15T14:31:55.013411
49,6,5,1,0,1,2026-07-15T14:31:56.758278
49,6,6,0,0,0,2026-07-15T14:31:57.371108
49,6,7,0,0,0,2026-07-15T14:31:57.956442
49,6,8,1,0,1,2026-07-15T14:31:58.956814
49,6,9,0,0,0,2026-07-15T14:32:00.650556
49,6,10,1,0,1,2026-07-15T14:32:02.166869
49,7,1,4,0,4,2026-07-15T14:32:04.242206
49,7,2,4,0,4,2026-07-15T14:32:05.663572
49,7,3,4,0,4,2026-07-15T14:32:06.772704
49,7,4,4,0,4,2026-07-15T14:32:08.089861
49,7,5,4,0,4,2026-07-15T14:32:10.548961
49,7,6,4,0,4,2026-07-15T14:32:11.790112
49,7,7,4,0,4,2026-07-15T14:32:12.894329
49,7,8,4,0,4,2026-07-15T14:32:19.449192
49,7,9,4,0,4,2026-07-15T14:32:20.495706
49,7,10,4,0,4,2026-07-15T14:32:22.245916
49,8,1,0,0,0,2026-07-15T14:32:22.909993
49,8,2,2,0,2,2026-07-15T14:32:24.288661
49,8,3,3,0,3,2026-07-15T14:32:25.654909
49,8,4,1,0,1,2026-07-15T14:32:27.200170
49,8,5,0,0,0,2026-07-15T14:32:27.742493
49,8,6,2,0,2,2026-07-15T14:32:29.200095
49,8,7,2,0,2,2026-07-15T14:32:30.564975
49,8,8,1,0,1,2026-07-15T14:32:31.885699
49,8,9,2,0,2,2026-07-15T14:32:34.052594
49,8,10,0,0,0,2026-07-15T14:32:34.607212
49,9,1,5,0,5,2026-07-15T14:32:36.062232
49,9,2,5,0,5,2026-07-15T14:32:37.049888
49,9,3,5,0,5,2026-07-15T14:32:38.973340
49,9,4,5,0,5,2026-07-15T14:32:41.244132
49,9,5,5,0,5,2026-07-15T14:32:43.632237
49,9,6,5,0,5,2026-07-15T14:32:45.435011
49,9,7,5,0,5,2026-07-15T14:32:47.832206
49,9,8,5,0,5,2026-07-15T14:32:50.070169
49,9,9,5,0,5,2026-07-15T14:32:50.785884
49,9,10,5,0,5,2026-07-15T14:32:51.832627
50,1,1,3,0,3,2026-07-15T14:32:53.267469
50,1,2,3,0,3,2026-07-15T14:32:54.304135
50,1,3,3,0,3,2026-07-15T14:32:55.361863
50,1,4,3,0,3,2026-07-15T14:32:55.861534
50,1,5,3,0,3,2026-07-15T14:32:57.590603
50,1,6,3,0,3,2026-07-15T14:33:00.040445
50,1,7,3,0,3,2026-07-15T14:33:04.274006
50,1,8,3,0,3,2026-07-15T14:33:06.332522
50,1,9,3,0,3,2026-07-15T14:33:07.821618
50,1,10,3,0,3,2026-07-15T14:33:09.218443
50,2,1,2,0,2,2026-07-15T14:33:10.462868
50,2,2,2,0,2,2026-07-15T14:33:12.598092
50,2,3,0,0,0,2026-07-15T14:33:13.124360
50,2,4,2,0,2,2026-07-15T14:33:14.988277
50,2,5,0,0,0,2026-07-15T14:33:15.483801
50,2,6,1,0,1,2026-07-15T14:33:17.496260
50,2,7,3,0,3,2026-07-15T14:33:19.253778
50,2,8,2,0,2,2026-07-15T14:33:20.909870
50,2,9,2,0,2,2026-07-15T14:33:24.519438
50,2,10,0,0,0,2026-07-15T14:33:25.216059
50,3,1,3,0,3,2026-07-15T14:33:26.550170
50,3,2,3,0,3,2026-07-15T14:33:27.903304
50,3,3,3,0,3,2026-07-15T14:33:28.653735
50,3,4,3,0,3,2026-07-15T14:33:30.112352
50,3,5,3,0,3,2026-07-15T14:33:31.538420
50,3,6,3,0,3,2026-07-15T14:33:32.900382
50,3,7,3,0,3,2026-07-15T14:33:34.305438
50,3,8,3,0,3,2026-07-15T14:33:35.625401
50,3,9,3,0,3,2026-07-15T14:33:36.210125
50,3,10,3,0,3,2026-07-15T14:33:36.847710
50,4,1,1,0,1,2026-07-15T14:33:38.223812
50,4,2,1,0,1,2026-07-15T14:33:39.384971
50,4,3,0,0,0,2026-07-15T14:33:40.380176
50,4,4,1,0,1,2026-07-15T14:33:44.150396
50,4,5,1,0,1,2026-07-15T14:33:45.726856
50,4,6,0,0,0,2026-07-15T14:33:46.335280
50,4,7,1,0,1,2026-07-15T14:33:47.431621
50,4,8,1,0,1,2026-07-15T14:33:50.141856
50,4,9,1,0,1,2026-07-15T14:33:51.363970
50,4,10,1,0,1,2026-07-15T14:33:52.614963
50,5,1,2,0,2,2026-07-15T14:33:54.218578
50,5,2,3,0,3,2026-07-15T14:33:55.463812
50,5,3,2,0,2,2026-07-15T14:33:56.844908
50,5,4,3,0,3,2026-07-15T14:33:58.248623
50,5,5,3,0,3,2026-07-15T14:33:59.920468
50,5,6,3,0,3,2026-07-15T14:34:01.526263
50,5,7,2,0,2,2026-07-15T14:34:03.628004
50,5,8,3,0,3,2026-07-15T14:34:05.118847
50,5,9,3,0,3,2026-07-15T14:34:06.073288
50,5,10,3,0,3,2026-07-15T14:34:07.352471
50,6,1,2,0,2,2026-07-15T14:34:08.654511
50,6,2,1,0,1,2026-07-15T14:34:10.266698
50,6,3,0,0,0,2026-07-15T14:34:12.253546
50,6,4,1,0,1,2026-07-15T14:34:13.434336
50,6,5,1,0,1,2026-07-15T14:34:15.038584
50,6,6,1,0,1,2026-07-15T14:34:16.798797
50,6,7,1,0,1,2026-07-15T14:34:18.215311
50,6,8,1,0,1,2026-07-15T14:34:19.788146
50,6,9,1,0,1,2026-07-15T14:34:21.438107
50,6,10,0,0,0,2026-07-15T14:34:23.102534
50,7,1,4,0,4,2026-07-15T14:34:24.543566
50,7,2,4,0,4,2026-07-15T14:34:27.023767
50,7,3,4,0,4,2026-07-15T14:34:28.743715
50,7,4,3,0,3,2026-07-15T14:34:31.066903
50,7,5,4,0,4,2026-07-15T14:34:32.332226
50,7,6,4,0,4,2026-07-15T14:34:33.881699
50,7,7,3,0,3,2026-07-15T14:34:34.451085
50,7,8,4,0,4,2026-07-15T14:34:35.059937
50,7,9,4,0,4,2026-07-15T14:34:36.341731
50,7,10,4,0,4,2026-07-15T14:34:38.229005
50,8,1,3,0,3,2026-07-15T14:34:39.848685
50,8,2,3,0,3,2026-07-15T14:34:41.280542
50,8,3,3,0,3,2026-07-15T14:34:42.681650
50,8,4,3,0,3,2026-07-15T14:34:45.183604
50,8,5,3,0,3,2026-07-15T14:34:47.033811
50,8,6,3,0,3,2026-07-15T14:34:48.509684
50,8,7,2,0,2,2026-07-15T14:34:48.942758
50,8,8,3,0,3,2026-07-15T14:34:50.290721
50,8,9,3,0,3,2026-07-15T14:34:51.722377
50,8,10,3,0,3,2026-07-15T14:34:53.713946
50,9,1,4,0,4,2026-07-15T14:34:55.139846
50,9,2,4,0,4,2026-07-15T14:34:56.630276
50,9,3,4,0,4,2026-07-15T14:34:58.019197
50,9,4,4,0,4,2026-07-15T14:34:59.630715
50,9,5,4,0,4,2026-07-15T14:35:01.053454
50,9,6,4,0,4,2026-07-15T14:35:03.699061
50,9,7,5,0,5,2026-07-15T14:35:05.569408
50,9,8,4,0,4,2026-07-15T14:35:07.051684
50,9,9,4,0,4,2026-07-15T14:35:08.408738
50,9,10,4,0,4,2026-07-15T14:35:09.791435
51,1,1,3,0,3,2026-07-15T14:35:10.919268
51,1,2,3,0,3,2026-07-15T14:35:12.653672
51,1,3,3,0,3,2026-07-15T14:35:14.637906
51,1,4,3,0,3,2026-07-15T14:35:16.211652
51,1,5,3,0,3,2026-07-15T14:35:17.765566
51,1,6,2,0,2,2026-07-15T14:35:23.868012
51,1,7,3,0,3,2026-07-15T14:35:25.444978
51,1,8,3,0,3,2026-07-15T14:35:26.208506
51,1,9,3,0,3,2026-07-15T14:35:27.386372
51,1,10,3,0,3,2026-07-15T14:35:28.678149
51,2,1,0,0,0,2026-07-15T14:35:30.561949
51,2,2,1,0,1,2026-07-15T14:35:32.203298
51,2,3,2,0,2,2026-07-15T14:35:33.510845
51,2,4,0,0,0,2026-07-15T14:35:34.118762
51,2,5,1,0,1,2026-07-15T14:35:35.636518
51,2,6,0,0,0,2026-07-15T14:35:36.156018
51,2,7,1,0,1,2026-07-15T14:35:38.474888
51,2,8,1,0,1,2026-07-15T14:35:40.083561
51,2,9,1,0,1,2026-07-15T14:35:41.880356
51,2,10,1,0,1,2026-07-15T14:35:43.516312
51,3,1,3,0,3,2026-07-15T14:35:44.840432
51,3,2,3,0,3,2026-07-15T14:35:46.319033
51,3,3,3,0,3,2026-07-15T14:35:47.494673
51,3,4,3,0,3,2026-07-15T14:35:48.859905
51,3,5,3,0,3,2026-07-15T14:35:50.333446
51,3,6,3,0,3,2026-07-15T14:35:52.351095
51,3,7,3,0,3,2026-07-15T14:35:54.693518
51,3,8,3,0,3,2026-07-15T14:35:56.011142
51,3,9,3,0,3,2026-07-15T14:35:57.551507
51,3,10,3,0,3,2026-07-15T14:35:58.954599
51,4,1,0,0,0,2026-07-15T14:36:02.342544
51,4,2,0,0,0,2026-07-15T14:36:07.721830
51,4,3,0,0,0,2026-07-15T14:36:09.777146
51,4,4,1,0,1,2026-07-15T14:36:12.100809
51,4,5,0,0,0,2026-07-15T14:36:13.390539
51,4,6,1,0,1,2026-07-15T14:36:14.934827
51,4,7,1,0,1,2026-07-15T14:36:21.474012
51,4,8,1,0,1,2026-07-15T14:36:23.022508
51,4,9,0,0,0,2026-07-15T14:36:24.422637
51,4,10,0,0,0,2026-07-15T14:36:25.987701
51,5,1,3,0,3,2026-07-15T14:36:27.475713
51,5,2,2,0,2,2026-07-15T14:36:33.913090
51,5,3,2,0,2,2026-07-15T14:36:36.374479
51,5,4,2,0,2,2026-07-15T14:36:38.571375
51,5,5,2,0,2,2026-07-15T14:36:40.564166
51,5,6,2,0,2,2026-07-15T14:36:42.937665
51,5,7,2,0,2,2026-07-15T14:36:45.072662
51,5,8,3,0,3,2026-07-15T14:36:46.684098
51,5,9,2,0,2,2026-07-15T14:36:48.378686
51,5,10,2,0,2,2026-07-15T14:36:50.129800
51,6,1,1,0,1,2026-07-15T14:36:51.394471
51,6,2,0,0,0,2026-07-15T14:36:52.368527
51,6,3,0,0,0,2026-07-15T14:36:54.041243
51,6,4,0,0,0,2026-07-15T14:36:54.569299
51,6,5,1,0,1,2026-07-15T14:36:56.967440
51,6,6,1,0,1,2026-07-15T14:36:58.531662
51,6,7,1,0,1,2026-07-15T14:36:59.987885
51,6,8,1,0,1,2026-07-15T14:37:01.508967
51,6,9,0,0,0,2026-07-15T14:37:02.855879
51,6,10,1,0,1,2026-07-15T14:37:04.403924
51,7,1,3,0,3,2026-07-15T14:37:05.961832
51,7,2,3,0,3,2026-07-15T14:37:07.406534
51,7,3,3,0,3,2026-07-15T14:37:08.271455
51,7,4,3,0,3,2026-07-15T14:37:08.751580
51,7,5,3,0,3,2026-07-15T14:37:10.557004
51,7,6,3,0,3,2026-07-15T14:37:11.564475
51,7,7,3,0,3,2026-07-15T14:37:12.596184
51,7,8,3,0,3,2026-07-15T14:37:13.134905
51,7,9,3,0,3,2026-07-15T14:37:14.362033
51,7,10,3,0,3,2026-07-15T14:37:15.834210
51,8,1,3,0,3,2026-07-15T14:37:17.238505
51,8,2,3,0,3,2026-07-15T14:37:19.392238
51,8,3,3,0,3,2026-07-15T14:37:20.371302
51,8,4,3,0,3,2026-07-15T14:37:22.404497
51,8,5,3,0,3,2026-07-15T14:37:23.788760
51,8,6,3,0,3,2026-07-15T14:37:24.842250
51,8,7,3,0,3,2026-07-15T14:37:26.328932
51,8,8,3,0,3,2026-07-15T14:37:27.627993
51,8,9,3,0,3,2026-07-15T14:37:28.989296
51,8,10,3,0,3,2026-07-15T14:37:30.433120
51,9,1,5,0,5,2026-07-15T14:37:32.112205
51,9,2,4,0,4,2026-07-15T14:37:38.730290
51,9,3,5,0,5,2026-07-15T14:37:39.958266
51,9,4,4,0,4,2026-07-15T14:37:42.067762
51,9,5,5,0,5,2026-07-15T14:37:43.524122
51,9,6,4,0,4,2026-07-15T14:37:45.067790
51,9,7,4,0,4,2026-07-15T14:37:46.770007
51,9,8,5,0,5,2026-07-15T14:37:47.779906
51,9,9,4,0,4,2026-07-15T14:37:49.103303
51,9,10,4,0,4,2026-07-15T14:37:50.532783
52,1,1,3,0,3,2026-07-15T14:37:51.852109
52,1,2,2,0,2,2026-07-15T14:37:53.408206
52,1,3,3,0,3,2026-07-15T14:37:54.781186
52,1,4,2,0,2,2026-07-15T14:37:57.865684
52,1,5,3,0,3,2026-07-15T14:37:59.257617
52,1,6,3,0,3,2026-07-15T14:38:00.646850
52,1,7,2,0,2,2026-07-15T14:38:01.369348
52,1,8,2,0,2,2026-07-15T14:38:02.554400
52,1,9,2,0,2,2026-07-15T14:38:03.654000
52,1,10,3,0,3,2026-07-15T14:38:04.636868
52,2,1,2,0,2,2026-07-15T14:38:06.953984
52,2,2,2,0,2,2026-07-15T14:38:08.957020
52,2,3,2,0,2,2026-07-15T14:38:11.426686
52,2,4,2,0,2,2026-07-15T14:38:12.987506
52,2,5,0,0,0,2026-07-15T14:38:14.266013
52,2,6,2,0,2,2026-07-15T14:38:15.657412
52,2,7,2,0,2,2026-07-15T14:38:17.074865
52,2,8,0,0,0,2026-07-15T14:38:19.775500
52,2,9,2,0,2,2026-07-15T14:38:21.308727
52,2,10,0,0,0,2026-07-15T14:38:23.182340
52,3,1,3,0,3,2026-07-15T14:38:26.210881
52,3,2,3,0,3,2026-07-15T14:38:27.881741
52,3,3,3,0,3,2026-07-15T14:38:29.153838
52,3,4,3,0,3,2026-07-15T14:38:31.799997
52,3,5,3,0,3,2026-07-15T14:38:33.451789
52,3,6,3,0,3,2026-07-15T14:38:34.881302
52,3,7,3,0,3,2026-07-15T14:38:41.318251
52,3,8,3,0,3,2026-07-15T14:38:42.670877
52,3,9,3,0,3,2026-07-15T14:38:44.216776
52,3,10,3,0,3,2026-07-15T14:38:45.573115
52,4,1,0,0,0,2026-07-15T14:38:46.900617
52,4,2,0,0,0,2026-07-15T14:38:48.536238
52,4,3,0,0,0,2026-07-15T14:38:49.729514
52,4,4,0,0,0,2026-07-15T14:38:51.575430
52,4,5,0,0,0,2026-07-15T14:38:53.235589
52,4,6,0,0,0,2026-07-15T14:39:00.087305
52,4,7,0,0,0,2026-07-15T14:39:03.006076
52,4,8,0,0,0,2026-07-15T14:39:04.102546
52,4,9,0,0,0,2026-07-15T14:39:05.757040
52,4,10,0,0,0,2026-07-15T14:39:07.295036
52,5,1,3,0,3,2026-07-15T14:39:08.653418
52,5,2,3,0,3,2026-07-15T14:39:10.389985
52,5,3,3,0,3,2026-07-15T14:39:11.837887
52,5,4,3,0,3,2026-07-15T14:39:13.192732
52,5,5,3,0,3,2026-07-15T14:39:15.102331
52,5,6,3,0,3,2026-07-15T14:39:16.262129
52,5,7,3,0,3,2026-07-15T14:39:17.576735
52,5,8,2,0,2,2026-07-15T14:39:18.775086
52,5,9,2,0,2,2026-07-15T14:39:19.370228
52,5,10,2,0,2,2026-07-15T14:39:19.942795
52,6,1,1,0,1,2026-07-15T14:39:21.613131
52,6,2,0,0,0,2026-07-15T14:39:24.139625
52,6,3,1,0,1,2026-07-15T14:39:26.005878
52,6,4,1,0,1,2026-07-15T14:39:27.868027
52,6,5,1,0,1,2026-07-15T14:39:29.270223
52,6,6,1,0,1,2026-07-15T14:39:32.966699
52,6,7,1,0,1,2026-07-15T14:39:34.308460
52,6,8,1,0,1,2026-07-15T14:39:36.843382
52,6,9,1,0,1,2026-07-15T14:39:38.312829
52,6,10,1,0,1,2026-07-15T14:39:40.008725
52,7,1,3,0,3,2026-07-15T14:39:41.494735
52,7,2,3,0,3,2026-07-15T14:39:43.820208
52,7,3,3,0,3,2026-07-15T14:39:45.251781
52,7,4,3,0,3,2026-07-15T14:39:46.292503
52,7,5,3,0,3,2026-07-15T14:39:47.636179
52,7,6,3,0,3,2026-07-15T14:39:49.022338
52,7,7,3,0,3,2026-07-15T14:39:50.292083
52,7,8,3,0,3,2026-07-15T14:39:54.284413
52,7,9,3,0,3,2026-07-15T14:39:56.302271
52,7,10,3,0,3,2026-07-15T14:39:57.943637
52,8,1,2,0,2,2026-07-15T14:39:58.790672
52,8,2,2,0,2,2026-07-15T14:40:00.934886
52,8,3,3,0,3,2026-07-15T14:40:03.538339
52,8,4,3,0,3,2026-07-15T14:40:05.255851
52,8,5,3,0,3,2026-07-15T14:40:06.657044
52,8,6,2,0,2,2026-07-15T14:40:11.792877
52,8,7,3,0,3,2026-07-15T14:40:13.633731
52,8,8,3,0,3,2026-07-15T14:40:17.271421
52,8,9,2,0,2,2026-07-15T14:40:18.716565
52,8,10,3,0,3,2026-07-15T14:40:20.111584
52,9,1,4,0,4,2026-07-15T14:40:21.599226
52,9,2,4,0,4,2026-07-15T14:40:22.870720
52,9,3,4,0,4,2026-07-15T14:40:24.245181
52,9,4,4,0,4,2026-07-15T14:40:25.458989
52,9,5,5,0,5,2026-07-15T14:40:26.833619
52,9,6,4,0,4,2026-07-15T14:40:28.252838
52,9,7,4,0,4,2026-07-15T14:40:29.529638
52,9,8,4,0,4,2026-07-15T14:40:30.618649
52,9,9,4,0,4,2026-07-15T14:40:32.426065
52,9,10,4,0,4,2026-07-15T14:40:33.830074
53,1,1,3,0,3,2026-07-15T14:40:35.594658
53,1,2,3,0,3,2026-07-15T14:40:37.356990
53,1,3,3,0,3,2026-07-15T14:40:41.354606
53,1,4,3,0,3,2026-07-15T14:40:42.630650
53,1,5,3,0,3,2026-07-15T14:40:43.926258
53,1,6,3,0,3,2026-07-15T14:40:50.172379
53,1,7,3,0,3,2026-07-15T14:40:51.638881
53,1,8,3,0,3,2026-07-15T14:40:53.464417
53,1,9,3,0,3,2026-07-15T14:40:55.058152
53,1,10,3,0,3,2026-07-15T14:40:56.323898
53,2,1,2,0,2,2026-07-15T14:40:58.167918
53,2,2,2,0,2,2026-07-15T14:40:59.464497
53,2,3,2,0,2,2026-07-15T14:41:00.834120
53,2,4,2,0,2,2026-07-15T14:41:02.388861
53,2,5,2,0,2,2026-07-15T14:41:03.671364
53,2,6,2,0,2,2026-07-15T14:41:05.276151
53,2,7,0,0,0,2026-07-15T14:41:09.534131
53,2,8,2,0,2,2026-07-15T14:41:11.319106
53,2,9,2,0,2,2026-07-15T14:41:12.883136
53,2,10,2,0,2,2026-07-15T14:41:14.251537
53,3,1,4,0,4,2026-07-15T14:41:15.976731
53,3,2,3,0,3,2026-07-15T14:41:17.898837
53,3,3,4,0,4,2026-07-15T14:41:24.400400
53,3,4,4,0,4,2026-07-15T14:41:25.847901
53,3,5,4,0,4,2026-07-15T14:41:27.255789
53,3,6,4,0,4,2026-07-15T14:41:28.515736
53,3,7,3,0,3,2026-07-15T14:41:29.713943
53,3,8,4,0,4,2026-07-15T14:41:30.902266
53,3,9,4,0,4,2026-07-15T14:41:32.270996
53,3,10,4,0,4,2026-07-15T14:41:35.307742
53,4,1,2,0,2,2026-07-15T14:41:38.092773
53,4,2,2,0,2,2026-07-15T14:41:39.472613
53,4,3,2,0,2,2026-07-15T14:41:40.790359
53,4,4,2,0,2,2026-07-15T14:41:42.227014
53,4,5,0,0,0,2026-07-15T14:41:45.387553
53,4,6,0,0,0,2026-07-15T14:41:46.718815
53,4,7,2,0,2,2026-07-15T14:41:48.383810
53,4,8,2,0,2,2026-07-15T14:41:49.762442
53,4,9,2,0,2,2026-07-15T14:41:51.194255
53,4,10,2,0,2,2026-07-15T14:41:52.598550
53,5,1,3,0,3,2026-07-15T14:41:54.360127
53,5,2,3,0,3,2026-07-15T14:41:55.611788
53,5,3,2,0,2,2026-07-15T14:41:57.121604
53,5,4,2,0,2,2026-07-15T14:41:58.590230
53,5,5,2,0,2,2026-07-15T14:41:59.786684
53,5,6,3,0,3,2026-07-15T14:42:01.482202
53,5,7,3,0,3,2026-07-15T14:42:02.950270
53,5,8,3,0,3,2026-07-15T14:42:05.416552
53,5,9,3,0,3,2026-07-15T14:42:07.171155
53,5,10,3,0,3,2026-07-15T14:42:08.715582
53,6,1,1,0,1,2026-07-15T14:42:09.985891
53,6,2,1,0,1,2026-07-15T14:42:11.501747
53,6,3,2,0,2,2026-07-15T14:42:12.933604
53,6,4,0,0,0,2026-07-15T14:42:15.118220
53,6,5,1,0,1,2026-07-15T14:42:17.283971
53,6,6,0,0,0,2026-07-15T14:42:22.056222
53,6,7,0,0,0,2026-07-15T14:42:26.761717
53,6,8,1,0,1,2026-07-15T14:42:28.054509
53,6,9,1,0,1,2026-07-15T14:42:29.825773
53,6,10,1,0,1,2026-07-15T14:42:31.306938
53,7,1,4,0,4,2026-07-15T14:42:33.097391
53,7,2,4,0,4,2026-07-15T14:42:33.898890
53,7,3,4,0,4,2026-07-15T14:42:35.444269
53,7,4,4,0,4,2026-07-15T14:42:36.808252
53,7,5,4,0,4,2026-07-15T14:42:38.504632
53,7,6,4,0,4,2026-07-15T14:42:39.650085
53,7,7,4,0,4,2026-07-15T14:42:40.808037
53,7,8,4,0,4,2026-07-15T14:42:42.533410
53,7,9,4,0,4,2026-07-15T14:42:43.906393
53,7,10,4,0,4,2026-07-15T14:42:45.234123
53,8,1,3,0,3,2026-07-15T14:42:46.754165
53,8,2,1,0,1,2026-07-15T14:42:47.438246
53,8,3,0,0,0,2026-07-15T14:42:48.289631
53,8,4,3,0,3,2026-07-15T14:42:49.917306
53,8,5,1,0,1,2026-07-15T14:42:50.502822
53,8,6,3,0,3,2026-07-15T14:42:51.873511
53,8,7,1,0,1,2026-07-15T14:42:52.303592
53,8,8,3,0,3,2026-07-15T14:42:53.611883
53,8,9,3,0,3,2026-07-15T14:42:55.054448
53,8,10,3,0,3,2026-07-15T14:42:56.462231
53,9,1,4,0,4,2026-07-15T14:42:58.127554
53,9,2,4,0,4,2026-07-15T14:42:59.458697
53,9,3,5,0,5,2026-07-15T14:43:00.867627
53,9,4,4,0,4,2026-07-15T14:43:02.452624
53,9,5,4,0,4,2026-07-15T14:43:03.981816
53,9,6,4,0,4,2026-07-15T14:43:05.373776
53,9,7,5,0,5,2026-07-15T14:43:05.998363
53,9,8,5,0,5,2026-07-15T14:43:06.761951
53,9,9,4,0,4,2026-07-15T14:43:08.420962
53,9,10,5,0,5,2026-07-15T14:43:09.728084
54,1,1,3,0,3,2026-07-15T14:43:10.934484
54,1,2,3,0,3,2026-07-15T14:43:12.407043
54,1,3,2,0,2,2026-07-15T14:43:12.970310
54,1,4,3,0,3,2026-07-15T14:43:15.076328
54,1,5,3,0,3,2026-07-15T14:43:16.081838
54,1,6,3,0,3,2026-07-15T14:43:18.040316
54,1,7,3,0,3,2026-07-15T14:43:19.608039
54,1,8,3,0,3,2026-07-15T14:43:21.604717
54,1,9,3,0,3,2026-07-15T14:43:22.741285
54,1,10,3,0,3,2026-07-15T14:43:24.050766
54,2,1,1,0,1,2026-07-15T14:43:25.262437
54,2,2,0,0,0,2026-07-15T14:43:26.548030
54,2,3,1,0,1,2026-07-15T14:43:27.626905
54,2,4,0,0,0,2026-07-15T14:43:29.875050
54,2,5,0,0,0,2026-07-15T14:43:31.871195
54,2,6,0,0,0,2026-07-15T14:43:33.437551
54,2,7,1,0,1,2026-07-15T14:43:34.642493
54,2,8,0,0,0,2026-07-15T14:43:35.854719
54,2,9,0,0,0,2026-07-15T14:43:36.333812
54,2,10,0,0,0,2026-07-15T14:43:38.624263
54,3,1,3,0,3,2026-07-15T14:43:39.911308
54,3,2,3,0,3,2026-07-15T14:43:41.387096
54,3,3,2,0,2,2026-07-15T14:43:41.837607
54,3,4,2,0,2,2026-07-15T14:43:42.477057
54,3,5,3,0,3,2026-07-15T14:43:43.510860
54,3,6,3,0,3,2026-07-15T14:43:44.584307
54,3,7,3,0,3,2026-07-15T14:43:45.962961
54,3,8,3,0,3,2026-07-15T14:43:46.932989
54,3,9,3,0,3,2026-07-15T14:43:47.953520
54,3,10,3,0,3,2026-07-15T14:43:49.010199
54,4,1,0,0,0,2026-07-15T14:43:50.991457
54,4,2,0,0,0,2026-07-15T14:43:51.770262
54,4,3,0,0,0,2026-07-15T14:43:54.823636
54,4,4,0,0,0,2026-07-15T14:43:56.269535
54,4,5,0,0,0,2026-07-15T14:43:57.747498
54,4,6,0,0,0,2026-07-15T14:44:00.072957
54,4,7,0,0,0,2026-07-15T14:44:00.874767
54,4,8,0,0,0,2026-07-15T14:44:01.951000
54,4,9,0,0,0,2026-07-15T14:44:03.288767
54,4,10,0,0,0,2026-07-15T14:44:03.852797
54,5,1,2,0,2,2026-07-15T14:44:04.615322
54,5,2,2,0,2,2026-07-15T14:44:05.280492
54,5,3,2,0,2,2026-07-15T14:44:05.841558
54,5,4,3,0,3,2026-07-15T14:44:08.971187
54,5,5,3,0,3,2026-07-15T14:44:10.180597
54,5,6,3,0,3,2026-07-15T14:44:11.388239
54,5,7,3,0,3,2026-07-15T14:44:12.764400
54,5,8,2,0,2,2026-07-15T14:44:15.371235
54,5,9,3,0,3,2026-07-15T14:44:17.185802
54,5,10,3,0,3,2026-07-15T14:44:18.347303
54,6,1,0,0,0,2026-07-15T14:44:19.742169
54,6,2,0,0,0,2026-07-15T14:44:21.295122
54,6,3,0,0,0,2026-07-15T14:44:22.509600
54,6,4,0,0,0,2026-07-15T14:44:23.803927
54,6,5,0,0,0,2026-07-15T14:44:24.861179
54,6,6,0,0,0,2026-07-15T14:44:26.406626
54,6,7,0,0,0,2026-07-15T14:44:27.721074
54,6,8,0,0,0,2026-07-15T14:44:29.878853
54,6,9,0,0,0,2026-07-15T14:44:30.955956
54,6,10,0,0,0,2026-07-15T14:44:32.113908
54,7,1,3,0,3,2026-07-15T14:44:32.680896
54,7,2,3,0,3,2026-07-15T14:44:34.904484
54,7,3,3,0,3,2026-07-15T14:44:36.149495
54,7,4,3,0,3,2026-07-15T14:44:37.727141
54,7,5,3,0,3,2026-07-15T14:44:39.115507
54,7,6,3,0,3,2026-07-15T14:44:40.504158
54,7,7,3,0,3,2026-07-15T14:44:41.972149
54,7,8,3,0,3,2026-07-15T14:44:44.698471
54,7,9,3,0,3,2026-07-15T14:44:46.100509
54,7,10,3,0,3,2026-07-15T14:44:47.349361
54,8,1,0,0,0,2026-07-15T14:44:50.968113
54,8,2,0,0,0,2026-07-15T14:44:54.628065
54,8,3,1,0,1,2026-07-15T14:45:02.532986
54,8,4,1,0,1,2026-07-15T14:45:03.649614
54,8,5,1,0,1,2026-07-15T14:45:05.501506
54,8,6,1,0,1,2026-07-15T14:45:06.751924
54,8,7,0,0,0,2026-07-15T14:45:07.466014
54,8,8,1,0,1,2026-07-15T14:45:08.864066
54,8,9,0,0,0,2026-07-15T14:45:10.117456
54,8,10,1,0,1,2026-07-15T14:45:11.415542
54,9,1,4,0,4,2026-07-15T14:45:12.944903
54,9,2,4,0,4,2026-07-15T14:45:14.061836
54,9,3,4,0,4,2026-07-15T14:45:16.790069
54,9,4,4,0,4,2026-07-15T14:45:18.365382
54,9,5,4,0,4,2026-07-15T14:45:19.544799
54,9,6,4,0,4,2026-07-15T14:45:21.307595
54,9,7,4,0,4,2026-07-15T14:45:22.749882
54,9,8,4,0,4,2026-07-15T14:45:23.893714
54,9,9,4,0,4,2026-07-15T14:45:25.205346
54,9,10,4,0,4,2026-07-15T14:45:26.636790
55,1,1,3,0,3,2026-07-15T14:45:28.583671
55,1,2,2,0,2,2026-07-15T14:45:29.215993
55,1,3,3,0,3,2026-07-15T14:45:30.844562
55,1,4,3,0,3,2026-07-15T14:45:32.002855
55,1,5,3,0,3,2026-07-15T14:45:33.114221
55,1,6,3,0,3,2026-07-15T14:45:34.852941
55,1,7,2,0,2,2026-07-15T14:45:35.301889
55,1,8,3,0,3,2026-07-15T14:45:36.830545
55,1,9,3,0,3,2026-07-15T14:45:38.159053
55,1,10,3,0,3,2026-07-15T14:45:39.185848
55,2,1,1,0,1,2026-07-15T14:45:40.362767
55,2,2,2,0,2,2026-07-15T14:45:41.861080
55,2,3,2,0,2,2026-07-15T14:45:43.296666
55,2,4,2,0,2,2026-07-15T14:45:44.390203
55,2,5,0,0,0,2026-07-15T14:45:44.978881
55,2,6,2,0,2,2026-07-15T14:45:46.501568
55,2,7,2,0,2,2026-07-15T14:45:48.682189
55,2,8,1,0,1,2026-07-15T14:45:50.033965
55,2,9,0,0,0,2026-07-15T14:45:50.943185
55,2,10,0,0,0,2026-07-15T14:45:51.571903
55,3,1,4,0,4,2026-07-15T14:45:52.673083
55,3,2,3,0,3,2026-07-15T14:45:53.947746
55,3,3,3,0,3,2026-07-15T14:45:55.114857
55,3,4,3,0,3,2026-07-15T14:45:56.807317
55,3,5,4,0,4,2026-07-15T14:45:58.217059
55,3,6,3,0,3,2026-07-15T14:45:58.810398
55,3,7,3,0,3,2026-07-15T14:45:59.648646
55,3,8,3,0,3,2026-07-15T14:46:00.647116
55,3,9,3,0,3,2026-07-15T14:46:01.947717
55,3,10,4,0,4,2026-07-15T14:46:03.400295
55,4,1,1,0,1,2026-07-15T14:46:04.476658
55,4,2,1,0,1,2026-07-15T14:46:06.051686
55,4,3,0,0,0,2026-07-15T14:46:07.257119
55,4,4,0,0,0,2026-07-15T14:46:08.848929
55,4,5,1,0,1,2026-07-15T14:46:09.928337
55,4,6,0,0,0,2026-07-15T14:46:10.471928
55,4,7,0,0,0,2026-07-15T14:46:11.047592
55,4,8,1,0,1,2026-07-15T14:46:12.294952
55,4,9,1,0,1,2026-07-15T14:46:13.487703
55,4,10,1,0,1,2026-07-15T14:46:15.138604
55,5,1,3,0,3,2026-07-15T14:46:16.288743
55,5,2,3,0,3,2026-07-15T14:46:17.790707
55,5,3,3,0,3,2026-07-15T14:46:19.306628
55,5,4,3,0,3,2026-07-15T14:46:20.307340
55,5,5,3,0,3,2026-07-15T14:46:22.942589
55,5,6,3,0,3,2026-07-15T14:46:24.256233
55,5,7,3,0,3,2026-07-15T14:46:25.767844
55,5,8,3,0,3,2026-07-15T14:46:26.439171
55,5,9,3,0,3,2026-07-15T14:46:27.582903
55,5,10,2,0,2,2026-07-15T14:46:28.114691
55,6,1,2,0,2,2026-07-15T14:46:29.930653
55,6,2,0,0,0,2026-07-15T14:46:30.422704
55,6,3,1,0,1,2026-07-15T14:46:31.959678
55,6,4,0,0,0,2026-07-15T14:46:32.555141
55,6,5,2,0,2,2026-07-15T14:46:34.103126
55,6,6,0,0,0,2026-07-15T14:46:34.630247
55,6,7,2,0,2,2026-07-15T14:46:35.728021
55,6,8,1,0,1,2026-07-15T14:46:36.671173
55,6,9,1,0,1,2026-07-15T14:46:37.802817
55,6,10,2,0,2,2026-07-15T14:46:38.944301
55,7,1,3,0,3,2026-07-15T14:46:40.005008
55,7,2,3,0,3,2026-07-15T14:46:41.200147
55,7,3,2,0,2,2026-07-15T14:46:41.736950
55,7,4,3,0,3,2026-07-15T14:46:43.163702
55,7,5,3,0,3,2026-07-15T14:46:44.529726
55,7,6,3,0,3,2026-07-15T14:46:45.743057
55,7,7,3,0,3,2026-07-15T14:46:46.888177
55,7,8,3,0,3,2026-07-15T14:46:48.485971
55,7,9,3,0,3,2026-07-15T14:46:49.681297
55,7,10,3,0,3,2026-07-15T14:46:51.151643
55,8,1,3,0,3,2026-07-15T14:46:52.795587
55,8,2,0,0,0,2026-07-15T14:46:53.377527
55,8,3,3,0,3,2026-07-15T14:46:55.100474
55,8,4,3,0,3,2026-07-15T14:46:56.435385
55,8,5,3,0,3,2026-07-15T14:46:57.803430
55,8,6,3,0,3,2026-07-15T14:46:59.013138
55,8,7,3,0,3,2026-07-15T14:47:00.291930
55,8,8,0,0,0,2026-07-15T14:47:00.871290
55,8,9,3,0,3,2026-07-15T14:47:02.098404
55,8,10,3,0,3,2026-07-15T14:47:03.974167
55,9,1,4,0,4,2026-07-15T14:47:04.428923
55,9,2,4,0,4,2026-07-15T14:47:05.845758
55,9,3,4,0,4,2026-07-15T14:47:06.368021
55,9,4,4,0,4,2026-07-15T14:47:08.479509
55,9,5,4,0,4,2026-07-15T14:47:08.940923
55,9,6,4,0,4,2026-07-15T14:47:10.174590
55,9,7,4,0,4,2026-07-15T14:47:11.748683
55,9,8,4,0,4,2026-07-15T14:47:12.286506
55,9,9,4,0,4,2026-07-15T14:47:13.491359
55,9,10,4,0,4,2026-07-15T14:47:14.647733
56,1,1,3,0,3,2026-07-15T14:47:15.680212
56,1,2,3,0,3,2026-07-15T14:47:16.754391
56,1,3,3,0,3,2026-07-15T14:47:17.987687
56,1,4,3,0,3,2026-07-15T14:47:19.132019
56,1,5,2,0,2,2026-07-15T14:47:19.583516
56,1,6,2,0,2,2026-07-15T14:47:20.048489
56,1,7,3,0,3,2026-07-15T14:47:22.477922
56,1,8,3,0,3,2026-07-15T14:47:24.551043
56,1,9,3,0,3,2026-07-15T14:47:25.579805
56,1,10,3,0,3,2026-07-15T14:47:26.708759
56,2,1,0,0,0,2026-07-15T14:47:27.603024
56,2,2,0,0,0,2026-07-15T14:47:29.226287
56,2,3,0,0,0,2026-07-15T14:47:30.514682
56,2,4,1,0,1,2026-07-15T14:47:31.929837
56,2,5,0,0,0,2026-07-15T14:47:34.195965
56,2,6,0,0,0,2026-07-15T14:47:36.149944
56,2,7,0,0,0,2026-07-15T14:47:37.575194
56,2,8,0,0,0,2026-07-15T14:47:38.659620
56,2,9,0,0,0,2026-07-15T14:47:39.702033
56,2,10,0,0,0,2026-07-15T14:47:40.746119
56,3,1,4,0,4,2026-07-15T14:47:42.349662
56,3,2,4,0,4,2026-07-15T14:47:43.895259
56,3,3,3,0,3,2026-07-15T14:47:45.554565
56,3,4,4,0,4,2026-07-15T14:47:47.001649
56,3,5,4,0,4,2026-07-15T14:47:47.948971
56,3,6,4,0,4,2026-07-15T14:47:49.222290
56,3,7,3,0,3,2026-07-15T14:47:49.749547
56,3,8,3,0,3,2026-07-15T14:47:50.430818
56,3,9,3,0,3,2026-07-15T14:47:50.854640
56,3,10,4,0,4,2026-07-15T14:47:52.921100
56,4,1,0,0,0,2026-07-15T14:47:54.156646
56,4,2,0,0,0,2026-07-15T14:47:55.628069
56,4,3,0,0,0,2026-07-15T14:47:56.860221
56,4,4,0,0,0,2026-07-15T14:47:58.760177
56,4,5,0,0,0,2026-07-15T14:47:59.307398
56,4,6,0,0,0,2026-07-15T14:48:00.731303
56,4,7,0,0,0,2026-07-15T14:48:01.894337
56,4,8,0,0,0,2026-07-15T14:48:03.181796
56,4,9,0,0,0,2026-07-15T14:48:04.347837
56,4,10,0,0,0,2026-07-15T14:48:05.396792
56,5,1,3,0,3,2026-07-15T14:48:06.778259
56,5,2,1,0,1,2026-07-15T14:48:08.362317
56,5,3,3,0,3,2026-07-15T14:48:09.497644
56,5,4,2,0,2,2026-07-15T14:48:10.035866
56,5,5,3,0,3,2026-07-15T14:48:11.360087
56,5,6,2,0,2,2026-07-15T14:48:12.347689
56,5,7,2,0,2,2026-07-15T14:48:12.940998
56,5,8,2,0,2,2026-07-15T14:48:13.638612
56,5,9,2,0,2,2026-07-15T14:48:15.191836
56,5,10,3,0,3,2026-07-15T14:48:16.331144
56,6,1,0,0,0,2026-07-15T14:48:17.700431
56,6,2,0,0,0,2026-07-15T14:48:19.088909
56,6,3,0,0,0,2026-07-15T14:48:19.661562
56,6,4,0,0,0,2026-07-15T14:48:20.177119
56,6,5,1,0,1,2026-07-15T14:48:22.083674
56,6,6,0,0,0,2026-07-15T14:48:23.220388
56,6,7,0,0,0,2026-07-15T14:48:23.899781
56,6,8,0,0,0,2026-07-15T14:48:25.268771
56,6,9,0,0,0,2026-07-15T14:48:26.557957
56,6,10,0,0,0,2026-07-15T14:48:28.190588
56,7,1,5,0,5,2026-07-15T14:48:28.663228
56,7,2,5,0,5,2026-07-15T14:48:29.209981
56,7,3,5,0,5,2026-07-15T14:48:29.618556
56,7,4,5,0,5,2026-07-15T14:48:30.690754
56,7,5,5,0,5,2026-07-15T14:48:32.656388
56,7,6,5,0,5,2026-07-15T14:48:33.210307
56,7,7,5,0,5,2026-07-15T14:48:34.329556
56,7,8,5,0,5,2026-07-15T14:48:34.823430
56,7,9,4,0,4,2026-07-15T14:48:36.001399
56,7,10,4,0,4,2026-07-15T14:48:37.199781
56,8,1,0,0,0,2026-07-15T14:48:38.097983
56,8,2,0,0,0,2026-07-15T14:48:39.724840
56,8,3,1,0,1,2026-07-15T14:48:40.835099
56,8,4,0,0,0,2026-07-15T14:48:41.406286
56,8,5,0,0,0,2026-07-15T14:48:42.012881
56,8,6,0,0,0,2026-07-15T14:48:42.554904
56,8,7,0,0,0,2026-07-15T14:48:43.720309
56,8,8,0,0,0,2026-07-15T14:48:45.263146
56,8,9,1,0,1,2026-07-15T14:48:46.404441
56,8,10,1,0,1,2026-07-15T14:48:47.452934
56,9,1,5,0,5,2026-07-15T14:48:48.008674
56,9,2,5,0,5,2026-07-15T14:48:49.232410
56,9,3,5,0,5,2026-07-15T14:48:50.532302
56,9,4,5,0,5,2026-07-15T14:48:51.214417
56,9,5,5,0,5,2026-07-15T14:48:53.482509
56,9,6,5,0,5,2026-07-15T14:48:53.931515
56,9,7,5,0,5,2026-07-15T14:48:54.414512
56,9,8,5,0,5,2026-07-15T14:48:54.925503
56,9,9,5,0,5,2026-07-15T14:48:55.991710
56,9,10,5,0,5,2026-07-15T14:48:57.246325
57,1,1,3,0,3,2026-07-15T14:48:58.726406
57,1,2,3,0,3,2026-07-15T14:48:59.935161
57,1,3,3,0,3,2026-07-15T14:49:01.357067
57,1,4,3,0,3,2026-07-15T14:49:02.642068
57,1,5,3,0,3,2026-07-15T14:49:03.685381
57,1,6,3,0,3,2026-07-15T14:49:05.263236
57,1,7,3,0,3,2026-07-15T14:49:06.412181
57,1,8,2,0,2,2026-07-15T14:49:06.943619
57,1,9,3,0,3,2026-07-15T14:49:08.158836
57,1,10,3,0,3,2026-07-15T14:49:09.387368
57,2,1,2,0,2,2026-07-15T14:49:10.443875
57,2,2,2,0,2,2026-07-15T14:49:12.127341
57,2,3,2,0,2,2026-07-15T14:49:13.549432
57,2,4,1,0,1,2026-07-15T14:49:14.881643
57,2,5,1,0,1,2026-07-15T14:49:16.451000
57,2,6,0,0,0,2026-07-15T14:49:17.942998
57,2,7,2,0,2,2026-07-15T14:49:20.033867
57,2,8,0,0,0,2026-07-15T14:49:25.635506
57,2,9,1,0,1,2026-07-15T14:49:26.847144
57,2,10,2,0,2,2026-07-15T14:49:27.881276
57,3,1,3,0,3,2026-07-15T14:49:28.373642
57,3,2,3,0,3,2026-07-15T14:49:28.854093
57,3,3,4,0,4,2026-07-15T14:49:29.923840
57,3,4,3,0,3,2026-07-15T14:49:31.134265
57,3,5,4,0,4,2026-07-15T14:49:32.635604
57,3,6,3,0,3,2026-07-15T14:49:33.177549
57,3,7,3,0,3,2026-07-15T14:49:34.127163
57,3,8,3,0,3,2026-07-15T14:49:35.148036
57,3,9,4,0,4,2026-07-15T14:49:36.293174
57,3,10,3,0,3,2026-07-15T14:49:37.770053
57,4,1,0,0,0,2026-07-15T14:49:38.265079
57,4,2,1,0,1,2026-07-15T14:49:39.167185
57,4,3,1,0,1,2026-07-15T14:49:40.360505
57,4,4,0,0,0,2026-07-15T14:49:41.845802
57,4,5,0,0,0,2026-07-15T14:49:42.905820
57,4,6,0,0,0,2026-07-15T14:49:44.678870
57,4,7,0,0,0,2026-07-15T14:49:46.135268
57,4,8,0,0,0,2026-07-15T14:49:46.559008
57,4,9,0,0,0,2026-07-15T14:49:47.913349
57,4,10,0,0,0,2026-07-15T14:49:48.904475
57,5,1,3,0,3,2026-07-15T14:49:50.860189
57,5,2,3,0,3,2026-07-15T14:49:52.725026
57,5,3,3,0,3,2026-07-15T14:49:53.941069
57,5,4,3,0,3,2026-07-15T14:49:54.965373
57,5,5,3,0,3,2026-07-15T14:49:56.076892
57,5,6,3,0,3,2026-07-15T14:49:56.641786
57,5,7,3,0,3,2026-07-15T14:49:58.218800
57,5,8,3,0,3,2026-07-15T14:49:59.339572
57,5,9,2,0,2,2026-07-15T14:49:59.888691
57,5,10,3,0,3,2026-07-15T14:50:00.457794
57,6,1,0,0,0,2026-07-15T14:50:01.700938
57,6,2,0,0,0,2026-07-15T14:50:02.437573
57,6,3,0,0,0,2026-07-15T14:50:03.590103
57,6,4,1,0,1,2026-07-15T14:50:04.648349
57,6,5,0,0,0,2026-07-15T14:50:06.304302
57,6,6,0,0,0,2026-07-15T14:50:07.433346
57,6,7,0,0,0,2026-07-15T14:50:08.020497
57,6,8,0,0,0,2026-07-15T14:50:09.351918
57,6,9,0,0,0,2026-07-15T14:50:10.680906
57,6,10,0,0,0,2026-07-15T14:50:11.694466
57,7,1,4,0,4,2026-07-15T14:50:12.778260
57,7,2,4,0,4,2026-07-15T14:50:13.292772
57,7,3,4,0,4,2026-07-15T14:50:14.713815
57,7,4,4,0,4,2026-07-15T14:50:15.710392
57,7,5,3,0,3,2026-07-15T14:50:16.274169
57,7,6,4,0,4,2026-07-15T14:50:17.528963
57,7,7,4,0,4,2026-07-15T14:50:18.847432
57,7,8,3,0,3,2026-07-15T14:50:20.110315
57,7,9,4,0,4,2026-07-15T14:50:21.645937
57,7,10,4,0,4,2026-07-15T14:50:22.890125
57,8,1,3,0,3,2026-07-15T14:50:24.085361
57,8,2,3,0,3,2026-07-15T14:50:25.270482
57,8,3,2,0,2,2026-07-15T14:50:26.725393
57,8,4,3,0,3,2026-07-15T14:50:27.718864
57,8,5,3,0,3,2026-07-15T14:50:28.678847
57,8,6,2,0,2,2026-07-15T14:50:30.082920
57,8,7,2,0,2,2026-07-15T14:50:31.243664
57,8,8,3,0,3,2026-07-15T14:50:32.411100
57,8,9,2,0,2,2026-07-15T14:50:34.134332
57,8,10,2,0,2,2026-07-15T14:50:36.557334
57,9,1,5,0,5,2026-07-15T14:50:38.195529
57,9,2,4,0,4,2026-07-15T14:50:39.447903
57,9,3,4,0,4,2026-07-15T14:50:40.897588
57,9,4,5,0,5,2026-07-15T14:50:41.570000
57,9,5,5,0,5,2026-07-15T14:50:42.845700
57,9,6,5,0,5,2026-07-15T14:50:44.261918
57,9,7,4,0,4,2026-07-15T14:50:45.648040
57,9,8,4,0,4,2026-07-15T14:50:46.940920
57,9,9,5,0,5,2026-07-15T14:50:48.032264
57,9,10,4,0,4,2026-07-15T14:50:49.494875
58,1,1,2,0,2,2026-07-15T14:50:50.921592
58,1,2,3,0,3,2026-07-15T14:50:52.131491
58,1,3,2,0,2,2026-07-15T14:50:53.744075
58,1,4,2,0,2,2026-07-15T14:50:56.018491
58,1,5,3,0,3,2026-07-15T14:50:57.649785
58,1,6,3,0,3,2026-07-15T14:50:59.067089
58,1,7,3,0,3,2026-07-15T14:51:00.448488
58,1,8,3,0,3,2026-07-15T14:51:01.903479
58,1,9,3,0,3,2026-07-15T14:51:03.093552
58,1,10,3,0,3,2026-07-15T14:51:04.207451
58,2,1,0,0,0,2026-07-15T14:51:06.650245
58,2,2,2,0,2,2026-07-15T14:51:08.144899
58,2,3,2,0,2,2026-07-15T14:51:09.196854
58,2,4,2,0,2,2026-07-15T14:51:10.367873
58,2,5,2,0,2,2026-07-15T14:51:11.682250
58,2,6,0,0,0,2026-07-15T14:51:12.773517
58,2,7,2,0,2,2026-07-15T14:51:13.993351
58,2,8,2,0,2,2026-07-15T14:51:15.133040
58,2,9,2,0,2,2026-07-15T14:51:16.567258
58,2,10,2,0,2,2026-07-15T14:51:18.421468
58,3,1,2,0,2,2026-07-15T14:51:18.966491
58,3,2,3,0,3,2026-07-15T14:51:20.485797
58,3,3,2,0,2,2026-07-15T14:51:21.801045
58,3,4,2,0,2,2026-07-15T14:51:22.316863
58,3,5,3,0,3,2026-07-15T14:51:23.499569
58,3,6,3,0,3,2026-07-15T14:51:24.780199
58,3,7,3,0,3,2026-07-15T14:51:26.166287
58,3,8,3,0,3,2026-07-15T14:51:27.279042
58,3,9,3,0,3,2026-07-15T14:51:29.319836
58,3,10,3,0,3,2026-07-15T14:51:30.758084
58,4,1,0,0,0,2026-07-15T14:51:31.810410
58,4,2,0,0,0,2026-07-15T14:51:33.750175
58,4,3,1,0,1,2026-07-15T14:51:36.112613
58,4,4,0,0,0,2026-07-15T14:51:37.300575
58,4,5,0,0,0,2026-07-15T14:51:38.392717
58,4,6,0,0,0,2026-07-15T14:51:39.504625
58,4,7,0,0,0,2026-07-15T14:51:41.034947
58,4,8,0,0,0,2026-07-15T14:51:42.170064
58,4,9,0,0,0,2026-07-15T14:51:43.261734
58,4,10,0,0,0,2026-07-15T14:51:44.362541
58,5,1,3,0,3,2026-07-15T14:51:45.997886
58,5,2,3,0,3,2026-07-15T14:51:46.483574
58,5,3,2,0,2,2026-07-15T14:51:47.230493
58,5,4,3,0,3,2026-07-15T14:51:48.035347
58,5,5,3,0,3,2026-07-15T14:51:49.294775
58,5,6,2,0,2,2026-07-15T14:51:49.899199
58,5,7,3,0,3,2026-07-15T14:51:52.342693
58,5,8,3,0,3,2026-07-15T14:51:53.408510
58,5,9,3,0,3,2026-07-15T14:51:54.554101
58,5,10,2,0,2,2026-07-15T14:51:54.969102
58,6,1,0,0,0,2026-07-15T14:51:55.579554
58,6,2,0,0,0,2026-07-15T14:51:56.359907
58,6,3,2,0,2,2026-07-15T14:51:57.512363
58,6,4,2,0,2,2026-07-15T14:51:58.656987
58,6,5,2,0,2,2026-07-15T14:51:59.891848
58,6,6,0,0,0,2026-07-15T14:52:00.499003
58,6,7,0,0,0,2026-07-15T14:52:01.073965
58,6,8,2,0,2,2026-07-15T14:52:02.447465
58,6,9,0,0,0,2026-07-15T14:52:03.496655
58,6,10,2,0,2,2026-07-15T14:52:04.686818
58,7,1,3,0,3,2026-07-15T14:52:05.840276
58,7,2,3,0,3,2026-07-15T14:52:06.257708
58,7,3,3,0,3,2026-07-15T14:52:07.276080
58,7,4,3,0,3,2026-07-15T14:52:08.716499
58,7,5,3,0,3,2026-07-15T14:52:09.880019
58,7,6,3,0,3,2026-07-15T14:52:11.158316
58,7,7,3,0,3,2026-07-15T14:52:12.297601
58,7,8,2,0,2,2026-07-15T14:52:12.874379
58,7,9,3,0,3,2026-07-15T14:52:14.027528
58,7,10,3,0,3,2026-07-15T14:52:15.113061
58,8,1,3,0,3,2026-07-15T14:52:16.253846
58,8,2,0,0,0,2026-07-15T14:52:16.847900
58,8,3,3,0,3,2026-07-15T14:52:19.533829
58,8,4,3,0,3,2026-07-15T14:52:20.695430
58,8,5,2,0,2,2026-07-15T14:52:21.865622
58,8,6,0,0,0,2026-07-15T14:52:22.397873
58,8,7,0,0,0,2026-07-15T14:52:22.957699
58,8,8,3,0,3,2026-07-15T14:52:24.089558
58,8,9,3,0,3,2026-07-15T14:52:25.165521
58,8,10,2,0,2,2026-07-15T14:52:27.068548
58,9,1,4,0,4,2026-07-15T14:52:28.144374
58,9,2,4,0,4,2026-07-15T14:52:29.591165
58,9,3,4,0,4,2026-07-15T14:52:31.733626
58,9,4,4,0,4,2026-07-15T14:52:33.024398
58,9,5,4,0,4,2026-07-15T14:52:34.028222
58,9,6,3,0,3,2026-07-15T14:52:35.817761
58,9,7,4,0,4,2026-07-15T14:52:37.018814
58,9,8,4,0,4,2026-07-15T14:52:38.074951
58,9,9,4,0,4,2026-07-15T14:52:39.194566
58,9,10,4,0,4,2026-07-15T14:52:40.099242
59,1,1,3,0,3,2026-07-15T14:52:41.156916
59,1,2,3,0,3,2026-07-15T14:52:42.173673
59,1,3,3,0,3,2026-07-15T14:52:43.226998
59,1,4,3,0,3,2026-07-15T14:52:44.559154
59,1,5,3,0,3,2026-07-15T14:52:45.787899
59,1,6,3,0,3,2026-07-15T14:52:46.860823
59,1,7,2,0,2,2026-07-15T14:52:47.369173
59,1,8,3,0,3,2026-07-15T14:52:48.428261
59,1,9,2,0,2,2026-07-15T14:52:48.965244
59,1,10,2,0,2,2026-07-15T14:52:49.436877
59,2,1,2,0,2,2026-07-15T14:52:50.615714
59,2,2,1,0,1,2026-07-15T14:52:51.789829
59,2,3,0,0,0,2026-07-15T14:52:52.233544
59,2,4,2,0,2,2026-07-15T14:52:55.036516
59,2,5,0,0,0,2026-07-15T14:52:55.771088
59,2,6,2,0,2,2026-07-15T14:52:56.970734
59,2,7,2,0,2,2026-07-15T14:52:58.077212
59,2,8,2,0,2,2026-07-15T14:52:59.449476
59,2,9,2,0,2,2026-07-15T14:53:00.487326
59,2,10,1,0,1,2026-07-15T14:53:02.214538
59,3,1,3,0,3,2026-07-15T14:53:03.258884
59,3,2,4,0,4,2026-07-15T14:53:04.771193
59,3,3,4,0,4,2026-07-15T14:53:05.962151
59,3,4,4,0,4,2026-07-15T14:53:07.174323
59,3,5,3,0,3,2026-07-15T14:53:07.866309
59,3,6,4,0,4,2026-07-15T14:53:09.521870
59,3,7,3,0,3,2026-07-15T14:53:11.216577
59,3,8,4,0,4,2026-07-15T14:53:13.120504
59,3,9,3,0,3,2026-07-15T14:53:13.570243
59,3,10,3,0,3,2026-07-15T14:53:14.754691
59,4,1,0,0,0,2026-07-15T14:53:16.163923
59,4,2,0,0,0,2026-07-15T14:53:18.624664
59,4,3,1,0,1,2026-07-15T14:53:20.005169
59,4,4,0,0,0,2026-07-15T14:53:20.505909
59,4,5,1,0,1,2026-07-15T14:53:21.622495
59,4,6,0,0,0,2026-07-15T14:53:22.067713
59,4,7,1,0,1,2026-07-15T14:53:23.503693
59,4,8,0,0,0,2026-07-15T14:53:25.490845
59,4,9,0,0,0,2026-07-15T14:53:25.974850
59,4,10,1,0,1,2026-07-15T14:53:27.104283
59,5,1,2,0,2,2026-07-15T14:53:27.607980
59,5,2,3,0,3,2026-07-15T14:53:29.046038
59,5,3,2,0,2,2026-07-15T14:53:29.645249
59,5,4,3,0,3,2026-07-15T14:53:31.029753
59,5,5,3,0,3,2026-07-15T14:53:32.080984
59,5,6,3,0,3,2026-07-15T14:53:33.140466
59,5,7,3,0,3,2026-07-15T14:53:34.447457
59,5,8,3,0,3,2026-07-15T14:53:36.117334
59,5,9,3,0,3,2026-07-15T14:53:37.301034
59,5,10,2,0,2,2026-07-15T14:53:38.010963
59,6,1,2,0,2,2026-07-15T14:53:39.226297
59,6,2,0,0,0,2026-07-15T14:53:39.689882
59,6,3,1,0,1,2026-07-15T14:53:41.053767
59,6,4,2,0,2,2026-07-15T14:53:42.255174
59,6,5,0,0,0,2026-07-15T14:53:42.779519
59,6,6,0,0,0,2026-07-15T14:53:43.201645
59,6,7,1,0,1,2026-07-15T14:53:44.678720
59,6,8,1,0,1,2026-07-15T14:53:47.241807
59,6,9,1,0,1,2026-07-15T14:53:48.653283
59,6,10,0,0,0,2026-07-15T14:53:49.262692
59,7,1,3,0,3,2026-07-15T14:53:51.259504
59,7,2,3,0,3,2026-07-15T14:53:51.697380
59,7,3,3,0,3,2026-07-15T14:53:52.281907
59,7,4,3,0,3,2026-07-15T14:53:53.714174
59,7,5,3,0,3,2026-07-15T14:53:55.946814
59,7,6,3,0,3,2026-07-15T14:53:56.989484
59,7,7,4,0,4,2026-07-15T14:53:58.090648
59,7,8,3,0,3,2026-07-15T14:53:59.077993
59,7,9,3,0,3,2026-07-15T14:54:00.010649
59,7,10,3,0,3,2026-07-15T14:54:02.008671
59,8,1,3,0,3,2026-07-15T14:54:03.150655
59,8,2,3,0,3,2026-07-15T14:54:04.256673
59,8,3,3,0,3,2026-07-15T14:54:05.321445
59,8,4,3,0,3,2026-07-15T14:54:06.920286
59,8,5,3,0,3,2026-07-15T14:54:08.001209
59,8,6,3,0,3,2026-07-15T14:54:09.556572
59,8,7,3,0,3,2026-07-15T14:54:10.841190
59,8,8,3,0,3,2026-07-15T14:54:11.992233
59,8,9,2,0,2,2026-07-15T14:54:13.116679
59,8,10,2,0,2,2026-07-15T14:54:14.531551
59,9,1,5,0,5,2026-07-15T14:54:15.070773
59,9,2,4,0,4,2026-07-15T14:54:16.693433
59,9,3,4,0,4,2026-07-15T14:54:17.771859
59,9,4,5,0,5,2026-07-15T14:54:18.663549
59,9,5,4,0,4,2026-07-15T14:54:21.008425
59,9,6,5,0,5,2026-07-15T14:54:21.674421
59,9,7,4,0,4,2026-07-15T14:54:23.098946
59,9,8,5,0,5,2026-07-15T14:54:23.512737
59,9,9,4,0,4,2026-07-15T14:54:25.183746
59,9,10,4,0,4,2026-07-15T14:54:26.197897
60,1,1,2,0,2,2026-07-15T14:54:26.636672
60,1,2,2,0,2,2026-07-15T14:54:28.470359
60,1,3,3,0,3,2026-07-15T14:54:29.812257
60,1,4,3,0,3,2026-07-15T14:54:30.980863
60,1,5,3,0,3,2026-07-15T14:54:32.345909
60,1,6,3,0,3,2026-07-15T14:54:33.632971
60,1,7,3,0,3,2026-07-15T14:54:34.919044
60,1,8,3,0,3,2026-07-15T14:54:36.810687
60,1,9,2,0,2,2026-07-15T14:54:37.628592
60,1,10,3,0,3,2026-07-15T14:54:38.838483
60,2,1,2,0,2,2026-07-15T14:54:39.915167
60,2,2,0,0,0,2026-07-15T14:54:40.341143
60,2,3,3,0,3,2026-07-15T14:54:41.565193
60,2,4,1,0,1,2026-07-15T14:54:42.899000
60,2,5,0,0,0,2026-07-15T14:54:43.650959
60,2,6,1,0,1,2026-07-15T14:54:45.558678
60,2,7,2,0,2,2026-07-15T14:54:46.845708
60,2,8,2,0,2,2026-07-15T14:54:48.150200
60,2,9,0,0,0,2026-07-15T14:54:48.672336
60,2,10,2,0,2,2026-07-15T14:54:49.953277
60,3,1,3,0,3,2026-07-15T14:54:50.646595
60,3,2,3,0,3,2026-07-15T14:54:51.764687
60,3,3,3,0,3,2026-07-15T14:54:53.030226
60,3,4,3,0,3,2026-07-15T14:54:54.216057
60,3,5,3,0,3,2026-07-15T14:54:55.270510
60,3,6,3,0,3,2026-07-15T14:54:56.667199
60,3,7,3,0,3,2026-07-15T14:54:57.668140
60,3,8,2,0,2,2026-07-15T14:54:58.731949
60,3,9,3,0,3,2026-07-15T14:55:00.933359
60,3,10,3,0,3,2026-07-15T14:55:02.208211
60,4,1,1,0,1,2026-07-15T14:55:03.600011
60,4,2,1,0,1,2026-07-15T14:55:04.833082
60,4,3,1,0,1,2026-07-15T14:55:06.089870
60,4,4,1,0,1,2026-07-15T14:55:07.159646
60,4,5,1,0,1,2026-07-15T14:55:08.427565
60,4,6,0,0,0,2026-07-15T14:55:08.949602
60,4,7,1,0,1,2026-07-15T14:55:11.370902
60,4,8,1,0,1,2026-07-15T14:55:12.825620
60,4,9,0,0,0,2026-07-15T14:55:13.357701
60,4,10,1,0,1,2026-07-15T14:55:14.777959
60,5,1,3,0,3,2026-07-15T14:55:16.745943
60,5,2,2,0,2,2026-07-15T14:55:17.245310
60,5,3,2,0,2,2026-07-15T14:55:18.555270
60,5,4,2,0,2,2026-07-15T14:55:20.184419
60,5,5,2,0,2,2026-07-15T14:55:20.718644
60,5,6,2,0,2,2026-07-15T14:55:21.818551
60,5,7,3,0,3,2026-07-15T14:55:22.943871
60,5,8,3,0,3,2026-07-15T14:55:24.225158
60,5,9,2,0,2,2026-07-15T14:55:25.175647
60,5,10,2,0,2,2026-07-15T14:55:25.779913
60,6,1,2,0,2,2026-07-15T14:55:26.826839
60,6,2,2,0,2,2026-07-15T14:55:28.034296
60,6,3,2,0,2,2026-07-15T14:55:29.480085
60,6,4,2,0,2,2026-07-15T14:55:31.093629
60,6,5,3,0,3,2026-07-15T14:55:32.594214
60,6,6,0,0,0,2026-07-15T14:55:33.063031
60,6,7,2,0,2,2026-07-15T14:55:34.360036
60,6,8,1,0,1,2026-07-15T14:55:35.512459
60,6,9,2,0,2,2026-07-15T14:55:36.956883
60,6,10,2,0,2,2026-07-15T14:55:38.968713
60,7,1,3,0,3,2026-07-15T14:55:40.300399
60,7,2,3,0,3,2026-07-15T14:55:40.756190
60,7,3,3,0,3,2026-07-15T14:55:42.355104
60,7,4,3,0,3,2026-07-15T14:55:43.717681
60,7,5,3,0,3,2026-07-15T14:55:44.768614
60,7,6,3,0,3,2026-07-15T14:55:46.414518
60,7,7,3,0,3,2026-07-15T14:55:46.915095
60,7,8,3,0,3,2026-07-15T14:55:48.772091
60,7,9,3,0,3,2026-07-15T14:55:50.008589
60,7,10,3,0,3,2026-07-15T14:55:50.636504
60,8,1,3,0,3,2026-07-15T14:55:52.354311
60,8,2,2,0,2,2026-07-15T14:55:52.855731
60,8,3,3,0,3,2026-07-15T14:55:54.200178
60,8,4,2,0,2,2026-07-15T14:55:54.808938
60,8,5,2,0,2,2026-07-15T14:55:55.493921
60,8,6,3,0,3,2026-07-15T14:55:56.799816
60,8,7,3,0,3,2026-07-15T14:55:59.063608
60,8,8,2,0,2,2026-07-15T14:55:59.643388
60,8,9,3,0,3,2026-07-15T14:56:00.775048
60,8,10,2,0,2,2026-07-15T14:56:01.196452
60,9,1,4,0,4,2026-07-15T14:56:02.392652
60,9,2,3,0,3,2026-07-15T14:56:04.231791
60,9,3,4,0,4,2026-07-15T14:56:06.382615
60,9,4,4,0,4,2026-07-15T14:56:07.789193
60,9,5,4,0,4,2026-07-15T14:56:08.784524
60,9,6,4,0,4,2026-07-15T14:56:09.904355
60,9,7,4,0,4,2026-07-15T14:56:10.314037
60,9,8,4,0,4,2026-07-15T14:56:10.882859
60,9,9,4,0,4,2026-07-15T14:56:11.502848
60,9,10,4,0,4,2026-07-15T14:56:12.028367
61,1,1,3,0,3,2026-07-15T14:56:13.373297
61,1,2,2,0,2,2026-07-15T14:56:13.883845
61,1,3,3,0,3,2026-07-15T14:56:15.523687
61,1,4,2,0,2,2026-07-15T14:56:16.078260
61,1,5,2,0,2,2026-07-15T14:56:17.515652
61,1,6,3,0,3,2026-07-15T14:56:18.971737
61,1,7,3,0,3,2026-07-15T14:56:20.541921
61,1,8,2,0,2,2026-07-15T14:56:20.962997
61,1,9,2,0,2,2026-07-15T14:56:21.487397
61,1,10,3,0,3,2026-07-15T14:56:23.228788
61,2,1,2,0,2,2026-07-15T14:56:24.396664
61,2,2,0,0,0,2026-07-15T14:56:24.885759
61,2,3,2,0,2,2026-07-15T14:56:26.153637
61,2,4,1,0,1,2026-07-15T14:56:27.805692
61,2,5,2,0,2,2026-07-15T14:56:28.751548
61,2,6,1,0,1,2026-07-15T14:56:30.222725
61,2,7,0,0,0,2026-07-15T14:56:30.799469
61,2,8,1,0,1,2026-07-15T14:56:32.047658
61,2,9,0,0,0,2026-07-15T14:56:32.611616
61,2,10,2,0,2,2026-07-15T14:56:34.048581
61,3,1,3,0,3,2026-07-15T14:56:35.711950
61,3,2,3,0,3,2026-07-15T14:56:37.381477
61,3,3,3,0,3,2026-07-15T14:56:38.478667
61,3,4,3,0,3,2026-07-15T14:56:39.769064
61,3,5,3,0,3,2026-07-15T14:56:41.275726
61,3,6,3,0,3,2026-07-15T14:56:41.841858
61,3,7,3,0,3,2026-07-15T14:56:43.170133
61,3,8,3,0,3,2026-07-15T14:56:44.479352
61,3,9,3,0,3,2026-07-15T14:56:45.029075
61,3,10,3,0,3,2026-07-15T14:56:46.423862
61,4,1,0,0,0,2026-07-15T14:56:47.413177
61,4,2,0,0,0,2026-07-15T14:56:48.606380
61,4,3,0,0,0,2026-07-15T14:56:51.104172
61,4,4,0,0,0,2026-07-15T14:56:52.155128
61,4,5,0,0,0,2026-07-15T14:56:53.812745
61,4,6,0,0,0,2026-07-15T14:56:54.336466
61,4,7,0,0,0,2026-07-15T14:56:55.552318
61,4,8,0,0,0,2026-07-15T14:56:56.999488
61,4,9,0,0,0,2026-07-15T14:56:58.154304
61,4,10,0,0,0,2026-07-15T14:56:59.201356
61,5,1,2,0,2,2026-07-15T14:56:59.837154
61,5,2,3,0,3,2026-07-15T14:57:01.247426
61,5,3,3,0,3,2026-07-15T14:57:01.744141
61,5,4,3,0,3,2026-07-15T14:57:03.098323
61,5,5,3,0,3,2026-07-15T14:57:04.362367
61,5,6,3,0,3,2026-07-15T14:57:05.444174
61,5,7,3,0,3,2026-07-15T14:57:06.553289
61,5,8,3,0,3,2026-07-15T14:57:07.970723
61,5,9,3,0,3,2026-07-15T14:57:08.649887
61,5,10,3,0,3,2026-07-15T14:57:10.416020
61,6,1,1,0,1,2026-07-15T14:57:11.674744
61,6,2,1,0,1,2026-07-15T14:57:13.570675
61,6,3,1,0,1,2026-07-15T14:57:14.719167
61,6,4,1,0,1,2026-07-15T14:57:15.826292
61,6,5,0,0,0,2026-07-15T14:57:16.715226
61,6,6,0,0,0,2026-07-15T14:57:17.207400
61,6,7,1,0,1,2026-07-15T14:57:18.234495
61,6,8,1,0,1,2026-07-15T14:57:19.836140
61,6,9,1,0,1,2026-07-15T14:57:21.111150
61,6,10,1,0,1,2026-07-15T14:57:22.415129
61,7,1,3,0,3,2026-07-15T14:57:24.005171
61,7,2,3,0,3,2026-07-15T14:57:25.332704
61,7,3,3,0,3,2026-07-15T14:57:26.538706
61,7,4,3,0,3,2026-07-15T14:57:27.881412
61,7,5,3,0,3,2026-07-15T14:57:28.301090
61,7,6,3,0,3,2026-07-15T14:57:29.557977
61,7,7,3,0,3,2026-07-15T14:57:30.065649
61,7,8,3,0,3,2026-07-15T14:57:31.623076
61,7,9,3,0,3,2026-07-15T14:57:32.678915
61,7,10,3,0,3,2026-07-15T14:57:33.854646
61,8,1,2,0,2,2026-07-15T14:57:35.174490
61,8,2,3,0,3,2026-07-15T14:57:36.127612
61,8,3,0,0,0,2026-07-15T14:57:36.705780
61,8,4,3,0,3,2026-07-15T14:57:37.996811
61,8,5,3,0,3,2026-07-15T14:57:39.153713
61,8,6,3,0,3,2026-07-15T14:57:40.517656
61,8,7,3,0,3,2026-07-15T14:57:42.112132
61,8,8,3,0,3,2026-07-15T14:57:43.343865
61,8,9,3,0,3,2026-07-15T14:57:44.947963
61,8,10,3,0,3,2026-07-15T14:57:46.374046
61,9,1,4,0,4,2026-07-15T14:57:47.914625
61,9,2,4,0,4,2026-07-15T14:57:48.429584
61,9,3,4,0,4,2026-07-15T14:57:48.963458
61,9,4,4,0,4,2026-07-15T14:57:50.336650
61,9,5,4,0,4,2026-07-15T14:57:50.791433
61,9,6,4,0,4,2026-07-15T14:57:51.357724
61,9,7,4,0,4,2026-07-15T14:57:53.170487
61,9,8,4,0,4,2026-07-15T14:57:54.272585
61,9,9,4,0,4,2026-07-15T14:57:54.703931
61,9,10,4,0,4,2026-07-15T14:57:55.145924
62,1,1,3,0,3,2026-07-15T14:57:56.434713
62,1,2,3,0,3,2026-07-15T14:57:57.448968
62,1,3,2,0,2,2026-07-15T14:57:57.907871
62,1,4,2,0,2,2026-07-15T14:57:58.470630
62,1,5,2,0,2,2026-07-15T14:57:59.028500
62,1,6,3,0,3,2026-07-15T14:58:00.049765
62,1,7,3,0,3,2026-07-15T14:58:01.447173
62,1,8,3,0,3,2026-07-15T14:58:02.731516
62,1,9,3,0,3,2026-07-15T14:58:03.852547
62,1,10,3,0,3,2026-07-15T14:58:04.891852
62,2,1,2,0,2,2026-07-15T14:58:06.094747
62,2,2,0,0,0,2026-07-15T14:58:06.557006
62,2,3,2,0,2,2026-07-15T14:58:07.708400
62,2,4,2,0,2,2026-07-15T14:58:09.063902
62,2,5,2,0,2,2026-07-15T14:58:11.399862
62,2,6,2,0,2,2026-07-15T14:58:13.026618
62,2,7,0,0,0,2026-07-15T14:58:13.691825
62,2,8,0,0,0,2026-07-15T14:58:14.219846
62,2,9,2,0,2,2026-07-15T14:58:15.306620
62,2,10,0,0,0,2026-07-15T14:58:16.049531
62,3,1,3,0,3,2026-07-15T14:58:18.275482
62,3,2,4,0,4,2026-07-15T14:58:19.522071
62,3,3,3,0,3,2026-07-15T14:58:20.025535
62,3,4,4,0,4,2026-07-15T14:58:21.351356
62,3,5,4,0,4,2026-07-15T14:58:22.601251
62,3,6,3,0,3,2026-07-15T14:58:24.411483
62,3,7,4,0,4,2026-07-15T14:58:25.739118
62,3,8,3,0,3,2026-07-15T14:58:26.290210
62,3,9,3,0,3,2026-07-15T14:58:26.842511
62,3,10,3,0,3,2026-07-15T14:58:29.447967
62,4,1,0,0,0,2026-07-15T14:58:29.899353
62,4,2,1,0,1,2026-07-15T14:58:31.087814
62,4,3,1,0,1,2026-07-15T14:58:32.538568
62,4,4,0,0,0,2026-07-15T14:58:35.982703
62,4,5,1,0,1,2026-07-15T14:58:37.681008
62,4,6,0,0,0,2026-07-15T14:58:38.139769
62,4,7,0,0,0,2026-07-15T14:58:38.605796
62,4,8,0,0,0,2026-07-15T14:58:39.312736
62,4,9,1,0,1,2026-07-15T14:58:41.580256
62,4,10,0,0,0,2026-07-15T14:58:44.566365
62,5,1,3,0,3,2026-07-15T14:58:46.136953
62,5,2,3,0,3,2026-07-15T14:58:47.744004
62,5,3,3,0,3,2026-07-15T14:58:49.724212
62,5,4,3,0,3,2026-07-15T14:58:50.155000
62,5,5,3,0,3,2026-07-15T14:58:50.710564
62,5,6,3,0,3,2026-07-15T14:58:52.085812
62,5,7,3,0,3,2026-07-15T14:58:53.939123
62,5,8,3,0,3,2026-07-15T14:58:55.101654
62,5,9,3,0,3,2026-07-15T14:58:56.391796
62,5,10,3,0,3,2026-07-15T14:58:57.770583
62,6,1,0,0,0,2026-07-15T14:58:59.232517
62,6,2,0,0,0,2026-07-15T14:58:59.710805
62,6,3,0,0,0,2026-07-15T14:59:00.185155
62,6,4,2,0,2,2026-07-15T14:59:03.103228
62,6,5,0,0,0,2026-07-15T14:59:07.255129
62,6,6,0,0,0,2026-07-15T14:59:09.288681
62,6,7,1,0,1,2026-07-15T14:59:10.316265
62,6,8,0,0,0,2026-07-15T14:59:10.873485
62,6,9,0,0,0,2026-07-15T14:59:11.860022
62,6,10,3,0,3,2026-07-15T14:59:16.017469
62,7,1,3,0,3,2026-07-15T14:59:18.310404
62,7,2,3,0,3,2026-07-15T14:59:19.454317
62,7,3,3,0,3,2026-07-15T14:59:20.026271
62,7,4,3,0,3,2026-07-15T14:59:23.130067
62,7,5,3,0,3,2026-07-15T14:59:26.187398
62,7,6,3,0,3,2026-07-15T14:59:28.169821
62,7,7,4,0,4,2026-07-15T14:59:29.582352
62,7,8,3,0,3,2026-07-15T14:59:30.688820
62,7,9,3,0,3,2026-07-15T14:59:31.170892
62,7,10,3,0,3,2026-07-15T14:59:35.849261
62,8,1,0,0,0,2026-07-15T14:59:36.365399
62,8,2,2,0,2,2026-07-15T14:59:37.766010
62,8,3,2,0,2,2026-07-15T14:59:38.975567
62,8,4,3,0,3,2026-07-15T14:59:41.833616
62,8,5,2,0,2,2026-07-15T14:59:44.797722
62,8,6,3,0,3,2026-07-15T14:59:46.490986
62,8,7,3,0,3,2026-07-15T14:59:47.758356
62,8,8,3,0,3,2026-07-15T14:59:49.726857
62,8,9,2,0,2,2026-07-15T14:59:51.205108
62,8,10,0,0,0,2026-07-15T14:59:53.751979
62,9,1,4,0,4,2026-07-15T14:59:54.962066
62,9,2,4,0,4,2026-07-15T14:59:58.692267
62,9,3,4,0,4,2026-07-15T15:00:00.038490
62,9,4,4,0,4,2026-07-15T15:00:01.244655
62,9,5,4,0,4,2026-07-15T15:00:02.491328
62,9,6,4,0,4,2026-07-15T15:00:03.474899
62,9,7,4,0,4,2026-07-15T15:00:04.571547
62,9,8,4,0,4,2026-07-15T15:00:05.752034
62,9,9,4,0,4,2026-07-15T15:00:06.725774
62,9,10,4,0,4,2026-07-15T15:00:07.546115
63,1,1,3,0,3,2026-07-15T15:00:09.988320
63,1,2,2,0,2,2026-07-15T15:00:10.611591
63,1,3,3,0,3,2026-07-15T15:00:12.381578
63,1,4,3,0,3,2026-07-15T15:00:17.401934
63,1,5,3,0,3,2026-07-15T15:00:19.207211
63,1,6,3,0,3,2026-07-15T15:00:20.500100
63,1,7,3,0,3,2026-07-15T15:00:22.194316
63,1,8,2,0,2,2026-07-15T15:00:22.732272
63,1,9,3,0,3,2026-07-15T15:00:23.914162
63,1,10,2,0,2,2026-07-15T15:00:24.480901
63,2,1,1,0,1,2026-07-15T15:00:25.744815
63,2,2,1,0,1,2026-07-15T15:00:27.110792
63,2,3,0,0,0,2026-07-15T15:00:29.184606
63,2,4,1,0,1,2026-07-15T15:00:30.692424
63,2,5,0,0,0,2026-07-15T15:00:32.734571
63,2,6,1,0,1,2026-07-15T15:00:33.942128
63,2,7,2,0,2,2026-07-15T15:00:35.203679
63,2,8,1,0,1,2026-07-15T15:00:36.340919
63,2,9,1,0,1,2026-07-15T15:00:37.683192
63,2,10,2,0,2,2026-07-15T15:00:40.328823
63,3,1,4,0,4,2026-07-15T15:00:41.620346
63,3,2,3,0,3,2026-07-15T15:00:42.918698
63,3,3,3,0,3,2026-07-15T15:00:43.531423
63,3,4,4,0,4,2026-07-15T15:00:47.828361
63,3,5,4,0,4,2026-07-15T15:00:49.331522
63,3,6,4,0,4,2026-07-15T15:00:51.813908
63,3,7,4,0,4,2026-07-15T15:00:52.973319
63,3,8,4,0,4,2026-07-15T15:00:54.171240
63,3,9,4,0,4,2026-07-15T15:00:55.179009
63,3,10,4,0,4,2026-07-15T15:00:57.436233
63,4,1,0,0,0,2026-07-15T15:00:59.250968
63,4,2,0,0,0,2026-07-15T15:01:01.503794
63,4,3,0,0,0,2026-07-15T15:01:02.986655
63,4,4,0,0,0,2026-07-15T15:01:04.152581
63,4,5,0,0,0,2026-07-15T15:01:06.057829
63,4,6,0,0,0,2026-07-15T15:01:07.252237
63,4,7,0,0,0,2026-07-15T15:01:08.883077
63,4,8,0,0,0,2026-07-15T15:01:10.080306
63,4,9,0,0,0,2026-07-15T15:01:11.407182
63,4,10,0,0,0,2026-07-15T15:01:12.354295
63,5,1,3,0,3,2026-07-15T15:01:13.426547
63,5,2,3,0,3,2026-07-15T15:01:14.959208
63,5,3,3,0,3,2026-07-15T15:01:17.180082
63,5,4,3,0,3,2026-07-15T15:01:18.220389
63,5,5,4,0,4,2026-07-15T15:01:19.295906
63,5,6,3,0,3,2026-07-15T15:01:20.586803
63,5,7,3,0,3,2026-07-15T15:01:22.993037
63,5,8,3,0,3,2026-07-15T15:01:24.391169
63,5,9,3,0,3,2026-07-15T15:01:25.821874
63,5,10,3,0,3,2026-07-15T15:01:27.584676
63,6,1,1,0,1,2026-07-15T15:01:29.573837
63,6,2,1,0,1,2026-07-15T15:01:30.786907
63,6,3,1,0,1,2026-07-15T15:01:31.901555
63,6,4,1,0,1,2026-07-15T15:01:33.405347
63,6,5,1,0,1,2026-07-15T15:01:34.788379
63,6,6,2,0,2,2026-07-15T15:01:35.939010
63,6,7,1,0,1,2026-07-15T15:01:37.169757
63,6,8,1,0,1,2026-07-15T15:01:38.755014
63,6,9,1,0,1,2026-07-15T15:01:40.134922
63,6,10,1,0,1,2026-07-15T15:01:41.378337
63,7,1,4,0,4,2026-07-15T15:01:42.684267
63,7,2,4,0,4,2026-07-15T15:01:43.751981
63,7,3,4,0,4,2026-07-15T15:01:45.033406
63,7,4,4,0,4,2026-07-15T15:01:45.821821
63,7,5,4,0,4,2026-07-15T15:01:47.219769
63,7,6,4,0,4,2026-07-15T15:01:47.972061
63,7,7,4,0,4,2026-07-15T15:01:48.560835
63,7,8,4,0,4,2026-07-15T15:01:49.844776
63,7,9,4,0,4,2026-07-15T15:01:51.111099
63,7,10,4,0,4,2026-07-15T15:01:51.599464
63,8,1,2,0,2,2026-07-15T15:01:53.504519
63,8,2,2,0,2,2026-07-15T15:01:55.371142
63,8,3,3,0,3,2026-07-15T15:01:56.700455
63,8,4,2,0,2,2026-07-15T15:01:57.931686
63,8,5,0,0,0,2026-07-15T15:01:59.263604
63,8,6,1,0,1,2026-07-15T15:02:00.157545
63,8,7,3,0,3,2026-07-15T15:02:01.294761
63,8,8,2,0,2,2026-07-15T15:02:02.523680
63,8,9,0,0,0,2026-07-15T15:02:04.141010
63,8,10,3,0,3,2026-07-15T15:02:06.107775
63,9,1,5,0,5,2026-07-15T15:02:07.095984
63,9,2,5,0,5,2026-07-15T15:02:08.071397
63,9,3,5,0,5,2026-07-15T15:02:09.320807
63,9,4,5,0,5,2026-07-15T15:02:10.346494
63,9,5,5,0,5,2026-07-15T15:02:12.358911
63,9,6,5,0,5,2026-07-15T15:02:12.915711
63,9,7,5,0,5,2026-07-15T15:02:13.497520
63,9,8,5,0,5,2026-07-15T15:02:14.648838
63,9,9,5,0,5,2026-07-15T15:02:15.734628
63,9,10,5,0,5,2026-07-15T15:02:16.321069
64,1,1,3,0,3,2026-07-15T15:02:17.549572
64,1,2,2,0,2,2026-07-15T15:02:18.184067
64,1,3,3,0,3,2026-07-15T15:02:19.259461
64,1,4,3,0,3,2026-07-15T15:02:20.212401
64,1,5,2,0,2,2026-07-15T15:02:21.571877
64,1,6,3,0,3,2026-07-15T15:02:23.065984
64,1,7,3,0,3,2026-07-15T15:02:24.050163
64,1,8,3,0,3,2026-07-15T15:02:25.408868
64,1,9,3,0,3,2026-07-15T15:02:27.713091
64,1,10,3,0,3,2026-07-15T15:02:28.791986
64,2,1,2,0,2,2026-07-15T15:02:29.924472
64,2,2,2,0,2,2026-07-15T15:02:31.028879
64,2,3,2,0,2,2026-07-15T15:02:32.069464
64,2,4,3,0,3,2026-07-15T15:02:33.375820
64,2,5,2,0,2,2026-07-15T15:02:34.414278
64,2,6,2,0,2,2026-07-15T15:02:37.047254
64,2,7,2,0,2,2026-07-15T15:02:38.389884
64,2,8,0,0,0,2026-07-15T15:02:39.032647
64,2,9,0,0,0,2026-07-15T15:02:39.741151
64,2,10,2,0,2,2026-07-15T15:02:40.787148
64,3,1,3,0,3,2026-07-15T15:02:41.948269
64,3,2,3,0,3,2026-07-15T15:02:43.221752
64,3,3,3,0,3,2026-07-15T15:02:45.195417
64,3,4,3,0,3,2026-07-15T15:02:46.432620
64,3,5,3,0,3,2026-07-15T15:02:47.418051
64,3,6,3,0,3,2026-07-15T15:02:47.891518
64,3,7,3,0,3,2026-07-15T15:02:48.451614
64,3,8,3,0,3,2026-07-15T15:02:49.596521
64,3,9,3,0,3,2026-07-15T15:02:51.348627
64,3,10,3,0,3,2026-07-15T15:02:52.903667
64,4,1,1,0,1,2026-07-15T15:02:54.138039
64,4,2,0,0,0,2026-07-15T15:02:55.749109
64,4,3,0,0,0,2026-07-15T15:02:57.006424
64,4,4,1,0,1,2026-07-15T15:02:58.408837
64,4,5,1,0,1,2026-07-15T15:02:59.621433
64,4,6,0,0,0,2026-07-15T15:03:00.198038
64,4,7,0,0,0,2026-07-15T15:03:01.209999
64,4,8,0,0,0,2026-07-15T15:03:02.514198
64,4,9,1,0,1,2026-07-15T15:03:03.796461
64,4,10,0,0,0,2026-07-15T15:03:04.841664
64,5,1,3,0,3,2026-07-15T15:03:05.376527
64,5,2,3,0,3,2026-07-15T15:03:06.352903
64,5,3,3,0,3,2026-07-15T15:03:07.730756
64,5,4,3,0,3,2026-07-15T15:03:09.352977
64,5,5,3,0,3,2026-07-15T15:03:10.675210
64,5,6,3,0,3,2026-07-15T15:03:13.179437
64,5,7,3,0,3,2026-07-15T15:03:14.217781
64,5,8,3,0,3,2026-07-15T15:03:15.412941
64,5,9,3,0,3,2026-07-15T15:03:17.332850
64,5,10,3,0,3,2026-07-15T15:03:19.942997
64,6,1,1,0,1,2026-07-15T15:03:21.178645
64,6,2,1,0,1,2026-07-15T15:03:23.718604
64,6,3,0,0,0,2026-07-15T15:03:24.265197
64,6,4,0,0,0,2026-07-15T15:03:24.936607
64,6,5,0,0,0,2026-07-15T15:03:25.525102
64,6,6,1,0,1,2026-07-15T15:03:27.120199
64,6,7,2,0,2,2026-07-15T15:03:29.185814
64,6,8,2,0,2,2026-07-15T15:03:30.570833
64,6,9,1,0,1,2026-07-15T15:03:31.632433
64,6,10,2,0,2,2026-07-15T15:03:32.768618
64,7,1,3,0,3,2026-07-15T15:03:33.897624
64,7,2,3,0,3,2026-07-15T15:03:35.401611
64,7,3,3,0,3,2026-07-15T15:03:36.454927
64,7,4,3,0,3,2026-07-15T15:03:37.456260
64,7,5,3,0,3,2026-07-15T15:03:38.002331
64,7,6,3,0,3,2026-07-15T15:03:39.263010
64,7,7,3,0,3,2026-07-15T15:03:39.882411
64,7,8,3,0,3,2026-07-15T15:03:40.630993
64,7,9,3,0,3,2026-07-15T15:03:42.784481
64,7,10,3,0,3,2026-07-15T15:03:43.252070
64,8,1,3,0,3,2026-07-15T15:03:44.415293
64,8,2,3,0,3,2026-07-15T15:03:46.943068
64,8,3,3,0,3,2026-07-15T15:03:48.515463
64,8,4,3,0,3,2026-07-15T15:03:49.717165
64,8,5,0,0,0,2026-07-15T15:03:50.210990
64,8,6,0,0,0,2026-07-15T15:03:50.645297
64,8,7,3,0,3,2026-07-15T15:03:51.763802
64,8,8,0,0,0,2026-07-15T15:03:52.390227
64,8,9,3,0,3,2026-07-15T15:03:53.574717
64,8,10,0,0,0,2026-07-15T15:03:54.066389
64,9,1,4,0,4,2026-07-15T15:03:55.555158
64,9,2,4,0,4,2026-07-15T15:03:56.566512
64,9,3,4,0,4,2026-07-15T15:03:59.046369
64,9,4,4,0,4,2026-07-15T15:04:02.031088
64,9,5,4,0,4,2026-07-15T15:04:02.732693
64,9,6,4,0,4,2026-07-15T15:04:04.467343
64,9,7,4,0,4,2026-07-15T15:04:05.857037
64,9,8,4,0,4,2026-07-15T15:04:06.795362
64,9,9,4,0,4,2026-07-15T15:04:07.416132
64,9,10,4,0,4,2026-07-15T15:04:08.558540
65,1,1,3,0,3,2026-07-15T15:04:09.876632
65,1,2,3,0,3,2026-07-15T15:04:10.456218
65,1,3,3,0,3,2026-07-15T15:04:12.019403
65,1,4,3,0,3,2026-07-15T15:04:13.834717
65,1,5,3,0,3,2026-07-15T15:04:15.123660
65,1,6,3,0,3,2026-07-15T15:04:17.190831
65,1,7,2,0,2,2026-07-15T15:04:17.877818
65,1,8,3,0,3,2026-07-15T15:04:18.911881
65,1,9,3,0,3,2026-07-15T15:04:19.501535
65,1,10,2,0,2,2026-07-15T15:04:20.013997
65,2,1,0,0,0,2026-07-15T15:04:21.024274
65,2,2,0,0,0,2026-07-15T15:04:22.333590
65,2,3,0,0,0,2026-07-15T15:04:24.511484
65,2,4,0,0,0,2026-07-15T15:04:25.603306
65,2,5,0,0,0,2026-07-15T15:04:26.113102
65,2,6,1,0,1,2026-07-15T15:04:28.108330
65,2,7,0,0,0,2026-07-15T15:04:28.684549
65,2,8,0,0,0,2026-07-15T15:04:29.753589
65,2,9,0,0,0,2026-07-15T15:04:31.130136
65,2,10,0,0,0,2026-07-15T15:04:32.264169
65,3,1,3,0,3,2026-07-15T15:04:34.073272
65,3,2,3,0,3,2026-07-15T15:04:34.893650
65,3,3,3,0,3,2026-07-15T15:04:36.256883
65,3,4,3,0,3,2026-07-15T15:04:37.350628
65,3,5,3,0,3,2026-07-15T15:04:39.031447
65,3,6,3,0,3,2026-07-15T15:04:40.072309
65,3,7,3,0,3,2026-07-15T15:04:41.516399
65,3,8,3,0,3,2026-07-15T15:04:42.682580
65,3,9,3,0,3,2026-07-15T15:04:43.749354
65,3,10,3,0,3,2026-07-15T15:04:44.821071
65,4,1,0,0,0,2026-07-15T15:04:46.463138
65,4,2,0,0,0,2026-07-15T15:04:47.648711
65,4,3,0,0,0,2026-07-15T15:04:48.970881
65,4,4,0,0,0,2026-07-15T15:04:50.061121
65,4,5,0,0,0,2026-07-15T15:04:51.252634
65,4,6,0,0,0,2026-07-15T15:04:52.896265
65,4,7,0,0,0,2026-07-15T15:04:53.877946
65,4,8,0,0,0,2026-07-15T15:04:55.163821
65,4,9,0,0,0,2026-07-15T15:04:56.327388
65,4,10,0,0,0,2026-07-15T15:04:57.583380
65,5,1,3,0,3,2026-07-15T15:04:59.045913
65,5,2,3,0,3,2026-07-15T15:05:00.773114
65,5,3,3,0,3,2026-07-15T15:05:01.940137
65,5,4,3,0,3,2026-07-15T15:05:03.225879
65,5,5,3,0,3,2026-07-15T15:05:04.314836
65,5,6,3,0,3,2026-07-15T15:05:05.410140
65,5,7,2,0,2,2026-07-15T15:05:05.883878
65,5,8,3,0,3,2026-07-15T15:05:07.086425
65,5,9,2,0,2,2026-07-15T15:05:07.603984
65,5,10,3,0,3,2026-07-15T15:05:08.907907
65,6,1,0,0,0,2026-07-15T15:05:10.208246
65,6,2,0,0,0,2026-07-15T15:05:11.565313
65,6,3,1,0,1,2026-07-15T15:05:12.933435
65,6,4,1,0,1,2026-07-15T15:05:14.014214
65,6,5,0,0,0,2026-07-15T15:05:15.486279
65,6,6,1,0,1,2026-07-15T15:05:16.698956
65,6,7,1,0,1,2026-07-15T15:05:21.703941
65,6,8,0,0,0,2026-07-15T15:05:25.997549
65,6,9,0,0,0,2026-07-15T15:05:26.667774
65,6,10,0,0,0,2026-07-15T15:05:29.412527
65,7,1,3,0,3,2026-07-15T15:05:29.926972
65,7,2,3,0,3,2026-07-15T15:05:31.197129
65,7,3,3,0,3,2026-07-15T15:05:33.211575
65,7,4,3,0,3,2026-07-15T15:05:33.877394
65,7,5,3,0,3,2026-07-15T15:05:35.726992
65,7,6,4,0,4,2026-07-15T15:05:37.343422
65,7,7,3,0,3,2026-07-15T15:05:37.931961
65,7,8,3,0,3,2026-07-15T15:05:39.262489
65,7,9,3,0,3,2026-07-15T15:05:40.541053
65,7,10,3,0,3,2026-07-15T15:05:41.167820
65,8,1,0,0,0,2026-07-15T15:05:42.127040
65,8,2,1,0,1,2026-07-15T15:05:43.637532
65,8,3,2,0,2,2026-07-15T15:05:44.702173
65,8,4,0,0,0,2026-07-15T15:05:45.307706
65,8,5,0,0,0,2026-07-15T15:05:45.744310
65,8,6,2,0,2,2026-07-15T15:05:46.954214
65,8,7,1,0,1,2026-07-15T15:05:48.297222
65,8,8,0,0,0,2026-07-15T15:05:49.104150
65,8,9,1,0,1,2026-07-15T15:05:50.314904
65,8,10,2,0,2,2026-07-15T15:05:51.363922
65,9,1,4,0,4,2026-07-15T15:05:52.720681
65,9,2,4,0,4,2026-07-15T15:05:53.333511
65,9,3,4,0,4,2026-07-15T15:05:53.806252
65,9,4,4,0,4,2026-07-15T15:05:55.524599
65,9,5,4,0,4,2026-07-15T15:05:56.771198
65,9,6,4,0,4,2026-07-15T15:05:57.955896
65,9,7,4,0,4,2026-07-15T15:05:59.288004
65,9,8,4,0,4,2026-07-15T15:06:00.423693
65,9,9,4,0,4,2026-07-15T15:06:01.480827
65,9,10,4,0,4,2026-07-15T15:06:04.257319
66,1,1,3,0,3,2026-07-15T15:06:05.378166
66,1,2,3,0,3,2026-07-15T15:06:06.424247
66,1,3,3,0,3,2026-07-15T15:06:08.220927
66,1,4,2,0,2,2026-07-15T15:06:08.779372
66,1,5,3,0,3,2026-07-15T15:06:09.879494
66,1,6,3,0,3,2026-07-15T15:06:10.994135
66,1,7,2,0,2,2026-07-15T15:06:11.574282
66,1,8,2,0,2,2026-07-15T15:06:12.954837
66,1,9,3,0,3,2026-07-15T15:06:15.495655
66,1,10,3,0,3,2026-07-15T15:06:16.716938
66,2,1,1,0,1,2026-07-15T15:06:18.174166
66,2,2,1,0,1,2026-07-15T15:06:19.559581
66,2,3,2,0,2,2026-07-15T15:06:20.983009
66,2,4,0,0,0,2026-07-15T15:06:21.486069
66,2,5,1,0,1,2026-07-15T15:06:23.341668
66,2,6,1,0,1,2026-07-15T15:06:24.577382
66,2,7,2,0,2,2026-07-15T15:06:25.644930
66,2,8,1,0,1,2026-07-15T15:06:27.421548
66,2,9,2,0,2,2026-07-15T15:06:28.527515
66,2,10,0,0,0,2026-07-15T15:06:29.257177
66,3,1,3,0,3,2026-07-15T15:06:30.783377
66,3,2,3,0,3,2026-07-15T15:06:31.902110
66,3,3,3,0,3,2026-07-15T15:06:35.977116
66,3,4,3,0,3,2026-07-15T15:06:37.168570
66,3,5,3,0,3,2026-07-15T15:06:38.994682
66,3,6,3,0,3,2026-07-15T15:06:40.815018
66,3,7,3,0,3,2026-07-15T15:06:41.751474
66,3,8,3,0,3,2026-07-15T15:06:42.906674
66,3,9,3,0,3,2026-07-15T15:06:43.327014
66,3,10,3,0,3,2026-07-15T15:06:45.432122
66,4,1,0,0,0,2026-07-15T15:06:46.663680
66,4,2,0,0,0,2026-07-15T15:06:48.394109
66,4,3,0,0,0,2026-07-15T15:06:50.028318
66,4,4,0,0,0,2026-07-15T15:06:51.283154
66,4,5,0,0,0,2026-07-15T15:06:53.200034
66,4,6,0,0,0,2026-07-15T15:06:54.279804
66,4,7,0,0,0,2026-07-15T15:06:55.673504
66,4,8,0,0,0,2026-07-15T15:06:57.053965
66,4,9,0,0,0,2026-07-15T15:06:58.321551
66,4,10,0,0,0,2026-07-15T15:06:59.288891
66,5,1,3,0,3,2026-07-15T15:07:00.615020
66,5,2,3,0,3,2026-07-15T15:07:01.783080
66,5,3,3,0,3,2026-07-15T15:07:04.721812
66,5,4,3,0,3,2026-07-15T15:07:06.049950
66,5,5,3,0,3,2026-07-15T15:07:07.429971
66,5,6,3,0,3,2026-07-15T15:07:09.061149
66,5,7,3,0,3,2026-07-15T15:07:10.287912
66,5,8,3,0,3,2026-07-15T15:07:10.981195
66,5,9,3,0,3,2026-07-15T15:07:12.617217
66,5,10,3,0,3,2026-07-15T15:07:14.162834
66,6,1,0,0,0,2026-07-15T15:07:15.541141
66,6,2,0,0,0,2026-07-15T15:07:16.831514
66,6,3,0,0,0,2026-07-15T15:07:17.776051
66,6,4,0,0,0,2026-07-15T15:07:19.146721
66,6,5,0,0,0,2026-07-15T15:07:20.083826
66,6,6,0,0,0,2026-07-15T15:07:20.525363
66,6,7,0,0,0,2026-07-15T15:07:21.086967
66,6,8,0,0,0,2026-07-15T15:07:22.188065
66,6,9,0,0,0,2026-07-15T15:07:24.249634
66,6,10,0,0,0,2026-07-15T15:07:24.793300
66,7,1,3,0,3,2026-07-15T15:07:25.572967
66,7,2,3,0,3,2026-07-15T15:07:26.591593
66,7,3,3,0,3,2026-07-15T15:07:28.350181
66,7,4,3,0,3,2026-07-15T15:07:28.860822
66,7,5,3,0,3,2026-07-15T15:07:29.895169
66,7,6,3,0,3,2026-07-15T15:07:30.896598
66,7,7,3,0,3,2026-07-15T15:07:32.023955
66,7,8,3,0,3,2026-07-15T15:07:33.528549
66,7,9,3,0,3,2026-07-15T15:07:34.589357
66,7,10,3,0,3,2026-07-15T15:07:35.702495
66,8,1,2,0,2,2026-07-15T15:07:36.932866
66,8,2,2,0,2,2026-07-15T15:07:38.107565
66,8,3,2,0,2,2026-07-15T15:07:39.456742
66,8,4,2,0,2,2026-07-15T15:07:41.251217
66,8,5,2,0,2,2026-07-15T15:07:42.378957
66,8,6,0,0,0,2026-07-15T15:07:42.966035
66,8,7,2,0,2,2026-07-15T15:07:44.038893
66,8,8,2,0,2,2026-07-15T15:07:45.015931
66,8,9,2,0,2,2026-07-15T15:07:46.351614
66,8,10,2,0,2,2026-07-15T15:07:47.582013
66,9,1,4,0,4,2026-07-15T15:07:49.134876
66,9,2,4,0,4,2026-07-15T15:07:50.713898
66,9,3,4,0,4,2026-07-15T15:07:51.794241
66,9,4,4,0,4,2026-07-15T15:07:53.045394
66,9,5,4,0,4,2026-07-15T15:07:54.170511
66,9,6,4,0,4,2026-07-15T15:07:57.106905
66,9,7,5,0,5,2026-07-15T15:07:57.618600
66,9,8,4,0,4,2026-07-15T15:07:58.907963
66,9,9,4,0,4,2026-07-15T15:08:00.089488
66,9,10,4,0,4,2026-07-15T15:08:01.335922
67,1,1,3,0,3,2026-07-15T15:08:02.593580
67,1,2,3,0,3,2026-07-15T15:08:03.743360
67,1,3,3,0,3,2026-07-15T15:08:04.942197
67,1,4,2,0,2,2026-07-15T15:08:05.473231
67,1,5,3,0,3,2026-07-15T15:08:06.593018
67,1,6,3,0,3,2026-07-15T15:08:07.674047
67,1,7,3,0,3,2026-07-15T15:08:08.691657
67,1,8,3,0,3,2026-07-15T15:08:09.746105
67,1,9,3,0,3,2026-07-15T15:08:10.890103
67,1,10,3,0,3,2026-07-15T15:08:12.169220
67,2,1,0,0,0,2026-07-15T15:08:12.667880
67,2,2,1,0,1,2026-07-15T15:08:13.964060
67,2,3,1,0,1,2026-07-15T15:08:15.132952
67,2,4,0,0,0,2026-07-15T15:08:16.626816
67,2,5,0,0,0,2026-07-15T15:08:17.499286
67,2,6,0,0,0,2026-07-15T15:08:18.646201
67,2,7,0,0,0,2026-07-15T15:08:19.180429
67,2,8,1,0,1,2026-07-15T15:08:23.970474
67,2,9,0,0,0,2026-07-15T15:08:25.455815
67,2,10,1,0,1,2026-07-15T15:08:26.883974
67,3,1,3,0,3,2026-07-15T15:08:28.183881
67,3,2,2,0,2,2026-07-15T15:08:28.953791
67,3,3,3,0,3,2026-07-15T15:08:31.660380
67,3,4,3,0,3,2026-07-15T15:08:32.959715
67,3,5,3,0,3,2026-07-15T15:08:33.904207
67,3,6,3,0,3,2026-07-15T15:08:35.347280
67,3,7,3,0,3,2026-07-15T15:08:36.607914
67,3,8,3,0,3,2026-07-15T15:08:37.673104
67,3,9,3,0,3,2026-07-15T15:08:38.878191
67,3,10,3,0,3,2026-07-15T15:08:39.869858
67,4,1,0,0,0,2026-07-15T15:08:41.300029
67,4,2,0,0,0,2026-07-15T15:08:42.324149
67,4,3,0,0,0,2026-07-15T15:08:42.906973
67,4,4,0,0,0,2026-07-15T15:08:43.389053
67,4,5,0,0,0,2026-07-15T15:08:44.578473
67,4,6,0,0,0,2026-07-15T15:08:46.229021
67,4,7,0,0,0,2026-07-15T15:08:48.334101
67,4,8,0,0,0,2026-07-15T15:08:48.899279
67,4,9,0,0,0,2026-07-15T15:08:49.402146
67,4,10,0,0,0,2026-07-15T15:08:50.867501
67,5,1,2,0,2,2026-07-15T15:08:52.043805
67,5,2,3,0,3,2026-07-15T15:08:53.360508
67,5,3,1,0,1,2026-07-15T15:08:54.507541
67,5,4,3,0,3,2026-07-15T15:08:56.044683
67,5,5,2,0,2,2026-07-15T15:08:56.618485
67,5,6,3,0,3,2026-07-15T15:08:57.909696
67,5,7,3,0,3,2026-07-15T15:08:59.009221
67,5,8,2,0,2,2026-07-15T15:09:01.674500
67,5,9,3,0,3,2026-07-15T15:09:03.138921
67,5,10,3,0,3,2026-07-15T15:09:04.397088
67,6,1,0,0,0,2026-07-15T15:09:04.927729
67,6,2,0,0,0,2026-07-15T15:09:06.013471
67,6,3,0,0,0,2026-07-15T15:09:07.247161
67,6,4,0,0,0,2026-07-15T15:09:07.750973
67,6,5,1,0,1,2026-07-15T15:09:09.457920
67,6,6,0,0,0,2026-07-15T15:09:10.561936
67,6,7,0,0,0,2026-07-15T15:09:11.709182
67,6,8,1,0,1,2026-07-15T15:09:12.950971
67,6,9,1,0,1,2026-07-15T15:09:14.239316
67,6,10,1,0,1,2026-07-15T15:09:15.426031
67,7,1,3,0,3,2026-07-15T15:09:16.667068
67,7,2,3,0,3,2026-07-15T15:09:18.637737
67,7,3,3,0,3,2026-07-15T15:09:20.140426
67,7,4,2,0,2,2026-07-15T15:09:20.691931
67,7,5,3,0,3,2026-07-15T15:09:21.976560
67,7,6,3,0,3,2026-07-15T15:09:23.473041
67,7,7,3,0,3,2026-07-15T15:09:24.653722
67,7,8,3,0,3,2026-07-15T15:09:26.217725
67,7,9,3,0,3,2026-07-15T15:09:27.651140
67,7,10,3,0,3,2026-07-15T15:09:29.430598
67,8,1,3,0,3,2026-07-15T15:09:30.944276
67,8,2,2,0,2,2026-07-15T15:09:32.597689
67,8,3,3,0,3,2026-07-15T15:09:33.571747
67,8,4,2,0,2,2026-07-15T15:09:35.095046
67,8,5,2,0,2,2026-07-15T15:09:36.920271
67,8,6,0,0,0,2026-07-15T15:09:37.462374
67,8,7,2,0,2,2026-07-15T15:09:39.142970
67,8,8,3,0,3,2026-07-15T15:09:43.308838
67,8,9,0,0,0,2026-07-15T15:09:44.120632
67,8,10,0,0,0,2026-07-15T15:09:44.779748
67,9,1,4,0,4,2026-07-15T15:09:45.864297
67,9,2,4,0,4,2026-07-15T15:09:47.084828
67,9,3,4,0,4,2026-07-15T15:09:48.401403
67,9,4,4,0,4,2026-07-15T15:09:49.638467
67,9,5,4,0,4,2026-07-15T15:09:50.880865
67,9,6,4,0,4,2026-07-15T15:09:52.017818
67,9,7,5,0,5,2026-07-15T15:09:52.553703
67,9,8,4,0,4,2026-07-15T15:09:53.883768
67,9,9,5,0,5,2026-07-15T15:09:55.510726
67,9,10,4,0,4,2026-07-15T15:09:56.711687
68,1,1,3,0,3,2026-07-15T15:09:58.601591
68,1,2,2,0,2,2026-07-15T15:09:59.145633
68,1,3,3,0,3,2026-07-15T15:10:00.705592
68,1,4,3,0,3,2026-07-15T15:10:02.736214
68,1,5,3,0,3,2026-07-15T15:10:05.486529
68,1,6,3,0,3,2026-07-15T15:10:06.656739
68,1,7,3,0,3,2026-07-15T15:10:07.865750
68,1,8,3,0,3,2026-07-15T15:10:09.254314
68,1,9,3,0,3,2026-07-15T15:10:10.737224
68,1,10,3,0,3,2026-07-15T15:10:12.986073
68,2,1,2,0,2,2026-07-15T15:10:15.168141
68,2,2,2,0,2,2026-07-15T15:10:16.355308
68,2,3,2,0,2,2026-07-15T15:10:18.385445
68,2,4,1,0,1,2026-07-15T15:10:19.975045
68,2,5,0,0,0,2026-07-15T15:10:20.495181
68,2,6,2,0,2,2026-07-15T15:10:21.721740
68,2,7,2,0,2,2026-07-15T15:10:22.855339
68,2,8,1,0,1,2026-07-15T15:10:24.597614
68,2,9,2,0,2,2026-07-15T15:10:25.622684
68,2,10,1,0,1,2026-07-15T15:10:26.927457
68,3,1,3,0,3,2026-07-15T15:10:28.203003
68,3,2,3,0,3,2026-07-15T15:10:29.056369
68,3,3,3,0,3,2026-07-15T15:10:29.760478
68,3,4,3,0,3,2026-07-15T15:10:30.741825
68,3,5,3,0,3,2026-07-15T15:10:32.376277
68,3,6,3,0,3,2026-07-15T15:10:32.883693
68,3,7,3,0,3,2026-07-15T15:10:34.231582
68,3,8,3,0,3,2026-07-15T15:10:35.582642
68,3,9,3,0,3,2026-07-15T15:10:36.714775
68,3,10,3,0,3,2026-07-15T15:10:38.019591
68,4,1,0,0,0,2026-07-15T15:10:39.123222
68,4,2,1,0,1,2026-07-15T15:10:40.277350
68,4,3,1,0,1,2026-07-15T15:10:42.132770
68,4,4,0,0,0,2026-07-15T15:10:43.681171
68,4,5,0,0,0,2026-07-15T15:10:45.119703
68,4,6,1,0,1,2026-07-15T15:10:46.177952
68,4,7,1,0,1,2026-07-15T15:10:48.173315
68,4,8,0,0,0,2026-07-15T15:10:49.992987
68,4,9,0,0,0,2026-07-15T15:10:51.049422
68,4,10,0,0,0,2026-07-15T15:10:51.603572
68,5,1,3,0,3,2026-07-15T15:10:53.116786
68,5,2,2,0,2,2026-07-15T15:10:53.718123
68,5,3,3,0,3,2026-07-15T15:10:55.882707
68,5,4,3,0,3,2026-07-15T15:10:57.109983
68,5,5,3,0,3,2026-07-15T15:10:58.729545
68,5,6,3,0,3,2026-07-15T15:10:59.904923
68,5,7,3,0,3,2026-07-15T15:11:01.177991
68,5,8,2,0,2,2026-07-15T15:11:01.843657
68,5,9,3,0,3,2026-07-15T15:11:02.842856
68,5,10,3,0,3,2026-07-15T15:11:05.079086
68,6,1,2,0,2,2026-07-15T15:11:07.170332
68,6,2,2,0,2,2026-07-15T15:11:08.372977
68,6,3,0,0,0,2026-07-15T15:11:09.015781
68,6,4,0,0,0,2026-07-15T15:11:09.495250
68,6,5,0,0,0,2026-07-15T15:11:10.106122
68,6,6,0,0,0,2026-07-15T15:11:10.639995
68,6,7,1,0,1,2026-07-15T15:11:11.618879
68,6,8,2,0,2,2026-07-15T15:11:13.314336
68,6,9,0,0,0,2026-07-15T15:11:13.842973
68,6,10,2,0,2,2026-07-15T15:11:14.882447
68,7,1,3,0,3,2026-07-15T15:11:17.040359
68,7,2,3,0,3,2026-07-15T15:11:17.585659
68,7,3,3,0,3,2026-07-15T15:11:18.712215
68,7,4,3,0,3,2026-07-15T15:11:20.705552
68,7,5,3,0,3,2026-07-15T15:11:21.112693
68,7,6,3,0,3,2026-07-15T15:11:22.442381
68,7,7,3,0,3,2026-07-15T15:11:23.736663
68,7,8,3,0,3,2026-07-15T15:11:25.058528
68,7,9,3,0,3,2026-07-15T15:11:25.530353
68,7,10,3,0,3,2026-07-15T15:11:26.562153
68,8,1,1,0,1,2026-07-15T15:11:27.045946
68,8,2,0,0,0,2026-07-15T15:11:27.676959
68,8,3,2,0,2,2026-07-15T15:11:28.888282
68,8,4,2,0,2,2026-07-15T15:11:30.264961
68,8,5,3,0,3,2026-07-15T15:11:31.303057
68,8,6,2,0,2,2026-07-15T15:11:33.086892
68,8,7,0,0,0,2026-07-15T15:11:33.550951
68,8,8,2,0,2,2026-07-15T15:11:34.904247
68,8,9,2,0,2,2026-07-15T15:11:36.114723
68,8,10,2,0,2,2026-07-15T15:11:37.485661
68,9,1,4,0,4,2026-07-15T15:11:39.315812
68,9,2,4,0,4,2026-07-15T15:11:40.464878
68,9,3,4,0,4,2026-07-15T15:11:41.737441
68,9,4,4,0,4,2026-07-15T15:11:42.792554
68,9,5,4,0,4,2026-07-15T15:11:44.149448
68,9,6,4,0,4,2026-07-15T15:11:45.322169
68,9,7,4,0,4,2026-07-15T15:11:46.345104
68,9,8,4,0,4,2026-07-15T15:11:47.326850
68,9,9,4,0,4,2026-07-15T15:11:48.185111
68,9,10,4,0,4,2026-07-15T15:11:50.316038
69,1,1,3,0,3,2026-07-15T15:11:51.669935
69,1,2,2,0,2,2026-07-15T15:11:52.393502
69,1,3,3,0,3,2026-07-15T15:11:53.585860
69,1,4,3,0,3,2026-07-15T15:11:55.069317
69,1,5,3,0,3,2026-07-15T15:11:56.100368
69,1,6,3,0,3,2026-07-15T15:11:58.561928
69,1,7,3,0,3,2026-07-15T15:12:02.442047
69,1,8,3,0,3,2026-07-15T15:12:04.589691
69,1,9,3,0,3,2026-07-15T15:12:06.584600
69,1,10,3,0,3,2026-07-15T15:12:07.950976
69,2,1,0,0,0,2026-07-15T15:12:08.605396
69,2,2,0,0,0,2026-07-15T15:12:09.256281
69,2,3,2,0,2,2026-07-15T15:12:10.473001
69,2,4,0,0,0,2026-07-15T15:12:11.869506
69,2,5,0,0,0,2026-07-15T15:12:13.315544
69,2,6,2,0,2,2026-07-15T15:12:14.710173
69,2,7,0,0,0,2026-07-15T15:12:17.050501
69,2,8,2,0,2,2026-07-15T15:12:18.821612
69,2,9,0,0,0,2026-07-15T15:12:19.516136
69,2,10,0,0,0,2026-07-15T15:12:21.505617
69,3,1,3,0,3,2026-07-15T15:12:22.648544
69,3,2,3,0,3,2026-07-15T15:12:24.893917
69,3,3,3,0,3,2026-07-15T15:12:26.752571
69,3,4,3,0,3,2026-07-15T15:12:28.004510
69,3,5,3,0,3,2026-07-15T15:12:29.012870
69,3,6,3,0,3,2026-07-15T15:12:30.687784
69,3,7,3,0,3,2026-07-15T15:12:31.706608
69,3,8,3,0,3,2026-07-15T15:12:33.476015
69,3,9,3,0,3,2026-07-15T15:12:35.113608
69,3,10,3,0,3,2026-07-15T15:12:36.376200
69,4,1,0,0,0,2026-07-15T15:12:37.779937
69,4,2,0,0,0,2026-07-15T15:12:38.600605
69,4,3,0,0,0,2026-07-15T15:12:39.751699
69,4,4,0,0,0,2026-07-15T15:12:40.253577
69,4,5,0,0,0,2026-07-15T15:12:41.534051
69,4,6,0,0,0,2026-07-15T15:12:42.907242
69,4,7,0,0,0,2026-07-15T15:12:44.259637
69,4,8,1,0,1,2026-07-15T15:12:45.345307
69,4,9,0,0,0,2026-07-15T15:12:46.592284
69,4,10,0,0,0,2026-07-15T15:12:47.175220
69,5,1,3,0,3,2026-07-15T15:12:47.785162
69,5,2,3,0,3,2026-07-15T15:12:48.771654
69,5,3,3,0,3,2026-07-15T15:12:49.359926
69,5,4,3,0,3,2026-07-15T15:12:49.949994
69,5,5,3,0,3,2026-07-15T15:12:50.539793
69,5,6,3,0,3,2026-07-15T15:12:51.091440
69,5,7,3,0,3,2026-07-15T15:12:52.408592
69,5,8,3,0,3,2026-07-15T15:12:53.780424
69,5,9,3,0,3,2026-07-15T15:12:54.656561
69,5,10,3,0,3,2026-07-15T15:12:55.190543
69,6,1,0,0,0,2026-07-15T15:12:56.175554
69,6,2,1,0,1,2026-07-15T15:12:57.210297
69,6,3,0,0,0,2026-07-15T15:12:57.931848
69,6,4,1,0,1,2026-07-15T15:12:59.378217
69,6,5,0,0,0,2026-07-15T15:12:59.852792
69,6,6,2,0,2,2026-07-15T15:13:01.173494
69,6,7,3,0,3,2026-07-15T15:13:02.516211
69,6,8,2,0,2,2026-07-15T15:13:03.809900
69,6,9,2,0,2,2026-07-15T15:13:05.034527
69,6,10,1,0,1,2026-07-15T15:13:06.241319
69,7,1,3,0,3,2026-07-15T15:13:07.992100
69,7,2,3,0,3,2026-07-15T15:13:08.633445
69,7,3,3,0,3,2026-07-15T15:13:09.691220
69,7,4,3,0,3,2026-07-15T15:13:10.139727
69,7,5,3,0,3,2026-07-15T15:13:11.668982
69,7,6,3,0,3,2026-07-15T15:13:13.190827
69,7,7,3,0,3,2026-07-15T15:13:14.876490
69,7,8,3,0,3,2026-07-15T15:13:17.002685
69,7,9,3,0,3,2026-07-15T15:13:18.157062
69,7,10,3,0,3,2026-07-15T15:13:18.607875
69,8,1,2,0,2,2026-07-15T15:13:19.187424
69,8,2,3,0,3,2026-07-15T15:13:20.353995
69,8,3,3,0,3,2026-07-15T15:13:21.654712
69,8,4,3,0,3,2026-07-15T15:13:23.027143
69,8,5,3,0,3,2026-07-15T15:13:24.245359
69,8,6,2,0,2,2026-07-15T15:13:25.214758
69,8,7,3,0,3,2026-07-15T15:13:27.118601
69,8,8,2,0,2,2026-07-15T15:13:27.717019
69,8,9,3,0,3,2026-07-15T15:13:29.382318
69,8,10,3,0,3,2026-07-15T15:13:32.092772
69,9,1,4,0,4,2026-07-15T15:13:32.792900
69,9,2,4,0,4,2026-07-15T15:13:34.321797
69,9,3,5,0,5,2026-07-15T15:13:35.180117
69,9,4,4,0,4,2026-07-15T15:13:36.326429
69,9,5,4,0,4,2026-07-15T15:13:37.535745
69,9,6,4,0,4,2026-07-15T15:13:38.083109
69,9,7,4,0,4,2026-07-15T15:13:39.294157
69,9,8,4,0,4,2026-07-15T15:13:39.991249
69,9,9,4,0,4,2026-07-15T15:13:40.968412
69,9,10,4,0,4,2026-07-15T15:13:42.110882
70,1,1,3,0,3,2026-07-15T15:13:43.895136
70,1,2,3,0,3,2026-07-15T15:13:45.081039
70,1,3,3,0,3,2026-07-15T15:13:46.582630
70,1,4,3,0,3,2026-07-15T15:13:48.052836
70,1,5,2,0,2,2026-07-15T15:13:48.807702
70,1,6,3,0,3,2026-07-15T15:13:49.828489
70,1,7,3,0,3,2026-07-15T15:13:51.083220
70,1,8,3,0,3,2026-07-15T15:13:52.926568
70,1,9,3,0,3,2026-07-15T15:13:54.131922
70,1,10,3,0,3,2026-07-15T15:13:55.341215
70,2,1,0,0,0,2026-07-15T15:13:55.790992
70,2,2,0,0,0,2026-07-15T15:13:56.225413
70,2,3,0,0,0,2026-07-15T15:13:56.841087
70,2,4,1,0,1,2026-07-15T15:13:58.171631
70,2,5,2,0,2,2026-07-15T15:14:00.858582
70,2,6,1,0,1,2026-07-15T15:14:01.982964
70,2,7,1,0,1,2026-07-15T15:14:04.445442
70,2,8,2,0,2,2026-07-15T15:14:05.562259
70,2,9,1,0,1,2026-07-15T15:14:06.724166
70,2,10,1,0,1,2026-07-15T15:14:07.940101
70,3,1,3,0,3,2026-07-15T15:14:08.594699
70,3,2,3,0,3,2026-07-15T15:14:10.278131
70,3,3,4,0,4,2026-07-15T15:14:11.266700
70,3,4,3,0,3,2026-07-15T15:14:12.470057
70,3,5,4,0,4,2026-07-15T15:14:13.564604
70,3,6,4,0,4,2026-07-15T15:14:14.803522
70,3,7,3,0,3,2026-07-15T15:14:15.737520
70,3,8,3,0,3,2026-07-15T15:14:17.151479
70,3,9,3,0,3,2026-07-15T15:14:19.015957
70,3,10,3,0,3,2026-07-15T15:14:20.441278
70,4,1,1,0,1,2026-07-15T15:14:21.698527
70,4,2,1,0,1,2026-07-15T15:14:23.896992
70,4,3,0,0,0,2026-07-15T15:14:24.424706
70,4,4,0,0,0,2026-07-15T15:14:25.041150
70,4,5,1,0,1,2026-07-15T15:14:26.734906
70,4,6,0,0,0,2026-07-15T15:14:28.372883
70,4,7,0,0,0,2026-07-15T15:14:28.895067
70,4,8,1,0,1,2026-07-15T15:14:30.108078
70,4,9,0,0,0,2026-07-15T15:14:31.580559
70,4,10,0,0,0,2026-07-15T15:14:32.165496
70,5,1,3,0,3,2026-07-15T15:14:32.600110
70,5,2,3,0,3,2026-07-15T15:14:33.769101
70,5,3,3,0,3,2026-07-15T15:14:34.235406
70,5,4,3,0,3,2026-07-15T15:14:34.808444
70,5,5,3,0,3,2026-07-15T15:14:35.802235
70,5,6,3,0,3,2026-07-15T15:14:36.897873
70,5,7,3,0,3,2026-07-15T15:14:37.741690
70,5,8,3,0,3,2026-07-15T15:14:39.482088
70,5,9,3,0,3,2026-07-15T15:14:41.012391
70,5,10,3,0,3,2026-07-15T15:14:42.529530
70,6,1,1,0,1,2026-07-15T15:14:43.683568
70,6,2,2,0,2,2026-07-15T15:14:44.722109
70,6,3,1,0,1,2026-07-15T15:14:45.882042
70,6,4,1,0,1,2026-07-15T15:14:47.115558
70,6,5,1,0,1,2026-07-15T15:14:48.651294
70,6,6,0,0,0,2026-07-15T15:14:49.653526
70,6,7,0,0,0,2026-07-15T15:14:51.119320
70,6,8,0,0,0,2026-07-15T15:14:52.610951
70,6,9,0,0,0,2026-07-15T15:14:54.350082
70,6,10,2,0,2,2026-07-15T15:14:55.661008
70,7,1,3,0,3,2026-07-15T15:14:57.029402
70,7,2,4,0,4,2026-07-15T15:14:58.374187
70,7,3,3,0,3,2026-07-15T15:14:58.994291
70,7,4,3,0,3,2026-07-15T15:15:00.322976
70,7,5,3,0,3,2026-07-15T15:15:01.820604
70,7,6,3,0,3,2026-07-15T15:15:03.413966
70,7,7,3,0,3,2026-07-15T15:15:04.686189
70,7,8,3,0,3,2026-07-15T15:15:05.771311
70,7,9,3,0,3,2026-07-15T15:15:07.212824
70,7,10,3,0,3,2026-07-15T15:15:08.795267
70,8,1,0,0,0,2026-07-15T15:15:09.389266
70,8,2,3,0,3,2026-07-15T15:15:10.605044
70,8,3,2,0,2,2026-07-15T15:15:11.805319
70,8,4,3,0,3,2026-07-15T15:15:12.928628
70,8,5,0,0,0,2026-07-15T15:15:13.554701
70,8,6,2,0,2,2026-07-15T15:15:14.984567
70,8,7,3,0,3,2026-07-15T15:15:16.318429
70,8,8,0,0,0,2026-07-15T15:15:17.026135
70,8,9,2,0,2,2026-07-15T15:15:19.227637
70,8,10,0,0,0,2026-07-15T15:15:20.674143
70,9,1,4,0,4,2026-07-15T15:15:22.754227
70,9,2,4,0,4,2026-07-15T15:15:24.701712
70,9,3,4,0,4,2026-07-15T15:15:26.451024
70,9,4,4,0,4,2026-07-15T15:15:27.596545
70,9,5,4,0,4,2026-07-15T15:15:29.196042
70,9,6,4,0,4,2026-07-15T15:15:30.365974
70,9,7,4,0,4,2026-07-15T15:15:31.742538
70,9,8,4,0,4,2026-07-15T15:15:33.353707
70,9,9,4,0,4,2026-07-15T15:15:35.113833
70,9,10,4,0,4,2026-07-15T15:15:36.430208
71,1,1,3,0,3,2026-07-15T15:15:38.124525
71,1,2,2,0,2,2026-07-15T15:15:38.764394
71,1,3,3,0,3,2026-07-15T15:15:40.294717
71,1,4,2,0,2,2026-07-15T15:15:40.930379
71,1,5,3,0,3,2026-07-15T15:15:42.108447
71,1,6,2,0,2,2026-07-15T15:15:42.775807
71,1,7,3,0,3,2026-07-15T15:15:44.823994
71,1,8,2,0,2,2026-07-15T15:15:45.494546
71,1,9,3,0,3,2026-07-15T15:15:46.767512
71,1,10,3,0,3,2026-07-15T15:15:48.255940
71,2,1,2,0,2,2026-07-15T15:15:49.401370
71,2,2,0,0,0,2026-07-15T15:15:49.934841
71,2,3,1,0,1,2026-07-15T15:15:51.353257
71,2,4,0,0,0,2026-07-15T15:15:52.002353
71,2,5,2,0,2,2026-07-15T15:15:53.030149
71,2,6,0,0,0,2026-07-15T15:15:54.026961
71,2,7,1,0,1,2026-07-15T15:15:55.246508
71,2,8,2,0,2,2026-07-15T15:15:56.559828
71,2,9,2,0,2,2026-07-15T15:15:58.217532
71,2,10,2,0,2,2026-07-15T15:15:59.537556
71,3,1,4,0,4,2026-07-15T15:16:00.602521
71,3,2,3,0,3,2026-07-15T15:16:02.458403
71,3,3,3,0,3,2026-07-15T15:16:04.012181
71,3,4,4,0,4,2026-07-15T15:16:04.998935
71,3,5,4,0,4,2026-07-15T15:16:06.144619
71,3,6,4,0,4,2026-07-15T15:16:07.687315
71,3,7,3,0,3,2026-07-15T15:16:09.074320
71,3,8,3,0,3,2026-07-15T15:16:10.144560
71,3,9,3,0,3,2026-07-15T15:16:10.710526
71,3,10,4,0,4,2026-07-15T15:16:11.889104
71,4,1,0,0,0,2026-07-15T15:16:14.076291
71,4,2,0,0,0,2026-07-15T15:16:15.971040
71,4,3,0,0,0,2026-07-15T15:16:16.477515
71,4,4,0,0,0,2026-07-15T15:16:17.611251
71,4,5,0,0,0,2026-07-15T15:16:18.263682
71,4,6,0,0,0,2026-07-15T15:16:19.853803
71,4,7,0,0,0,2026-07-15T15:16:20.337219
71,4,8,0,0,0,2026-07-15T15:16:21.824359
71,4,9,0,0,0,2026-07-15T15:16:23.160322
71,4,10,0,0,0,2026-07-15T15:16:23.736441
71,5,1,3,0,3,2026-07-15T15:16:25.928843
71,5,2,3,0,3,2026-07-15T15:16:27.117497
71,5,3,3,0,3,2026-07-15T15:16:28.749996
71,5,4,3,0,3,2026-07-15T15:16:30.071453
71,5,5,3,0,3,2026-07-15T15:16:30.572528
71,5,6,3,0,3,2026-07-15T15:16:31.873227
71,5,7,3,0,3,2026-07-15T15:16:32.271876
71,5,8,3,0,3,2026-07-15T15:16:33.421941
71,5,9,3,0,3,2026-07-15T15:16:34.796639
71,5,10,3,0,3,2026-07-15T15:16:35.997622
71,6,1,0,0,0,2026-07-15T15:16:36.529123
71,6,2,0,0,0,2026-07-15T15:16:37.170147
71,6,3,0,0,0,2026-07-15T15:16:37.749382
71,6,4,1,0,1,2026-07-15T15:16:38.895148
71,6,5,1,0,1,2026-07-15T15:16:40.245333
71,6,6,0,0,0,2026-07-15T15:16:40.688279
71,6,7,0,0,0,2026-07-15T15:16:41.354448
71,6,8,0,0,0,2026-07-15T15:16:42.784419
71,6,9,0,0,0,2026-07-15T15:16:44.494837
71,6,10,0,0,0,2026-07-15T15:16:45.977377
71,7,1,3,0,3,2026-07-15T15:16:47.472500
71,7,2,3,0,3,2026-07-15T15:16:48.434049
71,7,3,3,0,3,2026-07-15T15:16:49.782110
71,7,4,3,0,3,2026-07-15T15:16:50.878538
71,7,5,3,0,3,2026-07-15T15:16:51.937965
71,7,6,3,0,3,2026-07-15T15:16:53.333547
71,7,7,3,0,3,2026-07-15T15:16:54.524011
71,7,8,3,0,3,2026-07-15T15:16:55.611457
71,7,9,3,0,3,2026-07-15T15:16:56.827590
71,7,10,3,0,3,2026-07-15T15:16:57.925044
71,8,1,2,0,2,2026-07-15T15:16:59.184650
71,8,2,0,0,0,2026-07-15T15:16:59.785424
71,8,3,2,0,2,2026-07-15T15:17:01.751040
71,8,4,3,0,3,2026-07-15T15:17:03.090773
71,8,5,3,0,3,2026-07-15T15:17:04.772468
71,8,6,2,0,2,2026-07-15T15:17:06.069552
71,8,7,2,0,2,2026-07-15T15:17:07.502220
71,8,8,0,0,0,2026-07-15T15:17:08.029380
71,8,9,0,0,0,2026-07-15T15:17:08.819923
71,8,10,0,0,0,2026-07-15T15:17:09.403324
71,9,1,5,0,5,2026-07-15T15:17:10.531236
71,9,2,4,0,4,2026-07-15T15:17:11.624999
71,9,3,4,0,4,2026-07-15T15:17:12.848362
71,9,4,5,0,5,2026-07-15T15:17:13.557927
71,9,5,5,0,5,2026-07-15T15:17:14.682806
71,9,6,4,0,4,2026-07-15T15:17:17.612370
71,9,7,4,0,4,2026-07-15T15:17:18.992258
71,9,8,5,0,5,2026-07-15T15:17:19.938042
71,9,9,4,0,4,2026-07-15T15:17:20.910114
71,9,10,4,0,4,2026-07-15T15:17:21.980136
72,1,1,3,0,3,2026-07-15T15:17:23.134241
72,1,2,3,0,3,2026-07-15T15:17:24.568550
72,1,3,2,0,2,2026-07-15T15:17:24.986811
72,1,4,3,0,3,2026-07-15T15:17:26.230183
72,1,5,2,0,2,2026-07-15T15:17:26.765099
72,1,6,2,0,2,2026-07-15T15:17:27.340053
72,1,7,2,0,2,2026-07-15T15:17:27.938976
72,1,8,3,0,3,2026-07-15T15:17:29.052776
72,1,9,3,0,3,2026-07-15T15:17:30.531098
72,1,10,3,0,3,2026-07-15T15:17:31.624219
72,2,1,2,0,2,2026-07-15T15:17:32.690080
72,2,2,1,0,1,2026-07-15T15:17:35.023949
72,2,3,0,0,0,2026-07-15T15:17:35.679213
72,2,4,2,0,2,2026-07-15T15:17:36.719520
72,2,5,1,0,1,2026-07-15T15:17:37.810974
72,2,6,1,0,1,2026-07-15T15:17:39.173725
72,2,7,2,0,2,2026-07-15T15:17:40.215649
72,2,8,2,0,2,2026-07-15T15:17:41.220756
72,2,9,0,0,0,2026-07-15T15:17:41.741664
72,2,10,2,0,2,2026-07-15T15:17:42.855744
72,3,1,4,0,4,2026-07-15T15:17:44.639935
72,3,2,3,0,3,2026-07-15T15:17:45.297171
72,3,3,3,0,3,2026-07-15T15:17:46.269975
72,3,4,3,0,3,2026-07-15T15:17:47.609865
72,3,5,3,0,3,2026-07-15T15:17:48.685615
72,3,6,3,0,3,2026-07-15T15:17:50.059188
72,3,7,4,0,4,2026-07-15T15:17:51.576842
72,3,8,3,0,3,2026-07-15T15:17:53.159065
72,3,9,3,0,3,2026-07-15T15:17:53.735187
72,3,10,3,0,3,2026-07-15T15:17:55.034968
72,4,1,1,0,1,2026-07-15T15:17:56.114938
72,4,2,0,0,0,2026-07-15T15:17:57.150029
72,4,3,0,0,0,2026-07-15T15:17:57.654396
72,4,4,1,0,1,2026-07-15T15:17:58.684506
72,4,5,1,0,1,2026-07-15T15:18:00.409489
72,4,6,1,0,1,2026-07-15T15:18:01.614818
72,4,7,1,0,1,2026-07-15T15:18:03.874066
72,4,8,1,0,1,2026-07-15T15:18:05.444117
72,4,9,1,0,1,2026-07-15T15:18:06.809308
72,4,10,1,0,1,2026-07-15T15:18:07.976367
72,5,1,3,0,3,2026-07-15T15:18:09.137394
72,5,2,3,0,3,2026-07-15T15:18:11.031172
72,5,3,3,0,3,2026-07-15T15:18:13.186154
72,5,4,3,0,3,2026-07-15T15:18:13.788030
72,5,5,3,0,3,2026-07-15T15:18:16.045892
72,5,6,3,0,3,2026-07-15T15:18:17.354099
72,5,7,3,0,3,2026-07-15T15:18:18.512748
72,5,8,3,0,3,2026-07-15T15:18:20.534948
72,5,9,3,0,3,2026-07-15T15:18:21.520760
72,5,10,3,0,3,2026-07-15T15:18:23.814771
72,6,1,0,0,0,2026-07-15T15:18:25.163201
72,6,2,0,0,0,2026-07-15T15:18:26.178030
72,6,3,2,0,2,2026-07-15T15:18:27.470245
72,6,4,0,0,0,2026-07-15T15:18:28.012093
72,6,5,2,0,2,2026-07-15T15:18:29.612560
72,6,6,2,0,2,2026-07-15T15:18:30.876631
72,6,7,2,0,2,2026-07-15T15:18:32.429645
72,6,8,1,0,1,2026-07-15T15:18:33.945151
72,6,9,2,0,2,2026-07-15T15:18:35.102862
72,6,10,2,0,2,2026-07-15T15:18:36.688793
72,7,1,3,0,3,2026-07-15T15:18:37.260441
72,7,2,4,0,4,2026-07-15T15:18:38.624832
72,7,3,4,0,4,2026-07-15T15:18:40.291363
72,7,4,3,0,3,2026-07-15T15:18:41.616465
72,7,5,3,0,3,2026-07-15T15:18:42.197405
72,7,6,4,0,4,2026-07-15T15:18:43.518577
72,7,7,3,0,3,2026-07-15T15:18:44.257248
72,7,8,3,0,3,2026-07-15T15:18:45.371355
72,7,9,4,0,4,2026-07-15T15:18:46.907408
72,7,10,4,0,4,2026-07-15T15:18:48.061603
72,8,1,3,0,3,2026-07-15T15:18:49.399650
72,8,2,3,0,3,2026-07-15T15:18:50.577796
72,8,3,2,0,2,2026-07-15T15:18:52.012555
72,8,4,3,0,3,2026-07-15T15:18:53.314841
72,8,5,3,0,3,2026-07-15T15:18:54.581472
72,8,6,2,0,2,2026-07-15T15:18:55.581424
72,8,7,2,0,2,2026-07-15T15:18:56.559765
72,8,8,0,0,0,2026-07-15T15:18:57.099553
72,8,9,2,0,2,2026-07-15T15:18:58.189299
72,8,10,3,0,3,2026-07-15T15:18:59.473680
72,9,1,4,0,4,2026-07-15T15:19:00.644322
72,9,2,4,0,4,2026-07-15T15:19:02.088111
72,9,3,4,0,4,2026-07-15T15:19:03.368477
72,9,4,4,0,4,2026-07-15T15:19:04.719221
72,9,5,4,0,4,2026-07-15T15:19:06.881851
72,9,6,5,0,5,2026-07-15T15:19:07.313736
72,9,7,5,0,5,2026-07-15T15:19:07.813428
72,9,8,4,0,4,2026-07-15T15:19:09.141277
72,9,9,4,0,4,2026-07-15T15:19:10.876184
72,9,10,4,0,4,2026-07-15T15:19:12.061896
73,1,1,2,0,2,2026-07-15T15:19:12.673794
73,1,2,3,0,3,2026-07-15T15:19:13.941363
73,1,3,3,0,3,2026-07-15T15:19:15.622517
73,1,4,2,0,2,2026-07-15T15:19:16.667245
73,1,5,3,0,3,2026-07-15T15:19:17.832178
73,1,6,3,0,3,2026-07-15T15:19:21.582825
73,1,7,2,0,2,2026-07-15T15:19:22.490038
73,1,8,3,0,3,2026-07-15T15:19:23.778555
73,1,9,3,0,3,2026-07-15T15:19:25.039934
73,1,10,3,0,3,2026-07-15T15:19:26.415592
73,2,1,1,0,1,2026-07-15T15:19:27.536339
73,2,2,1,0,1,2026-07-15T15:19:28.964438
73,2,3,1,0,1,2026-07-15T15:19:31.679184
73,2,4,0,0,0,2026-07-15T15:19:32.991320
73,2,5,1,0,1,2026-07-15T15:19:34.330824
73,2,6,0,0,0,2026-07-15T15:19:34.977163
73,2,7,1,0,1,2026-07-15T15:19:36.316047
73,2,8,1,0,1,2026-07-15T15:19:37.532783
73,2,9,0,0,0,2026-07-15T15:19:38.022800
73,2,10,1,0,1,2026-07-15T15:19:39.280907
73,3,1,2,0,2,2026-07-15T15:19:39.868887
73,3,2,3,0,3,2026-07-15T15:19:41.562163
73,3,3,3,0,3,2026-07-15T15:19:43.251717
73,3,4,3,0,3,2026-07-15T15:19:44.468078
73,3,5,2,0,2,2026-07-15T15:19:45.354882
73,3,6,3,0,3,2026-07-15T15:19:46.595560
73,3,7,3,0,3,2026-07-15T15:19:48.076978
73,3,8,3,0,3,2026-07-15T15:19:49.037602
73,3,9,2,0,2,2026-07-15T15:19:49.613372
73,3,10,3,0,3,2026-07-15T15:19:50.176738
73,4,1,0,0,0,2026-07-15T15:19:50.950455
73,4,2,0,0,0,2026-07-15T15:19:51.402200
73,4,3,0,0,0,2026-07-15T15:19:52.834568
73,4,4,0,0,0,2026-07-15T15:19:53.301736
73,4,5,0,0,0,2026-07-15T15:19:53.941554
73,4,6,0,0,0,2026-07-15T15:19:54.438236
73,4,7,0,0,0,2026-07-15T15:19:55.801667
73,4,8,0,0,0,2026-07-15T15:19:57.163113
73,4,9,0,0,0,2026-07-15T15:19:58.537895
73,4,10,0,0,0,2026-07-15T15:19:59.805532
73,5,1,2,0,2,2026-07-15T15:20:00.664126
73,5,2,3,0,3,2026-07-15T15:20:01.875665
73,5,3,3,0,3,2026-07-15T15:20:03.179871
73,5,4,3,0,3,2026-07-15T15:20:05.723005
73,5,5,3,0,3,2026-07-15T15:20:07.253921
73,5,6,3,0,3,2026-07-15T15:20:08.495265
73,5,7,3,0,3,2026-07-15T15:20:09.843259
73,5,8,2,0,2,2026-07-15T15:20:10.469840
73,5,9,3,0,3,2026-07-15T15:20:11.947802
73,5,10,3,0,3,2026-07-15T15:20:13.334629
73,6,1,1,0,1,2026-07-15T15:20:14.853297
73,6,2,0,0,0,2026-07-15T15:20:15.385974
73,6,3,1,0,1,2026-07-15T15:20:17.913836
73,6,4,1,0,1,2026-07-15T15:20:19.068630
73,6,5,1,0,1,2026-07-15T15:20:20.131893
73,6,6,1,0,1,2026-07-15T15:20:22.710746
73,6,7,1,0,1,2026-07-15T15:20:24.015063
73,6,8,0,0,0,2026-07-15T15:20:25.202081
73,6,9,0,0,0,2026-07-15T15:20:26.265009
73,6,10,1,0,1,2026-07-15T15:20:27.392542
73,7,1,3,0,3,2026-07-15T15:20:28.638265
73,7,2,3,0,3,2026-07-15T15:20:30.394000
73,7,3,3,0,3,2026-07-15T15:20:31.553134
73,7,4,3,0,3,2026-07-15T15:20:32.906691
73,7,5,3,0,3,2026-07-15T15:20:33.497890
73,7,6,3,0,3,2026-07-15T15:20:34.955558
73,7,7,3,0,3,2026-07-15T15:20:36.108222
73,7,8,3,0,3,2026-07-15T15:20:36.751837
73,7,9,3,0,3,2026-07-15T15:20:38.077700
73,7,10,3,0,3,2026-07-15T15:20:39.349803
73,8,1,0,0,0,2026-07-15T15:20:40.021117
73,8,2,1,0,1,2026-07-15T15:20:41.491738
73,8,3,2,0,2,2026-07-15T15:20:42.870101
73,8,4,1,0,1,2026-07-15T15:20:44.342983
73,8,5,2,0,2,2026-07-15T15:20:45.767431
73,8,6,1,0,1,2026-07-15T15:20:47.266032
73,8,7,2,0,2,2026-07-15T15:20:48.622286
73,8,8,2,0,2,2026-07-15T15:20:49.667238
73,8,9,0,0,0,2026-07-15T15:20:50.548409
73,8,10,1,0,1,2026-07-15T15:20:51.492389
73,9,1,4,0,4,2026-07-15T15:20:51.950778
73,9,2,4,0,4,2026-07-15T15:20:53.517585
73,9,3,4,0,4,2026-07-15T15:20:54.560575
73,9,4,4,0,4,2026-07-15T15:20:55.460734
73,9,5,4,0,4,2026-07-15T15:20:57.188682
73,9,6,4,0,4,2026-07-15T15:20:59.641284
73,9,7,4,0,4,2026-07-15T15:21:00.130927
73,9,8,4,0,4,2026-07-15T15:21:01.392477
73,9,9,4,0,4,2026-07-15T15:21:02.898234
73,9,10,4,0,4,2026-07-15T15:21:04.297202
74,1,1,3,0,3,2026-07-15T15:21:05.470319
74,1,2,3,0,3,2026-07-15T15:21:07.275923
74,1,3,2,0,2,2026-07-15T15:21:07.853269
74,1,4,2,0,2,2026-07-15T15:21:08.369317
74,1,5,3,0,3,2026-07-15T15:21:09.474142
74,1,6,3,0,3,2026-07-15T15:21:11.651645
74,1,7,2,0,2,2026-07-15T15:21:12.142001
74,1,8,2,0,2,2026-07-15T15:21:12.656577
74,1,9,3,0,3,2026-07-15T15:21:13.843390
74,1,10,3,0,3,2026-07-15T15:21:14.902479
74,2,1,0,0,0,2026-07-15T15:21:15.429436
74,2,2,1,0,1,2026-07-15T15:21:16.919391
74,2,3,0,0,0,2026-07-15T15:21:17.424804
74,2,4,2,0,2,2026-07-15T15:21:18.573857
74,2,5,2,0,2,2026-07-15T15:21:19.871950
74,2,6,1,0,1,2026-07-15T15:21:21.325532
74,2,7,1,0,1,2026-07-15T15:21:22.843392
74,2,8,1,0,1,2026-07-15T15:21:24.136431
74,2,9,1,0,1,2026-07-15T15:21:25.488032
74,2,10,1,0,1,2026-07-15T15:21:26.809160
74,3,1,3,0,3,2026-07-15T15:21:27.928063
74,3,2,3,0,3,2026-07-15T15:21:29.070454
74,3,3,3,0,3,2026-07-15T15:21:31.314802
74,3,4,3,0,3,2026-07-15T15:21:32.564817
74,3,5,3,0,3,2026-07-15T15:21:34.238179
74,3,6,3,0,3,2026-07-15T15:21:35.845751
74,3,7,3,0,3,2026-07-15T15:21:37.141383
74,3,8,3,0,3,2026-07-15T15:21:38.258193
74,3,9,3,0,3,2026-07-15T15:21:40.766543
74,3,10,3,0,3,2026-07-15T15:21:41.827624
74,4,1,1,0,1,2026-07-15T15:21:43.280724
74,4,2,1,0,1,2026-07-15T15:21:44.540249
74,4,3,1,0,1,2026-07-15T15:21:45.635573
74,4,4,0,0,0,2026-07-15T15:21:47.457589
74,4,5,1,0,1,2026-07-15T15:21:48.446603
74,4,6,1,0,1,2026-07-15T15:21:49.451520
74,4,7,1,0,1,2026-07-15T15:21:51.162094
74,4,8,1,0,1,2026-07-15T15:21:52.300975
74,4,9,1,0,1,2026-07-15T15:21:53.348966
74,4,10,1,0,1,2026-07-15T15:21:54.401286
74,5,1,3,0,3,2026-07-15T15:21:55.741228
74,5,2,3,0,3,2026-07-15T15:21:56.907282
74,5,3,3,0,3,2026-07-15T15:21:58.506461
74,5,4,3,0,3,2026-07-15T15:21:59.715989
74,5,5,3,0,3,2026-07-15T15:22:01.872663
74,5,6,3,0,3,2026-07-15T15:22:03.128641
74,5,7,3,0,3,2026-07-15T15:22:04.131001
74,5,8,3,0,3,2026-07-15T15:22:05.306846
74,5,9,3,0,3,2026-07-15T15:22:06.427986
74,5,10,2,0,2,2026-07-15T15:22:07.780391
74,6,1,0,0,0,2026-07-15T15:22:08.269586
74,6,2,0,0,0,2026-07-15T15:22:09.512403
74,6,3,0,0,0,2026-07-15T15:22:09.950093
74,6,4,1,0,1,2026-07-15T15:22:11.025641
74,6,5,1,0,1,2026-07-15T15:22:12.199713
74,6,6,0,0,0,2026-07-15T15:22:12.718693
74,6,7,0,0,0,2026-07-15T15:22:14.335641
74,6,8,1,0,1,2026-07-15T15:22:15.665225
74,6,9,1,0,1,2026-07-15T15:22:17.158035
74,6,10,1,0,1,2026-07-15T15:22:20.335812
74,7,1,4,0,4,2026-07-15T15:22:21.660889
74,7,2,4,0,4,2026-07-15T15:22:22.445018
74,7,3,4,0,4,2026-07-15T15:22:23.424889
74,7,4,4,0,4,2026-07-15T15:22:24.921023
74,7,5,4,0,4,2026-07-15T15:22:26.208679
74,7,6,4,0,4,2026-07-15T15:22:27.513407
74,7,7,3,0,3,2026-07-15T15:22:29.945088
74,7,8,4,0,4,2026-07-15T15:22:30.569756
74,7,9,4,0,4,2026-07-15T15:22:32.342255
74,7,10,4,0,4,2026-07-15T15:22:33.337864
74,8,1,3,0,3,2026-07-15T15:22:35.083348
74,8,2,2,0,2,2026-07-15T15:22:36.568996
74,8,3,3,0,3,2026-07-15T15:22:38.196481
74,8,4,1,0,1,2026-07-15T15:22:38.877747
74,8,5,0,0,0,2026-07-15T15:22:39.371828
74,8,6,2,0,2,2026-07-15T15:22:41.284358
74,8,7,2,0,2,2026-07-15T15:22:42.542030
74,8,8,3,0,3,2026-07-15T15:22:43.730496
74,8,9,3,0,3,2026-07-15T15:22:44.790218
74,8,10,1,0,1,2026-07-15T15:22:45.496033
74,9,1,4,0,4,2026-07-15T15:22:46.510511
74,9,2,4,0,4,2026-07-15T15:22:47.607715
74,9,3,4,0,4,2026-07-15T15:22:48.610744
74,9,4,4,0,4,2026-07-15T15:22:49.926986
74,9,5,4,0,4,2026-07-15T15:22:51.193334
74,9,6,4,0,4,2026-07-15T15:22:52.557110
74,9,7,5,0,5,2026-07-15T15:22:53.214942
74,9,8,4,0,4,2026-07-15T15:22:54.438695
74,9,9,5,0,5,2026-07-15T15:22:55.041196
74,9,10,4,0,4,2026-07-15T15:22:56.111958
75,1,1,2,0,2,2026-07-15T15:22:56.677688
75,1,2,2,0,2,2026-07-15T15:22:57.197722
75,1,3,3,0,3,2026-07-15T15:22:58.476803
75,1,4,3,0,3,2026-07-15T15:23:00.085478
75,1,5,3,0,3,2026-07-15T15:23:01.099772
75,1,6,2,0,2,2026-07-15T15:23:01.835134
75,1,7,2,0,2,2026-07-15T15:23:02.370546
75,1,8,3,0,3,2026-07-15T15:23:03.936179
75,1,9,3,0,3,2026-07-15T15:23:04.578246
75,1,10,2,0,2,2026-07-15T15:23:05.162538
75,2,1,0,0,0,2026-07-15T15:23:06.995550
75,2,2,0,0,0,2026-07-15T15:23:08.772217
75,2,3,0,0,0,2026-07-15T15:23:09.840942
75,2,4,0,0,0,2026-07-15T15:23:11.291765
75,2,5,0,0,0,2026-07-15T15:23:12.397352
75,2,6,0,0,0,2026-07-15T15:23:12.889245
75,2,7,0,0,0,2026-07-15T15:23:13.481370
75,2,8,0,0,0,2026-07-15T15:23:15.209137
75,2,9,0,0,0,2026-07-15T15:23:16.028639
75,2,10,0,0,0,2026-07-15T15:23:17.194059
75,3,1,3,0,3,2026-07-15T15:23:18.927757
75,3,2,3,0,3,2026-07-15T15:23:20.650421
75,3,3,3,0,3,2026-07-15T15:23:21.647397
75,3,4,3,0,3,2026-07-15T15:23:23.073208
75,3,5,3,0,3,2026-07-15T15:23:24.373762
75,3,6,3,0,3,2026-07-15T15:23:25.493767
75,3,7,3,0,3,2026-07-15T15:23:27.499426
75,3,8,3,0,3,2026-07-15T15:23:28.275485
75,3,9,3,0,3,2026-07-15T15:23:28.782018
75,3,10,3,0,3,2026-07-15T15:23:29.518579
75,4,1,0,0,0,2026-07-15T15:23:30.209408
75,4,2,0,0,0,2026-07-15T15:23:30.812124
75,4,3,0,0,0,2026-07-15T15:23:31.908546
75,4,4,0,0,0,2026-07-15T15:23:33.982704
75,4,5,0,0,0,2026-07-15T15:23:35.281225
75,4,6,0,0,0,2026-07-15T15:23:37.219396
75,4,7,0,0,0,2026-07-15T15:23:38.631825
75,4,8,0,0,0,2026-07-15T15:23:40.043198
75,4,9,0,0,0,2026-07-15T15:23:41.433835
75,4,10,0,0,0,2026-07-15T15:23:43.006263
75,5,1,2,0,2,2026-07-15T15:23:43.678863
75,5,2,1,0,1,2026-07-15T15:23:44.298239
75,5,3,1,0,1,2026-07-15T15:23:44.823398
75,5,4,1,0,1,2026-07-15T15:23:46.127720
75,5,5,2,0,2,2026-07-15T15:23:47.143462
75,5,6,2,0,2,2026-07-15T15:23:48.414148
75,5,7,1,0,1,2026-07-15T15:23:49.745699
75,5,8,1,0,1,2026-07-15T15:23:50.395120
75,5,9,1,0,1,2026-07-15T15:23:51.167947
75,5,10,2,0,2,2026-07-15T15:23:52.307456
75,6,1,0,0,0,2026-07-15T15:23:53.329495
75,6,2,0,0,0,2026-07-15T15:23:54.238138
75,6,3,0,0,0,2026-07-15T15:23:55.794525
75,6,4,0,0,0,2026-07-15T15:23:57.200410
75,6,5,0,0,0,2026-07-15T15:23:58.586547
75,6,6,0,0,0,2026-07-15T15:23:59.956172
75,6,7,0,0,0,2026-07-15T15:24:01.641304
75,6,8,0,0,0,2026-07-15T15:24:03.399890
75,6,9,0,0,0,2026-07-15T15:24:04.587827
75,6,10,0,0,0,2026-07-15T15:24:05.637174
75,7,1,3,0,3,2026-07-15T15:24:11.524098
75,7,2,3,0,3,2026-07-15T15:24:13.159130
75,7,3,4,0,4,2026-07-15T15:24:13.733285
75,7,4,3,0,3,2026-07-15T15:24:14.187841
75,7,5,3,0,3,2026-07-15T15:24:15.409014
75,7,6,3,0,3,2026-07-15T15:24:17.835729
75,7,7,3,0,3,2026-07-15T15:24:19.017393
75,7,8,3,0,3,2026-07-15T15:24:20.307996
75,7,9,3,0,3,2026-07-15T15:24:22.061276
75,7,10,4,0,4,2026-07-15T15:24:24.101809
75,8,1,0,0,0,2026-07-15T15:24:25.256701
75,8,2,0,0,0,2026-07-15T15:24:26.271835
75,8,3,0,0,0,2026-07-15T15:24:27.295679
75,8,4,0,0,0,2026-07-15T15:24:28.675945
75,8,5,0,0,0,2026-07-15T15:24:30.175402
75,8,6,0,0,0,2026-07-15T15:24:30.851027
75,8,7,0,0,0,2026-07-15T15:24:31.484989
75,8,8,0,0,0,2026-07-15T15:24:33.335370
75,8,9,0,0,0,2026-07-15T15:24:33.870886
75,8,10,0,0,0,2026-07-15T15:24:34.880088
75,9,1,4,0,4,2026-07-15T15:24:36.017695
75,9,2,4,0,4,2026-07-15T15:24:38.401949
75,9,3,4,0,4,2026-07-15T15:24:40.906757
75,9,4,4,0,4,2026-07-15T15:24:41.985901
75,9,5,5,0,5,2026-07-15T15:24:43.491883
75,9,6,5,0,5,2026-07-15T15:24:44.939643
75,9,7,4,0,4,2026-07-15T15:24:46.270160
75,9,8,4,0,4,2026-07-15T15:24:47.532010
75,9,9,4,0,4,2026-07-15T15:24:48.710420
75,9,10,4,0,4,2026-07-15T15:24:49.934150
76,1,1,4,0,4,2026-07-15T15:24:50.873103
76,1,2,4,0,4,2026-07-15T15:24:51.527086
76,1,3,4,0,4,2026-07-15T15:24:52.688225
76,1,4,4,0,4,2026-07-15T15:24:53.292231
76,1,5,4,0,4,2026-07-15T15:24:54.606506
76,1,6,4,0,4,2026-07-15T15:24:55.603282
76,1,7,4,0,4,2026-07-15T15:24:57.106671
76,1,8,4,0,4,2026-07-15T15:24:58.446661
76,1,9,4,0,4,2026-07-15T15:24:59.087394
76,1,10,4,0,4,2026-07-15T15:25:00.323548
76,2,1,0,0,0,2026-07-15T15:25:01.147129
76,2,2,0,0,0,2026-07-15T15:25:02.521885
76,2,3,0,0,0,2026-07-15T15:25:03.527787
76,2,4,0,0,0,2026-07-15T15:25:04.459301
76,2,5,0,0,0,2026-07-15T15:25:05.765265
76,2,6,0,0,0,2026-07-15T15:25:07.357455
76,2,7,0,0,0,2026-07-15T15:25:08.796372
76,2,8,0,0,0,2026-07-15T15:25:09.338723
76,2,9,0,0,0,2026-07-15T15:25:10.481388
76,2,10,0,0,0,2026-07-15T15:25:11.048570
76,3,1,5,0,5,2026-07-15T15:25:11.661101
76,3,2,4,0,4,2026-07-15T15:25:13.033774
76,3,3,4,0,4,2026-07-15T15:25:14.174973
76,3,4,4,0,4,2026-07-15T15:25:15.160833
76,3,5,4,0,4,2026-07-15T15:25:16.531862
76,3,6,4,0,4,2026-07-15T15:25:16.999831
76,3,7,4,0,4,2026-07-15T15:25:19.168322
76,3,8,4,0,4,2026-07-15T15:25:20.213663
76,3,9,4,0,4,2026-07-15T15:25:21.802212
76,3,10,4,0,4,2026-07-15T15:25:22.397414
76,4,1,0,0,0,2026-07-15T15:25:23.571045
76,4,2,0,0,0,2026-07-15T15:25:24.667454
76,4,3,0,0,0,2026-07-15T15:25:26.605784
76,4,4,0,0,0,2026-07-15T15:25:27.294666
76,4,5,0,0,0,2026-07-15T15:25:28.400656
76,4,6,0,0,0,2026-07-15T15:25:30.490907
76,4,7,0,0,0,2026-07-15T15:25:31.546866
76,4,8,0,0,0,2026-07-15T15:25:32.771927
76,4,9,0,0,0,2026-07-15T15:25:34.244109
76,4,10,0,0,0,2026-07-15T15:25:35.345458
76,5,1,3,0,3,2026-07-15T15:25:36.427289
76,5,2,3,0,3,2026-07-15T15:25:37.092783
76,5,3,3,0,3,2026-07-15T15:25:38.796214
76,5,4,3,0,3,2026-07-15T15:25:39.484010
76,5,5,3,0,3,2026-07-15T15:25:41.933305
76,5,6,3,0,3,2026-07-15T15:25:42.509104
76,5,7,3,0,3,2026-07-15T15:25:43.137622
76,5,8,3,0,3,2026-07-15T15:25:44.470032
76,5,9,3,0,3,2026-07-15T15:25:45.158198
76,5,10,3,0,3,2026-07-15T15:25:45.653225
76,6,1,0,0,0,2026-07-15T15:25:46.378183
76,6,2,0,0,0,2026-07-15T15:25:47.479625
76,6,3,0,0,0,2026-07-15T15:25:49.116727
76,6,4,0,0,0,2026-07-15T15:25:51.498075
76,6,5,0,0,0,2026-07-15T15:25:53.833804
76,6,6,0,0,0,2026-07-15T15:25:55.965549
76,6,7,0,0,0,2026-07-15T15:25:57.375604
76,6,8,0,0,0,2026-07-15T15:25:58.296758
76,6,9,0,0,0,2026-07-15T15:25:59.391373
76,6,10,0,0,0,2026-07-15T15:26:00.135873
76,7,1,5,0,5,2026-07-15T15:26:01.326423
76,7,2,5,0,5,2026-07-15T15:26:02.373722
76,7,3,5,0,5,2026-07-15T15:26:03.488975
76,7,4,5,0,5,2026-07-15T15:26:04.425627
76,7,5,5,0,5,2026-07-15T15:26:05.660761
76,7,6,5,0,5,2026-07-15T15:26:06.413000
76,7,7,5,0,5,2026-07-15T15:26:08.000100
76,7,8,5,0,5,2026-07-15T15:26:09.948857
76,7,9,5,0,5,2026-07-15T15:26:12.339334
76,7,10,5,0,5,2026-07-15T15:26:13.526412
76,8,1,0,0,0,2026-07-15T15:26:15.016807
76,8,2,1,0,1,2026-07-15T15:26:15.989512
76,8,3,0,0,0,2026-07-15T15:26:17.877210
76,8,4,1,0,1,2026-07-15T15:26:18.974120
76,8,5,1,0,1,2026-07-15T15:26:20.135736
76,8,6,0,0,0,2026-07-15T15:26:21.152269
76,8,7,0,0,0,2026-07-15T15:26:21.728432
76,8,8,0,0,0,2026-07-15T15:26:22.774172
76,8,9,0,0,0,2026-07-15T15:26:23.778366
76,8,10,0,0,0,2026-07-15T15:26:25.005600
76,9,1,5,0,5,2026-07-15T15:26:26.218184
76,9,2,5,0,5,2026-07-15T15:26:27.469972
76,9,3,5,0,5,2026-07-15T15:26:28.466593
76,9,4,5,0,5,2026-07-15T15:26:29.536713
76,9,5,5,0,5,2026-07-15T15:26:30.728430
76,9,6,5,0,5,2026-07-15T15:26:31.784697
76,9,7,5,0,5,2026-07-15T15:26:33.027885
76,9,8,5,0,5,2026-07-15T15:26:33.940373
76,9,9,5,0,5,2026-07-15T15:26:35.169573
76,9,10,5,0,5,2026-07-15T15:26:36.641281
77,1,1,2,0,2,2026-07-15T15:26:37.148796
77,1,2,3,0,3,2026-07-15T15:26:38.330585
77,1,3,2,0,2,2026-07-15T15:26:38.868949
77,1,4,3,0,3,2026-07-15T15:26:40.895636
77,1,5,3,0,3,2026-07-15T15:26:42.101819
77,1,6,3,0,3,2026-07-15T15:26:43.664513
77,1,7,2,0,2,2026-07-15T15:26:44.287004
77,1,8,3,0,3,2026-07-15T15:26:45.814771
77,1,9,3,0,3,2026-07-15T15:26:46.914162
77,1,10,2,0,2,2026-07-15T15:26:47.475665
77,2,1,3,0,3,2026-07-15T15:26:49.528019
77,2,2,0,0,0,2026-07-15T15:26:50.343733
77,2,3,1,0,1,2026-07-15T15:26:51.726461
77,2,4,2,0,2,2026-07-15T15:26:52.922308
77,2,5,2,0,2,2026-07-15T15:26:54.127034
77,2,6,2,0,2,2026-07-15T15:26:55.893320
77,2,7,2,0,2,2026-07-15T15:26:57.003980
77,2,8,2,0,2,2026-07-15T15:26:58.169910
77,2,9,2,0,2,2026-07-15T15:26:59.185049
77,2,10,2,0,2,2026-07-15T15:27:00.550589
77,3,1,3,0,3,2026-07-15T15:27:01.827674
77,3,2,4,0,4,2026-07-15T15:27:02.928551
77,3,3,3,0,3,2026-07-15T15:27:03.661755
77,3,4,4,0,4,2026-07-15T15:27:04.774965
77,3,5,3,0,3,2026-07-15T15:27:06.149181
77,3,6,3,0,3,2026-07-15T15:27:07.712513
77,3,7,4,0,4,2026-07-15T15:27:08.738593
77,3,8,4,0,4,2026-07-15T15:27:10.405055
77,3,9,4,0,4,2026-07-15T15:27:11.993725
77,3,10,3,0,3,2026-07-15T15:27:13.063963
77,4,1,0,0,0,2026-07-15T15:27:13.682438
77,4,2,0,0,0,2026-07-15T15:27:14.781681
77,4,3,1,0,1,2026-07-15T15:27:15.906611
77,4,4,0,0,0,2026-07-15T15:27:16.547167
77,4,5,0,0,0,2026-07-15T15:27:17.172457
77,4,6,0,0,0,2026-07-15T15:27:18.457316
77,4,7,1,0,1,2026-07-15T15:27:19.745897
77,4,8,0,0,0,2026-07-15T15:27:20.837732
77,4,9,0,0,0,2026-07-15T15:27:21.806002
77,4,10,0,0,0,2026-07-15T15:27:22.322418
77,5,1,3,0,3,2026-07-15T15:27:23.549187
77,5,2,3,0,3,2026-07-15T15:27:25.277691
77,5,3,3,0,3,2026-07-15T15:27:26.993423
77,5,4,3,0,3,2026-07-15T15:27:28.314177
77,5,5,3,0,3,2026-07-15T15:27:29.797284
77,5,6,3,0,3,2026-07-15T15:27:31.085007
77,5,7,3,0,3,2026-07-15T15:27:32.286880
77,5,8,3,0,3,2026-07-15T15:27:32.788584
77,5,9,3,0,3,2026-07-15T15:27:35.099619
77,5,10,3,0,3,2026-07-15T15:27:36.103659
77,6,1,1,0,1,2026-07-15T15:27:37.189256
77,6,2,1,0,1,2026-07-15T15:27:38.605289
77,6,3,1,0,1,2026-07-15T15:27:40.126740
77,6,4,2,0,2,2026-07-15T15:27:41.323475
77,6,5,1,0,1,2026-07-15T15:27:42.650392
77,6,6,2,0,2,2026-07-15T15:27:43.826867
77,6,7,1,0,1,2026-07-15T15:27:44.922237
77,6,8,0,0,0,2026-07-15T15:27:45.454725
77,6,9,1,0,1,2026-07-15T15:27:46.938853
77,6,10,1,0,1,2026-07-15T15:27:48.619035
77,7,1,3,0,3,2026-07-15T15:27:49.612330
77,7,2,4,0,4,2026-07-15T15:27:51.008575
77,7,3,4,0,4,2026-07-15T15:27:53.864833
77,7,4,4,0,4,2026-07-15T15:27:55.261031
77,7,5,3,0,3,2026-07-15T15:27:56.344491
77,7,6,3,0,3,2026-07-15T15:27:56.908818
77,7,7,3,0,3,2026-07-15T15:27:58.329929
77,7,8,4,0,4,2026-07-15T15:27:59.907956
77,7,9,4,0,4,2026-07-15T15:28:01.315783
77,7,10,4,0,4,2026-07-15T15:28:02.631654
77,8,1,3,0,3,2026-07-15T15:28:04.563471
77,8,2,3,0,3,2026-07-15T15:28:06.037319
77,8,3,0,0,0,2026-07-15T15:28:06.949535
77,8,4,3,0,3,2026-07-15T15:28:08.317705
77,8,5,0,0,0,2026-07-15T15:28:08.864970
77,8,6,3,0,3,2026-07-15T15:28:09.906679
77,8,7,3,0,3,2026-07-15T15:28:11.401876
77,8,8,0,0,0,2026-07-15T15:28:11.895744
77,8,9,3,0,3,2026-07-15T15:28:12.956941
77,8,10,3,0,3,2026-07-15T15:28:14.353701
77,9,1,4,0,4,2026-07-15T15:28:15.620741
77,9,2,4,0,4,2026-07-15T15:28:16.969787
77,9,3,5,0,5,2026-07-15T15:28:17.582472
77,9,4,5,0,5,2026-07-15T15:28:18.073638
77,9,5,4,0,4,2026-07-15T15:28:19.124165
77,9,6,4,0,4,2026-07-15T15:28:20.721502
77,9,7,4,0,4,2026-07-15T15:28:21.741841
77,9,8,4,0,4,2026-07-15T15:28:23.300294
77,9,9,5,0,5,2026-07-15T15:28:24.776924
77,9,10,4,0,4,2026-07-15T15:28:27.264835
78,1,1,3,0,3,2026-07-15T15:28:28.326114
78,1,2,2,0,2,2026-07-15T15:28:29.007115
78,1,3,2,0,2,2026-07-15T15:28:29.590344
78,1,4,3,0,3,2026-07-15T15:28:30.735878
78,1,5,3,0,3,2026-07-15T15:28:33.168083
78,1,6,3,0,3,2026-07-15T15:28:34.533810
78,1,7,3,0,3,2026-07-15T15:28:36.592902
78,1,8,3,0,3,2026-07-15T15:28:37.610888
78,1,9,2,0,2,2026-07-15T15:28:38.327557
78,1,10,3,0,3,2026-07-15T15:28:39.578602
78,2,1,2,0,2,2026-07-15T15:28:40.787664
78,2,2,0,0,0,2026-07-15T15:28:41.335558
78,2,3,0,0,0,2026-07-15T15:28:42.317138
78,2,4,2,0,2,2026-07-15T15:28:43.486094
78,2,5,0,0,0,2026-07-15T15:28:44.206977
78,2,6,2,0,2,2026-07-15T15:28:45.336411
78,2,7,2,0,2,2026-07-15T15:28:46.640958
78,2,8,2,0,2,2026-07-15T15:28:48.344729
78,2,9,2,0,2,2026-07-15T15:28:50.311463
78,2,10,2,0,2,2026-07-15T15:28:51.528495
78,3,1,3,0,3,2026-07-15T15:28:53.345893
78,3,2,3,0,3,2026-07-15T15:28:53.867492
78,3,3,3,0,3,2026-07-15T15:28:55.192091
78,3,4,4,0,4,2026-07-15T15:28:57.090259
78,3,5,3,0,3,2026-07-15T15:28:58.116837
78,3,6,3,0,3,2026-07-15T15:28:59.345721
78,3,7,3,0,3,2026-07-15T15:29:00.936155
78,3,8,4,0,4,2026-07-15T15:29:02.138969
78,3,9,4,0,4,2026-07-15T15:29:03.749222
78,3,10,3,0,3,2026-07-15T15:29:04.770273
78,4,1,0,0,0,2026-07-15T15:29:06.318659
78,4,2,0,0,0,2026-07-15T15:29:06.881362
78,4,3,0,0,0,2026-07-15T15:29:08.092894
78,4,4,0,0,0,2026-07-15T15:29:09.141898
78,4,5,0,0,0,2026-07-15T15:29:10.883758
78,4,6,0,0,0,2026-07-15T15:29:12.348069
78,4,7,0,0,0,2026-07-15T15:29:14.071855
78,4,8,0,0,0,2026-07-15T15:29:15.465651
78,4,9,0,0,0,2026-07-15T15:29:16.567931
78,4,10,0,0,0,2026-07-15T15:29:17.115798
78,5,1,3,0,3,2026-07-15T15:29:18.378483
78,5,2,3,0,3,2026-07-15T15:29:19.688721
78,5,3,3,0,3,2026-07-15T15:29:20.859898
78,5,4,2,0,2,2026-07-15T15:29:22.251876
78,5,5,2,0,2,2026-07-15T15:29:23.950219
78,5,6,3,0,3,2026-07-15T15:29:26.111183
78,5,7,2,0,2,2026-07-15T15:29:26.827017
78,5,8,2,0,2,2026-07-15T15:29:27.892731
78,5,9,2,0,2,2026-07-15T15:29:28.688889
78,5,10,3,0,3,2026-07-15T15:29:30.247787
78,6,1,2,0,2,2026-07-15T15:29:31.413899
78,6,2,0,0,0,2026-07-15T15:29:33.678080
78,6,3,1,0,1,2026-07-15T15:29:34.821129
78,6,4,0,0,0,2026-07-15T15:29:36.213214
78,6,5,1,0,1,2026-07-15T15:29:37.277514
78,6,6,1,0,1,2026-07-15T15:29:38.446442
78,6,7,1,0,1,2026-07-15T15:29:39.674274
78,6,8,0,0,0,2026-07-15T15:29:41.242576
78,6,9,1,0,1,2026-07-15T15:29:42.763385
78,6,10,0,0,0,2026-07-15T15:29:43.489904
78,7,1,3,0,3,2026-07-15T15:29:44.752059
78,7,2,3,0,3,2026-07-15T15:29:46.092883
78,7,3,3,0,3,2026-07-15T15:29:47.413869
78,7,4,3,0,3,2026-07-15T15:29:48.797397
78,7,5,3,0,3,2026-07-15T15:29:50.261873
78,7,6,3,0,3,2026-07-15T15:29:51.511425
78,7,7,3,0,3,2026-07-15T15:29:52.814451
78,7,8,3,0,3,2026-07-15T15:29:54.140887
78,7,9,3,0,3,2026-07-15T15:29:55.008416
78,7,10,3,0,3,2026-07-15T15:29:56.542400
78,8,1,3,0,3,2026-07-15T15:29:57.591831
78,8,2,3,0,3,2026-07-15T15:29:59.114538
78,8,3,0,0,0,2026-07-15T15:30:00.185554
78,8,4,0,0,0,2026-07-15T15:30:01.319546
78,8,5,0,0,0,2026-07-15T15:30:01.982267
78,8,6,2,0,2,2026-07-15T15:30:03.254811
78,8,7,3,0,3,2026-07-15T15:30:04.514456
78,8,8,3,0,3,2026-07-15T15:30:05.577624
78,8,9,3,0,3,2026-07-15T15:30:06.736079
78,8,10,0,0,0,2026-07-15T15:30:07.325413
78,9,1,4,0,4,2026-07-15T15:30:07.891047
78,9,2,4,0,4,2026-07-15T15:30:09.001887
78,9,3,5,0,5,2026-07-15T15:30:10.774062
78,9,4,4,0,4,2026-07-15T15:30:11.367625
78,9,5,4,0,4,2026-07-15T15:30:13.628646
78,9,6,5,0,5,2026-07-15T15:30:14.323614
78,9,7,4,0,4,2026-07-15T15:30:16.549785
78,9,8,5,0,5,2026-07-15T15:30:17.060819
78,9,9,4,0,4,2026-07-15T15:30:18.495385
78,9,10,4,0,4,2026-07-15T15:30:19.456639
79,1,1,2,0,2,2026-07-15T15:30:20.144189
79,1,2,2,0,2,2026-07-15T15:30:21.421958
79,1,3,2,0,2,2026-07-15T15:30:23.077566
79,1,4,3,0,3,2026-07-15T15:30:24.972972
79,1,5,3,0,3,2026-07-15T15:30:26.029895
79,1,6,3,0,3,2026-07-15T15:30:27.847225
79,1,7,3,0,3,2026-07-15T15:30:30.031899
79,1,8,2,0,2,2026-07-15T15:30:32.971348
79,1,9,2,0,2,2026-07-15T15:30:34.100496
79,1,10,2,0,2,2026-07-15T15:30:35.877461
79,2,1,2,0,2,2026-07-15T15:30:36.980572
79,2,2,0,0,0,2026-07-15T15:30:37.963854
79,2,3,2,0,2,2026-07-15T15:30:39.091427
79,2,4,2,0,2,2026-07-15T15:30:41.722712
79,2,5,2,0,2,2026-07-15T15:30:43.192763
79,2,6,2,0,2,2026-07-15T15:30:44.308367
79,2,7,0,0,0,2026-07-15T15:30:44.862338
79,2,8,2,0,2,2026-07-15T15:30:46.488320
79,2,9,2,0,2,2026-07-15T15:30:47.687906
79,2,10,2,0,2,2026-07-15T15:30:48.754349
79,3,1,3,0,3,2026-07-15T15:30:49.951315
79,3,2,3,0,3,2026-07-15T15:30:51.640538
79,3,3,3,0,3,2026-07-15T15:30:52.740334
79,3,4,3,0,3,2026-07-15T15:30:53.372241
79,3,5,3,0,3,2026-07-15T15:30:53.985295
79,3,6,3,0,3,2026-07-15T15:30:55.750335
79,3,7,3,0,3,2026-07-15T15:30:56.918665
79,3,8,3,0,3,2026-07-15T15:30:57.928893
79,3,9,3,0,3,2026-07-15T15:30:58.958476
79,3,10,3,0,3,2026-07-15T15:31:00.801225
79,4,1,0,0,0,2026-07-15T15:31:01.841648
79,4,2,0,0,0,2026-07-15T15:31:03.070460
79,4,3,0,0,0,2026-07-15T15:31:04.299083
79,4,4,0,0,0,2026-07-15T15:31:04.937935
79,4,5,0,0,0,2026-07-15T15:31:06.375311
79,4,6,0,0,0,2026-07-15T15:31:07.479948
79,4,7,0,0,0,2026-07-15T15:31:08.823116
79,4,8,0,0,0,2026-07-15T15:31:09.889569
79,4,9,0,0,0,2026-07-15T15:31:11.193360
79,4,10,0,0,0,2026-07-15T15:31:12.760648
79,5,1,3,0,3,2026-07-15T15:31:13.917689
79,5,2,2,0,2,2026-07-15T15:31:14.686836
79,5,3,2,0,2,2026-07-15T15:31:15.851885
79,5,4,2,0,2,2026-07-15T15:31:16.302580
79,5,5,2,0,2,2026-07-15T15:31:17.407419
79,5,6,2,0,2,2026-07-15T15:31:18.037187
79,5,7,3,0,3,2026-07-15T15:31:19.306916
79,5,8,2,0,2,2026-07-15T15:31:21.008965
79,5,9,3,0,3,2026-07-15T15:31:22.133447
79,5,10,3,0,3,2026-07-15T15:31:23.389211
79,6,1,0,0,0,2026-07-15T15:31:25.090885
79,6,2,1,0,1,2026-07-15T15:31:27.407663
79,6,3,1,0,1,2026-07-15T15:31:28.484431
79,6,4,2,0,2,2026-07-15T15:31:29.720209
79,6,5,0,0,0,2026-07-15T15:31:32.122534
79,6,6,0,0,0,2026-07-15T15:31:34.844137
79,6,7,0,0,0,2026-07-15T15:31:36.123776
79,6,8,1,0,1,2026-07-15T15:31:38.163856
79,6,9,0,0,0,2026-07-15T15:31:39.402430
79,6,10,2,0,2,2026-07-15T15:31:40.443245
79,7,1,3,0,3,2026-07-15T15:31:42.095918
79,7,2,3,0,3,2026-07-15T15:31:43.600467
79,7,3,3,0,3,2026-07-15T15:31:45.563097
79,7,4,3,0,3,2026-07-15T15:31:46.661321
79,7,5,3,0,3,2026-07-15T15:31:48.003680
79,7,6,3,0,3,2026-07-15T15:31:49.106004
79,7,7,3,0,3,2026-07-15T15:31:51.194191
79,7,8,3,0,3,2026-07-15T15:31:53.066471
79,7,9,3,0,3,2026-07-15T15:31:55.042390
79,7,10,3,0,3,2026-07-15T15:31:56.441014
79,8,1,3,0,3,2026-07-15T15:31:57.558652
79,8,2,0,0,0,2026-07-15T15:31:57.994831
79,8,3,3,0,3,2026-07-15T15:31:59.845250
79,8,4,0,0,0,2026-07-15T15:32:00.378487
79,8,5,0,0,0,2026-07-15T15:32:01.211751
79,8,6,3,0,3,2026-07-15T15:32:02.361450
79,8,7,0,0,0,2026-07-15T15:32:03.607369
79,8,8,3,0,3,2026-07-15T15:32:04.630163
79,8,9,1,0,1,2026-07-15T15:32:05.112498
79,8,10,3,0,3,2026-07-15T15:32:06.587806
79,9,1,4,0,4,2026-07-15T15:32:07.833631
79,9,2,5,0,5,2026-07-15T15:32:08.484530
79,9,3,5,0,5,2026-07-15T15:32:09.875334
79,9,4,4,0,4,2026-07-15T15:32:11.565729
79,9,5,4,0,4,2026-07-15T15:32:12.927512
79,9,6,4,0,4,2026-07-15T15:32:13.854426
79,9,7,4,0,4,2026-07-15T15:32:15.285615
79,9,8,5,0,5,2026-07-15T15:32:16.209509
79,9,9,5,0,5,2026-07-15T15:32:16.867520
79,9,10,4,0,4,2026-07-15T15:32:18.012142
80,1,1,2,0,2,2026-07-15T15:32:19.220119
80,1,2,3,0,3,2026-07-15T15:32:20.270335
80,1,3,3,0,3,2026-07-15T15:32:21.303018
80,1,4,1,0,1,2026-07-15T15:32:23.142930
80,1,5,0,0,0,2026-07-15T15:32:23.631843
80,1,6,0,0,0,2026-07-15T15:32:24.261541
80,1,7,3,0,3,2026-07-15T15:32:25.214369
80,1,8,3,0,3,2026-07-15T15:32:26.446585
80,1,9,3,0,3,2026-07-15T15:32:27.544429
80,1,10,1,0,1,2026-07-15T15:32:28.108002
80,2,1,1,0,1,2026-07-15T15:32:30.372912
80,2,2,0,0,0,2026-07-15T15:32:31.598045
80,2,3,1,0,1,2026-07-15T15:32:32.756872
80,2,4,1,0,1,2026-07-15T15:32:33.838496
80,2,5,1,0,1,2026-07-15T15:32:34.950373
80,2,6,1,0,1,2026-07-15T15:32:36.043719
80,2,7,0,0,0,2026-07-15T15:32:36.596334
80,2,8,1,0,1,2026-07-15T15:32:38.319216
80,2,9,1,0,1,2026-07-15T15:32:39.552156
80,2,10,1,0,1,2026-07-15T15:32:41.094024
80,3,1,4,0,4,2026-07-15T15:32:43.270256
80,3,2,4,0,4,2026-07-15T15:32:44.662906
80,3,3,3,0,3,2026-07-15T15:32:45.836874
80,3,4,3,0,3,2026-07-15T15:32:46.968145
80,3,5,3,0,3,2026-07-15T15:32:48.115622
80,3,6,3,0,3,2026-07-15T15:32:49.268789
80,3,7,4,0,4,2026-07-15T15:32:50.278972
80,3,8,3,0,3,2026-07-15T15:32:51.932804
80,3,9,3,0,3,2026-07-15T15:32:53.502390
80,3,10,3,0,3,2026-07-15T15:32:54.673997
80,4,1,0,0,0,2026-07-15T15:32:55.722471
80,4,2,0,0,0,2026-07-15T15:32:56.873475
80,4,3,0,0,0,2026-07-15T15:32:57.995985
80,4,4,0,0,0,2026-07-15T15:32:59.187120
80,4,5,0,0,0,2026-07-15T15:33:00.382778
80,4,6,0,0,0,2026-07-15T15:33:01.874334
80,4,7,0,0,0,2026-07-15T15:33:03.020727
80,4,8,0,0,0,2026-07-15T15:33:04.201417
80,4,9,0,0,0,2026-07-15T15:33:05.106266
80,4,10,0,0,0,2026-07-15T15:33:05.719940
80,5,1,3,0,3,2026-07-15T15:33:06.620139
80,5,2,3,0,3,2026-07-15T15:33:07.658529
80,5,3,3,0,3,2026-07-15T15:33:08.987935
80,5,4,3,0,3,2026-07-15T15:33:10.375517
80,5,5,3,0,3,2026-07-15T15:33:10.898983
80,5,6,3,0,3,2026-07-15T15:33:12.478634
80,5,7,3,0,3,2026-07-15T15:33:13.853998
80,5,8,3,0,3,2026-07-15T15:33:14.353455
80,5,9,3,0,3,2026-07-15T15:33:15.461816
80,5,10,3,0,3,2026-07-15T15:33:17.499001
80,6,1,0,0,0,2026-07-15T15:33:18.604385
80,6,2,0,0,0,2026-07-15T15:33:19.777563
80,6,3,0,0,0,2026-07-15T15:33:20.920311
80,6,4,0,0,0,2026-07-15T15:33:22.138069
80,6,5,0,0,0,2026-07-15T15:33:23.918869
80,6,6,0,0,0,2026-07-15T15:33:25.770998
80,6,7,0,0,0,2026-07-15T15:33:26.946024
80,6,8,0,0,0,2026-07-15T15:33:28.093723
80,6,9,0,0,0,2026-07-15T15:33:29.152128
80,6,10,0,0,0,2026-07-15T15:33:30.451487
80,7,1,4,0,4,2026-07-15T15:33:32.002116
80,7,2,5,0,5,2026-07-15T15:33:32.612938
80,7,3,4,0,4,2026-07-15T15:33:34.044746
80,7,4,5,0,5,2026-07-15T15:33:35.332870
80,7,5,4,0,4,2026-07-15T15:33:37.236646
80,7,6,4,0,4,2026-07-15T15:33:38.511291
80,7,7,5,0,5,2026-07-15T15:33:40.015831
80,7,8,4,0,4,2026-07-15T15:33:40.998669
80,7,9,4,0,4,2026-07-15T15:33:42.266931
80,7,10,4,0,4,2026-07-15T15:33:43.908140
80,8,1,0,0,0,2026-07-15T15:33:45.528493
80,8,2,2,0,2,2026-07-15T15:33:47.560253
80,8,3,0,0,0,2026-07-15T15:33:48.872111
80,8,4,1,0,1,2026-07-15T15:33:50.456585
80,8,5,0,0,0,2026-07-15T15:33:51.462150
80,8,6,2,0,2,2026-07-15T15:33:52.687180
80,8,7,0,0,0,2026-07-15T15:33:54.460429
80,8,8,1,0,1,2026-07-15T15:33:55.555139
80,8,9,1,0,1,2026-07-15T15:33:57.039653
80,8,10,2,0,2,2026-07-15T15:33:58.010382
80,9,1,5,0,5,2026-07-15T15:33:59.274624
80,9,2,5,0,5,2026-07-15T15:34:00.417596
80,9,3,5,0,5,2026-07-15T15:34:01.452928
80,9,4,5,0,5,2026-07-15T15:34:03.854833
80,9,5,5,0,5,2026-07-15T15:34:05.178065
80,9,6,5,0,5,2026-07-15T15:34:06.360380
80,9,7,5,0,5,2026-07-15T15:34:11.093962
80,9,8,5,0,5,2026-07-15T15:34:12.535686
80,9,9,5,0,5,2026-07-15T15:34:13.602378
80,9,10,5,0,5,2026-07-15T15:34:14.710193
81,1,1,3,0,3,2026-07-15T15:34:16.026583
81,1,2,3,0,3,2026-07-15T15:34:17.208792
81,1,3,3,0,3,2026-07-15T15:34:20.310216
81,1,4,2,0,2,2026-07-15T15:34:20.918516
81,1,5,3,0,3,2026-07-15T15:34:21.952906
81,1,6,2,0,2,2026-07-15T15:34:22.758354
81,1,7,3,0,3,2026-07-15T15:34:23.887001
81,1,8,3,0,3,2026-07-15T15:34:25.005709
81,1,9,2,0,2,2026-07-15T15:34:27.435345
81,1,10,2,0,2,2026-07-15T15:34:30.896331
81,2,1,0,0,0,2026-07-15T15:34:31.967929
81,2,2,0,0,0,2026-07-15T15:34:33.634841
81,2,3,0,0,0,2026-07-15T15:34:34.690257
81,2,4,0,0,0,2026-07-15T15:34:38.408121
81,2,5,0,0,0,2026-07-15T15:34:39.723733
81,2,6,0,0,0,2026-07-15T15:34:40.915619
81,2,7,0,0,0,2026-07-15T15:34:42.005980
81,2,8,0,0,0,2026-07-15T15:34:43.322626
81,2,9,0,0,0,2026-07-15T15:34:44.364350
81,2,10,0,0,0,2026-07-15T15:34:45.068343
81,3,1,2,0,2,2026-07-15T15:34:46.282776
81,3,2,3,0,3,2026-07-15T15:34:47.401704
81,3,3,3,0,3,2026-07-15T15:34:48.478374
81,3,4,2,0,2,2026-07-15T15:34:49.745518
81,3,5,2,0,2,2026-07-15T15:34:51.136476
81,3,6,3,0,3,2026-07-15T15:34:52.545861
81,3,7,2,0,2,2026-07-15T15:34:54.104209
81,3,8,3,0,3,2026-07-15T15:34:56.974728
81,3,9,2,0,2,2026-07-15T15:34:57.979092
81,3,10,2,0,2,2026-07-15T15:34:59.143209
81,4,1,0,0,0,2026-07-15T15:35:00.185420
81,4,2,0,0,0,2026-07-15T15:35:04.752392
81,4,3,0,0,0,2026-07-15T15:35:06.247699
81,4,4,0,0,0,2026-07-15T15:35:07.440086
81,4,5,0,0,0,2026-07-15T15:35:09.537526
81,4,6,0,0,0,2026-07-15T15:35:11.695489
81,4,7,0,0,0,2026-07-15T15:35:14.880002
81,4,8,0,0,0,2026-07-15T15:35:17.138242
81,4,9,0,0,0,2026-07-15T15:35:17.870717
81,4,10,0,0,0,2026-07-15T15:35:19.001886
81,5,1,1,0,1,2026-07-15T15:35:19.717713
81,5,2,1,0,1,2026-07-15T15:35:22.993389
81,5,3,1,0,1,2026-07-15T15:35:23.938448
81,5,4,1,0,1,2026-07-15T15:35:26.215839
81,5,5,1,0,1,2026-07-15T15:35:29.311153
81,5,6,2,0,2,2026-07-15T15:35:30.448771
81,5,7,2,0,2,2026-07-15T15:35:32.350467
81,5,8,2,0,2,2026-07-15T15:35:33.481780
81,5,9,2,0,2,2026-07-15T15:35:34.867825
81,5,10,2,0,2,2026-07-15T15:35:36.088401
81,6,1,0,0,0,2026-07-15T15:35:37.016608
81,6,2,0,0,0,2026-07-15T15:35:38.001647
81,6,3,0,0,0,2026-07-15T15:35:39.253987
81,6,4,0,0,0,2026-07-15T15:35:39.860016
81,6,5,0,0,0,2026-07-15T15:35:41.448311
81,6,6,0,0,0,2026-07-15T15:35:43.070701
81,6,7,1,0,1,2026-07-15T15:35:45.006839
81,6,8,0,0,0,2026-07-15T15:35:46.681871
81,6,9,1,0,1,2026-07-15T15:35:49.355449
81,6,10,1,0,1,2026-07-15T15:35:53.643279
81,7,1,2,0,2,2026-07-15T15:35:54.171810
81,7,2,3,0,3,2026-07-15T15:35:55.366676
81,7,3,3,0,3,2026-07-15T15:35:57.100224
81,7,4,3,0,3,2026-07-15T15:35:58.233601
81,7,5,2,0,2,2026-07-15T15:35:58.864836
81,7,6,2,0,2,2026-07-15T15:35:59.951161
81,7,7,3,0,3,2026-07-15T15:36:01.814570
81,7,8,2,0,2,2026-07-15T15:36:03.433117
81,7,9,2,0,2,2026-07-15T15:36:05.247791
81,7,10,2,0,2,2026-07-15T15:36:06.706677
81,8,1,2,0,2,2026-07-15T15:36:07.864636
81,8,2,1,0,1,2026-07-15T15:36:09.274675
81,8,3,1,0,1,2026-07-15T15:36:10.392348
81,8,4,1,0,1,2026-07-15T15:36:11.828717
81,8,5,1,0,1,2026-07-15T15:36:13.149834
81,8,6,0,0,0,2026-07-15T15:36:14.076739
81,8,7,0,0,0,2026-07-15T15:36:18.122135
81,8,8,1,0,1,2026-07-15T15:36:19.254359
81,8,9,0,0,0,2026-07-15T15:36:20.545614
81,8,10,1,0,1,2026-07-15T15:36:22.171001
81,9,1,3,0,3,2026-07-15T15:36:24.037991
81,9,2,3,0,3,2026-07-15T15:36:25.191051
81,9,3,3,0,3,2026-07-15T15:36:27.431218
81,9,4,3,0,3,2026-07-15T15:36:28.372555
81,9,5,3,0,3,2026-07-15T15:36:30.112000
81,9,6,3,0,3,2026-07-15T15:36:31.167677
81,9,7,3,0,3,2026-07-15T15:36:32.697536
81,9,8,3,0,3,2026-07-15T15:36:34.187567
81,9,9,3,0,3,2026-07-15T15:36:35.236917
81,9,10,3,0,3,2026-07-15T15:36:37.175982
82,1,1,3,0,3,2026-07-15T15:36:40.966117
82,1,2,2,0,2,2026-07-15T15:36:41.539296
82,1,3,3,0,3,2026-07-15T15:36:42.863457
82,1,4,3,0,3,2026-07-15T15:36:44.114222
82,1,5,3,0,3,2026-07-15T15:36:46.004975
82,1,6,3,0,3,2026-07-15T15:36:47.056732
82,1,7,3,0,3,2026-07-15T15:36:48.486515
82,1,8,3,0,3,2026-07-15T15:36:49.525505
82,1,9,3,0,3,2026-07-15T15:36:50.529310
82,1,10,3,0,3,2026-07-15T15:36:51.509746
82,2,1,0,0,0,2026-07-15T15:36:52.159775
82,2,2,0,0,0,2026-07-15T15:36:52.690442
82,2,3,0,0,0,2026-07-15T15:36:53.243047
82,2,4,1,0,1,2026-07-15T15:36:54.601748
82,2,5,0,0,0,2026-07-15T15:36:55.830548
82,2,6,1,0,1,2026-07-15T15:36:57.398165
82,2,7,0,0,0,2026-07-15T15:36:57.915029
82,2,8,1,0,1,2026-07-15T15:36:59.833380
82,2,9,0,0,0,2026-07-15T15:37:00.572679
82,2,10,1,0,1,2026-07-15T15:37:01.702637
82,3,1,3,0,3,2026-07-15T15:37:03.335737
82,3,2,3,0,3,2026-07-15T15:37:04.163608
82,3,3,3,0,3,2026-07-15T15:37:05.691241
82,3,4,3,0,3,2026-07-15T15:37:06.756066
82,3,5,3,0,3,2026-07-15T15:37:08.662752
82,3,6,3,0,3,2026-07-15T15:37:09.718437
82,3,7,3,0,3,2026-07-15T15:37:10.789162
82,3,8,3,0,3,2026-07-15T15:37:12.137597
82,3,9,3,0,3,2026-07-15T15:37:16.235744
82,3,10,3,0,3,2026-07-15T15:37:17.617755
82,4,1,0,0,0,2026-07-15T15:37:18.728879
82,4,2,0,0,0,2026-07-15T15:37:19.425475
82,4,3,0,0,0,2026-07-15T15:37:20.641773
82,4,4,0,0,0,2026-07-15T15:37:21.229841
82,4,5,0,0,0,2026-07-15T15:37:22.432107
82,4,6,1,0,1,2026-07-15T15:37:29.176262
82,4,7,0,0,0,2026-07-15T15:37:33.443199
82,4,8,0,0,0,2026-07-15T15:37:34.919591
82,4,9,0,0,0,2026-07-15T15:37:35.404652
82,4,10,1,0,1,2026-07-15T15:37:36.556270
82,5,1,3,0,3,2026-07-15T15:37:37.573880
82,5,2,3,0,3,2026-07-15T15:37:38.075164
82,5,3,3,0,3,2026-07-15T15:37:39.122702
82,5,4,3,0,3,2026-07-15T15:37:40.302749
82,5,5,3,0,3,2026-07-15T15:37:41.514483
82,5,6,3,0,3,2026-07-15T15:37:42.258875
82,5,7,3,0,3,2026-07-15T15:37:43.375012
82,5,8,3,0,3,2026-07-15T15:37:44.420572
82,5,9,3,0,3,2026-07-15T15:37:45.630978
82,5,10,3,0,3,2026-07-15T15:37:46.807532
82,6,1,0,0,0,2026-07-15T15:37:48.088875
82,6,2,1,0,1,2026-07-15T15:37:49.856114
82,6,3,0,0,0,2026-07-15T15:37:50.829731
82,6,4,0,0,0,2026-07-15T15:37:52.470697
82,6,5,0,0,0,2026-07-15T15:37:53.230591
82,6,6,0,0,0,2026-07-15T15:37:54.292046
82,6,7,0,0,0,2026-07-15T15:37:54.826639
82,6,8,1,0,1,2026-07-15T15:37:56.068036
82,6,9,0,0,0,2026-07-15T15:37:56.649293
82,6,10,0,0,0,2026-07-15T15:37:58.220045
82,7,1,3,0,3,2026-07-15T15:37:59.396449
82,7,2,3,0,3,2026-07-15T15:38:00.577446
82,7,3,3,0,3,2026-07-15T15:38:02.422522
82,7,4,3,0,3,2026-07-15T15:38:04.176756
82,7,5,3,0,3,2026-07-15T15:38:05.398942
82,7,6,3,0,3,2026-07-15T15:38:06.432946
82,7,7,3,0,3,2026-07-15T15:38:07.414216
82,7,8,3,0,3,2026-07-15T15:38:08.794954
82,7,9,3,0,3,2026-07-15T15:38:10.265084
82,7,10,3,0,3,2026-07-15T15:38:11.329823
82,8,1,0,0,0,2026-07-15T15:38:11.897631
82,8,2,3,0,3,2026-07-15T15:38:13.086644
82,8,3,3,0,3,2026-07-15T15:38:14.145032
82,8,4,2,0,2,2026-07-15T15:38:15.642873
82,8,5,2,0,2,2026-07-15T15:38:16.831803
82,8,6,1,0,1,2026-07-15T15:38:17.540448
82,8,7,0,0,0,2026-07-15T15:38:18.031650
82,8,8,3,0,3,2026-07-15T15:38:19.763526
82,8,9,3,0,3,2026-07-15T15:38:20.944873
82,8,10,0,0,0,2026-07-15T15:38:22.258068
82,9,1,4,0,4,2026-07-15T15:38:24.016484
82,9,2,4,0,4,2026-07-15T15:38:25.228445
82,9,3,4,0,4,2026-07-15T15:38:26.615764
82,9,4,4,0,4,2026-07-15T15:38:28.663164
82,9,5,4,0,4,2026-07-15T15:38:29.282300
82,9,6,4,0,4,2026-07-15T15:38:30.582228
82,9,7,4,0,4,2026-07-15T15:38:32.376327
82,9,8,4,0,4,2026-07-15T15:38:33.600838
82,9,9,4,0,4,2026-07-15T15:38:34.985291
82,9,10,4,0,4,2026-07-15T15:38:35.545544
83,1,1,3,0,3,2026-07-15T15:38:37.262943
83,1,2,2,0,2,2026-07-15T15:38:38.048664
83,1,3,2,0,2,2026-07-15T15:38:40.067459
83,1,4,3,0,3,2026-07-15T15:38:41.192786
83,1,5,3,0,3,2026-07-15T15:38:42.316474
83,1,6,3,0,3,2026-07-15T15:38:43.965446
83,1,7,3,0,3,2026-07-15T15:38:45.532765
83,1,8,2,0,2,2026-07-15T15:38:46.077852
83,1,9,3,0,3,2026-07-15T15:38:47.508865
83,1,10,2,0,2,2026-07-15T15:38:48.590969
83,2,1,0,0,0,2026-07-15T15:38:49.256657
83,2,2,0,0,0,2026-07-15T15:38:49.813905
83,2,3,0,0,0,2026-07-15T15:38:50.807238
83,2,4,1,0,1,2026-07-15T15:38:52.713036
83,2,5,0,0,0,2026-07-15T15:38:53.319898
83,2,6,1,0,1,2026-07-15T15:38:54.431108
83,2,7,0,0,0,2026-07-15T15:38:55.537171
83,2,8,1,0,1,2026-07-15T15:38:56.678691
83,2,9,1,0,1,2026-07-15T15:38:57.890126
83,2,10,1,0,1,2026-07-15T15:38:59.249312
83,3,1,3,0,3,2026-07-15T15:38:59.898161
83,3,2,3,0,3,2026-07-15T15:39:01.622903
83,3,3,3,0,3,2026-07-15T15:39:02.834197
83,3,4,3,0,3,2026-07-15T15:39:04.244985
83,3,5,3,0,3,2026-07-15T15:39:05.710189
83,3,6,3,0,3,2026-07-15T15:39:06.682315
83,3,7,3,0,3,2026-07-15T15:39:07.263117
83,3,8,3,0,3,2026-07-15T15:39:08.878123
83,3,9,3,0,3,2026-07-15T15:39:10.108117
83,3,10,3,0,3,2026-07-15T15:39:11.401001
83,4,1,1,0,1,2026-07-15T15:39:12.566747
83,4,2,1,0,1,2026-07-15T15:39:14.139160
83,4,3,1,0,1,2026-07-15T15:39:15.584994
83,4,4,1,0,1,2026-07-15T15:39:17.003050
83,4,5,1,0,1,2026-07-15T15:39:18.206503
83,4,6,0,0,0,2026-07-15T15:39:19.059890
83,4,7,0,0,0,2026-07-15T15:39:19.937761
83,4,8,1,0,1,2026-07-15T15:39:22.892930
83,4,9,1,0,1,2026-07-15T15:39:24.022851
83,4,10,0,0,0,2026-07-15T15:39:24.876535
83,5,1,3,0,3,2026-07-15T15:39:26.011667
83,5,2,3,0,3,2026-07-15T15:39:32.331420
83,5,3,3,0,3,2026-07-15T15:39:33.010993
83,5,4,3,0,3,2026-07-15T15:39:34.754134
83,5,5,3,0,3,2026-07-15T15:39:35.747423
83,5,6,3,0,3,2026-07-15T15:39:36.914795
83,5,7,3,0,3,2026-07-15T15:39:37.854564
83,5,8,2,0,2,2026-07-15T15:39:39.328284
83,5,9,3,0,3,2026-07-15T15:39:40.684683
83,5,10,3,0,3,2026-07-15T15:39:41.853861
83,6,1,1,0,1,2026-07-15T15:39:46.699653
83,6,2,0,0,0,2026-07-15T15:39:47.880606
83,6,3,1,0,1,2026-07-15T15:39:52.017681
83,6,4,0,0,0,2026-07-15T15:39:52.519474
83,6,5,1,0,1,2026-07-15T15:39:54.551968
83,6,6,1,0,1,2026-07-15T15:39:56.272691
83,6,7,1,0,1,2026-07-15T15:39:57.617898
83,6,8,0,0,0,2026-07-15T15:39:58.056248
83,6,9,0,0,0,2026-07-15T15:39:59.554358
83,6,10,1,0,1,2026-07-15T15:40:01.866698
83,7,1,3,0,3,2026-07-15T15:40:02.967644
83,7,2,3,0,3,2026-07-15T15:40:03.509058
83,7,3,3,0,3,2026-07-15T15:40:06.377102
83,7,4,3,0,3,2026-07-15T15:40:06.969569
83,7,5,3,0,3,2026-07-15T15:40:07.939610
83,7,6,3,0,3,2026-07-15T15:40:09.322797
83,7,7,3,0,3,2026-07-15T15:40:11.059865
83,7,8,3,0,3,2026-07-15T15:40:11.699074
83,7,9,3,0,3,2026-07-15T15:40:12.880729
83,7,10,3,0,3,2026-07-15T15:40:13.856396
83,8,1,3,0,3,2026-07-15T15:40:15.828438
83,8,2,3,0,3,2026-07-15T15:40:17.134936
83,8,3,0,0,0,2026-07-15T15:40:17.829072
83,8,4,3,0,3,2026-07-15T15:40:19.639752
83,8,5,0,0,0,2026-07-15T15:40:21.315042
83,8,6,0,0,0,2026-07-15T15:40:22.337736
83,8,7,0,0,0,2026-07-15T15:40:23.680126
83,8,8,0,0,0,2026-07-15T15:40:24.841324
83,8,9,0,0,0,2026-07-15T15:40:27.568120
83,8,10,3,0,3,2026-07-15T15:40:29.103660
83,9,1,4,0,4,2026-07-15T15:40:30.345940
83,9,2,4,0,4,2026-07-15T15:40:31.251018
83,9,3,4,0,4,2026-07-15T15:40:32.473069
83,9,4,4,0,4,2026-07-15T15:40:33.781588
83,9,5,4,0,4,2026-07-15T15:40:35.159936
83,9,6,4,0,4,2026-07-15T15:40:36.741380
83,9,7,4,0,4,2026-07-15T15:40:38.252953
83,9,8,4,0,4,2026-07-15T15:40:39.669586
83,9,9,5,0,5,2026-07-15T15:40:40.638989
83,9,10,4,0,4,2026-07-15T15:40:41.958673
84,1,1,3,0,3,2026-07-15T15:40:43.089668
84,1,2,2,0,2,2026-07-15T15:40:44.037999
84,1,3,3,0,3,2026-07-15T15:40:45.218975
84,1,4,2,0,2,2026-07-15T15:40:46.814658
84,1,5,3,0,3,2026-07-15T15:40:48.568992
84,1,6,3,0,3,2026-07-15T15:40:49.672602
84,1,7,3,0,3,2026-07-15T15:40:50.863655
84,1,8,3,0,3,2026-07-15T15:40:52.306406
84,1,9,3,0,3,2026-07-15T15:40:53.480772
84,1,10,3,0,3,2026-07-15T15:40:55.581515
84,2,1,1,0,1,2026-07-15T15:40:57.046577
84,2,2,0,0,0,2026-07-15T15:40:57.969109
84,2,3,1,0,1,2026-07-15T15:40:59.615093
84,2,4,1,0,1,2026-07-15T15:41:01.410899
84,2,5,0,0,0,2026-07-15T15:41:03.093195
84,2,6,2,0,2,2026-07-15T15:41:04.491901
84,2,7,0,0,0,2026-07-15T15:41:05.168604
84,2,8,1,0,1,2026-07-15T15:41:06.709565
84,2,9,1,0,1,2026-07-15T15:41:07.679056
84,2,10,1,0,1,2026-07-15T15:41:08.873797
84,3,1,3,0,3,2026-07-15T15:41:10.185542
84,3,2,3,0,3,2026-07-15T15:41:11.522409
84,3,3,3,0,3,2026-07-15T15:41:13.056487
84,3,4,3,0,3,2026-07-15T15:41:14.101204
84,3,5,3,0,3,2026-07-15T15:41:16.299753
84,3,6,3,0,3,2026-07-15T15:41:18.103271
84,3,7,3,0,3,2026-07-15T15:41:19.597167
84,3,8,4,0,4,2026-07-15T15:41:20.535615
84,3,9,4,0,4,2026-07-15T15:41:22.384452
84,3,10,3,0,3,2026-07-15T15:41:23.029785
84,4,1,0,0,0,2026-07-15T15:41:23.740498
84,4,2,0,0,0,2026-07-15T15:41:24.595521
84,4,3,1,0,1,2026-07-15T15:41:25.796603
84,4,4,1,0,1,2026-07-15T15:41:28.060546
84,4,5,1,0,1,2026-07-15T15:41:30.096385
84,4,6,1,0,1,2026-07-15T15:41:31.287558
84,4,7,1,0,1,2026-07-15T15:41:32.900196
84,4,8,0,0,0,2026-07-15T15:41:34.973375
84,4,9,1,0,1,2026-07-15T15:41:36.440897
84,4,10,0,0,0,2026-07-15T15:41:37.444875
84,5,1,3,0,3,2026-07-15T15:41:39.030969
84,5,2,3,0,3,2026-07-15T15:41:40.052018
84,5,3,2,0,2,2026-07-15T15:41:40.503785
84,5,4,3,0,3,2026-07-15T15:41:41.678481
84,5,5,3,0,3,2026-07-15T15:41:42.712788
84,5,6,3,0,3,2026-07-15T15:41:44.735910
84,5,7,2,0,2,2026-07-15T15:41:45.380703
84,5,8,2,0,2,2026-07-15T15:41:45.965005
84,5,9,3,0,3,2026-07-15T15:41:47.564536
84,5,10,3,0,3,2026-07-15T15:41:48.544569
84,6,1,2,0,2,2026-07-15T15:41:49.857208
84,6,2,3,0,3,2026-07-15T15:41:51.974675
84,6,3,2,0,2,2026-07-15T15:41:53.120033
84,6,4,1,0,1,2026-07-15T15:41:54.387508
84,6,5,3,0,3,2026-07-15T15:41:55.547447
84,6,6,2,0,2,2026-07-15T15:41:57.373334
84,6,7,3,0,3,2026-07-15T15:41:58.495862
84,6,8,3,0,3,2026-07-15T15:42:00.289858
84,6,9,2,0,2,2026-07-15T15:42:05.248801
84,6,10,2,0,2,2026-07-15T15:42:06.336382
84,7,1,4,0,4,2026-07-15T15:42:07.775679
84,7,2,4,0,4,2026-07-15T15:42:08.918790
84,7,3,4,0,4,2026-07-15T15:42:09.962519
84,7,4,4,0,4,2026-07-15T15:42:11.119371
84,7,5,4,0,4,2026-07-15T15:42:12.492684
84,7,6,3,0,3,2026-07-15T15:42:14.070726
84,7,7,4,0,4,2026-07-15T15:42:15.133247
84,7,8,3,0,3,2026-07-15T15:42:16.235735
84,7,9,4,0,4,2026-07-15T15:42:17.256161
84,7,10,3,0,3,2026-07-15T15:42:18.532024
84,8,1,1,0,1,2026-07-15T15:42:21.120339
84,8,2,1,0,1,2026-07-15T15:42:22.926615
84,8,3,0,0,0,2026-07-15T15:42:23.618899
84,8,4,0,0,0,2026-07-15T15:42:24.564164
84,8,5,2,0,2,2026-07-15T15:42:26.897461
84,8,6,2,0,2,2026-07-15T15:42:28.375867
84,8,7,2,0,2,2026-07-15T15:42:29.384809
84,8,8,2,0,2,2026-07-15T15:42:30.667588
84,8,9,2,0,2,2026-07-15T15:42:32.039687
84,8,10,2,0,2,2026-07-15T15:42:32.967823
84,9,1,4,0,4,2026-07-15T15:42:35.062288
84,9,2,4,0,4,2026-07-15T15:42:36.237113
84,9,3,5,0,5,2026-07-15T15:42:36.936202
84,9,4,5,0,5,2026-07-15T15:42:38.798459
84,9,5,4,0,4,2026-07-15T15:42:40.207023
84,9,6,4,0,4,2026-07-15T15:42:41.686606
84,9,7,4,0,4,2026-07-15T15:42:43.427138
84,9,8,4,0,4,2026-07-15T15:42:44.690568
84,9,9,4,0,4,2026-07-15T15:42:46.176198
84,9,10,4,0,4,2026-07-15T15:42:47.272490
85,1,1,3,0,3,2026-07-15T15:42:48.544730
85,1,2,2,0,2,2026-07-15T15:42:49.044578
85,1,3,3,0,3,2026-07-15T15:42:50.237630
85,1,4,3,0,3,2026-07-15T15:42:51.606735
85,1,5,3,0,3,2026-07-15T15:42:53.041970
85,1,6,2,0,2,2026-07-15T15:42:53.924476
85,1,7,3,0,3,2026-07-15T15:42:55.255299
85,1,8,2,0,2,2026-07-15T15:42:55.752059
85,1,9,3,0,3,2026-07-15T15:42:57.234723
85,1,10,3,0,3,2026-07-15T15:42:58.488889
85,2,1,0,0,0,2026-07-15T15:42:58.980560
85,2,2,2,0,2,2026-07-15T15:43:00.407340
85,2,3,2,0,2,2026-07-15T15:43:02.960306
85,2,4,0,0,0,2026-07-15T15:43:03.602909
85,2,5,0,0,0,2026-07-15T15:43:04.237096
85,2,6,0,0,0,2026-07-15T15:43:06.064188
85,2,7,2,0,2,2026-07-15T15:43:07.055191
85,2,8,0,0,0,2026-07-15T15:43:08.355957
85,2,9,2,0,2,2026-07-15T15:43:09.987254
85,2,10,2,0,2,2026-07-15T15:43:11.455794
85,3,1,3,0,3,2026-07-15T15:43:12.710917
85,3,2,3,0,3,2026-07-15T15:43:13.853528
85,3,3,3,0,3,2026-07-15T15:43:16.445945
85,3,4,3,0,3,2026-07-15T15:43:19.722915
85,3,5,3,0,3,2026-07-15T15:43:20.955368
85,3,6,3,0,3,2026-07-15T15:43:22.647478
85,3,7,3,0,3,2026-07-15T15:43:23.560301
85,3,8,3,0,3,2026-07-15T15:43:24.791471
85,3,9,3,0,3,2026-07-15T15:43:25.996473
85,3,10,3,0,3,2026-07-15T15:43:28.255972
85,4,1,1,0,1,2026-07-15T15:43:29.602761
85,4,2,0,0,0,2026-07-15T15:43:31.052216
85,4,3,1,0,1,2026-07-15T15:43:32.360260
85,4,4,0,0,0,2026-07-15T15:43:33.735336
85,4,5,1,0,1,2026-07-15T15:43:34.873079
85,4,6,0,0,0,2026-07-15T15:43:36.259363
85,4,7,0,0,0,2026-07-15T15:43:37.690244
85,4,8,1,0,1,2026-07-15T15:43:39.195730
85,4,9,0,0,0,2026-07-15T15:43:40.772792
85,4,10,0,0,0,2026-07-15T15:43:43.596333
85,5,1,3,0,3,2026-07-15T15:43:48.207474
85,5,2,3,0,3,2026-07-15T15:43:49.745214
85,5,3,2,0,2,2026-07-15T15:43:52.197954
85,5,4,3,0,3,2026-07-15T15:43:54.058440
85,5,5,3,0,3,2026-07-15T15:43:55.335554
85,5,6,3,0,3,2026-07-15T15:43:56.843787
85,5,7,3,0,3,2026-07-15T15:44:04.240871
85,5,8,3,0,3,2026-07-15T15:44:05.741745
85,5,9,3,0,3,2026-07-15T15:44:09.278235
85,5,10,3,0,3,2026-07-15T15:44:11.661367
85,6,1,1,0,1,2026-07-15T15:44:13.970932
85,6,2,1,0,1,2026-07-15T15:44:15.842545
85,6,3,1,0,1,2026-07-15T15:44:17.308337
85,6,4,1,0,1,2026-07-15T15:44:18.336844
85,6,5,1,0,1,2026-07-15T15:44:19.770038
85,6,6,1,0,1,2026-07-15T15:44:26.117390
85,6,7,1,0,1,2026-07-15T15:44:27.353201
85,6,8,1,0,1,2026-07-15T15:44:29.624050
85,6,9,2,0,2,2026-07-15T15:44:30.780951
85,6,10,1,0,1,2026-07-15T15:44:32.161065
85,7,1,3,0,3,2026-07-15T15:44:33.330315
85,7,2,3,0,3,2026-07-15T15:44:35.202337
85,7,3,3,0,3,2026-07-15T15:44:36.229898
85,7,4,3,0,3,2026-07-15T15:44:37.695366
85,7,5,3,0,3,2026-07-15T15:44:42.646645
85,7,6,3,0,3,2026-07-15T15:44:44.767609
85,7,7,3,0,3,2026-07-15T15:44:45.851181
85,7,8,3,0,3,2026-07-15T15:44:47.150160
85,7,9,3,0,3,2026-07-15T15:44:48.340905
85,7,10,3,0,3,2026-07-15T15:44:49.022189
85,8,1,3,0,3,2026-07-15T15:44:50.387168
85,8,2,3,0,3,2026-07-15T15:44:51.846201
85,8,3,2,0,2,2026-07-15T15:44:53.036210
85,8,4,3,0,3,2026-07-15T15:44:54.554438
85,8,5,2,0,2,2026-07-15T15:44:55.128028
85,8,6,2,0,2,2026-07-15T15:44:55.809292
85,8,7,3,0,3,2026-07-15T15:44:57.027674
85,8,8,3,0,3,2026-07-15T15:44:58.124771
85,8,9,3,0,3,2026-07-15T15:44:59.212516
85,8,10,3,0,3,2026-07-15T15:45:00.364969
85,9,1,5,0,5,2026-07-15T15:45:01.503123
85,9,2,4,0,4,2026-07-15T15:45:03.496518
85,9,3,4,0,4,2026-07-15T15:45:04.519722
85,9,4,4,0,4,2026-07-15T15:45:05.897544
85,9,5,4,0,4,2026-07-15T15:45:07.699790
85,9,6,4,0,4,2026-07-15T15:45:09.604899
85,9,7,4,0,4,2026-07-15T15:45:11.375983
85,9,8,4,0,4,2026-07-15T15:45:14.299843
85,9,9,5,0,5,2026-07-15T15:45:14.981553
85,9,10,4,0,4,2026-07-15T15:45:16.212407
86,1,1,2,0,2,2026-07-15T15:45:17.376361
86,1,2,2,0,2,2026-07-15T15:45:18.832022
86,1,3,3,0,3,2026-07-15T15:45:20.098362
86,1,4,3,0,3,2026-07-15T15:45:21.149754
86,1,5,2,0,2,2026-07-15T15:45:22.610336
86,1,6,3,0,3,2026-07-15T15:45:23.683909
86,1,7,2,0,2,2026-07-15T15:45:25.776170
86,1,8,3,0,3,2026-07-15T15:45:26.842378
86,1,9,2,0,2,2026-07-15T15:45:28.825489
86,1,10,2,0,2,2026-07-15T15:45:31.864308
86,2,1,1,0,1,2026-07-15T15:45:32.781778
86,2,2,0,0,0,2026-07-15T15:45:33.598578
86,2,3,2,0,2,2026-07-15T15:45:34.892037
86,2,4,2,0,2,2026-07-15T15:45:35.955292
86,2,5,2,0,2,2026-07-15T15:45:37.115669
86,2,6,1,0,1,2026-07-15T15:45:38.533833
86,2,7,1,0,1,2026-07-15T15:45:39.660095
86,2,8,2,0,2,2026-07-15T15:45:41.179188
86,2,9,2,0,2,2026-07-15T15:45:42.222379
86,2,10,2,0,2,2026-07-15T15:45:43.469463
86,3,1,3,0,3,2026-07-15T15:45:44.820798
86,3,2,3,0,3,2026-07-15T15:45:45.858439
86,3,3,2,0,2,2026-07-15T15:45:46.863955
86,3,4,2,0,2,2026-07-15T15:45:47.522695
86,3,5,3,0,3,2026-07-15T15:45:48.858763
86,3,6,3,0,3,2026-07-15T15:45:49.989416
86,3,7,3,0,3,2026-07-15T15:45:51.105640
86,3,8,3,0,3,2026-07-15T15:45:52.189362
86,3,9,3,0,3,2026-07-15T15:45:53.489803
86,3,10,3,0,3,2026-07-15T15:45:54.944526
86,4,1,1,0,1,2026-07-15T15:45:56.320455
86,4,2,0,0,0,2026-07-15T15:45:57.396267
86,4,3,0,0,0,2026-07-15T15:45:58.598337
86,4,4,0,0,0,2026-07-15T15:45:59.106996
86,4,5,0,0,0,2026-07-15T15:46:00.413344
86,4,6,0,0,0,2026-07-15T15:46:01.638833
86,4,7,1,0,1,2026-07-15T15:46:03.164780
86,4,8,0,0,0,2026-07-15T15:46:04.544688
86,4,9,1,0,1,2026-07-15T15:46:05.723531
86,4,10,0,0,0,2026-07-15T15:46:06.734653
86,5,1,2,0,2,2026-07-15T15:46:07.479843
86,5,2,2,0,2,2026-07-15T15:46:07.996858
86,5,3,3,0,3,2026-07-15T15:46:09.646906
86,5,4,2,0,2,2026-07-15T15:46:11.092883
86,5,5,2,0,2,2026-07-15T15:46:12.418977
86,5,6,3,0,3,2026-07-15T15:46:13.994248
86,5,7,2,0,2,2026-07-15T15:46:15.696006
86,5,8,2,0,2,2026-07-15T15:46:16.946492
86,5,9,2,0,2,2026-07-15T15:46:17.648010
86,5,10,2,0,2,2026-07-15T15:46:19.874044
86,6,1,0,0,0,2026-07-15T15:46:20.745690
86,6,2,1,0,1,2026-07-15T15:46:21.811413
86,6,3,1,0,1,2026-07-15T15:46:22.732217
86,6,4,0,0,0,2026-07-15T15:46:23.338393
86,6,5,1,0,1,2026-07-15T15:46:24.820079
86,6,6,1,0,1,2026-07-15T15:46:25.971208
86,6,7,0,0,0,2026-07-15T15:46:26.907796
86,6,8,0,0,0,2026-07-15T15:46:27.486288
86,6,9,0,0,0,2026-07-15T15:46:28.129427
86,6,10,1,0,1,2026-07-15T15:46:29.804207
86,7,1,2,0,2,2026-07-15T15:46:31.177998
86,7,2,3,0,3,2026-07-15T15:46:32.349052
86,7,3,3,0,3,2026-07-15T15:46:33.770791
86,7,4,2,0,2,2026-07-15T15:46:35.542158
86,7,5,3,0,3,2026-07-15T15:46:36.770398
86,7,6,2,0,2,2026-07-15T15:46:37.411779
86,7,7,3,0,3,2026-07-15T15:46:38.436173
86,7,8,2,0,2,2026-07-15T15:46:38.998605
86,7,9,2,0,2,2026-07-15T15:46:41.125909
86,7,10,3,0,3,2026-07-15T15:46:42.224804
86,8,1,2,0,2,2026-07-15T15:46:44.975386
86,8,2,2,0,2,2026-07-15T15:46:46.650961
86,8,3,3,0,3,2026-07-15T15:46:47.902579
86,8,4,3,0,3,2026-07-15T15:46:49.852652
86,8,5,3,0,3,2026-07-15T15:46:51.121309
86,8,6,2,0,2,2026-07-15T15:46:51.792448
86,8,7,3,0,3,2026-07-15T15:46:53.170894
86,8,8,2,0,2,2026-07-15T15:46:55.142752
86,8,9,1,0,1,2026-07-15T15:46:55.906603
86,8,10,3,0,3,2026-07-15T15:46:57.128219
86,9,1,4,0,4,2026-07-15T15:46:58.160752
86,9,2,4,0,4,2026-07-15T15:46:58.614102
86,9,3,3,0,3,2026-07-15T15:47:00.036066
86,9,4,4,0,4,2026-07-15T15:47:00.923482
86,9,5,4,0,4,2026-07-15T15:47:02.535008
86,9,6,4,0,4,2026-07-15T15:47:03.711375
86,9,7,4,0,4,2026-07-15T15:47:04.481403
86,9,8,4,0,4,2026-07-15T15:47:05.419134
86,9,9,4,0,4,2026-07-15T15:47:07.194397
86,9,10,4,0,4,2026-07-15T15:47:08.586574
87,1,1,4,0,4,2026-07-15T15:47:10.159341
87,1,2,4,0,4,2026-07-15T15:47:11.150452
87,1,3,3,0,3,2026-07-15T15:47:11.829482
87,1,4,3,0,3,2026-07-15T15:47:13.134088
87,1,5,4,0,4,2026-07-15T15:47:14.352915
87,1,6,3,0,3,2026-07-15T15:47:16.300949
87,1,7,4,0,4,2026-07-15T15:47:17.537308
87,1,8,4,0,4,2026-07-15T15:47:18.885737
87,1,9,4,0,4,2026-07-15T15:47:19.976056
87,1,10,4,0,4,2026-07-15T15:47:21.325819
87,2,1,1,0,1,2026-07-15T15:47:22.376355
87,2,2,0,0,0,2026-07-15T15:47:22.903229
87,2,3,0,0,0,2026-07-15T15:47:23.485307
87,2,4,1,0,1,2026-07-15T15:47:24.463088
87,2,5,1,0,1,2026-07-15T15:47:25.425586
87,2,6,0,0,0,2026-07-15T15:47:26.815468
87,2,7,1,0,1,2026-07-15T15:47:27.959056
87,2,8,0,0,0,2026-07-15T15:47:28.623034
87,2,9,1,0,1,2026-07-15T15:47:29.697585
87,2,10,1,0,1,2026-07-15T15:47:30.866342
87,3,1,4,0,4,2026-07-15T15:47:32.636916
87,3,2,4,0,4,2026-07-15T15:47:33.820078
87,3,3,3,0,3,2026-07-15T15:47:35.150878
87,3,4,3,0,3,2026-07-15T15:47:36.380365
87,3,5,4,0,4,2026-07-15T15:47:37.402912
87,3,6,3,0,3,2026-07-15T15:47:38.316864
87,3,7,4,0,4,2026-07-15T15:47:39.263991
87,3,8,3,0,3,2026-07-15T15:47:40.911235
87,3,9,3,0,3,2026-07-15T15:47:41.960079
87,3,10,4,0,4,2026-07-15T15:47:43.444177
87,4,1,0,0,0,2026-07-15T15:47:44.570576
87,4,2,0,0,0,2026-07-15T15:47:45.593547
87,4,3,0,0,0,2026-07-15T15:47:46.620326
87,4,4,1,0,1,2026-07-15T15:47:47.534844
87,4,5,0,0,0,2026-07-15T15:47:48.197449
87,4,6,0,0,0,2026-07-15T15:47:49.691838
87,4,7,1,0,1,2026-07-15T15:47:50.819067
87,4,8,0,0,0,2026-07-15T15:47:51.336437
87,4,9,0,0,0,2026-07-15T15:47:52.554561
87,4,10,1,0,1,2026-07-15T15:47:53.787852
87,5,1,2,0,2,2026-07-15T15:47:54.619130
87,5,2,2,0,2,2026-07-15T15:47:55.837067
87,5,3,2,0,2,2026-07-15T15:47:57.259098
87,5,4,2,0,2,2026-07-15T15:47:57.930445
87,5,5,2,0,2,2026-07-15T15:47:59.012620
87,5,6,3,0,3,2026-07-15T15:48:00.197708
87,5,7,2,0,2,2026-07-15T15:48:01.318596
87,5,8,3,0,3,2026-07-15T15:48:02.700215
87,5,9,2,0,2,2026-07-15T15:48:03.864288
87,5,10,3,0,3,2026-07-15T15:48:05.212233
87,6,1,2,0,2,2026-07-15T15:48:06.281472
87,6,2,1,0,1,2026-07-15T15:48:07.511440
87,6,3,0,0,0,2026-07-15T15:48:09.633557
87,6,4,0,0,0,2026-07-15T15:48:12.150432
87,6,5,2,0,2,2026-07-15T15:48:13.118920
87,6,6,0,0,0,2026-07-15T15:48:13.697529
87,6,7,2,0,2,2026-07-15T15:48:14.772557
87,6,8,1,0,1,2026-07-15T15:48:16.438938
87,6,9,0,0,0,2026-07-15T15:48:17.872324
87,6,10,0,0,0,2026-07-15T15:48:19.990801
87,7,1,4,0,4,2026-07-15T15:48:21.065663
87,7,2,4,0,4,2026-07-15T15:48:22.524092
87,7,3,4,0,4,2026-07-15T15:48:23.521752
87,7,4,4,0,4,2026-07-15T15:48:24.998218
87,7,5,4,0,4,2026-07-15T15:48:26.288831
87,7,6,4,0,4,2026-07-15T15:48:27.025374
87,7,7,4,0,4,2026-07-15T15:48:28.784413
87,7,8,4,0,4,2026-07-15T15:48:30.246677
87,7,9,4,0,4,2026-07-15T15:48:30.922640
87,7,10,4,0,4,2026-07-15T15:48:31.832519
87,8,1,2,0,2,2026-07-15T15:48:32.967024
87,8,2,2,0,2,2026-07-15T15:48:34.544418
87,8,3,2,0,2,2026-07-15T15:48:35.798085
87,8,4,2,0,2,2026-07-15T15:48:37.364465
87,8,5,3,0,3,2026-07-15T15:48:38.526628
87,8,6,3,0,3,2026-07-15T15:48:39.896460
87,8,7,2,0,2,2026-07-15T15:48:40.532688
87,8,8,3,0,3,2026-07-15T15:48:41.968514
87,8,9,2,0,2,2026-07-15T15:48:43.057580
87,8,10,3,0,3,2026-07-15T15:48:44.478366
87,9,1,5,0,5,2026-07-15T15:48:44.915230
87,9,2,4,0,4,2026-07-15T15:48:46.832516
87,9,3,5,0,5,2026-07-15T15:48:47.793116
87,9,4,4,0,4,2026-07-15T15:48:49.317776
87,9,5,4,0,4,2026-07-15T15:48:51.132126
87,9,6,5,0,5,2026-07-15T15:48:51.745314
87,9,7,4,0,4,2026-07-15T15:48:53.078478
87,9,8,5,0,5,2026-07-15T15:48:53.560909
87,9,9,4,0,4,2026-07-15T15:48:55.207226
87,9,10,4,0,4,2026-07-15T15:48:56.565850
88,1,1,3,0,3,2026-07-15T15:48:57.963163
88,1,2,3,0,3,2026-07-15T15:48:59.222916
88,1,3,3,0,3,2026-07-15T15:49:01.674864
88,1,4,3,0,3,2026-07-15T15:49:03.021295
88,1,5,3,0,3,2026-07-15T15:49:04.737562
88,1,6,3,0,3,2026-07-15T15:49:06.273759
88,1,7,3,0,3,2026-07-15T15:49:07.626719
88,1,8,3,0,3,2026-07-15T15:49:08.846707
88,1,9,3,0,3,2026-07-15T15:49:09.872537
88,1,10,3,0,3,2026-07-15T15:49:11.052552
88,2,1,0,0,0,2026-07-15T15:49:12.338457
88,2,2,0,0,0,2026-07-15T15:49:14.761118
88,2,3,1,0,1,2026-07-15T15:49:15.902306
88,2,4,0,0,0,2026-07-15T15:49:17.486445
88,2,5,0,0,0,2026-07-15T15:49:18.093265
88,2,6,0,0,0,2026-07-15T15:49:19.395048
88,2,7,0,0,0,2026-07-15T15:49:20.806819
88,2,8,0,0,0,2026-07-15T15:49:22.811400
88,2,9,0,0,0,2026-07-15T15:49:25.131558
88,2,10,0,0,0,2026-07-15T15:49:26.588405
88,3,1,4,0,4,2026-07-15T15:49:27.840870
88,3,2,4,0,4,2026-07-15T15:49:29.116669
88,3,3,4,0,4,2026-07-15T15:49:30.279081
88,3,4,4,0,4,2026-07-15T15:49:32.447562
88,3,5,4,0,4,2026-07-15T15:49:33.747698
88,3,6,4,0,4,2026-07-15T15:49:35.061473
88,3,7,4,0,4,2026-07-15T15:49:37.329026
88,3,8,4,0,4,2026-07-15T15:49:38.629907
88,3,9,4,0,4,2026-07-15T15:49:39.851498
88,3,10,4,0,4,2026-07-15T15:49:41.252058
88,4,1,0,0,0,2026-07-15T15:49:43.260841
88,4,2,0,0,0,2026-07-15T15:49:44.577073
88,4,3,0,0,0,2026-07-15T15:49:46.404659
88,4,4,0,0,0,2026-07-15T15:49:48.062461
88,4,5,0,0,0,2026-07-15T15:49:49.416028
88,4,6,0,0,0,2026-07-15T15:49:49.969754
88,4,7,0,0,0,2026-07-15T15:49:51.451937
88,4,8,0,0,0,2026-07-15T15:49:52.080557
88,4,9,0,0,0,2026-07-15T15:49:52.716652
88,4,10,0,0,0,2026-07-15T15:49:54.722178
88,5,1,2,0,2,2026-07-15T15:49:56.371139
88,5,2,2,0,2,2026-07-15T15:49:57.506039
88,5,3,2,0,2,2026-07-15T15:49:58.146245
88,5,4,2,0,2,2026-07-15T15:49:59.685429
88,5,5,2,0,2,2026-07-15T15:50:01.271052
88,5,6,3,0,3,2026-07-15T15:50:03.761053
88,5,7,2,0,2,2026-07-15T15:50:05.043532
88,5,8,2,0,2,2026-07-15T15:50:07.450355
88,5,9,2,0,2,2026-07-15T15:50:08.186650
88,5,10,2,0,2,2026-07-15T15:50:08.743852
88,6,1,0,0,0,2026-07-15T15:50:10.639156
88,6,2,0,0,0,2026-07-15T15:50:12.261947
88,6,3,0,0,0,2026-07-15T15:50:13.907462
88,6,4,0,0,0,2026-07-15T15:50:16.141803
88,6,5,1,0,1,2026-07-15T15:50:17.965846
88,6,6,0,0,0,2026-07-15T15:50:20.154038
88,6,7,0,0,0,2026-07-15T15:50:20.845710
88,6,8,0,0,0,2026-07-15T15:50:21.808550
88,6,9,0,0,0,2026-07-15T15:50:22.951924
88,6,10,0,0,0,2026-07-15T15:50:25.168179
88,7,1,4,0,4,2026-07-15T15:50:25.767879
88,7,2,4,0,4,2026-07-15T15:50:26.307445
88,7,3,4,0,4,2026-07-15T15:50:27.499308
88,7,4,4,0,4,2026-07-15T15:50:29.388081
88,7,5,4,0,4,2026-07-15T15:50:31.052326
88,7,6,4,0,4,2026-07-15T15:50:33.228256
88,7,7,4,0,4,2026-07-15T15:50:35.755188
88,7,8,4,0,4,2026-07-15T15:50:37.077707
88,7,9,4,0,4,2026-07-15T15:50:40.290563
88,7,10,4,0,4,2026-07-15T15:50:41.569466
88,8,1,1,0,1,2026-07-15T15:50:42.852431
88,8,2,1,0,1,2026-07-15T15:50:44.079576
88,8,3,0,0,0,2026-07-15T15:50:44.513333
88,8,4,1,0,1,2026-07-15T15:50:46.230838
88,8,5,1,0,1,2026-07-15T15:50:47.819890
88,8,6,1,0,1,2026-07-15T15:50:49.908538
88,8,7,1,0,1,2026-07-15T15:50:52.576641
88,8,8,1,0,1,2026-07-15T15:50:53.922696
88,8,9,1,0,1,2026-07-15T15:50:56.061431
88,8,10,0,0,0,2026-07-15T15:50:57.024402
88,9,1,4,0,4,2026-07-15T15:50:58.625505
88,9,2,5,0,5,2026-07-15T15:50:59.141855
88,9,3,4,0,4,2026-07-15T15:51:00.514835
88,9,4,4,0,4,2026-07-15T15:51:01.850614
88,9,5,5,0,5,2026-07-15T15:51:02.501307
88,9,6,4,0,4,2026-07-15T15:51:03.741319
88,9,7,4,0,4,2026-07-15T15:51:05.011937
88,9,8,5,0,5,2026-07-15T15:51:06.597979
88,9,9,5,0,5,2026-07-15T15:51:08.508131
88,9,10,5,0,5,2026-07-15T15:51:10.049087
89,1,1,3,0,3,2026-07-15T15:51:11.542054
89,1,2,3,0,3,2026-07-15T15:51:13.469101
89,1,3,2,0,2,2026-07-15T15:51:14.788436
89,1,4,2,0,2,2026-07-15T15:51:15.284901
89,1,5,3,0,3,2026-07-15T15:51:17.259347
89,1,6,2,0,2,2026-07-15T15:51:20.534274
89,1,7,3,0,3,2026-07-15T15:51:22.955021
89,1,8,3,0,3,2026-07-15T15:51:24.521044
89,1,9,3,0,3,2026-07-15T15:51:26.246571
89,1,10,3,0,3,2026-07-15T15:51:28.468458
89,2,1,1,0,1,2026-07-15T15:51:29.815395
89,2,2,0,0,0,2026-07-15T15:51:30.924349
89,2,3,1,0,1,2026-07-15T15:51:32.134034
89,2,4,1,0,1,2026-07-15T15:51:33.734368
89,2,5,0,0,0,2026-07-15T15:51:34.346588
89,2,6,1,0,1,2026-07-15T15:51:35.578620
89,2,7,0,0,0,2026-07-15T15:51:36.200350
89,2,8,0,0,0,2026-07-15T15:51:36.885259
89,2,9,1,0,1,2026-07-15T15:51:38.370620
89,2,10,0,0,0,2026-07-15T15:51:39.667222
89,3,1,3,0,3,2026-07-15T15:51:41.071229
89,3,2,3,0,3,2026-07-15T15:51:42.573390
89,3,3,3,0,3,2026-07-15T15:51:44.779018
89,3,4,3,0,3,2026-07-15T15:51:46.596144
89,3,5,3,0,3,2026-07-15T15:51:48.274783
89,3,6,3,0,3,2026-07-15T15:51:52.338999
89,3,7,3,0,3,2026-07-15T15:51:53.889354
89,3,8,3,0,3,2026-07-15T15:51:55.346786
89,3,9,3,0,3,2026-07-15T15:51:56.495535
89,3,10,3,0,3,2026-07-15T15:51:58.562358
89,4,1,0,0,0,2026-07-15T15:52:01.370837
89,4,2,0,0,0,2026-07-15T15:52:03.018109
89,4,3,0,0,0,2026-07-15T15:52:03.714860
89,4,4,0,0,0,2026-07-15T15:52:04.283169
89,4,5,0,0,0,2026-07-15T15:52:05.646039
89,4,6,0,0,0,2026-07-15T15:52:07.336767
89,4,7,0,0,0,2026-07-15T15:52:08.356478
89,4,8,0,0,0,2026-07-15T15:52:09.795082
89,4,9,0,0,0,2026-07-15T15:52:11.292070
89,4,10,0,0,0,2026-07-15T15:52:13.243058
89,5,1,3,0,3,2026-07-15T15:52:14.529374
89,5,2,3,0,3,2026-07-15T15:52:17.229613
89,5,3,2,0,2,2026-07-15T15:52:18.407739
89,5,4,3,0,3,2026-07-15T15:52:19.621219
89,5,5,2,0,2,2026-07-15T15:52:21.173234
89,5,6,3,0,3,2026-07-15T15:52:24.105879
89,5,7,3,0,3,2026-07-15T15:52:25.559853
89,5,8,2,0,2,2026-07-15T15:52:26.099932
89,5,9,3,0,3,2026-07-15T15:52:27.367663
89,5,10,3,0,3,2026-07-15T15:52:29.324093
89,6,1,0,0,0,2026-07-15T15:52:30.513930
89,6,2,0,0,0,2026-07-15T15:52:31.135523
89,6,3,0,0,0,2026-07-15T15:52:33.160731
89,6,4,0,0,0,2026-07-15T15:52:33.695804
89,6,5,0,0,0,2026-07-15T15:52:34.980730
89,6,6,0,0,0,2026-07-15T15:52:35.944173
89,6,7,1,0,1,2026-07-15T15:52:37.547114
89,6,8,0,0,0,2026-07-15T15:52:38.219427
89,6,9,0,0,0,2026-07-15T15:52:40.541502
89,6,10,0,0,0,2026-07-15T15:52:41.136357
89,7,1,3,0,3,2026-07-15T15:52:43.240731
89,7,2,3,0,3,2026-07-15T15:52:44.247167
89,7,3,3,0,3,2026-07-15T15:52:47.847719
89,7,4,3,0,3,2026-07-15T15:52:49.834512
89,7,5,3,0,3,2026-07-15T15:52:51.196350
89,7,6,3,0,3,2026-07-15T15:52:52.170726
89,7,7,3,0,3,2026-07-15T15:52:52.880492
89,7,8,3,0,3,2026-07-15T15:52:54.302651
89,7,9,3,0,3,2026-07-15T15:52:55.999291
89,7,10,3,0,3,2026-07-15T15:52:57.113164
89,8,1,1,0,1,2026-07-15T15:52:58.212335
89,8,2,1,0,1,2026-07-15T15:52:59.294024
89,8,3,1,0,1,2026-07-15T15:53:00.691804
89,8,4,1,0,1,2026-07-15T15:53:02.434350
89,8,5,1,0,1,2026-07-15T15:53:03.825643
89,8,6,1,0,1,2026-07-15T15:53:05.191687
89,8,7,1,0,1,2026-07-15T15:53:06.722883
89,8,8,1,0,1,2026-07-15T15:53:08.748574
89,8,9,1,0,1,2026-07-15T15:53:10.204659
89,8,10,0,0,0,2026-07-15T15:53:11.367345
89,9,1,4,0,4,2026-07-15T15:53:12.396496
89,9,2,4,0,4,2026-07-15T15:53:13.563308
89,9,3,4,0,4,2026-07-15T15:53:14.800545
89,9,4,4,0,4,2026-07-15T15:53:17.385208
89,9,5,4,0,4,2026-07-15T15:53:18.031901
89,9,6,4,0,4,2026-07-15T15:53:19.861748
89,9,7,4,0,4,2026-07-15T15:53:22.888848
89,9,8,4,0,4,2026-07-15T15:53:24.298008
89,9,9,4,0,4,2026-07-15T15:53:25.873195
89,9,10,4,0,4,2026-07-15T15:53:27.101967
90,1,1,3,0,3,2026-07-15T15:53:28.740104
90,1,2,2,0,2,2026-07-15T15:53:29.526111
90,1,3,3,0,3,2026-07-15T15:53:30.977629
90,1,4,3,0,3,2026-07-15T15:53:32.295578
90,1,5,3,0,3,2026-07-15T15:53:33.230431
90,1,6,3,0,3,2026-07-15T15:53:34.730783
90,1,7,3,0,3,2026-07-15T15:53:36.255700
90,1,8,3,0,3,2026-07-15T15:53:37.814549
90,1,9,3,0,3,2026-07-15T15:53:40.237778
90,1,10,2,0,2,2026-07-15T15:53:41.248262
90,2,1,2,0,2,2026-07-15T15:53:42.757255
90,2,2,1,0,1,2026-07-15T15:53:44.203715
90,2,3,2,0,2,2026-07-15T15:53:45.659651
90,2,4,2,0,2,2026-07-15T15:53:46.819114
90,2,5,1,0,1,2026-07-15T15:53:48.066303
90,2,6,0,0,0,2026-07-15T15:53:48.959270
90,2,7,2,0,2,2026-07-15T15:53:50.575533
90,2,8,0,0,0,2026-07-15T15:53:51.283006
90,2,9,2,0,2,2026-07-15T15:53:52.735894
90,2,10,2,0,2,2026-07-15T15:53:54.090038
90,3,1,3,0,3,2026-07-15T15:53:55.535740
90,3,2,3,0,3,2026-07-15T15:53:57.102355
90,3,3,3,0,3,2026-07-15T15:53:57.831134
90,3,4,3,0,3,2026-07-15T15:53:59.145581
90,3,5,3,0,3,2026-07-15T15:54:00.888839
90,3,6,3,0,3,2026-07-15T15:54:02.353440
90,3,7,3,0,3,2026-07-15T15:54:03.605859
90,3,8,3,0,3,2026-07-15T15:54:05.053635
90,3,9,3,0,3,2026-07-15T15:54:05.569827
90,3,10,3,0,3,2026-07-15T15:54:07.489126
90,4,1,0,0,0,2026-07-15T15:54:08.749997
90,4,2,0,0,0,2026-07-15T15:54:09.635537
90,4,3,0,0,0,2026-07-15T15:54:10.599359
90,4,4,0,0,0,2026-07-15T15:54:12.856539
90,4,5,0,0,0,2026-07-15T15:54:14.657607
90,4,6,0,0,0,2026-07-15T15:54:17.045779
90,4,7,0,0,0,2026-07-15T15:54:18.508839
90,4,8,0,0,0,2026-07-15T15:54:20.380233
90,4,9,0,0,0,2026-07-15T15:54:22.287634
90,4,10,0,0,0,2026-07-15T15:54:22.947036
90,5,1,3,0,3,2026-07-15T15:54:25.063877
90,5,2,3,0,3,2026-07-15T15:54:26.519897
90,5,3,3,0,3,2026-07-15T15:54:28.268395
90,5,4,3,0,3,2026-07-15T15:54:29.834716
90,5,5,3,0,3,2026-07-15T15:54:31.417254
90,5,6,3,0,3,2026-07-15T15:54:32.755269
90,5,7,3,0,3,2026-07-15T15:54:34.127659
90,5,8,3,0,3,2026-07-15T15:54:34.968753
90,5,9,3,0,3,2026-07-15T15:54:36.427973
90,5,10,3,0,3,2026-07-15T15:54:37.677657
90,6,1,0,0,0,2026-07-15T15:54:39.090967
90,6,2,1,0,1,2026-07-15T15:54:40.526110
90,6,3,1,0,1,2026-07-15T15:54:42.262624
90,6,4,0,0,0,2026-07-15T15:54:42.859632
90,6,5,1,0,1,2026-07-15T15:54:44.211845
90,6,6,1,0,1,2026-07-15T15:54:46.165062
90,6,7,1,0,1,2026-07-15T15:54:47.385018
90,6,8,1,0,1,2026-07-15T15:54:48.695058
90,6,9,0,0,0,2026-07-15T15:54:49.841356
90,6,10,0,0,0,2026-07-15T15:54:51.276541
90,7,1,3,0,3,2026-07-15T15:54:53.016468
90,7,2,3,0,3,2026-07-15T15:54:54.233583
90,7,3,3,0,3,2026-07-15T15:54:54.810020
90,7,4,3,0,3,2026-07-15T15:54:56.457414
90,7,5,3,0,3,2026-07-15T15:54:58.099204
90,7,6,3,0,3,2026-07-15T15:54:59.790823
90,7,7,3,0,3,2026-07-15T15:55:01.128292
90,7,8,3,0,3,2026-07-15T15:55:02.276291
90,7,9,3,0,3,2026-07-15T15:55:02.928894
90,7,10,3,0,3,2026-07-15T15:55:04.236204
90,8,1,3,0,3,2026-07-15T15:55:05.549306
90,8,2,3,0,3,2026-07-15T15:55:06.699384
90,8,3,2,0,2,2026-07-15T15:55:08.406056
90,8,4,3,0,3,2026-07-15T15:55:09.745503
90,8,5,2,0,2,2026-07-15T15:55:11.528542
90,8,6,2,0,2,2026-07-15T15:55:12.992377
90,8,7,2,0,2,2026-07-15T15:55:13.669257
90,8,8,2,0,2,2026-07-15T15:55:15.348324
90,8,9,2,0,2,2026-07-15T15:55:17.646713
90,8,10,2,0,2,2026-07-15T15:55:19.419177
90,9,1,5,0,5,2026-07-15T15:55:20.434582
90,9,2,4,0,4,2026-07-15T15:55:21.899489
90,9,3,5,0,5,2026-07-15T15:55:22.558610
90,9,4,4,0,4,2026-07-15T15:55:24.455397
90,9,5,4,0,4,2026-07-15T15:55:26.124929
90,9,6,4,0,4,2026-07-15T15:55:27.143673
90,9,7,5,0,5,2026-07-15T15:55:27.767215
90,9,8,4,0,4,2026-07-15T15:55:29.163201
90,9,9,4,0,4,2026-07-15T15:55:31.625600
90,9,10,5,0,5,2026-07-15T15:55:32.214071
91,1,1,2,0,2,2026-07-15T15:55:32.836311
91,1,2,2,0,2,2026-07-15T15:55:33.902730
91,1,3,2,0,2,2026-07-15T15:55:34.560534
91,1,4,2,0,2,2026-07-15T15:55:35.037290
91,1,5,3,0,3,2026-07-15T15:55:36.233212
91,1,6,2,0,2,2026-07-15T15:55:36.901609
91,1,7,2,0,2,2026-07-15T15:55:37.477344
91,1,8,3,0,3,2026-07-15T15:55:39.105007
91,1,9,3,0,3,2026-07-15T15:55:40.271293
91,1,10,3,0,3,2026-07-15T15:55:41.418796
91,2,1,0,0,0,2026-07-15T15:55:42.252879
91,2,2,1,0,1,2026-07-15T15:55:43.349654
91,2,3,1,0,1,2026-07-15T15:55:45.455596
91,2,4,1,0,1,2026-07-15T15:55:47.083193
91,2,5,0,0,0,2026-07-15T15:55:48.271767
91,2,6,1,0,1,2026-07-15T15:55:49.336664
91,2,7,0,0,0,2026-07-15T15:55:50.125305
91,2,8,0,0,0,2026-07-15T15:55:50.623530
91,2,9,0,0,0,2026-07-15T15:55:51.257798
91,2,10,1,0,1,2026-07-15T15:55:52.518901
91,3,1,3,0,3,2026-07-15T15:55:53.623054
91,3,2,3,0,3,2026-07-15T15:55:54.924796
91,3,3,3,0,3,2026-07-15T15:55:56.267240
91,3,4,3,0,3,2026-07-15T15:55:57.537917
91,3,5,3,0,3,2026-07-15T15:55:58.034981
91,3,6,3,0,3,2026-07-15T15:55:59.064945
91,3,7,3,0,3,2026-07-15T15:56:00.061989
91,3,8,3,0,3,2026-07-15T15:56:01.319401
91,3,9,3,0,3,2026-07-15T15:56:02.058507
91,3,10,3,0,3,2026-07-15T15:56:03.342177
91,4,1,0,0,0,2026-07-15T15:56:03.923949
91,4,2,0,0,0,2026-07-15T15:56:05.034717
91,4,3,0,0,0,2026-07-15T15:56:05.543452
91,4,4,0,0,0,2026-07-15T15:56:06.129402
91,4,5,0,0,0,2026-07-15T15:56:07.240104
91,4,6,0,0,0,2026-07-15T15:56:08.363746
91,4,7,0,0,0,2026-07-15T15:56:09.313218
91,4,8,0,0,0,2026-07-15T15:56:09.859973
91,4,9,0,0,0,2026-07-15T15:56:10.896832
91,4,10,0,0,0,2026-07-15T15:56:12.065014
91,5,1,3,0,3,2026-07-15T15:56:13.458673
91,5,2,2,0,2,2026-07-15T15:56:13.964741
91,5,3,3,0,3,2026-07-15T15:56:16.122906
91,5,4,3,0,3,2026-07-15T15:56:17.412834
91,5,5,3,0,3,2026-07-15T15:56:18.732995
91,5,6,3,0,3,2026-07-15T15:56:19.963416
91,5,7,2,0,2,2026-07-15T15:56:20.573097
91,5,8,3,0,3,2026-07-15T15:56:21.563315
91,5,9,3,0,3,2026-07-15T15:56:22.128150
91,5,10,3,0,3,2026-07-15T15:56:23.367526
91,6,1,0,0,0,2026-07-15T15:56:25.658804
91,6,2,0,0,0,2026-07-15T15:56:26.884843
91,6,3,0,0,0,2026-07-15T15:56:29.070595
91,6,4,0,0,0,2026-07-15T15:56:30.182586
91,6,5,0,0,0,2026-07-15T15:56:30.635746
91,6,6,0,0,0,2026-07-15T15:56:32.243446
91,6,7,0,0,0,2026-07-15T15:56:34.197798
91,6,8,0,0,0,2026-07-15T15:56:35.498200
91,6,9,0,0,0,2026-07-15T15:56:36.678365
91,6,10,0,0,0,2026-07-15T15:56:38.282072
91,7,1,3,0,3,2026-07-15T15:56:40.018296
91,7,2,3,0,3,2026-07-15T15:56:41.563245
91,7,3,3,0,3,2026-07-15T15:56:43.610103
91,7,4,3,0,3,2026-07-15T15:56:44.838279
91,7,5,3,0,3,2026-07-15T15:56:45.572838
91,7,6,3,0,3,2026-07-15T15:56:46.276130
91,7,7,3,0,3,2026-07-15T15:56:46.904420
91,7,8,3,0,3,2026-07-15T15:56:47.436104
91,7,9,3,0,3,2026-07-15T15:56:49.856856
91,7,10,3,0,3,2026-07-15T15:56:50.400344
91,8,1,2,0,2,2026-07-15T15:56:52.725062
91,8,2,2,0,2,2026-07-15T15:56:54.157221
91,8,3,2,0,2,2026-07-15T15:56:55.719672
91,8,4,2,0,2,2026-07-15T15:56:57.102191
91,8,5,0,0,0,2026-07-15T15:56:57.659646
91,8,6,2,0,2,2026-07-15T15:56:58.767765
91,8,7,2,0,2,2026-07-15T15:57:00.168389
91,8,8,2,0,2,2026-07-15T15:57:01.322158
91,8,9,0,0,0,2026-07-15T15:57:01.944524
91,8,10,2,0,2,2026-07-15T15:57:03.240468
91,9,1,4,0,4,2026-07-15T15:57:03.652973
91,9,2,4,0,4,2026-07-15T15:57:04.119329
91,9,3,4,0,4,2026-07-15T15:57:06.257420
91,9,4,4,0,4,2026-07-15T15:57:07.470116
91,9,5,5,0,5,2026-07-15T15:57:08.188494
91,9,6,5,0,5,2026-07-15T15:57:08.852384
91,9,7,4,0,4,2026-07-15T15:57:10.156835
91,9,8,4,0,4,2026-07-15T15:57:11.668947
91,9,9,4,0,4,2026-07-15T15:57:13.510044
91,9,10,5,0,5,2026-07-15T15:57:14.738192
92,1,1,3,0,3,2026-07-15T15:57:15.809812
92,1,2,2,0,2,2026-07-15T15:57:17.097893
92,1,3,2,0,2,2026-07-15T15:57:18.344090
92,1,4,3,0,3,2026-07-15T15:57:19.723594
92,1,5,3,0,3,2026-07-15T15:57:20.671562
92,1,6,2,0,2,2026-07-15T15:57:21.751933
92,1,7,3,0,3,2026-07-15T15:57:23.495071
92,1,8,3,0,3,2026-07-15T15:57:24.674661
92,1,9,3,0,3,2026-07-15T15:57:26.124990
92,1,10,3,0,3,2026-07-15T15:57:27.492066
92,2,1,0,0,0,2026-07-15T15:57:28.082757
92,2,2,2,0,2,2026-07-15T15:57:29.491218
92,2,3,1,0,1,2026-07-15T15:57:30.819001
92,2,4,1,0,1,2026-07-15T15:57:32.125476
92,2,5,2,0,2,2026-07-15T15:57:33.194216
92,2,6,2,0,2,2026-07-15T15:57:34.476938
92,2,7,1,0,1,2026-07-15T15:57:35.398474
92,2,8,1,0,1,2026-07-15T15:57:36.759540
92,2,9,2,0,2,2026-07-15T15:57:43.590006
92,2,10,2,0,2,2026-07-15T15:57:44.854458
92,3,1,3,0,3,2026-07-15T15:57:46.252223
92,3,2,4,0,4,2026-07-15T15:57:47.336751
92,3,3,3,0,3,2026-07-15T15:57:53.774817
92,3,4,3,0,3,2026-07-15T15:57:55.071961
92,3,5,3,0,3,2026-07-15T15:57:56.315811
92,3,6,4,0,4,2026-07-15T15:57:57.442617
92,3,7,4,0,4,2026-07-15T15:57:58.688430
92,3,8,4,0,4,2026-07-15T15:58:00.822147
92,3,9,4,0,4,2026-07-15T15:58:01.940025
92,3,10,3,0,3,2026-07-15T15:58:03.529950
92,4,1,1,0,1,2026-07-15T15:58:04.670789
92,4,2,0,0,0,2026-07-15T15:58:10.970292
92,4,3,1,0,1,2026-07-15T15:58:12.497244
92,4,4,0,0,0,2026-07-15T15:58:13.475098
92,4,5,0,0,0,2026-07-15T15:58:14.060245
92,4,6,0,0,0,2026-07-15T15:58:15.018047
92,4,7,1,0,1,2026-07-15T15:58:16.048932
92,4,8,1,0,1,2026-07-15T15:58:17.246098
92,4,9,1,0,1,2026-07-15T15:58:19.970578
92,4,10,1,0,1,2026-07-15T15:58:21.141753
92,5,1,3,0,3,2026-07-15T15:58:22.245022
92,5,2,3,0,3,2026-07-15T15:58:23.749673
92,5,3,3,0,3,2026-07-15T15:58:24.827043
92,5,4,3,0,3,2026-07-15T15:58:25.281851
92,5,5,3,0,3,2026-07-15T15:58:26.741389
92,5,6,3,0,3,2026-07-15T15:58:27.324043
92,5,7,3,0,3,2026-07-15T15:58:28.458803
92,5,8,3,0,3,2026-07-15T15:58:29.061122
92,5,9,3,0,3,2026-07-15T15:58:30.423360
92,5,10,3,0,3,2026-07-15T15:58:31.594886
92,6,1,2,0,2,2026-07-15T15:58:33.105241
92,6,2,2,0,2,2026-07-15T15:58:34.376092
92,6,3,0,0,0,2026-07-15T15:58:34.931973
92,6,4,0,0,0,2026-07-15T15:58:35.580130
92,6,5,0,0,0,2026-07-15T15:58:36.273439
92,6,6,2,0,2,2026-07-15T15:58:37.585022
92,6,7,2,0,2,2026-07-15T15:58:38.710637
92,6,8,1,0,1,2026-07-15T15:58:40.254993
92,6,9,2,0,2,2026-07-15T15:58:41.445530
92,6,10,2,0,2,2026-07-15T15:58:42.537400
92,7,1,3,0,3,2026-07-15T15:58:43.479009
92,7,2,4,0,4,2026-07-15T15:58:44.570862
92,7,3,4,0,4,2026-07-15T15:58:45.774727
92,7,4,4,0,4,2026-07-15T15:58:46.811773
92,7,5,4,0,4,2026-07-15T15:58:48.081120
92,7,6,4,0,4,2026-07-15T15:58:49.324389
92,7,7,4,0,4,2026-07-15T15:58:50.936963
92,7,8,4,0,4,2026-07-15T15:58:52.258420
92,7,9,3,0,3,2026-07-15T15:58:53.592348
92,7,10,4,0,4,2026-07-15T15:58:54.034648
92,8,1,3,0,3,2026-07-15T15:58:55.300755
92,8,2,3,0,3,2026-07-15T15:58:56.604443
92,8,3,2,0,2,2026-07-15T15:58:58.227243
92,8,4,3,0,3,2026-07-15T15:58:59.431378
92,8,5,3,0,3,2026-07-15T15:59:00.650598
92,8,6,3,0,3,2026-07-15T15:59:02.405022
92,8,7,3,0,3,2026-07-15T15:59:04.927637
92,8,8,3,0,3,2026-07-15T15:59:06.489028
92,8,9,3,0,3,2026-07-15T15:59:07.690942
92,8,10,3,0,3,2026-07-15T15:59:09.135866
92,9,1,5,0,5,2026-07-15T15:59:10.282563
92,9,2,5,0,5,2026-07-15T15:59:11.410342
92,9,3,5,0,5,2026-07-15T15:59:12.604712
92,9,4,5,0,5,2026-07-15T15:59:14.140605
92,9,5,4,0,4,2026-07-15T15:59:15.647533
92,9,6,4,0,4,2026-07-15T15:59:16.794245
92,9,7,5,0,5,2026-07-15T15:59:18.881046
92,9,8,5,0,5,2026-07-15T15:59:20.016835
92,9,9,4,0,4,2026-07-15T15:59:21.609165
92,9,10,4,0,4,2026-07-15T15:59:23.870078
93,1,1,2,0,2,2026-07-15T15:59:24.468035
93,1,2,3,0,3,2026-07-15T15:59:26.653124
93,1,3,2,0,2,2026-07-15T15:59:27.221429
93,1,4,3,0,3,2026-07-15T15:59:28.781301
93,1,5,3,0,3,2026-07-15T15:59:29.969888
93,1,6,3,0,3,2026-07-15T15:59:31.138855
93,1,7,3,0,3,2026-07-15T15:59:32.176728
93,1,8,3,0,3,2026-07-15T15:59:33.512505
93,1,9,3,0,3,2026-07-15T15:59:34.681976
93,1,10,3,0,3,2026-07-15T15:59:36.009226
93,2,1,0,0,0,2026-07-15T15:59:36.472607
93,2,2,2,0,2,2026-07-15T15:59:37.999346
93,2,3,1,0,1,2026-07-15T15:59:39.085117
93,2,4,0,0,0,2026-07-15T15:59:39.637528
93,2,5,2,0,2,2026-07-15T15:59:40.875543
93,2,6,0,0,0,2026-07-15T15:59:41.451616
93,2,7,2,0,2,2026-07-15T15:59:43.531357
93,2,8,2,0,2,2026-07-15T15:59:44.630057
93,2,9,2,0,2,2026-07-15T15:59:45.781940
93,2,10,0,0,0,2026-07-15T15:59:46.703729
93,3,1,4,0,4,2026-07-15T15:59:47.933159
93,3,2,3,0,3,2026-07-15T15:59:48.483610
93,3,3,3,0,3,2026-07-15T15:59:49.344316
93,3,4,3,0,3,2026-07-15T15:59:50.629013
93,3,5,3,0,3,2026-07-15T15:59:51.258339
93,3,6,4,0,4,2026-07-15T15:59:52.554250
93,3,7,3,0,3,2026-07-15T15:59:53.668631
93,3,8,4,0,4,2026-07-15T15:59:54.795011
93,3,9,4,0,4,2026-07-15T15:59:55.921677
93,3,10,3,0,3,2026-07-15T15:59:57.378149
93,4,1,0,0,0,2026-07-15T15:59:58.014318
93,4,2,1,0,1,2026-07-15T15:59:59.262402
93,4,3,1,0,1,2026-07-15T16:00:01.320319
93,4,4,0,0,0,2026-07-15T16:00:02.239686
93,4,5,0,0,0,2026-07-15T16:00:02.871694
93,4,6,1,0,1,2026-07-15T16:00:04.011857
93,4,7,0,0,0,2026-07-15T16:00:04.581882
93,4,8,0,0,0,2026-07-15T16:00:05.248863
93,4,9,1,0,1,2026-07-15T16:00:06.376818
93,4,10,0,0,0,2026-07-15T16:00:06.819416
93,5,1,3,0,3,2026-07-15T16:00:08.003379
93,5,2,3,0,3,2026-07-15T16:00:09.029312
93,5,3,3,0,3,2026-07-15T16:00:10.305637
93,5,4,2,0,2,2026-07-15T16:00:10.930154
93,5,5,3,0,3,2026-07-15T16:00:12.343903
93,5,6,3,0,3,2026-07-15T16:00:13.841737
93,5,7,2,0,2,2026-07-15T16:00:14.458160
93,5,8,3,0,3,2026-07-15T16:00:15.718586
93,5,9,3,0,3,2026-07-15T16:00:17.051913
93,5,10,2,0,2,2026-07-15T16:00:17.643549
93,6,1,0,0,0,2026-07-15T16:00:18.215226
93,6,2,2,0,2,2026-07-15T16:00:19.581752
93,6,3,2,0,2,2026-07-15T16:00:20.765173
93,6,4,2,0,2,2026-07-15T16:00:21.787694
93,6,5,2,0,2,2026-07-15T16:00:23.287038
93,6,6,1,0,1,2026-07-15T16:00:24.807053
93,6,7,2,0,2,2026-07-15T16:00:25.923246
93,6,8,0,0,0,2026-07-15T16:00:27.820402
93,6,9,2,0,2,2026-07-15T16:00:30.255233
93,6,10,0,0,0,2026-07-15T16:00:32.283172
93,7,1,3,0,3,2026-07-15T16:00:33.438493
93,7,2,3,0,3,2026-07-15T16:00:34.737268
93,7,3,3,0,3,2026-07-15T16:00:35.760374
93,7,4,3,0,3,2026-07-15T16:00:37.668541
93,7,5,3,0,3,2026-07-15T16:00:38.828645
93,7,6,3,0,3,2026-07-15T16:00:39.638565
93,7,7,4,0,4,2026-07-15T16:00:42.041065
93,7,8,3,0,3,2026-07-15T16:00:43.848030
93,7,9,4,0,4,2026-07-15T16:00:44.884091
93,7,10,3,0,3,2026-07-15T16:00:45.977604
93,8,1,3,0,3,2026-07-15T16:00:47.185412
93,8,2,3,0,3,2026-07-15T16:00:49.510119
93,8,3,3,0,3,2026-07-15T16:00:51.200018
93,8,4,3,0,3,2026-07-15T16:00:52.620550
93,8,5,3,0,3,2026-07-15T16:00:53.640175
93,8,6,2,0,2,2026-07-15T16:00:54.876258
93,8,7,2,0,2,2026-07-15T16:00:56.378522
93,8,8,3,0,3,2026-07-15T16:00:58.180189
93,8,9,2,0,2,2026-07-15T16:00:59.329053
93,8,10,2,0,2,2026-07-15T16:01:00.427008
93,9,1,4,0,4,2026-07-15T16:01:01.765340
93,9,2,4,0,4,2026-07-15T16:01:03.460461
93,9,3,4,0,4,2026-07-15T16:01:05.781007
93,9,4,5,0,5,2026-07-15T16:01:11.005760
93,9,5,4,0,4,2026-07-15T16:01:12.823904
93,9,6,4,0,4,2026-07-15T16:01:14.245652
93,9,7,4,0,4,2026-07-15T16:01:15.710772
93,9,8,4,0,4,2026-07-15T16:01:18.167007
93,9,9,4,0,4,2026-07-15T16:01:20.096929
93,9,10,4,0,4,2026-07-15T16:01:21.119541
94,1,1,3,0,3,2026-07-15T16:01:23.229119
94,1,2,3,0,3,2026-07-15T16:01:25.247051
94,1,3,2,0,2,2026-07-15T16:01:29.710657
94,1,4,3,0,3,2026-07-15T16:01:30.846146
94,1,5,3,0,3,2026-07-15T16:01:33.404781
94,1,6,3,0,3,2026-07-15T16:01:34.740593
94,1,7,3,0,3,2026-07-15T16:01:35.992970
94,1,8,3,0,3,2026-07-15T16:01:37.299582
94,1,9,3,0,3,2026-07-15T16:01:38.306463
94,1,10,3,0,3,2026-07-15T16:01:40.083237
94,2,1,1,0,1,2026-07-15T16:01:41.087142
94,2,2,1,0,1,2026-07-15T16:01:42.065208
94,2,3,2,0,2,2026-07-15T16:01:43.195393
94,2,4,1,0,1,2026-07-15T16:01:44.480196
94,2,5,1,0,1,2026-07-15T16:01:45.897622
94,2,6,1,0,1,2026-07-15T16:01:47.017108
94,2,7,1,0,1,2026-07-15T16:01:48.153394
94,2,8,0,0,0,2026-07-15T16:01:48.964160
94,2,9,0,0,0,2026-07-15T16:01:49.441762
94,2,10,1,0,1,2026-07-15T16:01:50.737334
94,3,1,3,0,3,2026-07-15T16:01:52.556212
94,3,2,3,0,3,2026-07-15T16:01:54.199009
94,3,3,3,0,3,2026-07-15T16:01:55.187244
94,3,4,3,0,3,2026-07-15T16:01:55.736069
94,3,5,2,0,2,2026-07-15T16:01:56.416093
94,3,6,3,0,3,2026-07-15T16:01:58.263191
94,3,7,3,0,3,2026-07-15T16:01:59.427448
94,3,8,3,0,3,2026-07-15T16:02:00.594627
94,3,9,3,0,3,2026-07-15T16:02:01.827294
94,3,10,3,0,3,2026-07-15T16:02:03.312291
94,4,1,0,0,0,2026-07-15T16:02:04.820163
94,4,2,0,0,0,2026-07-15T16:02:05.967126
94,4,3,0,0,0,2026-07-15T16:02:07.402648
94,4,4,0,0,0,2026-07-15T16:02:09.236342
94,4,5,0,0,0,2026-07-15T16:02:10.858034
94,4,6,0,0,0,2026-07-15T16:02:12.603601
94,4,7,0,0,0,2026-07-15T16:02:13.996644
94,4,8,0,0,0,2026-07-15T16:02:15.150595
94,4,9,0,0,0,2026-07-15T16:02:16.135218
94,4,10,0,0,0,2026-07-15T16:02:17.223786
94,5,1,3,0,3,2026-07-15T16:02:18.865744
94,5,2,3,0,3,2026-07-15T16:02:19.504606
94,5,3,3,0,3,2026-07-15T16:02:21.747477
94,5,4,3,0,3,2026-07-15T16:02:23.268613
94,5,5,3,0,3,2026-07-15T16:02:26.234413
94,5,6,3,0,3,2026-07-15T16:02:29.061958
94,5,7,3,0,3,2026-07-15T16:02:30.220275
94,5,8,3,0,3,2026-07-15T16:02:31.574024
94,5,9,3,0,3,2026-07-15T16:02:33.269970
94,5,10,3,0,3,2026-07-15T16:02:35.045001
94,6,1,0,0,0,2026-07-15T16:02:35.669749
94,6,2,0,0,0,2026-07-15T16:02:36.345891
94,6,3,0,0,0,2026-07-15T16:02:37.340086
94,6,4,0,0,0,2026-07-15T16:02:38.770261
94,6,5,0,0,0,2026-07-15T16:02:40.285516
94,6,6,0,0,0,2026-07-15T16:02:40.893708
94,6,7,0,0,0,2026-07-15T16:02:47.718159
94,6,8,0,0,0,2026-07-15T16:02:48.861152
94,6,9,0,0,0,2026-07-15T16:02:50.223530
94,6,10,0,0,0,2026-07-15T16:02:51.308548
94,7,1,3,0,3,2026-07-15T16:02:51.844767
94,7,2,3,0,3,2026-07-15T16:02:52.859254
94,7,3,3,0,3,2026-07-15T16:02:54.207190
94,7,4,3,0,3,2026-07-15T16:02:55.431205
94,7,5,3,0,3,2026-07-15T16:02:56.660900
94,7,6,3,0,3,2026-07-15T16:02:58.344877
94,7,7,3,0,3,2026-07-15T16:02:59.451587
94,7,8,3,0,3,2026-07-15T16:03:00.530635
94,7,9,4,0,4,2026-07-15T16:03:01.698206
94,7,10,3,0,3,2026-07-15T16:03:03.928502
94,8,1,2,0,2,2026-07-15T16:03:05.084931
94,8,2,2,0,2,2026-07-15T16:03:06.184950
94,8,3,2,0,2,2026-07-15T16:03:07.593497
94,8,4,2,0,2,2026-07-15T16:03:08.773358
94,8,5,2,0,2,2026-07-15T16:03:10.770202
94,8,6,2,0,2,2026-07-15T16:03:11.955689
94,8,7,3,0,3,2026-07-15T16:03:14.019919
94,8,8,2,0,2,2026-07-15T16:03:15.603978
94,8,9,0,0,0,2026-07-15T16:03:16.697725
94,8,10,0,0,0,2026-07-15T16:03:17.609389
94,9,1,4,0,4,2026-07-15T16:03:18.881114
94,9,2,4,0,4,2026-07-15T16:03:19.863173
94,9,3,4,0,4,2026-07-15T16:03:21.349917
94,9,4,4,0,4,2026-07-15T16:03:22.865991
94,9,5,4,0,4,2026-07-15T16:03:24.104428
94,9,6,4,0,4,2026-07-15T16:03:25.320771
94,9,7,4,0,4,2026-07-15T16:03:26.381756
94,9,8,4,0,4,2026-07-15T16:03:27.071352
94,9,9,4,0,4,2026-07-15T16:03:29.611886
94,9,10,5,0,5,2026-07-15T16:03:30.652064
95,1,1,3,0,3,2026-07-15T16:03:33.275774
95,1,2,2,0,2,2026-07-15T16:03:33.800438
95,1,3,3,0,3,2026-07-15T16:03:35.475380
95,1,4,3,0,3,2026-07-15T16:03:36.595774
95,1,5,2,0,2,2026-07-15T16:03:37.082938
95,1,6,3,0,3,2026-07-15T16:03:38.197295
95,1,7,3,0,3,2026-07-15T16:03:39.251311
95,1,8,3,0,3,2026-07-15T16:03:40.271010
95,1,9,3,0,3,2026-07-15T16:03:42.221112
95,1,10,2,0,2,2026-07-15T16:03:42.906487
95,2,1,2,0,2,2026-07-15T16:03:44.212186
95,2,2,1,0,1,2026-07-15T16:03:46.253006
95,2,3,1,0,1,2026-07-15T16:03:47.500421
95,2,4,0,0,0,2026-07-15T16:03:49.270290
95,2,5,0,0,0,2026-07-15T16:03:50.294777
95,2,6,1,0,1,2026-07-15T16:03:51.554381
95,2,7,1,0,1,2026-07-15T16:03:52.678000
95,2,8,0,0,0,2026-07-15T16:03:54.310144
95,2,9,1,0,1,2026-07-15T16:03:55.804732
95,2,10,2,0,2,2026-07-15T16:03:57.001482
95,3,1,3,0,3,2026-07-15T16:03:58.254394
95,3,2,3,0,3,2026-07-15T16:04:00.283835
95,3,3,3,0,3,2026-07-15T16:04:00.892978
95,3,4,3,0,3,2026-07-15T16:04:02.813872
95,3,5,3,0,3,2026-07-15T16:04:04.651305
95,3,6,3,0,3,2026-07-15T16:04:05.913528
95,3,7,3,0,3,2026-07-15T16:04:06.679397
95,3,8,3,0,3,2026-07-15T16:04:08.104570
95,3,9,3,0,3,2026-07-15T16:04:09.569633
95,3,10,3,0,3,2026-07-15T16:04:12.230114
95,4,1,0,0,0,2026-07-15T16:04:13.357702
95,4,2,0,0,0,2026-07-15T16:04:14.542282
95,4,3,0,0,0,2026-07-15T16:04:15.227126
95,4,4,0,0,0,2026-07-15T16:04:15.790039
95,4,5,0,0,0,2026-07-15T16:04:17.157943
95,4,6,0,0,0,2026-07-15T16:04:18.646860
95,4,7,0,0,0,2026-07-15T16:04:20.212396
95,4,8,0,0,0,2026-07-15T16:04:22.266431
95,4,9,0,0,0,2026-07-15T16:04:23.417677
95,4,10,0,0,0,2026-07-15T16:04:24.943538
95,5,1,3,0,3,2026-07-15T16:04:27.886507
95,5,2,3,0,3,2026-07-15T16:04:29.042622
95,5,3,3,0,3,2026-07-15T16:04:31.247175
95,5,4,3,0,3,2026-07-15T16:04:33.076986
95,5,5,3,0,3,2026-07-15T16:04:33.905210
95,5,6,3,0,3,2026-07-15T16:04:34.698602
95,5,7,3,0,3,2026-07-15T16:04:35.678126
95,5,8,3,0,3,2026-07-15T16:04:37.161854
95,5,9,3,0,3,2026-07-15T16:04:38.541805
95,5,10,3,0,3,2026-07-15T16:04:40.249852
95,6,1,0,0,0,2026-07-15T16:04:41.209748
95,6,2,0,0,0,2026-07-15T16:04:42.690309
95,6,3,0,0,0,2026-07-15T16:04:44.277670
95,6,4,0,0,0,2026-07-15T16:04:45.677304
95,6,5,0,0,0,2026-07-15T16:04:46.843377
95,6,6,0,0,0,2026-07-15T16:04:47.917296
95,6,7,0,0,0,2026-07-15T16:04:49.045881
95,6,8,0,0,0,2026-07-15T16:04:50.491059
95,6,9,0,0,0,2026-07-15T16:04:52.013129
95,6,10,0,0,0,2026-07-15T16:04:52.774047
95,7,1,3,0,3,2026-07-15T16:04:54.051825
95,7,2,3,0,3,2026-07-15T16:04:55.315791
95,7,3,3,0,3,2026-07-15T16:04:56.669746
95,7,4,3,0,3,2026-07-15T16:04:57.974343
95,7,5,3,0,3,2026-07-15T16:04:59.709244
95,7,6,3,0,3,2026-07-15T16:05:00.756564
95,7,7,3,0,3,2026-07-15T16:05:02.368098
95,7,8,3,0,3,2026-07-15T16:05:04.738552
95,7,9,3,0,3,2026-07-15T16:05:06.783084
95,7,10,3,0,3,2026-07-15T16:05:09.762580
95,8,1,2,0,2,2026-07-15T16:05:10.971650
95,8,2,1,0,1,2026-07-15T16:05:12.355227
95,8,3,1,0,1,2026-07-15T16:05:13.570215
95,8,4,0,0,0,2026-07-15T16:05:14.596503
95,8,5,1,0,1,2026-07-15T16:05:16.058160
95,8,6,2,0,2,2026-07-15T16:05:17.193607
95,8,7,1,0,1,2026-07-15T16:05:18.706940
95,8,8,0,0,0,2026-07-15T16:05:19.594801
95,8,9,0,0,0,2026-07-15T16:05:20.237604
95,8,10,2,0,2,2026-07-15T16:05:21.583904
95,9,1,4,0,4,2026-07-15T16:05:22.741373
95,9,2,5,0,5,2026-07-15T16:05:23.767695
95,9,3,4,0,4,2026-07-15T16:05:25.086300
95,9,4,4,0,4,2026-07-15T16:05:26.322896
95,9,5,5,0,5,2026-07-15T16:05:28.171932
95,9,6,4,0,4,2026-07-15T16:05:29.184246
95,9,7,4,0,4,2026-07-15T16:05:30.364496
95,9,8,5,0,5,2026-07-15T16:05:31.256441
95,9,9,4,0,4,2026-07-15T16:05:32.530529
95,9,10,4,0,4,2026-07-15T16:05:34.229218
96,1,1,3,0,3,2026-07-15T16:05:35.641317
96,1,2,3,0,3,2026-07-15T16:05:36.729253
96,1,3,3,0,3,2026-07-15T16:05:38.168464
96,1,4,2,0,2,2026-07-15T16:05:38.829223
96,1,5,3,0,3,2026-07-15T16:05:39.807227
96,1,6,2,0,2,2026-07-15T16:05:40.811578
96,1,7,3,0,3,2026-07-15T16:05:42.079645
96,1,8,3,0,3,2026-07-15T16:05:43.483057
96,1,9,3,0,3,2026-07-15T16:05:45.049809
96,1,10,3,0,3,2026-07-15T16:05:46.232852
96,2,1,0,0,0,2026-07-15T16:05:46.945333
96,2,2,2,0,2,2026-07-15T16:05:48.158375
96,2,3,2,0,2,2026-07-15T16:05:49.700542
96,2,4,2,0,2,2026-07-15T16:05:51.391178
96,2,5,2,0,2,2026-07-15T16:05:52.583722
96,2,6,2,0,2,2026-07-15T16:05:53.845017
96,2,7,0,0,0,2026-07-15T16:05:54.474063
96,2,8,0,0,0,2026-07-15T16:05:55.009945
96,2,9,0,0,0,2026-07-15T16:05:55.905841
96,2,10,0,0,0,2026-07-15T16:05:56.506468
96,3,1,3,0,3,2026-07-15T16:05:57.677100
96,3,2,3,0,3,2026-07-15T16:05:58.747938
96,3,3,3,0,3,2026-07-15T16:06:00.676062
96,3,4,3,0,3,2026-07-15T16:06:01.728918
96,3,5,3,0,3,2026-07-15T16:06:03.483802
96,3,6,3,0,3,2026-07-15T16:06:04.572557
96,3,7,3,0,3,2026-07-15T16:06:05.809601
96,3,8,3,0,3,2026-07-15T16:06:07.069367
96,3,9,3,0,3,2026-07-15T16:06:08.050515
96,3,10,3,0,3,2026-07-15T16:06:09.666761
96,4,1,1,0,1,2026-07-15T16:06:10.582287
96,4,2,1,0,1,2026-07-15T16:06:12.070358
96,4,3,1,0,1,2026-07-15T16:06:13.311346
96,4,4,0,0,0,2026-07-15T16:06:13.758833
96,4,5,0,0,0,2026-07-15T16:06:14.571463
96,4,6,1,0,1,2026-07-15T16:06:16.620701
96,4,7,1,0,1,2026-07-15T16:06:18.591879
96,4,8,2,0,2,2026-07-15T16:06:19.935468
96,4,9,2,0,2,2026-07-15T16:06:20.961248
96,4,10,0,0,0,2026-07-15T16:06:21.485356
96,5,1,2,0,2,2026-07-15T16:06:22.582783
96,5,2,2,0,2,2026-07-15T16:06:23.586552
96,5,3,3,0,3,2026-07-15T16:06:24.787788
96,5,4,2,0,2,2026-07-15T16:06:25.491328
96,5,5,2,0,2,2026-07-15T16:06:26.911645
96,5,6,2,0,2,2026-07-15T16:06:27.738623
96,5,7,3,0,3,2026-07-15T16:06:28.806997
96,5,8,3,0,3,2026-07-15T16:06:30.356236
96,5,9,2,0,2,2026-07-15T16:06:32.076967
96,5,10,3,0,3,2026-07-15T16:06:33.597936
96,6,1,3,0,3,2026-07-15T16:06:34.562193
96,6,2,2,0,2,2026-07-15T16:06:35.763425
96,6,3,3,0,3,2026-07-15T16:06:36.935890
96,6,4,0,0,0,2026-07-15T16:06:38.380042
96,6,5,2,0,2,2026-07-15T16:06:39.586047
96,6,6,2,0,2,2026-07-15T16:06:40.970428
96,6,7,0,0,0,2026-07-15T16:06:41.533305
96,6,8,3,0,3,2026-07-15T16:06:42.818892
96,6,9,0,0,0,2026-07-15T16:06:44.049843
96,6,10,2,0,2,2026-07-15T16:06:45.950203
96,7,1,3,0,3,2026-07-15T16:06:47.080657
96,7,2,3,0,3,2026-07-15T16:06:48.741678
96,7,3,3,0,3,2026-07-15T16:06:49.929897
96,7,4,3,0,3,2026-07-15T16:06:52.052472
96,7,5,3,0,3,2026-07-15T16:06:52.621395
96,7,6,3,0,3,2026-07-15T16:06:53.600104
96,7,7,3,0,3,2026-07-15T16:06:56.394262
96,7,8,3,0,3,2026-07-15T16:06:56.907826
96,7,9,3,0,3,2026-07-15T16:06:57.440204
96,7,10,3,0,3,2026-07-15T16:06:58.623988
96,8,1,3,0,3,2026-07-15T16:06:59.769594
96,8,2,2,0,2,2026-07-15T16:07:01.087709
96,8,3,2,0,2,2026-07-15T16:07:01.971025
96,8,4,2,0,2,2026-07-15T16:07:02.441129
96,8,5,3,0,3,2026-07-15T16:07:04.169200
96,8,6,3,0,3,2026-07-15T16:07:05.599779
96,8,7,3,0,3,2026-07-15T16:07:06.672988
96,8,8,2,0,2,2026-07-15T16:07:07.386224
96,8,9,3,0,3,2026-07-15T16:07:08.542051
96,8,10,3,0,3,2026-07-15T16:07:09.847665
96,9,1,4,0,4,2026-07-15T16:07:11.040011
96,9,2,4,0,4,2026-07-15T16:07:12.271955
96,9,3,4,0,4,2026-07-15T16:07:14.124135
96,9,4,5,0,5,2026-07-15T16:07:14.915679
96,9,5,4,0,4,2026-07-15T16:07:15.958775
96,9,6,4,0,4,2026-07-15T16:07:17.000420
96,9,7,5,0,5,2026-07-15T16:07:17.652541
96,9,8,5,0,5,2026-07-15T16:07:19.073350
96,9,9,4,0,4,2026-07-15T16:07:20.708801
96,9,10,4,0,4,2026-07-15T16:07:22.342080
97,1,1,3,0,3,2026-07-15T16:07:23.565139
97,1,2,2,0,2,2026-07-15T16:07:26.421605
97,1,3,3,0,3,2026-07-15T16:07:27.504507
97,1,4,3,0,3,2026-07-15T16:07:28.621932
97,1,5,3,0,3,2026-07-15T16:07:29.969015
97,1,6,3,0,3,2026-07-15T16:07:31.503779
97,1,7,3,0,3,2026-07-15T16:07:32.696333
97,1,8,3,0,3,2026-07-15T16:07:33.805657
97,1,9,3,0,3,2026-07-15T16:07:35.003698
97,1,10,3,0,3,2026-07-15T16:07:36.190072
97,2,1,1,0,1,2026-07-15T16:07:37.326691
97,2,2,1,0,1,2026-07-15T16:07:38.469208
97,2,3,1,0,1,2026-07-15T16:07:39.597494
97,2,4,1,0,1,2026-07-15T16:07:40.836973
97,2,5,1,0,1,2026-07-15T16:07:42.181885
97,2,6,0,0,0,2026-07-15T16:07:43.408148
97,2,7,1,0,1,2026-07-15T16:07:45.150430
97,2,8,0,0,0,2026-07-15T16:07:45.953838
97,2,9,1,0,1,2026-07-15T16:07:47.237665
97,2,10,1,0,1,2026-07-15T16:07:49.727412
97,3,1,3,0,3,2026-07-15T16:07:50.653041
97,3,2,3,0,3,2026-07-15T16:07:52.745064
97,3,3,3,0,3,2026-07-15T16:07:55.009099
97,3,4,3,0,3,2026-07-15T16:07:56.290142
97,3,5,3,0,3,2026-07-15T16:07:56.747728
97,3,6,3,0,3,2026-07-15T16:07:58.151238
97,3,7,3,0,3,2026-07-15T16:07:59.853549
97,3,8,3,0,3,2026-07-15T16:08:00.338908
97,3,9,3,0,3,2026-07-15T16:08:00.959177
97,3,10,3,0,3,2026-07-15T16:08:01.716215
97,4,1,0,0,0,2026-07-15T16:08:03.048251
97,4,2,0,0,0,2026-07-15T16:08:04.449786
97,4,3,0,0,0,2026-07-15T16:08:05.890560
97,4,4,0,0,0,2026-07-15T16:08:06.981216
97,4,5,0,0,0,2026-07-15T16:08:08.012314
97,4,6,0,0,0,2026-07-15T16:08:08.594059
97,4,7,0,0,0,2026-07-15T16:08:09.772272
97,4,8,0,0,0,2026-07-15T16:08:11.311653
97,4,9,0,0,0,2026-07-15T16:08:12.973834
97,4,10,0,0,0,2026-07-15T16:08:13.949768
97,5,1,3,0,3,2026-07-15T16:08:15.791507
97,5,2,3,0,3,2026-07-15T16:08:17.015990
97,5,3,3,0,3,2026-07-15T16:08:18.214024
97,5,4,3,0,3,2026-07-15T16:08:19.673722
97,5,5,3,0,3,2026-07-15T16:08:20.832149
97,5,6,2,0,2,2026-07-15T16:08:21.340452
97,5,7,3,0,3,2026-07-15T16:08:23.602540
97,5,8,2,0,2,2026-07-15T16:08:24.308862
97,5,9,3,0,3,2026-07-15T16:08:25.555776
97,5,10,3,0,3,2026-07-15T16:08:26.718192
97,6,1,0,0,0,2026-07-15T16:08:28.126381
97,6,2,0,0,0,2026-07-15T16:08:28.934505
97,6,3,0,0,0,2026-07-15T16:08:30.486646
97,6,4,0,0,0,2026-07-15T16:08:32.780408
97,6,5,0,0,0,2026-07-15T16:08:34.029109
97,6,6,0,0,0,2026-07-15T16:08:35.706392
97,6,7,0,0,0,2026-07-15T16:08:37.336661
97,6,8,0,0,0,2026-07-15T16:08:39.447948
97,6,9,0,0,0,2026-07-15T16:08:41.553229
97,6,10,0,0,0,2026-07-15T16:08:42.278887
97,7,1,3,0,3,2026-07-15T16:08:43.731638
97,7,2,3,0,3,2026-07-15T16:08:44.284159
97,7,3,3,0,3,2026-07-15T16:08:49.561674
97,7,4,3,0,3,2026-07-15T16:08:50.659145
97,7,5,3,0,3,2026-07-15T16:08:51.904813
97,7,6,3,0,3,2026-07-15T16:08:53.227754
97,7,7,3,0,3,2026-07-15T16:08:53.693324
97,7,8,3,0,3,2026-07-15T16:08:54.225258
97,7,9,3,0,3,2026-07-15T16:08:56.695611
97,7,10,3,0,3,2026-07-15T16:08:59.795497
97,8,1,2,0,2,2026-07-15T16:09:01.387772
97,8,2,2,0,2,2026-07-15T16:09:02.998729
97,8,3,2,0,2,2026-07-15T16:09:04.502896
97,8,4,2,0,2,2026-07-15T16:09:05.949200
97,8,5,0,0,0,2026-07-15T16:09:06.601487
97,8,6,2,0,2,2026-07-15T16:09:07.630841
97,8,7,2,0,2,2026-07-15T16:09:09.205553
97,8,8,2,0,2,2026-07-15T16:09:10.744716
97,8,9,2,0,2,2026-07-15T16:09:12.246525
97,8,10,2,0,2,2026-07-15T16:09:13.670528
97,9,1,4,0,4,2026-07-15T16:09:15.629751
97,9,2,4,0,4,2026-07-15T16:09:16.281760
97,9,3,4,0,4,2026-07-15T16:09:17.764799
97,9,4,4,0,4,2026-07-15T16:09:20.377247
97,9,5,4,0,4,2026-07-15T16:09:22.187691
97,9,6,4,0,4,2026-07-15T16:09:23.670791
97,9,7,4,0,4,2026-07-15T16:09:25.505757
97,9,8,4,0,4,2026-07-15T16:09:27.218236
97,9,9,4,0,4,2026-07-15T16:09:28.577315
97,9,10,4,0,4,2026-07-15T16:09:29.891316
98,1,1,3,0,3,2026-07-15T16:09:31.992452
98,1,2,2,0,2,2026-07-15T16:09:32.590567
98,1,3,3,0,3,2026-07-15T16:09:35.623905
98,1,4,3,0,3,2026-07-15T16:09:38.590146
98,1,5,3,0,3,2026-07-15T16:09:40.734088
98,1,6,3,0,3,2026-07-15T16:09:43.847651
98,1,7,3,0,3,2026-07-15T16:09:45.408331
98,1,8,3,0,3,2026-07-15T16:09:49.276159
98,1,9,1,0,1,2026-07-15T16:09:49.890237
98,1,10,3,0,3,2026-07-15T16:09:51.408068
98,2,1,1,0,1,2026-07-15T16:09:53.034074
98,2,2,1,0,1,2026-07-15T16:09:56.275840
98,2,3,1,0,1,2026-07-15T16:09:58.402263
98,2,4,1,0,1,2026-07-15T16:10:01.512910
98,2,5,1,0,1,2026-07-15T16:10:03.404239
98,2,6,1,0,1,2026-07-15T16:10:05.835131
98,2,7,1,0,1,2026-07-15T16:10:07.948146
98,2,8,1,0,1,2026-07-15T16:10:09.692513
98,2,9,1,0,1,2026-07-15T16:10:11.394641
98,2,10,1,0,1,2026-07-15T16:10:15.043646
98,3,1,3,0,3,2026-07-15T16:10:15.649749
98,3,2,3,0,3,2026-07-15T16:10:16.925305
98,3,3,3,0,3,2026-07-15T16:10:18.135618
98,3,4,3,0,3,2026-07-15T16:10:19.519889
98,3,5,2,0,2,2026-07-15T16:10:20.175596
98,3,6,3,0,3,2026-07-15T16:10:21.582026
98,3,7,3,0,3,2026-07-15T16:10:23.240761
98,3,8,3,0,3,2026-07-15T16:10:24.372537
98,3,9,3,0,3,2026-07-15T16:10:24.928703
98,3,10,3,0,3,2026-07-15T16:10:26.459650
98,4,1,1,0,1,2026-07-15T16:10:27.866274
98,4,2,1,0,1,2026-07-15T16:10:29.680275
98,4,3,0,0,0,2026-07-15T16:10:32.766194
98,4,4,0,0,0,2026-07-15T16:10:35.955089
98,4,5,0,0,0,2026-07-15T16:10:37.400885
98,4,6,1,0,1,2026-07-15T16:10:42.237472
98,4,7,0,0,0,2026-07-15T16:10:43.267730
98,4,8,1,0,1,2026-07-15T16:10:44.393880
98,4,9,0,0,0,2026-07-15T16:10:45.305057
98,4,10,0,0,0,2026-07-15T16:10:46.989850
98,5,1,2,0,2,2026-07-15T16:10:47.515298
98,5,2,2,0,2,2026-07-15T16:10:48.933650
98,5,3,2,0,2,2026-07-15T16:10:49.562140
98,5,4,3,0,3,2026-07-15T16:10:50.674951
98,5,5,3,0,3,2026-07-15T16:10:52.015800
98,5,6,3,0,3,2026-07-15T16:10:55.309700
98,5,7,3,0,3,2026-07-15T16:10:56.716047
98,5,8,3,0,3,2026-07-15T16:10:58.149920
98,5,9,2,0,2,2026-07-15T16:10:58.778713
98,5,10,3,0,3,2026-07-15T16:10:59.993241
98,6,1,0,0,0,2026-07-15T16:11:03.271243
98,6,2,0,0,0,2026-07-15T16:11:05.753673
98,6,3,0,0,0,2026-07-15T16:11:06.717049
98,6,4,1,0,1,2026-07-15T16:11:07.872286
98,6,5,1,0,1,2026-07-15T16:11:12.484183
98,6,6,0,0,0,2026-07-15T16:11:13.261678
98,6,7,1,0,1,2026-07-15T16:11:14.683145
98,6,8,0,0,0,2026-07-15T16:11:16.040600
98,6,9,1,0,1,2026-07-15T16:11:17.129853
98,6,10,0,0,0,2026-07-15T16:11:17.769174
98,7,1,4,0,4,2026-07-15T16:11:19.039890
98,7,2,4,0,4,2026-07-15T16:11:20.884961
98,7,3,3,0,3,2026-07-15T16:11:22.526053
98,7,4,4,0,4,2026-07-15T16:11:23.748028
98,7,5,4,0,4,2026-07-15T16:11:24.348103
98,7,6,3,0,3,2026-07-15T16:11:25.899782
98,7,7,3,0,3,2026-07-15T16:11:27.146024
98,7,8,3,0,3,2026-07-15T16:11:28.358150
98,7,9,4,0,4,2026-07-15T16:11:29.996171
98,7,10,4,0,4,2026-07-15T16:11:30.634948
98,8,1,1,0,1,2026-07-15T16:11:33.142406
98,8,2,1,0,1,2026-07-15T16:11:34.322441
98,8,3,2,0,2,2026-07-15T16:11:35.424911
98,8,4,0,0,0,2026-07-15T16:11:37.088411
98,8,5,1,0,1,2026-07-15T16:11:38.599432
98,8,6,3,0,3,2026-07-15T16:11:39.621447
98,8,7,0,0,0,2026-07-15T16:11:40.522472
98,8,8,3,0,3,2026-07-15T16:11:41.759630
98,8,9,1,0,1,2026-07-15T16:11:43.292033
98,8,10,2,0,2,2026-07-15T16:11:44.411917
98,9,1,4,0,4,2026-07-15T16:11:45.429175
98,9,2,4,0,4,2026-07-15T16:11:46.679922
98,9,3,4,0,4,2026-07-15T16:11:48.232093
98,9,4,5,0,5,2026-07-15T16:11:48.834132
98,9,5,4,0,4,2026-07-15T16:11:50.071022
98,9,6,4,0,4,2026-07-15T16:11:51.974263
98,9,7,4,0,4,2026-07-15T16:11:53.544731
98,9,8,5,0,5,2026-07-15T16:11:57.092509
98,9,9,5,0,5,2026-07-15T16:11:57.628497
98,9,10,4,0,4,2026-07-15T16:11:59.036922
99,1,1,3,0,3,2026-07-15T16:12:00.138574
99,1,2,3,0,3,2026-07-15T16:12:01.227276
99,1,3,3,0,3,2026-07-15T16:12:02.556635
99,1,4,3,0,3,2026-07-15T16:12:03.589849
99,1,5,3,0,3,2026-07-15T16:12:04.585878
99,1,6,3,0,3,2026-07-15T16:12:06.010652
99,1,7,3,0,3,2026-07-15T16:12:07.457754
99,1,8,2,0,2,2026-07-15T16:12:08.755690
99,1,9,3,0,3,2026-07-15T16:12:09.814239
99,1,10,2,0,2,2026-07-15T16:12:10.408418
99,2,1,2,0,2,2026-07-15T16:12:11.740887
99,2,2,0,0,0,2026-07-15T16:12:12.297797
99,2,3,1,0,1,2026-07-15T16:12:13.743823
99,2,4,2,0,2,2026-07-15T16:12:14.795341
99,2,5,2,0,2,2026-07-15T16:12:16.096667
99,2,6,0,0,0,2026-07-15T16:12:16.913216
99,2,7,1,0,1,2026-07-15T16:12:22.165518
99,2,8,1,0,1,2026-07-15T16:12:23.443968
99,2,9,2,0,2,2026-07-15T16:12:25.229506
99,2,10,1,0,1,2026-07-15T16:12:26.586686
99,3,1,3,0,3,2026-07-15T16:12:28.532154
99,3,2,4,0,4,2026-07-15T16:12:29.793381
99,3,3,4,0,4,2026-07-15T16:12:31.494503
99,3,4,3,0,3,2026-07-15T16:12:35.585985
99,3,5,3,0,3,2026-07-15T16:12:38.581464
99,3,6,3,0,3,2026-07-15T16:12:39.067721
99,3,7,3,0,3,2026-07-15T16:12:40.209267
99,3,8,3,0,3,2026-07-15T16:12:41.537488
99,3,9,3,0,3,2026-07-15T16:12:42.969138
99,3,10,4,0,4,2026-07-15T16:12:44.042231
99,4,1,0,0,0,2026-07-15T16:12:45.397367
99,4,2,1,0,1,2026-07-15T16:12:47.386585
99,4,3,0,0,0,2026-07-15T16:12:51.261663
99,4,4,0,0,0,2026-07-15T16:12:52.283216
99,4,5,0,0,0,2026-07-15T16:12:53.664821
99,4,6,0,0,0,2026-07-15T16:12:57.970454
99,4,7,0,0,0,2026-07-15T16:12:59.762555
99,4,8,0,0,0,2026-07-15T16:13:01.791400
99,4,9,1,0,1,2026-07-15T16:13:03.161334
99,4,10,1,0,1,2026-07-15T16:13:04.166514
99,5,1,3,0,3,2026-07-15T16:13:05.422742
99,5,2,3,0,3,2026-07-15T16:13:06.634139
99,5,3,3,0,3,2026-07-15T16:13:08.046488
99,5,4,3,0,3,2026-07-15T16:13:10.122872
99,5,5,3,0,3,2026-07-15T16:13:10.685084
99,5,6,3,0,3,2026-07-15T16:13:12.578083
99,5,7,3,0,3,2026-07-15T16:13:13.704662
99,5,8,3,0,3,2026-07-15T16:13:15.876680
99,5,9,3,0,3,2026-07-15T16:13:16.454431
99,5,10,3,0,3,2026-07-15T16:13:17.744158
99,6,1,1,0,1,2026-07-15T16:13:19.730866
99,6,2,0,0,0,2026-07-15T16:13:20.736509
99,6,3,0,0,0,2026-07-15T16:13:22.304316
99,6,4,0,0,0,2026-07-15T16:13:23.417989
99,6,5,0,0,0,2026-07-15T16:13:24.415913
99,6,6,2,0,2,2026-07-15T16:13:26.636583
99,6,7,0,0,0,2026-07-15T16:13:28.525000
99,6,8,0,0,0,2026-07-15T16:13:29.709595
99,6,9,0,0,0,2026-07-15T16:13:30.294321
99,6,10,0,0,0,2026-07-15T16:13:31.015870
99,7,1,3,0,3,2026-07-15T16:13:32.199100
99,7,2,3,0,3,2026-07-15T16:13:34.600802
99,7,3,4,0,4,2026-07-15T16:13:35.148132
99,7,4,4,0,4,2026-07-15T16:13:36.638732
99,7,5,3,0,3,2026-07-15T16:13:37.613489
99,7,6,4,0,4,2026-07-15T16:13:39.069300
99,7,7,4,0,4,2026-07-15T16:13:40.080705
99,7,8,4,0,4,2026-07-15T16:13:40.752823
99,7,9,3,0,3,2026-07-15T16:13:41.867998
99,7,10,4,0,4,2026-07-15T16:13:43.564912
99,8,1,3,0,3,2026-07-15T16:13:45.131540
99,8,2,0,0,0,2026-07-15T16:13:46.021096
99,8,3,3,0,3,2026-07-15T16:13:47.200106
99,8,4,3,0,3,2026-07-15T16:13:48.268192
99,8,5,0,0,0,2026-07-15T16:13:50.052386
99,8,6,3,0,3,2026-07-15T16:13:51.458772
99,8,7,3,0,3,2026-07-15T16:13:52.539702
99,8,8,3,0,3,2026-07-15T16:13:54.044428
99,8,9,3,0,3,2026-07-15T16:13:55.982568
99,8,10,3,0,3,2026-07-15T16:13:57.061225
99,9,1,5,0,5,2026-07-15T16:13:57.779517
99,9,2,5,0,5,2026-07-15T16:13:58.959905
99,9,3,5,0,5,2026-07-15T16:13:59.461153
99,9,4,5,0,5,2026-07-15T16:13:59.947279
99,9,5,5,0,5,2026-07-15T16:14:01.100265
99,9,6,4,0,4,2026-07-15T16:14:03.305953
99,9,7,4,0,4,2026-07-15T16:14:04.481363
99,9,8,5,0,5,2026-07-15T16:14:07.094427
99,9,9,5,0,5,2026-07-15T16:14:08.013973
99,9,10,5,0,5,2026-07-15T16:14:09.107855
