persona_id,question_id,run_index,rating,failures,response,collected_at
0,1,1,3,0,3,2026-07-15T12:35:43.797712
0,1,2,3,0,3,2026-07-15T12:35:46.237824
0,1,3,3,0,3,2026-07-15T12:35:52.100242
0,1,4,3,0,3,2026-07-15T12:35:53.603623
0,1,5,3,0,3,2026-07-15T12:35:55.845699
0,1,6,4,0,4,2026-07-15T12:35:57.462108
0,1,7,3,0,3,2026-07-15T12:35:59.016864
0,1,8,3,0,3,2026-07-15T12:36:05.114444
0,1,9,3,0,3,2026-07-15T12:36:06.689005
0,1,10,3,0,3,2026-07-15T12:36:11.102736
0,2,1,2,0,2,2026-07-15T12:36:12.634521
0,2,2,2,0,2,2026-07-15T12:36:14.198872
0,2,3,2,0,2,2026-07-15T12:36:15.719987
0,2,4,2,0,2,2026-07-15T12:36:24.674853
0,2,5,2,0,2,2026-07-15T12:36:26.212412
0,2,6,2,0,2,2026-07-15T12:36:31.681394
0,2,7,2,0,2,2026-07-15T12:36:33.232813
0,2,8,2,0,2,2026-07-15T12:36:34.724398
0,2,9,2,0,2,2026-07-15T12:36:36.286250
0,2,10,2,0,2,2026-07-15T12:36:37.806454
0,3,1,2,0,2,2026-07-15T12:36:39.290620
0,3,2,2,0,2,2026-07-15T12:36:40.809190
0,3,3,2,0,2,2026-07-15T12:36:42.418289
0,3,4,2,0,2,2026-07-15T12:36:44.287822
0,3,5,2,0,2,2026-07-15T12:36:45.907634
0,3,6,2,0,2,2026-07-15T12:36:47.493215
0,3,7,2,0,2,2026-07-15T12:36:49.334348
0,3,8,2,0,2,2026-07-15T12:36:49.884308
0,3,9,2,0,2,2026-07-15T12:36:51.784363
0,3,10,2,0,2,2026-07-15T12:36:54.338870
0,4,1,0,0,0,2026-07-15T12:36:54.908462
0,4,2,0,0,0,2026-07-15T12:36:55.406608
0,4,3,0,0,0,2026-07-15T12:36:55.920215
0,4,4,0,0,0,2026-07-15T12:36:57.420223
0,4,5,0,0,0,2026-07-15T12:36:58.981490
0,4,6,0,0,0,2026-07-15T12:37:00.484879
0,4,7,0,0,0,2026-07-15T12:37:02.031482
0,4,8,0,0,0,2026-07-15T12:37:09.079647
0,4,9,0,0,0,2026-07-15T12:37:10.663021
0,4,10,0,0,0,2026-07-15T12:37:12.165606
0,5,1,3,0,3,2026-07-15T12:37:13.730930
0,5,2,4,0,4,2026-07-15T12:37:15.353347
0,5,3,4,0,4,2026-07-15T12:37:16.969487
0,5,4,4,0,4,2026-07-15T12:37:18.464028
0,5,5,4,0,4,2026-07-15T12:37:20.227849
0,5,6,4,0,4,2026-07-15T12:37:26.527262
0,5,7,4,0,4,2026-07-15T12:37:28.154775
0,5,8,4,0,4,2026-07-15T12:37:29.676816
0,5,9,4,0,4,2026-07-15T12:37:31.220177
0,5,10,3,0,3,2026-07-15T12:37:32.741133
0,6,1,0,0,0,2026-07-15T12:37:34.962042
0,6,2,0,0,0,2026-07-15T12:37:36.552493
0,6,3,0,0,0,2026-07-15T12:37:38.061520
0,6,4,0,0,0,2026-07-15T12:37:39.706330
0,6,5,0,0,0,2026-07-15T12:37:41.277566
0,6,6,0,0,0,2026-07-15T12:37:42.946440
0,6,7,0,0,0,2026-07-15T12:37:45.268522
0,6,8,0,0,0,2026-07-15T12:37:46.757027
0,6,9,0,0,0,2026-07-15T12:37:49.065173
0,6,10,0,0,0,2026-07-15T12:37:50.289283
0,7,1,4,0,4,2026-07-15T12:37:52.481687
0,7,2,4,0,4,2026-07-15T12:37:54.756901
0,7,3,4,0,4,2026-07-15T12:37:56.265738
0,7,4,4,0,4,2026-07-15T12:37:57.833657
0,7,5,4,0,4,2026-07-15T12:37:59.368164
0,7,6,4,0,4,2026-07-15T12:38:00.886028
0,7,7,4,0,4,2026-07-15T12:38:13.531755
0,7,8,4,0,4,2026-07-15T12:38:18.631230
0,7,9,4,0,4,2026-07-15T12:38:20.231911
0,7,10,4,0,4,2026-07-15T12:38:21.761330
0,8,1,0,0,0,2026-07-15T12:38:26.733723
0,8,2,0,0,0,2026-07-15T12:38:28.286291
0,8,3,0,0,0,2026-07-15T12:38:32.830920
0,8,4,0,0,0,2026-07-15T12:38:34.296670
0,8,5,0,0,0,2026-07-15T12:38:34.873888
0,8,6,0,0,0,2026-07-15T12:38:36.457506
0,8,7,0,0,0,2026-07-15T12:38:38.033639
0,8,8,0,0,0,2026-07-15T12:38:38.534783
0,8,9,0,0,0,2026-07-15T12:38:40.060411
0,8,10,0,0,0,2026-07-15T12:38:41.633186
0,9,1,5,0,5,2026-07-15T12:38:42.147792
0,9,2,5,0,5,2026-07-15T12:38:43.907804
0,9,3,5,0,5,2026-07-15T12:38:45.534499
0,9,4,5,0,5,2026-07-15T12:38:46.116224
0,9,5,5,0,5,2026-07-15T12:38:47.611379
0,9,6,5,0,5,2026-07-15T12:38:49.118727
0,9,7,5,0,5,2026-07-15T12:38:50.608439
0,9,8,5,0,5,2026-07-15T12:38:52.187714
0,9,9,5,0,5,2026-07-15T12:38:53.724550
0,9,10,5,0,5,2026-07-15T12:38:55.263014
1,1,1,5,0,5,2026-07-15T12:38:56.851060
1,1,2,5,0,5,2026-07-15T12:38:57.311863
1,1,3,5,0,5,2026-07-15T12:38:58.953891
1,1,4,5,0,5,2026-07-15T12:39:00.468588
1,1,5,5,0,5,2026-07-15T12:39:01.982529
1,1,6,5,0,5,2026-07-15T12:39:03.495034
1,1,7,5,0,5,2026-07-15T12:39:07.179649
1,1,8,5,0,5,2026-07-15T12:39:08.816678
1,1,9,5,0,5,2026-07-15T12:39:10.300806
1,1,10,5,0,5,2026-07-15T12:39:12.728192
1,2,1,3,0,3,2026-07-15T12:39:14.220708
1,2,2,3,0,3,2026-07-15T12:39:15.711173
1,2,3,3,0,3,2026-07-15T12:39:20.645668
1,2,4,3,0,3,2026-07-15T12:39:22.143256
1,2,5,3,0,3,2026-07-15T12:39:24.360485
1,2,6,3,0,3,2026-07-15T12:39:25.858747
1,2,7,3,0,3,2026-07-15T12:39:30.871128
1,2,8,3,0,3,2026-07-15T12:39:32.393195
1,2,9,3,0,3,2026-07-15T12:39:34.002929
1,2,10,3,0,3,2026-07-15T12:39:35.509081
1,3,1,3,0,3,2026-07-15T12:39:37.070411
1,3,2,3,0,3,2026-07-15T12:39:38.625080
1,3,3,3,0,3,2026-07-15T12:39:44.098658
1,3,4,3,0,3,2026-07-15T12:39:45.807048
1,3,5,3,0,3,2026-07-15T12:39:47.394376
1,3,6,3,0,3,2026-07-15T12:39:52.412955
1,3,7,3,0,3,2026-07-15T12:39:54.714840
1,3,8,3,0,3,2026-07-15T12:39:56.324150
1,3,9,3,0,3,2026-07-15T12:39:58.013025
1,3,10,3,0,3,2026-07-15T12:40:00.374994
1,4,1,0,0,0,2026-07-15T12:40:02.612910
1,4,2,0,0,0,2026-07-15T12:40:04.173775
1,4,3,0,0,0,2026-07-15T12:40:05.659707
1,4,4,0,0,0,2026-07-15T12:40:07.311687
1,4,5,0,0,0,2026-07-15T12:40:08.843280
1,4,6,0,0,0,2026-07-15T12:40:10.552220
1,4,7,0,0,0,2026-07-15T12:40:12.080235
1,4,8,0,0,0,2026-07-15T12:40:13.661673
1,4,9,0,0,0,2026-07-15T12:40:15.236599
1,4,10,0,0,0,2026-07-15T12:40:16.749813
1,5,1,4,0,4,2026-07-15T12:40:18.330434
1,5,2,4,0,4,2026-07-15T12:40:19.993280
1,5,3,4,0,4,2026-07-15T12:40:21.525233
1,5,4,4,0,4,2026-07-15T12:40:23.115580
1,5,5,4,0,4,2026-07-15T12:40:24.759564
1,5,6,4,0,4,2026-07-15T12:40:29.722600
1,5,7,4,0,4,2026-07-15T12:40:31.286294
1,5,8,4,0,4,2026-07-15T12:40:35.342070
1,5,9,4,0,4,2026-07-15T12:40:36.964367
1,5,10,4,0,4,2026-07-15T12:40:38.679577
1,6,1,0,0,0,2026-07-15T12:40:40.228599
1,6,2,0,0,0,2026-07-15T12:40:41.863407
1,6,3,0,0,0,2026-07-15T12:40:43.500251
1,6,4,0,0,0,2026-07-15T12:40:45.117563
1,6,5,0,0,0,2026-07-15T12:40:46.747423
1,6,6,0,0,0,2026-07-15T12:40:48.266729
1,6,7,0,0,0,2026-07-15T12:40:49.820179
1,6,8,0,0,0,2026-07-15T12:40:51.352713
1,6,9,0,0,0,2026-07-15T12:40:52.929796
1,6,10,0,0,0,2026-07-15T12:40:54.589965
1,7,1,5,0,5,2026-07-15T12:40:56.145916
1,7,2,5,0,5,2026-07-15T12:40:57.877478
1,7,3,5,0,5,2026-07-15T12:40:59.521843
1,7,4,5,0,5,2026-07-15T12:41:01.028643
1,7,5,5,0,5,2026-07-15T12:41:11.040790
1,7,6,5,0,5,2026-07-15T12:41:12.750674
1,7,7,5,0,5,2026-07-15T12:41:17.485875
1,7,8,5,0,5,2026-07-15T12:41:19.063637
1,7,9,5,0,5,2026-07-15T12:41:20.910639
1,7,10,5,0,5,2026-07-15T12:41:22.501371
1,8,1,3,0,3,2026-07-15T12:41:24.129792
1,8,2,3,0,3,2026-07-15T12:41:25.626670
1,8,3,3,0,3,2026-07-15T12:41:27.182166
1,8,4,3,0,3,2026-07-15T12:41:28.789842
1,8,5,3,0,3,2026-07-15T12:41:30.312107
1,8,6,3,0,3,2026-07-15T12:41:32.000086
1,8,7,3,0,3,2026-07-15T12:41:33.523319
1,8,8,3,0,3,2026-07-15T12:41:35.031513
1,8,9,3,0,3,2026-07-15T12:41:36.664317
1,8,10,3,0,3,2026-07-15T12:41:38.347763
1,9,1,5,0,5,2026-07-15T12:41:40.038588
1,9,2,5,0,5,2026-07-15T12:41:41.635994
1,9,3,5,0,5,2026-07-15T12:41:45.844814
1,9,4,5,0,5,2026-07-15T12:41:47.755245
1,9,5,5,0,5,2026-07-15T12:41:49.372915
1,9,6,5,0,5,2026-07-15T12:41:50.938758
1,9,7,5,0,5,2026-07-15T12:41:52.442175
1,9,8,5,0,5,2026-07-15T12:41:53.961796
1,9,9,5,0,5,2026-07-15T12:41:55.548913
1,9,10,5,0,5,2026-07-15T12:41:57.062831
2,1,1,4,0,4,2026-07-15T12:41:58.584705
2,1,2,4,0,4,2026-07-15T12:42:00.091238
2,1,3,4,0,4,2026-07-15T12:42:01.660083
2,1,4,4,0,4,2026-07-15T12:42:03.155468
2,1,5,4,0,4,2026-07-15T12:42:04.795819
2,1,6,4,0,4,2026-07-15T12:42:06.602283
2,1,7,4,0,4,2026-07-15T12:42:08.234011
2,1,8,4,0,4,2026-07-15T12:42:10.564005
2,1,9,4,0,4,2026-07-15T12:42:12.189621
2,1,10,4,0,4,2026-07-15T12:42:15.385682
2,2,1,0,0,0,2026-07-15T12:42:17.107068
2,2,2,0,0,0,2026-07-15T12:42:18.721319
2,2,3,0,0,0,2026-07-15T12:42:21.077815
2,2,4,0,0,0,2026-07-15T12:42:23.308267
2,2,5,0,0,0,2026-07-15T12:42:24.977977
2,2,6,0,0,0,2026-07-15T12:42:26.573524
2,2,7,0,0,0,2026-07-15T12:42:28.969721
2,2,8,0,0,0,2026-07-15T12:42:31.212079
2,2,9,0,0,0,2026-07-15T12:42:32.777533
2,2,10,0,0,0,2026-07-15T12:42:34.409733
2,3,1,3,0,3,2026-07-15T12:42:35.953429
2,3,2,3,0,3,2026-07-15T12:42:38.070877
2,3,3,3,0,3,2026-07-15T12:42:39.856207
2,3,4,3,0,3,2026-07-15T12:42:41.463083
2,3,5,3,0,3,2026-07-15T12:42:42.140287
2,3,6,3,0,3,2026-07-15T12:42:43.827352
2,3,7,3,0,3,2026-07-15T12:42:45.399829
2,3,8,3,0,3,2026-07-15T12:42:46.961101
2,3,9,3,0,3,2026-07-15T12:42:48.720382
2,3,10,3,0,3,2026-07-15T12:42:50.278862
2,4,1,0,0,0,2026-07-15T12:42:51.893799
2,4,2,0,0,0,2026-07-15T12:42:53.492029
2,4,3,0,0,0,2026-07-15T12:42:55.099247
2,4,4,0,0,0,2026-07-15T12:42:56.899002
2,4,5,0,0,0,2026-07-15T12:42:59.200135
2,4,6,0,0,0,2026-07-15T12:43:01.426480
2,4,7,0,0,0,2026-07-15T12:43:03.058144
2,4,8,0,0,0,2026-07-15T12:43:05.276831
2,4,9,0,0,0,2026-07-15T12:43:06.788814
2,4,10,0,0,0,2026-07-15T12:43:07.417009
2,5,1,4,0,4,2026-07-15T12:43:08.970381
2,5,2,4,0,4,2026-07-15T12:43:10.556339
2,5,3,4,0,4,2026-07-15T12:43:12.219784
2,5,4,4,0,4,2026-07-15T12:43:13.726361
2,5,5,4,0,4,2026-07-15T12:43:16.067698
2,5,6,4,0,4,2026-07-15T12:43:18.386313
2,5,7,4,0,4,2026-07-15T12:43:19.935803
2,5,8,4,0,4,2026-07-15T12:43:22.215120
2,5,9,4,0,4,2026-07-15T12:43:23.769729
2,5,10,4,0,4,2026-07-15T12:43:25.305653
2,6,1,0,0,0,2026-07-15T12:43:27.545527
2,6,2,0,0,0,2026-07-15T12:43:29.123367
2,6,3,0,0,0,2026-07-15T12:43:31.418129
2,6,4,0,0,0,2026-07-15T12:43:33.612619
2,6,5,0,0,0,2026-07-15T12:43:35.862019
2,6,6,0,0,0,2026-07-15T12:43:37.391668
2,6,7,0,0,0,2026-07-15T12:43:39.019803
2,6,8,0,0,0,2026-07-15T12:43:44.006841
2,6,9,0,0,0,2026-07-15T12:43:45.620542
2,6,10,0,0,0,2026-07-15T12:43:48.811280
2,7,1,4,0,4,2026-07-15T12:43:51.192377
2,7,2,4,0,4,2026-07-15T12:43:55.630448
2,7,3,4,0,4,2026-07-15T12:43:57.894559
2,7,4,4,0,4,2026-07-15T12:44:00.170863
2,7,5,4,0,4,2026-07-15T12:44:03.102559
2,7,6,4,0,4,2026-07-15T12:44:05.355575
2,7,7,4,0,4,2026-07-15T12:44:07.603097
2,7,8,4,0,4,2026-07-15T12:44:11.709226
2,7,9,4,0,4,2026-07-15T12:44:13.936857
2,7,10,4,0,4,2026-07-15T12:44:15.264618
2,8,1,0,0,0,2026-07-15T12:44:17.474425
2,8,2,0,0,0,2026-07-15T12:44:19.818392
2,8,3,0,0,0,2026-07-15T12:44:22.021698
2,8,4,0,0,0,2026-07-15T12:44:24.288455
2,8,5,0,0,0,2026-07-15T12:44:25.803580
2,8,6,0,0,0,2026-07-15T12:44:26.312849
2,8,7,0,0,0,2026-07-15T12:44:28.559621
2,8,8,0,0,0,2026-07-15T12:44:30.075221
2,8,9,0,0,0,2026-07-15T12:44:31.641263
2,8,10,0,0,0,2026-07-15T12:44:33.905330
2,9,1,5,0,5,2026-07-15T12:44:35.453651
2,9,2,5,0,5,2026-07-15T12:44:37.622796
2,9,3,5,0,5,2026-07-15T12:44:39.696111
2,9,4,5,0,5,2026-07-15T12:44:41.947002
2,9,5,5,0,5,2026-07-15T12:44:44.399560
2,9,6,5,0,5,2026-07-15T12:44:46.815291
2,9,7,5,0,5,2026-07-15T12:44:49.116726
2,9,8,5,0,5,2026-07-15T12:44:51.523756
2,9,9,5,0,5,2026-07-15T12:44:55.756095
2,9,10,5,0,5,2026-07-15T12:45:02.580954
3,1,1,4,0,4,2026-07-15T12:45:05.022881
3,1,2,4,0,4,2026-07-15T12:45:06.592545
3,1,3,4,0,4,2026-07-15T12:45:08.869597
3,1,4,4,0,4,2026-07-15T12:45:10.616748
3,1,5,4,0,4,2026-07-15T12:45:12.082867
3,1,6,4,0,4,2026-07-15T12:45:14.429375
3,1,7,4,0,4,2026-07-15T12:45:15.954841
3,1,8,4,0,4,2026-07-15T12:45:18.450355
3,1,9,4,0,4,2026-07-15T12:45:20.679139
3,1,10,4,0,4,2026-07-15T12:45:22.958552
3,2,1,2,0,2,2026-07-15T12:45:25.273120
3,2,2,2,0,2,2026-07-15T12:45:26.502601
3,2,3,2,0,2,2026-07-15T12:45:28.131195
3,2,4,2,0,2,2026-07-15T12:45:29.837913
3,2,5,2,0,2,2026-07-15T12:45:32.052701
3,2,6,2,0,2,2026-07-15T12:45:33.693055
3,2,7,2,0,2,2026-07-15T12:45:35.954784
3,2,8,2,0,2,2026-07-15T12:45:37.510355
3,2,9,2,0,2,2026-07-15T12:45:41.137320
3,2,10,2,0,2,2026-07-15T12:45:43.458174
3,3,1,3,0,3,2026-07-15T12:45:45.894108
3,3,2,3,0,3,2026-07-15T12:45:48.365080
3,3,3,3,0,3,2026-07-15T12:45:50.137425
3,3,4,3,0,3,2026-07-15T12:45:51.827930
3,3,5,3,0,3,2026-07-15T12:45:54.046321
3,3,6,3,0,3,2026-07-15T12:45:55.650652
3,3,7,3,0,3,2026-07-15T12:45:57.938009
3,3,8,3,0,3,2026-07-15T12:45:59.458906
3,3,9,3,0,3,2026-07-15T12:46:00.978814
3,3,10,3,0,3,2026-07-15T12:46:03.241122
3,4,1,0,0,0,2026-07-15T12:46:05.637672
3,4,2,0,0,0,2026-07-15T12:46:11.029670
3,4,3,0,0,0,2026-07-15T12:46:13.223070
3,4,4,0,0,0,2026-07-15T12:46:15.593439
3,4,5,0,0,0,2026-07-15T12:46:17.673513
3,4,6,0,0,0,2026-07-15T12:46:20.112556
3,4,7,0,0,0,2026-07-15T12:46:23.151607
3,4,8,0,0,0,2026-07-15T12:46:24.746052
3,4,9,0,0,0,2026-07-15T12:46:27.136330
3,4,10,0,0,0,2026-07-15T12:46:29.426063
3,5,1,4,0,4,2026-07-15T12:46:32.375457
3,5,2,4,0,4,2026-07-15T12:46:34.717123
3,5,3,4,0,4,2026-07-15T12:46:37.432904
3,5,4,4,0,4,2026-07-15T12:46:39.742422
3,5,5,4,0,4,2026-07-15T12:46:41.922288
3,5,6,4,0,4,2026-07-15T12:46:44.183790
3,5,7,4,0,4,2026-07-15T12:46:45.936919
3,5,8,4,0,4,2026-07-15T12:46:47.580354
3,5,9,4,0,4,2026-07-15T12:46:49.884020
3,5,10,4,0,4,2026-07-15T12:46:52.283181
3,6,1,0,0,0,2026-07-15T12:46:54.567401
3,6,2,0,0,0,2026-07-15T12:47:00.487825
3,6,3,0,0,0,2026-07-15T12:47:02.082865
3,6,4,0,0,0,2026-07-15T12:47:04.420728
3,6,5,0,0,0,2026-07-15T12:47:08.845511
3,6,6,0,0,0,2026-07-15T12:47:12.792047
3,6,7,0,0,0,2026-07-15T12:47:14.505806
3,6,8,0,0,0,2026-07-15T12:47:16.789056
3,6,9,0,0,0,2026-07-15T12:47:18.710287
3,6,10,0,0,0,2026-07-15T12:47:24.807977
3,7,1,4,0,4,2026-07-15T12:47:27.101085
3,7,2,4,0,4,2026-07-15T12:47:28.774611
3,7,3,4,0,4,2026-07-15T12:47:30.343899
3,7,4,4,0,4,2026-07-15T12:47:31.876770
3,7,5,4,0,4,2026-07-15T12:47:37.643763
3,7,6,4,0,4,2026-07-15T12:47:39.855360
3,7,7,4,0,4,2026-07-15T12:47:42.132039
3,7,8,4,0,4,2026-07-15T12:47:44.540600
3,7,9,4,0,4,2026-07-15T12:47:47.192966
3,7,10,4,0,4,2026-07-15T12:47:49.679169
3,8,1,0,0,0,2026-07-15T12:47:51.958530
3,8,2,0,0,0,2026-07-15T12:47:54.347864
3,8,3,0,0,0,2026-07-15T12:47:55.906995
3,8,4,0,0,0,2026-07-15T12:48:02.077589
3,8,5,0,0,0,2026-07-15T12:48:03.641817
3,8,6,0,0,0,2026-07-15T12:48:06.068049
3,8,7,0,0,0,2026-07-15T12:48:08.518260
3,8,8,0,0,0,2026-07-15T12:48:10.279367
3,8,9,0,0,0,2026-07-15T12:48:11.849243
3,8,10,0,0,0,2026-07-15T12:48:13.446288
3,9,1,5,0,5,2026-07-15T12:48:15.173791
3,9,2,5,0,5,2026-07-15T12:48:17.692089
3,9,3,5,0,5,2026-07-15T12:48:19.349183
3,9,4,5,0,5,2026-07-15T12:48:21.703647
3,9,5,5,0,5,2026-07-15T12:48:23.906026
3,9,6,5,0,5,2026-07-15T12:48:26.139533
3,9,7,5,0,5,2026-07-15T12:48:27.721621
3,9,8,5,0,5,2026-07-15T12:48:29.635576
3,9,9,5,0,5,2026-07-15T12:48:31.869870
3,9,10,5,0,5,2026-07-15T12:48:33.522537
4,1,1,3,0,3,2026-07-15T12:48:35.082621
4,1,2,3,0,3,2026-07-15T12:48:37.396284
4,1,3,3,0,3,2026-07-15T12:48:39.558338
4,1,4,3,0,3,2026-07-15T12:48:40.070142
4,1,5,3,0,3,2026-07-15T12:48:41.251022
4,1,6,3,0,3,2026-07-15T12:48:42.486222
4,1,7,3,0,3,2026-07-15T12:48:44.743615
4,1,8,3,0,3,2026-07-15T12:48:46.527679
4,1,9,3,0,3,2026-07-15T12:48:48.069594
4,1,10,3,0,3,2026-07-15T12:48:50.343194
4,2,1,2,0,2,2026-07-15T12:48:54.029108
4,2,2,2,0,2,2026-07-15T12:48:55.776913
4,2,3,2,0,2,2026-07-15T12:48:58.009101
4,2,4,2,0,2,2026-07-15T12:48:58.482673
4,2,5,2,0,2,2026-07-15T12:48:59.967730
4,2,6,2,0,2,2026-07-15T12:49:00.650118
4,2,7,2,0,2,2026-07-15T12:49:02.837122
4,2,8,2,0,2,2026-07-15T12:49:04.061560
4,2,9,2,0,2,2026-07-15T12:49:04.633954
4,2,10,2,0,2,2026-07-15T12:49:06.187065
4,3,1,3,0,3,2026-07-15T12:49:06.686883
4,3,2,3,0,3,2026-07-15T12:49:08.987426
4,3,3,3,0,3,2026-07-15T12:49:09.465275
4,3,4,3,0,3,2026-07-15T12:49:15.349402
4,3,5,3,0,3,2026-07-15T12:49:15.827636
4,3,6,3,0,3,2026-07-15T12:49:18.017776
4,3,7,3,0,3,2026-07-15T12:49:18.668820
4,3,8,3,0,3,2026-07-15T12:49:19.845538
4,3,9,3,0,3,2026-07-15T12:49:21.331328
4,3,10,3,0,3,2026-07-15T12:49:27.155214
4,4,1,0,0,0,2026-07-15T12:49:29.321023
4,4,2,0,0,0,2026-07-15T12:49:30.546274
4,4,3,0,0,0,2026-07-15T12:49:35.996042
4,4,4,0,0,0,2026-07-15T12:49:37.527278
4,4,5,0,0,0,2026-07-15T12:49:38.233632
4,4,6,0,0,0,2026-07-15T12:49:40.483710
4,4,7,0,0,0,2026-07-15T12:49:40.955299
4,4,8,0,0,0,2026-07-15T12:49:42.459348
4,4,9,0,0,0,2026-07-15T12:49:43.148509
4,4,10,0,0,0,2026-07-15T12:49:44.695864
4,5,1,3,0,3,2026-07-15T12:49:45.413189
4,5,2,3,0,3,2026-07-15T12:49:46.965203
4,5,3,3,0,3,2026-07-15T12:49:48.566279
4,5,4,3,0,3,2026-07-15T12:49:53.637627
4,5,5,3,0,3,2026-07-15T12:49:55.925734
4,5,6,3,0,3,2026-07-15T12:49:56.626114
4,5,7,3,0,3,2026-07-15T12:49:58.878918
4,5,8,3,0,3,2026-07-15T12:50:05.349860
4,5,9,3,0,3,2026-07-15T12:50:06.902403
4,5,10,3,0,3,2026-07-15T12:50:09.178853
4,6,1,0,0,0,2026-07-15T12:50:10.411004
4,6,2,0,0,0,2026-07-15T12:50:15.310501
4,6,3,0,0,0,2026-07-15T12:50:17.639210
4,6,4,0,0,0,2026-07-15T12:50:22.309448
4,6,5,0,0,0,2026-07-15T12:50:23.950271
4,6,6,0,0,0,2026-07-15T12:50:25.445636
4,6,7,0,0,0,2026-07-15T12:50:26.016786
4,6,8,0,0,0,2026-07-15T12:50:27.522832
4,6,9,0,0,0,2026-07-15T12:50:31.858544
4,6,10,0,0,0,2026-07-15T12:50:33.405278
4,7,1,3,0,3,2026-07-15T12:50:34.598151
4,7,2,3,0,3,2026-07-15T12:50:36.827226
4,7,3,3,0,3,2026-07-15T12:50:38.368357
4,7,4,3,0,3,2026-07-15T12:50:39.825863
4,7,5,3,0,3,2026-07-15T12:50:42.041249
4,7,6,3,0,3,2026-07-15T12:50:43.275449
4,7,7,3,0,3,2026-07-15T12:50:44.821018
4,7,8,3,0,3,2026-07-15T12:50:46.517293
4,7,9,3,0,3,2026-07-15T12:50:48.868474
4,7,10,3,0,3,2026-07-15T12:50:50.120865
4,8,1,2,0,2,2026-07-15T12:50:52.347676
4,8,2,2,0,2,2026-07-15T12:50:53.574514
4,8,3,2,0,2,2026-07-15T12:50:54.749201
4,8,4,2,0,2,2026-07-15T12:50:55.913321
4,8,5,2,0,2,2026-07-15T12:50:58.299059
4,8,6,2,0,2,2026-07-15T12:51:02.479257
4,8,7,2,0,2,2026-07-15T12:51:04.006833
4,8,8,2,0,2,2026-07-15T12:51:09.049540
4,8,9,2,0,2,2026-07-15T12:51:11.250935
4,8,10,2,0,2,2026-07-15T12:51:12.447249
4,9,1,4,0,4,2026-07-15T12:51:13.960286
4,9,2,4,0,4,2026-07-15T12:51:15.457460
4,9,3,4,0,4,2026-07-15T12:51:17.032429
4,9,4,4,0,4,2026-07-15T12:51:22.209603
4,9,5,4,0,4,2026-07-15T12:51:22.725517
4,9,6,4,0,4,2026-07-15T12:51:23.306883
4,9,7,4,0,4,2026-07-15T12:51:26.426810
4,9,8,4,0,4,2026-07-15T12:51:28.052222
4,9,9,4,0,4,2026-07-15T12:51:28.629070
4,9,10,4,0,4,2026-07-15T12:51:30.820147
5,1,1,3,0,3,2026-07-15T12:51:31.379827
5,1,2,3,0,3,2026-07-15T12:51:33.590974
5,1,3,3,0,3,2026-07-15T12:51:34.810794
5,1,4,3,0,3,2026-07-15T12:51:37.166486
5,1,5,3,0,3,2026-07-15T12:51:38.420378
5,1,6,3,0,3,2026-07-15T12:51:39.964733
5,1,7,3,0,3,2026-07-15T12:51:41.465095
5,1,8,3,0,3,2026-07-15T12:51:43.677808
5,1,9,3,0,3,2026-07-15T12:51:45.247180
5,1,10,3,0,3,2026-07-15T12:51:45.841543
5,2,1,2,0,2,2026-07-15T12:51:47.117277
5,2,2,2,0,2,2026-07-15T12:51:49.360299
5,2,3,2,0,2,2026-07-15T12:51:51.605576
5,2,4,2,0,2,2026-07-15T12:51:52.776909
5,2,5,2,0,2,2026-07-15T12:51:54.981388
5,2,6,2,0,2,2026-07-15T12:51:56.559998
5,2,7,2,0,2,2026-07-15T12:51:58.867593
5,2,8,2,0,2,2026-07-15T12:52:05.962023
5,2,9,2,0,2,2026-07-15T12:52:08.271953
5,2,10,2,0,2,2026-07-15T12:52:10.591558
5,3,1,2,0,2,2026-07-15T12:52:13.040187
5,3,2,2,0,2,2026-07-15T12:52:14.764136
5,3,3,2,0,2,2026-07-15T12:52:16.399871
5,3,4,2,0,2,2026-07-15T12:52:17.999367
5,3,5,2,0,2,2026-07-15T12:52:19.583512
5,3,6,2,0,2,2026-07-15T12:52:21.835083
5,3,7,2,0,2,2026-07-15T12:52:24.503673
5,3,8,2,0,2,2026-07-15T12:52:26.799637
5,3,9,2,0,2,2026-07-15T12:52:28.569080
5,3,10,2,0,2,2026-07-15T12:52:30.810494
5,4,1,0,0,0,2026-07-15T12:52:32.589112
5,4,2,0,0,0,2026-07-15T12:52:34.195488
5,4,3,0,0,0,2026-07-15T12:52:36.529445
5,4,4,0,0,0,2026-07-15T12:52:38.115541
5,4,5,0,0,0,2026-07-15T12:52:40.318821
5,4,6,0,0,0,2026-07-15T12:52:42.088377
5,4,7,0,0,0,2026-07-15T12:52:43.946319
5,4,8,0,0,0,2026-07-15T12:52:45.567976
5,4,9,0,0,0,2026-07-15T12:52:47.919895
5,4,10,0,0,0,2026-07-15T12:52:49.592219
5,5,1,3,0,3,2026-07-15T12:52:51.481980
5,5,2,3,0,3,2026-07-15T12:52:53.044187
5,5,3,3,0,3,2026-07-15T12:52:54.669004
5,5,4,3,0,3,2026-07-15T12:52:57.033824
5,5,5,3,0,3,2026-07-15T12:52:58.889715
5,5,6,3,0,3,2026-07-15T12:53:00.471048
5,5,7,3,0,3,2026-07-15T12:53:06.426554
5,5,8,3,0,3,2026-07-15T12:53:08.192557
5,5,9,3,0,3,2026-07-15T12:53:10.470894
5,5,10,3,0,3,2026-07-15T12:53:13.526149
5,6,1,0,0,0,2026-07-15T12:53:18.298146
5,6,2,0,0,0,2026-07-15T12:53:18.897619
5,6,3,0,0,0,2026-07-15T12:53:21.174039
5,6,4,0,0,0,2026-07-15T12:53:23.572027
5,6,5,0,0,0,2026-07-15T12:53:25.286891
5,6,6,0,0,0,2026-07-15T12:53:27.728438
5,6,7,0,0,0,2026-07-15T12:53:30.048249
5,6,8,0,0,0,2026-07-15T12:53:31.615604
5,6,9,0,0,0,2026-07-15T12:53:34.016940
5,6,10,0,0,0,2026-07-15T12:53:39.938169
5,7,1,3,0,3,2026-07-15T12:53:42.328669
5,7,2,3,0,3,2026-07-15T12:53:47.164842
5,7,3,3,0,3,2026-07-15T12:53:48.772143
5,7,4,3,0,3,2026-07-15T12:53:51.124476
5,7,5,3,0,3,2026-07-15T12:53:53.531852
5,7,6,3,0,3,2026-07-15T12:53:55.811148
5,7,7,3,0,3,2026-07-15T12:53:57.623557
5,7,8,3,0,3,2026-07-15T12:53:59.400100
5,7,9,3,0,3,2026-07-15T12:54:01.777231
5,7,10,3,0,3,2026-07-15T12:54:03.997659
5,8,1,2,0,2,2026-07-15T12:54:06.362112
5,8,2,2,0,2,2026-07-15T12:54:08.553933
5,8,3,2,0,2,2026-07-15T12:54:10.223335
5,8,4,2,0,2,2026-07-15T12:54:11.869060
5,8,5,2,0,2,2026-07-15T12:54:20.836516
5,8,6,2,0,2,2026-07-15T12:54:23.198621
5,8,7,2,0,2,2026-07-15T12:54:25.505456
5,8,8,2,0,2,2026-07-15T12:54:27.021506
5,8,9,2,0,2,2026-07-15T12:54:29.461606
5,8,10,2,0,2,2026-07-15T12:54:31.739091
5,9,1,4,0,4,2026-07-15T12:54:33.280136
5,9,2,4,0,4,2026-07-15T12:54:35.649672
5,9,3,4,0,4,2026-07-15T12:54:38.195803
5,9,4,4,0,4,2026-07-15T12:54:39.798429
5,9,5,4,0,4,2026-07-15T12:54:41.328437
5,9,6,4,0,4,2026-07-15T12:54:43.746696
5,9,7,4,0,4,2026-07-15T12:54:46.562136
5,9,8,4,0,4,2026-07-15T12:54:48.869513
5,9,9,4,0,4,2026-07-15T12:54:50.582008
5,9,10,4,0,4,2026-07-15T12:54:53.396198
6,1,1,5,0,5,2026-07-15T12:54:55.606093
6,1,2,5,0,5,2026-07-15T12:55:01.313454
6,1,3,5,0,5,2026-07-15T12:55:03.708772
6,1,4,5,0,5,2026-07-15T12:55:06.350123
6,1,5,5,0,5,2026-07-15T12:55:07.906416
6,1,6,5,0,5,2026-07-15T12:55:09.572153
6,1,7,5,0,5,2026-07-15T12:55:11.273588
6,1,8,5,0,5,2026-07-15T12:55:13.033920
6,1,9,5,0,5,2026-07-15T12:55:15.271522
6,1,10,5,0,5,2026-07-15T12:55:17.465259
6,2,1,0,0,0,2026-07-15T12:55:19.089015
6,2,2,0,0,0,2026-07-15T12:55:20.877247
6,2,3,0,0,0,2026-07-15T12:55:23.167416
6,2,4,0,0,0,2026-07-15T12:55:25.002893
6,2,5,0,0,0,2026-07-15T12:55:27.308716
6,2,6,0,0,0,2026-07-15T12:55:28.920596
6,2,7,0,0,0,2026-07-15T12:55:31.444692
6,2,8,0,0,0,2026-07-15T12:55:33.818212
6,2,9,0,0,0,2026-07-15T12:55:36.101910
6,2,10,0,0,0,2026-07-15T12:55:37.632254
6,3,1,3,0,3,2026-07-15T12:55:39.941878
6,3,2,3,0,3,2026-07-15T12:55:42.574104
6,3,3,3,0,3,2026-07-15T12:55:48.066108
6,3,4,3,0,3,2026-07-15T12:55:50.131644
6,3,5,3,0,3,2026-07-15T12:55:52.534069
6,3,6,3,0,3,2026-07-15T12:55:54.326874
6,3,7,3,0,3,2026-07-15T12:55:56.035153
6,3,8,3,0,3,2026-07-15T12:55:57.922531
6,3,9,3,0,3,2026-07-15T12:55:59.577391
6,3,10,3,0,3,2026-07-15T12:56:01.269347
6,4,1,0,0,0,2026-07-15T12:56:03.175845
6,4,2,0,0,0,2026-07-15T12:56:04.958107
6,4,3,0,0,0,2026-07-15T12:56:06.841376
6,4,4,0,0,0,2026-07-15T12:56:08.444778
6,4,5,0,0,0,2026-07-15T12:56:10.893473
6,4,6,0,0,0,2026-07-15T12:56:13.078472
6,4,7,0,0,0,2026-07-15T12:56:21.736620
6,4,8,0,0,0,2026-07-15T12:56:24.017050
6,4,9,0,0,0,2026-07-15T12:56:25.864940
6,4,10,0,0,0,2026-07-15T12:56:28.025306
6,5,1,4,0,4,2026-07-15T12:56:29.666117
6,5,2,4,0,4,2026-07-15T12:56:31.290985
6,5,3,4,0,4,2026-07-15T12:56:33.732321
6,5,4,4,0,4,2026-07-15T12:56:35.268556
6,5,5,4,0,4,2026-07-15T12:56:37.882914
6,5,6,4,0,4,2026-07-15T12:56:38.926466
6,5,7,4,0,4,2026-07-15T12:56:40.700302
6,5,8,4,0,4,2026-07-15T12:56:42.526143
6,5,9,4,0,4,2026-07-15T12:56:44.328549
6,5,10,4,0,4,2026-07-15T12:56:46.776264
6,6,1,0,0,0,2026-07-15T12:56:48.337012
6,6,2,0,0,0,2026-07-15T12:56:50.123356
6,6,3,0,0,0,2026-07-15T12:56:51.772700
6,6,4,0,0,0,2026-07-15T12:56:53.640022
6,6,5,0,0,0,2026-07-15T12:56:55.375932
6,6,6,0,0,0,2026-07-15T12:56:57.813929
6,6,7,0,0,0,2026-07-15T12:56:59.412760
6,6,8,0,0,0,2026-07-15T12:57:01.274175
6,6,9,0,0,0,2026-07-15T12:57:03.709115
6,6,10,0,0,0,2026-07-15T12:57:05.979462
6,7,1,4,0,4,2026-07-15T12:57:07.559753
6,7,2,4,0,4,2026-07-15T12:57:10.028273
6,7,3,4,0,4,2026-07-15T12:57:11.743114
6,7,4,4,0,4,2026-07-15T12:57:13.498109
6,7,5,4,0,4,2026-07-15T12:57:15.858903
6,7,6,4,0,4,2026-07-15T12:57:16.388599
6,7,7,4,0,4,2026-07-15T12:57:18.289889
6,7,8,4,0,4,2026-07-15T12:57:20.016201
6,7,9,4,0,4,2026-07-15T12:57:22.240871
6,7,10,4,0,4,2026-07-15T12:57:23.899761
6,8,1,0,0,0,2026-07-15T12:57:25.571632
6,8,2,0,0,0,2026-07-15T12:57:27.810202
6,8,3,0,0,0,2026-07-15T12:57:30.143625
6,8,4,0,0,0,2026-07-15T12:57:32.000432
6,8,5,0,0,0,2026-07-15T12:57:33.529131
6,8,6,0,0,0,2026-07-15T12:57:36.319170
6,8,7,0,0,0,2026-07-15T12:57:38.963731
6,8,8,0,0,0,2026-07-15T12:57:40.524583
6,8,9,0,0,0,2026-07-15T12:57:43.293683
6,8,10,0,0,0,2026-07-15T12:57:45.193974
6,9,1,5,0,5,2026-07-15T12:57:46.853155
6,9,2,5,0,5,2026-07-15T12:57:49.421916
6,9,3,5,0,5,2026-07-15T12:57:51.722283
6,9,4,5,0,5,2026-07-15T12:57:54.184729
6,9,5,5,0,5,2026-07-15T12:57:55.774559
6,9,6,5,0,5,2026-07-15T12:57:57.540704
6,9,7,5,0,5,2026-07-15T12:57:59.098670
6,9,8,5,0,5,2026-07-15T12:58:00.766896
6,9,9,5,0,5,2026-07-15T12:58:03.098218
6,9,10,5,0,5,2026-07-15T12:58:05.552149
7,1,1,4,0,4,2026-07-15T12:58:08.016388
7,1,2,4,0,4,2026-07-15T12:58:09.967871
7,1,3,4,0,4,2026-07-15T12:58:11.702056
7,1,4,4,0,4,2026-07-15T12:58:14.133552
7,1,5,4,0,4,2026-07-15T12:58:16.058272
7,1,6,4,0,4,2026-07-15T12:58:17.893736
7,1,7,4,0,4,2026-07-15T12:58:19.572085
7,1,8,4,0,4,2026-07-15T12:58:21.536890
7,1,9,4,0,4,2026-07-15T12:58:23.197648
7,1,10,4,0,4,2026-07-15T12:58:25.050571
7,2,1,2,0,2,2026-07-15T12:58:26.803608
7,2,2,2,0,2,2026-07-15T12:58:28.323964
7,2,3,2,0,2,2026-07-15T12:58:30.087369
7,2,4,2,0,2,2026-07-15T12:58:32.410143
7,2,5,2,0,2,2026-07-15T12:58:33.988338
7,2,6,2,0,2,2026-07-15T12:58:35.719718
7,2,7,2,0,2,2026-07-15T12:58:38.019966
7,2,8,2,0,2,2026-07-15T12:58:39.586743
7,2,9,2,0,2,2026-07-15T12:58:41.143810
7,2,10,2,0,2,2026-07-15T12:58:43.673828
7,3,1,3,0,3,2026-07-15T12:58:45.545088
7,3,2,3,0,3,2026-07-15T12:58:47.212580
7,3,3,3,0,3,2026-07-15T12:58:48.869043
7,3,4,3,0,3,2026-07-15T12:58:50.537157
7,3,5,3,0,3,2026-07-15T12:58:52.828547
7,3,6,3,0,3,2026-07-15T12:58:54.618019
7,3,7,3,0,3,2026-07-15T12:58:56.334610
7,3,8,3,0,3,2026-07-15T12:58:58.697732
7,3,9,3,0,3,2026-07-15T12:59:00.875928
7,3,10,3,0,3,2026-07-15T12:59:02.982862
7,4,1,0,0,0,2026-07-15T12:59:05.457324
7,4,2,0,0,0,2026-07-15T12:59:07.178213
7,4,3,0,0,0,2026-07-15T12:59:08.804595
7,4,4,0,0,0,2026-07-15T12:59:11.322286
7,4,5,0,0,0,2026-07-15T12:59:13.011888
7,4,6,0,0,0,2026-07-15T12:59:16.494232
7,4,7,0,0,0,2026-07-15T12:59:18.866348
7,4,8,0,0,0,2026-07-15T12:59:20.504776
7,4,9,0,0,0,2026-07-15T12:59:22.192816
7,4,10,0,0,0,2026-07-15T12:59:23.958457
7,5,1,3,0,3,2026-07-15T12:59:25.446942
7,5,2,3,0,3,2026-07-15T12:59:27.890267
7,5,3,3,0,3,2026-07-15T12:59:29.667626
7,5,4,3,0,3,2026-07-15T12:59:31.199590
7,5,5,3,0,3,2026-07-15T12:59:32.959832
7,5,6,3,0,3,2026-07-15T12:59:34.781390
7,5,7,3,0,3,2026-07-15T12:59:36.396256
7,5,8,3,0,3,2026-07-15T12:59:38.181120
7,5,9,3,0,3,2026-07-15T12:59:39.834860
7,5,10,3,0,3,2026-07-15T12:59:41.748164
7,6,1,0,0,0,2026-07-15T12:59:44.033454
7,6,2,0,0,0,2026-07-15T12:59:45.721231
7,6,3,0,0,0,2026-07-15T12:59:47.518814
7,6,4,0,0,0,2026-07-15T12:59:49.872327
7,6,5,0,0,0,2026-07-15T12:59:51.495178
7,6,6,0,0,0,2026-07-15T12:59:52.026533
7,6,7,0,0,0,2026-07-15T12:59:54.198502
7,6,8,0,0,0,2026-07-15T12:59:56.699470
7,6,9,0,0,0,2026-07-15T12:59:57.340478
7,6,10,0,0,0,2026-07-15T12:59:59.580713
7,7,1,4,0,4,2026-07-15T13:00:02.084369
7,7,2,4,0,4,2026-07-15T13:00:03.948600
7,7,3,4,0,4,2026-07-15T13:00:04.479114
7,7,4,4,0,4,2026-07-15T13:00:06.915644
7,7,5,4,0,4,2026-07-15T13:00:09.178327
7,7,6,4,0,4,2026-07-15T13:00:10.831724
7,7,7,4,0,4,2026-07-15T13:00:13.014677
7,7,8,4,0,4,2026-07-15T13:00:14.754057
7,7,9,4,0,4,2026-07-15T13:00:17.016604
7,7,10,4,0,4,2026-07-15T13:00:18.698049
7,8,1,2,0,2,2026-07-15T13:00:20.259638
7,8,2,2,0,2,2026-07-15T13:00:21.765852
7,8,3,2,0,2,2026-07-15T13:00:23.690808
7,8,4,2,0,2,2026-07-15T13:00:26.119408
7,8,5,2,0,2,2026-07-15T13:00:28.266413
7,8,6,2,0,2,2026-07-15T13:00:29.958697
7,8,7,2,0,2,2026-07-15T13:00:31.721711
7,8,8,2,0,2,2026-07-15T13:00:33.332989
7,8,9,2,0,2,2026-07-15T13:00:35.512421
7,8,10,2,0,2,2026-07-15T13:00:37.192329
7,9,1,5,0,5,2026-07-15T13:00:39.511762
7,9,2,5,0,5,2026-07-15T13:00:41.231075
7,9,3,5,0,5,2026-07-15T13:00:41.777088
7,9,4,5,0,5,2026-07-15T13:00:43.534901
7,9,5,5,0,5,2026-07-15T13:00:45.374605
7,9,6,5,0,5,2026-07-15T13:00:47.202585
7,9,7,5,0,5,2026-07-15T13:00:48.753594
7,9,8,5,0,5,2026-07-15T13:00:50.532587
7,9,9,5,0,5,2026-07-15T13:00:53.706111
7,9,10,5,0,5,2026-07-15T13:00:55.287329
8,1,1,3,0,3,2026-07-15T13:00:57.017073
8,1,2,3,0,3,2026-07-15T13:00:58.536322
8,1,3,3,0,3,2026-07-15T13:01:00.186627
8,1,4,3,0,3,2026-07-15T13:01:02.046363
8,1,5,3,0,3,2026-07-15T13:01:03.857159
8,1,6,3,0,3,2026-07-15T13:01:05.417462
8,1,7,3,0,3,2026-07-15T13:01:07.178548
8,1,8,3,0,3,2026-07-15T13:01:09.607986
8,1,9,3,0,3,2026-07-15T13:01:11.290406
8,1,10,3,0,3,2026-07-15T13:01:13.956961
8,2,1,2,0,2,2026-07-15T13:01:16.418321
8,2,2,2,0,2,2026-07-15T13:01:18.058382
8,2,3,2,0,2,2026-07-15T13:01:20.322732
8,2,4,2,0,2,2026-07-15T13:01:22.124251
8,2,5,2,0,2,2026-07-15T13:01:23.708684
8,2,6,2,0,2,2026-07-15T13:01:25.367136
8,2,7,2,0,2,2026-07-15T13:01:26.973956
8,2,8,2,0,2,2026-07-15T13:01:28.673573
8,2,9,2,0,2,2026-07-15T13:01:30.268449
8,2,10,2,0,2,2026-07-15T13:01:31.856613
8,3,1,2,0,2,2026-07-15T13:01:33.725148
8,3,2,2,0,2,2026-07-15T13:01:35.343558
8,3,3,2,0,2,2026-07-15T13:01:37.179366
8,3,4,2,0,2,2026-07-15T13:01:38.866587
8,3,5,2,0,2,2026-07-15T13:01:41.442505
8,3,6,2,0,2,2026-07-15T13:01:44.066033
8,3,7,2,0,2,2026-07-15T13:01:45.680339
8,3,8,2,0,2,2026-07-15T13:01:47.335421
8,3,9,2,0,2,2026-07-15T13:01:49.019158
8,3,10,2,0,2,2026-07-15T13:01:50.612565
8,4,1,0,0,0,2026-07-15T13:01:53.054960
8,4,2,0,0,0,2026-07-15T13:01:54.569167
8,4,3,0,0,0,2026-07-15T13:01:56.234165
8,4,4,0,0,0,2026-07-15T13:01:57.735808
8,4,5,0,0,0,2026-07-15T13:01:59.389224
8,4,6,0,0,0,2026-07-15T13:02:00.915900
8,4,7,0,0,0,2026-07-15T13:02:02.493144
8,4,8,0,0,0,2026-07-15T13:02:04.942579
8,4,9,0,0,0,2026-07-15T13:02:06.556572
8,4,10,0,0,0,2026-07-15T13:02:08.345583
8,5,1,2,0,2,2026-07-15T13:02:09.944798
8,5,2,2,0,2,2026-07-15T13:02:11.666470
8,5,3,2,0,2,2026-07-15T13:02:13.306101
8,5,4,3,0,3,2026-07-15T13:02:17.273358
8,5,5,2,0,2,2026-07-15T13:02:19.150351
8,5,6,2,0,2,2026-07-15T13:02:20.922063
8,5,7,2,0,2,2026-07-15T13:02:22.612811
8,5,8,3,0,3,2026-07-15T13:02:28.703698
8,5,9,2,0,2,2026-07-15T13:02:30.503136
8,5,10,2,0,2,2026-07-15T13:02:35.590030
8,6,1,0,0,0,2026-07-15T13:02:40.933044
8,6,2,0,0,0,2026-07-15T13:02:46.128043
8,6,3,0,0,0,2026-07-15T13:02:47.838542
8,6,4,0,0,0,2026-07-15T13:02:50.061567
8,6,5,0,0,0,2026-07-15T13:02:52.461631
8,6,6,0,0,0,2026-07-15T13:02:54.211134
8,6,7,0,0,0,2026-07-15T13:02:55.877566
8,6,8,0,0,0,2026-07-15T13:02:57.788814
8,6,9,0,0,0,2026-07-15T13:03:00.381963
8,6,10,0,0,0,2026-07-15T13:03:02.136580
8,7,1,3,0,3,2026-07-15T13:03:03.969129
8,7,2,3,0,3,2026-07-15T13:03:05.830667
8,7,3,3,0,3,2026-07-15T13:03:07.546965
8,7,4,3,0,3,2026-07-15T13:03:09.469268
8,7,5,3,0,3,2026-07-15T13:03:11.058786
8,7,6,3,0,3,2026-07-15T13:03:13.626892
8,7,7,3,0,3,2026-07-15T13:03:15.484467
8,7,8,3,0,3,2026-07-15T13:03:17.062936
8,7,9,3,0,3,2026-07-15T13:03:19.139445
8,7,10,3,0,3,2026-07-15T13:03:20.725255
8,8,1,0,0,0,2026-07-15T13:03:22.504202
8,8,2,0,0,0,2026-07-15T13:03:24.220729
8,8,3,0,0,0,2026-07-15T13:03:26.751891
8,8,4,0,0,0,2026-07-15T13:03:28.450548
8,8,5,0,0,0,2026-07-15T13:03:30.149880
8,8,6,0,0,0,2026-07-15T13:03:31.871233
8,8,7,0,0,0,2026-07-15T13:03:33.703919
8,8,8,0,0,0,2026-07-15T13:03:35.393624
8,8,9,0,0,0,2026-07-15T13:03:40.734202
8,8,10,0,0,0,2026-07-15T13:03:42.397082
8,9,1,3,0,3,2026-07-15T13:03:44.093502
8,9,2,3,0,3,2026-07-15T13:03:45.974014
8,9,3,3,0,3,2026-07-15T13:03:47.588882
8,9,4,3,0,3,2026-07-15T13:03:49.239286
8,9,5,3,0,3,2026-07-15T13:03:51.428306
8,9,6,3,0,3,2026-07-15T13:03:54.462357
8,9,7,3,0,3,2026-07-15T13:03:56.147842
8,9,8,3,0,3,2026-07-15T13:03:58.534153
8,9,9,3,0,3,2026-07-15T13:04:00.092244
8,9,10,3,0,3,2026-07-15T13:04:05.980912
9,1,1,3,0,3,2026-07-15T13:04:07.777206
9,1,2,3,0,3,2026-07-15T13:04:10.258509
9,1,3,3,0,3,2026-07-15T13:04:12.051731
9,1,4,3,0,3,2026-07-15T13:04:13.630597
9,1,5,3,0,3,2026-07-15T13:04:15.254309
9,1,6,3,0,3,2026-07-15T13:04:17.039746
9,1,7,3,0,3,2026-07-15T13:04:18.649999
9,1,8,3,0,3,2026-07-15T13:04:20.195240
9,1,9,3,0,3,2026-07-15T13:04:21.889218
9,1,10,3,0,3,2026-07-15T13:04:23.473013
9,2,1,2,0,2,2026-07-15T13:04:25.150477
9,2,2,2,0,2,2026-07-15T13:04:26.762390
9,2,3,2,0,2,2026-07-15T13:04:28.451871
9,2,4,2,0,2,2026-07-15T13:04:30.080946
9,2,5,2,0,2,2026-07-15T13:04:31.688900
9,2,6,2,0,2,2026-07-15T13:04:33.293974
9,2,7,2,0,2,2026-07-15T13:04:35.125444
9,2,8,2,0,2,2026-07-15T13:04:36.831367
9,2,9,2,0,2,2026-07-15T13:04:38.736205
9,2,10,2,0,2,2026-07-15T13:04:41.056608
9,3,1,2,0,2,2026-07-15T13:04:42.698136
9,3,2,2,0,2,2026-07-15T13:04:44.468307
9,3,3,2,0,2,2026-07-15T13:04:46.723397
9,3,4,2,0,2,2026-07-15T13:04:48.406568
9,3,5,2,0,2,2026-07-15T13:04:50.441270
9,3,6,2,0,2,2026-07-15T13:04:52.134385
9,3,7,2,0,2,2026-07-15T13:04:54.631383
9,3,8,2,0,2,2026-07-15T13:04:57.018783
9,3,9,2,0,2,2026-07-15T13:04:58.658363
9,3,10,2,0,2,2026-07-15T13:05:00.392323
9,4,1,0,0,0,2026-07-15T13:05:01.982832
9,4,2,0,0,0,2026-07-15T13:05:03.855984
9,4,3,0,0,0,2026-07-15T13:05:06.136197
9,4,4,0,0,0,2026-07-15T13:05:07.989525
9,4,5,0,0,0,2026-07-15T13:05:09.674426
9,4,6,0,0,0,2026-07-15T13:05:11.461865
9,4,7,0,0,0,2026-07-15T13:05:13.290231
9,4,8,0,0,0,2026-07-15T13:05:20.147749
9,4,9,0,0,0,2026-07-15T13:05:21.790571
9,4,10,0,0,0,2026-07-15T13:05:23.525604
9,5,1,2,0,2,2026-07-15T13:05:25.103641
9,5,2,2,0,2,2026-07-15T13:05:26.893050
9,5,3,2,0,2,2026-07-15T13:05:28.449714
9,5,4,2,0,2,2026-07-15T13:05:30.279428
9,5,5,2,0,2,2026-07-15T13:05:32.543643
9,5,6,2,0,2,2026-07-15T13:05:34.235300
9,5,7,2,0,2,2026-07-15T13:05:36.086666
9,5,8,2,0,2,2026-07-15T13:05:37.686151
9,5,9,2,0,2,2026-07-15T13:05:39.374748
9,5,10,2,0,2,2026-07-15T13:05:40.968999
9,6,1,0,0,0,2026-07-15T13:05:42.784731
9,6,2,0,0,0,2026-07-15T13:05:44.682543
9,6,3,0,0,0,2026-07-15T13:05:46.506005
9,6,4,0,0,0,2026-07-15T13:05:48.991017
9,6,5,0,0,0,2026-07-15T13:05:50.648844
9,6,6,0,0,0,2026-07-15T13:05:52.231125
9,6,7,0,0,0,2026-07-15T13:05:54.575490
9,6,8,0,0,0,2026-07-15T13:05:56.213341
9,6,9,0,0,0,2026-07-15T13:05:58.005168
9,6,10,0,0,0,2026-07-15T13:05:59.622052
9,7,1,3,0,3,2026-07-15T13:06:01.335789
9,7,2,3,0,3,2026-07-15T13:06:02.920144
9,7,3,3,0,3,2026-07-15T13:06:04.681598
9,7,4,3,0,3,2026-07-15T13:06:06.349482
9,7,5,3,0,3,2026-07-15T13:06:09.167104
9,7,6,3,0,3,2026-07-15T13:06:11.290102
9,7,7,3,0,3,2026-07-15T13:06:12.959945
9,7,8,3,0,3,2026-07-15T13:06:14.749279
9,7,9,3,0,3,2026-07-15T13:06:16.355596
9,7,10,3,0,3,2026-07-15T13:06:18.078290
9,8,1,2,0,2,2026-07-15T13:06:19.703489
9,8,2,2,0,2,2026-07-15T13:06:21.260056
9,8,3,2,0,2,2026-07-15T13:06:26.440922
9,8,4,2,0,2,2026-07-15T13:06:28.251804
9,8,5,2,0,2,2026-07-15T13:06:29.830106
9,8,6,2,0,2,2026-07-15T13:06:31.592861
9,8,7,2,0,2,2026-07-15T13:06:33.312195
9,8,8,2,0,2,2026-07-15T13:06:35.009772
9,8,9,2,0,2,2026-07-15T13:06:37.484836
9,8,10,2,0,2,2026-07-15T13:06:39.335279
9,9,1,4,0,4,2026-07-15T13:06:41.044274
9,9,2,4,0,4,2026-07-15T13:06:42.867879
9,9,3,4,0,4,2026-07-15T13:06:45.967564
9,9,4,4,0,4,2026-07-15T13:06:52.161685
9,9,5,4,0,4,2026-07-15T13:06:54.142940
9,9,6,4,0,4,2026-07-15T13:06:55.992565
9,9,7,4,0,4,2026-07-15T13:07:01.168627
9,9,8,4,0,4,2026-07-15T13:07:02.704695
9,9,9,4,0,4,2026-07-15T13:07:05.267506
9,9,10,4,0,4,2026-07-15T13:07:07.078258
10,1,1,4,0,4,2026-07-15T13:07:08.785416
10,1,2,4,0,4,2026-07-15T13:07:11.448471
10,1,3,4,0,4,2026-07-15T13:07:13.506410
10,1,4,4,0,4,2026-07-15T13:07:15.358213
10,1,5,4,0,4,2026-07-15T13:07:21.321280
10,1,6,4,0,4,2026-07-15T13:07:22.923150
10,1,7,4,0,4,2026-07-15T13:07:24.519972
10,1,8,4,0,4,2026-07-15T13:07:29.694839
10,1,9,4,0,4,2026-07-15T13:07:31.344926
10,1,10,4,0,4,2026-07-15T13:07:33.265682
10,2,1,0,0,0,2026-07-15T13:07:34.854744
10,2,2,0,0,0,2026-07-15T13:07:36.642111
10,2,3,0,0,0,2026-07-15T13:07:41.922825
10,2,4,0,0,0,2026-07-15T13:07:43.893941
10,2,5,0,0,0,2026-07-15T13:07:44.900603
10,2,6,0,0,0,2026-07-15T13:07:46.936362
10,2,7,0,0,0,2026-07-15T13:07:48.550752
10,2,8,0,0,0,2026-07-15T13:07:49.523012
10,2,9,0,0,0,2026-07-15T13:07:51.441771
10,2,10,0,0,0,2026-07-15T13:07:53.517826
10,3,1,2,0,2,2026-07-15T13:07:55.265939
10,3,2,2,0,2,2026-07-15T13:07:57.369562
10,3,3,2,0,2,2026-07-15T13:07:59.157776
10,3,4,2,0,2,2026-07-15T13:08:00.909065
10,3,5,2,0,2,2026-07-15T13:08:02.754992
10,3,6,2,0,2,2026-07-15T13:08:04.505371
10,3,7,2,0,2,2026-07-15T13:08:06.144343
10,3,8,2,0,2,2026-07-15T13:08:07.852728
10,3,9,2,0,2,2026-07-15T13:08:09.750603
10,3,10,2,0,2,2026-07-15T13:08:12.487195
10,4,1,0,0,0,2026-07-15T13:08:14.302132
10,4,2,0,0,0,2026-07-15T13:08:19.972815
10,4,3,0,0,0,2026-07-15T13:08:21.770298
10,4,4,0,0,0,2026-07-15T13:08:23.526174
10,4,5,0,0,0,2026-07-15T13:08:25.517506
10,4,6,0,0,0,2026-07-15T13:08:27.294797
10,4,7,0,0,0,2026-07-15T13:08:29.146886
10,4,8,0,0,0,2026-07-15T13:08:30.872612
10,4,9,0,0,0,2026-07-15T13:08:32.592208
10,4,10,0,0,0,2026-07-15T13:08:35.152978
10,5,1,3,0,3,2026-07-15T13:08:36.683058
10,5,2,3,0,3,2026-07-15T13:08:38.383886
10,5,3,3,0,3,2026-07-15T13:08:40.055925
10,5,4,3,0,3,2026-07-15T13:08:41.674401
10,5,5,3,0,3,2026-07-15T13:08:43.287393
10,5,6,3,0,3,2026-07-15T13:08:45.063353
10,5,7,3,0,3,2026-07-15T13:08:46.781812
10,5,8,3,0,3,2026-07-15T13:08:48.710574
10,5,9,3,0,3,2026-07-15T13:08:50.290772
10,5,10,3,0,3,2026-07-15T13:08:52.592512
10,6,1,0,0,0,2026-07-15T13:08:54.321537
10,6,2,0,0,0,2026-07-15T13:08:56.092109
10,6,3,0,0,0,2026-07-15T13:08:58.398920
10,6,4,0,0,0,2026-07-15T13:09:00.667434
10,6,5,0,0,0,2026-07-15T13:09:02.520417
10,6,6,0,0,0,2026-07-15T13:09:04.170938
10,6,7,0,0,0,2026-07-15T13:09:06.086658
10,6,8,0,0,0,2026-07-15T13:09:06.723711
10,6,9,0,0,0,2026-07-15T13:09:08.578361
10,6,10,0,0,0,2026-07-15T13:09:10.316751
10,7,1,4,0,4,2026-07-15T13:09:12.271037
10,7,2,4,0,4,2026-07-15T13:09:13.982262
10,7,3,4,0,4,2026-07-15T13:09:15.751007
10,7,4,4,0,4,2026-07-15T13:09:17.356762
10,7,5,4,0,4,2026-07-15T13:09:19.609361
10,7,6,4,0,4,2026-07-15T13:09:21.941389
10,7,7,4,0,4,2026-07-15T13:09:23.515204
10,7,8,4,0,4,2026-07-15T13:09:25.545103
10,7,9,4,0,4,2026-07-15T13:09:27.095657
10,7,10,4,0,4,2026-07-15T13:09:28.920927
10,8,1,2,0,2,2026-07-15T13:09:30.656065
10,8,2,2,0,2,2026-07-15T13:09:32.416310
10,8,3,2,0,2,2026-07-15T13:09:34.005595
10,8,4,2,0,2,2026-07-15T13:09:35.611496
10,8,5,2,0,2,2026-07-15T13:09:37.179590
10,8,6,2,0,2,2026-07-15T13:09:38.866102
10,8,7,2,0,2,2026-07-15T13:09:40.459392
10,8,8,2,0,2,2026-07-15T13:09:42.433667
10,8,9,2,0,2,2026-07-15T13:09:44.112927
10,8,10,2,0,2,2026-07-15T13:09:45.869378
10,9,1,5,0,5,2026-07-15T13:09:47.767223
10,9,2,5,0,5,2026-07-15T13:09:53.095903
10,9,3,5,0,5,2026-07-15T13:09:54.840654
10,9,4,5,0,5,2026-07-15T13:09:56.449224
10,9,5,5,0,5,2026-07-15T13:09:58.179581
10,9,6,5,0,5,2026-07-15T13:09:59.789462
10,9,7,5,0,5,2026-07-15T13:10:01.428408
10,9,8,5,0,5,2026-07-15T13:10:03.009878
10,9,9,5,0,5,2026-07-15T13:10:04.550940
10,9,10,5,0,5,2026-07-15T13:10:06.116995
11,1,1,4,0,4,2026-07-15T13:10:07.802685
11,1,2,4,0,4,2026-07-15T13:10:09.372890
11,1,3,4,0,4,2026-07-15T13:10:11.319230
11,1,4,4,0,4,2026-07-15T13:10:12.882834
11,1,5,4,0,4,2026-07-15T13:10:14.571317
11,1,6,4,0,4,2026-07-15T13:10:16.161365
11,1,7,4,0,4,2026-07-15T13:10:17.843930
11,1,8,4,0,4,2026-07-15T13:10:19.409864
11,1,9,4,0,4,2026-07-15T13:10:21.088639
11,1,10,4,0,4,2026-07-15T13:10:22.834763
11,2,1,2,0,2,2026-07-15T13:10:24.359092
11,2,2,2,0,2,2026-07-15T13:10:25.916981
11,2,3,2,0,2,2026-07-15T13:10:27.507158
11,2,4,2,0,2,2026-07-15T13:10:29.137626
11,2,5,2,0,2,2026-07-15T13:10:30.858717
11,2,6,2,0,2,2026-07-15T13:10:32.589849
11,2,7,2,0,2,2026-07-15T13:10:34.271981
11,2,8,2,0,2,2026-07-15T13:10:35.819831
11,2,9,2,0,2,2026-07-15T13:10:37.526265
11,2,10,2,0,2,2026-07-15T13:10:39.205442
11,3,1,3,0,3,2026-07-15T13:10:40.876979
11,3,2,3,0,3,2026-07-15T13:10:42.429926
11,3,3,2,0,2,2026-07-15T13:10:44.162452
11,3,4,2,0,2,2026-07-15T13:10:45.821718
11,3,5,3,0,3,2026-07-15T13:10:47.600232
11,3,6,2,0,2,2026-07-15T13:10:49.328149
11,3,7,2,0,2,2026-07-15T13:10:51.187343
11,3,8,3,0,3,2026-07-15T13:10:52.786086
11,3,9,3,0,3,2026-07-15T13:10:54.558223
11,3,10,3,0,3,2026-07-15T13:10:57.079839
11,4,1,0,0,0,2026-07-15T13:10:59.441449
11,4,2,0,0,0,2026-07-15T13:11:01.367796
11,4,3,0,0,0,2026-07-15T13:11:03.041986
11,4,4,0,0,0,2026-07-15T13:11:05.505751
11,4,5,0,0,0,2026-07-15T13:11:07.811001
11,4,6,0,0,0,2026-07-15T13:11:10.044284
11,4,7,0,0,0,2026-07-15T13:11:11.761594
11,4,8,0,0,0,2026-07-15T13:11:13.492129
11,4,9,0,0,0,2026-07-15T13:11:16.849481
11,4,10,0,0,0,2026-07-15T13:11:18.434118
11,5,1,3,0,3,2026-07-15T13:11:20.992317
11,5,2,3,0,3,2026-07-15T13:11:22.599036
11,5,3,3,0,3,2026-07-15T13:11:24.412491
11,5,4,3,0,3,2026-07-15T13:11:26.078477
11,5,5,3,0,3,2026-07-15T13:11:27.855700
11,5,6,3,0,3,2026-07-15T13:11:30.085579
11,5,7,3,0,3,2026-07-15T13:11:31.979491
11,5,8,3,0,3,2026-07-15T13:11:33.658859
11,5,9,3,0,3,2026-07-15T13:11:35.246451
11,5,10,3,0,3,2026-07-15T13:11:36.966835
11,6,1,0,0,0,2026-07-15T13:11:38.771295
11,6,2,0,0,0,2026-07-15T13:11:40.408271
11,6,3,0,0,0,2026-07-15T13:11:42.024271
11,6,4,0,0,0,2026-07-15T13:11:44.255861
11,6,5,0,0,0,2026-07-15T13:11:45.945839
11,6,6,0,0,0,2026-07-15T13:11:47.543736
11,6,7,0,0,0,2026-07-15T13:11:49.503503
11,6,8,0,0,0,2026-07-15T13:11:51.096424
11,6,9,0,0,0,2026-07-15T13:11:52.852664
11,6,10,0,0,0,2026-07-15T13:11:54.413181
11,7,1,4,0,4,2026-07-15T13:11:56.001201
11,7,2,4,0,4,2026-07-15T13:11:57.650235
11,7,3,4,0,4,2026-07-15T13:11:59.200715
11,7,4,4,0,4,2026-07-15T13:12:00.840372
11,7,5,4,0,4,2026-07-15T13:12:02.519279
11,7,6,4,0,4,2026-07-15T13:12:03.214722
11,7,7,4,0,4,2026-07-15T13:12:04.781599
11,7,8,4,0,4,2026-07-15T13:12:05.344893
11,7,9,4,0,4,2026-07-15T13:12:06.905647
11,7,10,4,0,4,2026-07-15T13:12:08.429646
11,8,1,0,0,0,2026-07-15T13:12:10.065261
11,8,2,0,0,0,2026-07-15T13:12:11.837274
11,8,3,0,0,0,2026-07-15T13:12:13.452203
11,8,4,0,0,0,2026-07-15T13:12:15.390093
11,8,5,0,0,0,2026-07-15T13:12:17.575998
11,8,6,0,0,0,2026-07-15T13:12:19.377927
11,8,7,0,0,0,2026-07-15T13:12:20.897489
11,8,8,0,0,0,2026-07-15T13:12:22.527881
11,8,9,0,0,0,2026-07-15T13:12:24.062801
11,8,10,0,0,0,2026-07-15T13:12:25.673562
11,9,1,4,0,4,2026-07-15T13:12:27.356355
11,9,2,4,0,4,2026-07-15T13:12:28.915338
11,9,3,4,0,4,2026-07-15T13:12:30.637937
11,9,4,4,0,4,2026-07-15T13:12:32.313850
11,9,5,4,0,4,2026-07-15T13:12:34.212169
11,9,6,4,0,4,2026-07-15T13:12:35.723379
11,9,7,4,0,4,2026-07-15T13:12:37.590156
11,9,8,4,0,4,2026-07-15T13:12:39.275704
11,9,9,4,0,4,2026-07-15T13:12:41.508895
11,9,10,4,0,4,2026-07-15T13:12:43.117700
12,1,1,4,0,4,2026-07-15T13:12:50.395598
12,1,2,4,0,4,2026-07-15T13:12:52.070484
12,1,3,3,0,3,2026-07-15T13:12:53.759763
12,1,4,4,0,4,2026-07-15T13:12:55.664150
12,1,5,4,0,4,2026-07-15T13:12:57.316224
12,1,6,4,0,4,2026-07-15T13:12:59.067004
12,1,7,4,0,4,2026-07-15T13:13:01.295681
12,1,8,4,0,4,2026-07-15T13:13:02.918766
12,1,9,4,0,4,2026-07-15T13:13:04.526141
12,1,10,3,0,3,2026-07-15T13:13:06.232489
12,2,1,0,0,0,2026-07-15T13:13:08.153341
12,2,2,0,0,0,2026-07-15T13:13:10.036773
12,2,3,0,0,0,2026-07-15T13:13:11.781898
12,2,4,0,0,0,2026-07-15T13:13:13.535195
12,2,5,0,0,0,2026-07-15T13:13:15.163346
12,2,6,0,0,0,2026-07-15T13:13:16.714516
12,2,7,0,0,0,2026-07-15T13:13:18.381880
12,2,8,0,0,0,2026-07-15T13:13:20.787555
12,2,9,0,0,0,2026-07-15T13:13:22.537262
12,2,10,0,0,0,2026-07-15T13:13:24.254308
12,3,1,3,0,3,2026-07-15T13:13:26.213957
12,3,2,3,0,3,2026-07-15T13:13:27.891990
12,3,3,3,0,3,2026-07-15T13:13:29.589725
12,3,4,3,0,3,2026-07-15T13:13:31.264233
12,3,5,3,0,3,2026-07-15T13:13:33.037972
12,3,6,3,0,3,2026-07-15T13:13:34.672133
12,3,7,3,0,3,2026-07-15T13:13:37.102258
12,3,8,3,0,3,2026-07-15T13:13:38.796014
12,3,9,3,0,3,2026-07-15T13:13:40.478486
12,3,10,3,0,3,2026-07-15T13:13:42.443197
12,4,1,0,0,0,2026-07-15T13:13:44.223926
12,4,2,0,0,0,2026-07-15T13:13:46.260095
12,4,3,0,0,0,2026-07-15T13:13:48.065579
12,4,4,0,0,0,2026-07-15T13:13:52.246694
12,4,5,0,0,0,2026-07-15T13:13:56.590699
12,4,6,0,0,0,2026-07-15T13:13:58.237486
12,4,7,0,0,0,2026-07-15T13:14:00.048935
12,4,8,0,0,0,2026-07-15T13:14:01.669233
12,4,9,0,0,0,2026-07-15T13:14:03.630575
12,4,10,0,0,0,2026-07-15T13:14:05.594457
12,5,1,3,0,3,2026-07-15T13:14:09.761032
12,5,2,3,0,3,2026-07-15T13:14:14.319493
12,5,3,3,0,3,2026-07-15T13:14:20.698795
12,5,4,3,0,3,2026-07-15T13:14:22.509170
12,5,5,3,0,3,2026-07-15T13:14:24.224482
12,5,6,3,0,3,2026-07-15T13:14:26.122007
12,5,7,3,0,3,2026-07-15T13:14:27.983665
12,5,8,3,0,3,2026-07-15T13:14:29.652550
12,5,9,3,0,3,2026-07-15T13:14:31.283452
12,5,10,3,0,3,2026-07-15T13:14:33.113488
12,6,1,0,0,0,2026-07-15T13:14:37.431810
12,6,2,0,0,0,2026-07-15T13:14:39.027786
12,6,3,0,0,0,2026-07-15T13:14:40.980296
12,6,4,0,0,0,2026-07-15T13:14:42.775942
12,6,5,0,0,0,2026-07-15T13:14:44.446695
12,6,6,0,0,0,2026-07-15T13:14:49.086938
12,6,7,0,0,0,2026-07-15T13:14:51.504224
12,6,8,0,0,0,2026-07-15T13:14:53.582758
12,6,9,0,0,0,2026-07-15T13:14:56.761786
12,6,10,0,0,0,2026-07-15T13:14:58.275865
12,7,1,5,0,5,2026-07-15T13:14:59.929621
12,7,2,5,0,5,2026-07-15T13:15:01.449134
12,7,3,5,0,5,2026-07-15T13:15:03.015398
12,7,4,5,0,5,2026-07-15T13:15:08.324018
12,7,5,5,0,5,2026-07-15T13:15:10.126288
12,7,6,5,0,5,2026-07-15T13:15:12.008375
12,7,7,5,0,5,2026-07-15T13:15:13.720263
12,7,8,5,0,5,2026-07-15T13:15:15.505189
12,7,9,5,0,5,2026-07-15T13:15:17.724489
12,7,10,5,0,5,2026-07-15T13:15:19.296652
12,8,1,0,0,0,2026-07-15T13:15:21.092967
12,8,2,0,0,0,2026-07-15T13:15:22.939170
12,8,3,0,0,0,2026-07-15T13:15:23.654045
12,8,4,0,0,0,2026-07-15T13:15:25.758806
12,8,5,0,0,0,2026-07-15T13:15:27.881142
12,8,6,0,0,0,2026-07-15T13:15:29.673536
12,8,7,0,0,0,2026-07-15T13:15:31.303960
12,8,8,0,0,0,2026-07-15T13:15:33.737152
12,8,9,0,0,0,2026-07-15T13:15:35.532507
12,8,10,0,0,0,2026-07-15T13:15:41.436077
12,9,1,5,0,5,2026-07-15T13:15:43.178425
12,9,2,5,0,5,2026-07-15T13:15:45.108042
12,9,3,5,0,5,2026-07-15T13:15:47.133009
12,9,4,5,0,5,2026-07-15T13:15:48.671214
12,9,5,5,0,5,2026-07-15T13:15:50.502240
12,9,6,5,0,5,2026-07-15T13:15:52.317488
12,9,7,5,0,5,2026-07-15T13:15:54.129008
12,9,8,5,0,5,2026-07-15T13:15:55.801050
12,9,9,5,0,5,2026-07-15T13:15:57.717428
12,9,10,5,0,5,2026-07-15T13:15:59.371018
13,1,1,4,0,4,2026-07-15T13:16:01.135419
13,1,2,5,0,5,2026-07-15T13:16:03.434513
13,1,3,5,0,5,2026-07-15T13:16:05.216781
13,1,4,4,0,4,2026-07-15T13:16:06.873523
13,1,5,5,0,5,2026-07-15T13:16:08.653832
13,1,6,5,0,5,2026-07-15T13:16:10.313464
13,1,7,5,0,5,2026-07-15T13:16:12.089397
13,1,8,5,0,5,2026-07-15T13:16:13.695566
13,1,9,4,0,4,2026-07-15T13:16:15.359558
13,1,10,5,0,5,2026-07-15T13:16:17.027054
13,2,1,0,0,0,2026-07-15T13:16:18.776079
13,2,2,0,0,0,2026-07-15T13:16:20.521836
13,2,3,0,0,0,2026-07-15T13:16:22.089450
13,2,4,0,0,0,2026-07-15T13:16:23.850777
13,2,5,0,0,0,2026-07-15T13:16:25.885770
13,2,6,0,0,0,2026-07-15T13:16:27.407149
13,2,7,0,0,0,2026-07-15T13:16:29.079634
13,2,8,0,0,0,2026-07-15T13:16:30.713344
13,2,9,0,0,0,2026-07-15T13:16:32.383609
13,2,10,0,0,0,2026-07-15T13:16:37.741390
13,3,1,2,0,2,2026-07-15T13:16:39.365523
13,3,2,2,0,2,2026-07-15T13:16:44.026056
13,3,3,2,0,2,2026-07-15T13:16:46.358829
13,3,4,2,0,2,2026-07-15T13:16:48.652191
13,3,5,2,0,2,2026-07-15T13:16:49.180811
13,3,6,2,0,2,2026-07-15T13:16:50.766919
13,3,7,2,0,2,2026-07-15T13:16:52.996673
13,3,8,2,0,2,2026-07-15T13:16:54.630798
13,3,9,2,0,2,2026-07-15T13:16:56.409148
13,3,10,2,0,2,2026-07-15T13:16:57.955692
13,4,1,0,0,0,2026-07-15T13:17:03.058446
13,4,2,0,0,0,2026-07-15T13:17:04.820225
13,4,3,0,0,0,2026-07-15T13:17:06.813319
13,4,4,0,0,0,2026-07-15T13:17:08.372402
13,4,5,0,0,0,2026-07-15T13:17:10.125715
13,4,6,0,0,0,2026-07-15T13:17:11.797672
13,4,7,0,0,0,2026-07-15T13:17:13.493609
13,4,8,0,0,0,2026-07-15T13:17:19.327263
13,4,9,0,0,0,2026-07-15T13:17:21.065767
13,4,10,0,0,0,2026-07-15T13:17:22.579059
13,5,1,3,0,3,2026-07-15T13:17:24.121519
13,5,2,3,0,3,2026-07-15T13:17:25.703625
13,5,3,3,0,3,2026-07-15T13:17:27.298098
13,5,4,3,0,3,2026-07-15T13:17:28.922937
13,5,5,3,0,3,2026-07-15T13:17:30.577399
13,5,6,3,0,3,2026-07-15T13:17:32.279293
13,5,7,3,0,3,2026-07-15T13:17:33.833583
13,5,8,3,0,3,2026-07-15T13:17:35.647987
13,5,9,3,0,3,2026-07-15T13:17:37.736496
13,5,10,3,0,3,2026-07-15T13:17:38.280975
13,6,1,0,0,0,2026-07-15T13:17:40.348252
13,6,2,0,0,0,2026-07-15T13:17:42.280233
13,6,3,0,0,0,2026-07-15T13:17:47.515433
13,6,4,0,0,0,2026-07-15T13:17:49.248780
13,6,5,0,0,0,2026-07-15T13:17:51.075911
13,6,6,0,0,0,2026-07-15T13:17:53.028192
13,6,7,0,0,0,2026-07-15T13:17:55.086208
13,6,8,0,0,0,2026-07-15T13:17:56.710877
13,6,9,0,0,0,2026-07-15T13:17:58.262588
13,6,10,0,0,0,2026-07-15T13:18:00.244974
13,7,1,4,0,4,2026-07-15T13:18:05.774926
13,7,2,4,0,4,2026-07-15T13:18:07.403869
13,7,3,4,0,4,2026-07-15T13:18:09.096478
13,7,4,4,0,4,2026-07-15T13:18:10.981177
13,7,5,4,0,4,2026-07-15T13:18:12.909857
13,7,6,4,0,4,2026-07-15T13:18:14.594405
13,7,7,4,0,4,2026-07-15T13:18:16.417846
13,7,8,4,0,4,2026-07-15T13:18:18.246143
13,7,9,4,0,4,2026-07-15T13:18:18.784807
13,7,10,4,0,4,2026-07-15T13:18:20.429074
13,8,1,0,0,0,2026-07-15T13:18:22.125667
13,8,2,0,0,0,2026-07-15T13:18:23.758666
13,8,3,0,0,0,2026-07-15T13:18:24.380430
13,8,4,0,0,0,2026-07-15T13:18:26.158680
13,8,5,0,0,0,2026-07-15T13:18:27.793190
13,8,6,0,0,0,2026-07-15T13:18:29.328787
13,8,7,0,0,0,2026-07-15T13:18:31.172790
13,8,8,0,0,0,2026-07-15T13:18:32.814638
13,8,9,0,0,0,2026-07-15T13:18:34.452978
13,8,10,0,0,0,2026-07-15T13:18:35.180009
13,9,1,5,0,5,2026-07-15T13:18:40.453093
13,9,2,5,0,5,2026-07-15T13:18:42.185928
13,9,3,5,0,5,2026-07-15T13:18:44.112826
13,9,4,5,0,5,2026-07-15T13:18:47.351880
13,9,5,5,0,5,2026-07-15T13:18:49.249056
13,9,6,5,0,5,2026-07-15T13:18:50.788349
13,9,7,5,0,5,2026-07-15T13:18:52.484315
13,9,8,5,0,5,2026-07-15T13:18:54.110521
13,9,9,5,0,5,2026-07-15T13:18:55.763306
13,9,10,5,0,5,2026-07-15T13:18:57.378750
14,1,1,5,0,5,2026-07-15T13:18:59.014707
14,1,2,5,0,5,2026-07-15T13:19:00.801304
14,1,3,5,0,5,2026-07-15T13:19:02.507023
14,1,4,5,0,5,2026-07-15T13:19:04.437661
14,1,5,5,0,5,2026-07-15T13:19:06.127567
14,1,6,5,0,5,2026-07-15T13:19:07.823640
14,1,7,5,0,5,2026-07-15T13:19:09.554378
14,1,8,5,0,5,2026-07-15T13:19:11.870857
14,1,9,5,0,5,2026-07-15T13:19:13.890897
14,1,10,5,0,5,2026-07-15T13:19:15.510011
14,2,1,0,0,0,2026-07-15T13:19:17.541194
14,2,2,0,0,0,2026-07-15T13:19:19.371820
14,2,3,0,0,0,2026-07-15T13:19:21.104825
14,2,4,0,0,0,2026-07-15T13:19:22.856983
14,2,5,0,0,0,2026-07-15T13:19:24.574651
14,2,6,0,0,0,2026-07-15T13:19:26.480785
14,2,7,0,0,0,2026-07-15T13:19:28.114982
14,2,8,0,0,0,2026-07-15T13:19:29.638556
14,2,9,0,0,0,2026-07-15T13:19:31.533639
14,2,10,0,0,0,2026-07-15T13:19:33.182990
14,3,1,2,0,2,2026-07-15T13:19:34.735989
14,3,2,2,0,2,2026-07-15T13:19:36.558977
14,3,3,2,0,2,2026-07-15T13:19:38.349347
14,3,4,2,0,2,2026-07-15T13:19:39.996842
14,3,5,2,0,2,2026-07-15T13:19:41.837769
14,3,6,2,0,2,2026-07-15T13:19:43.957964
14,3,7,2,0,2,2026-07-15T13:19:46.299627
14,3,8,2,0,2,2026-07-15T13:19:48.089165
14,3,9,2,0,2,2026-07-15T13:19:50.004337
14,3,10,2,0,2,2026-07-15T13:19:52.416600
14,4,1,0,0,0,2026-07-15T13:19:54.230131
14,4,2,0,0,0,2026-07-15T13:19:56.374953
14,4,3,0,0,0,2026-07-15T13:19:58.161310
14,4,4,0,0,0,2026-07-15T13:20:00.429374
14,4,5,0,0,0,2026-07-15T13:20:02.770759
14,4,6,0,0,0,2026-07-15T13:20:04.678129
14,4,7,0,0,0,2026-07-15T13:20:07.115704
14,4,8,0,0,0,2026-07-15T13:20:09.838379
14,4,9,0,0,0,2026-07-15T13:20:11.959757
14,4,10,0,0,0,2026-07-15T13:20:13.991394
14,5,1,3,0,3,2026-07-15T13:20:21.124128
14,5,2,3,0,3,2026-07-15T13:20:23.120591
14,5,3,3,0,3,2026-07-15T13:20:24.989101
14,5,4,3,0,3,2026-07-15T13:20:27.085935
14,5,5,3,0,3,2026-07-15T13:20:28.803658
14,5,6,3,0,3,2026-07-15T13:20:30.471099
14,5,7,3,0,3,2026-07-15T13:20:33.004894
14,5,8,3,0,3,2026-07-15T13:20:35.270373
14,5,9,3,0,3,2026-07-15T13:20:37.151341
14,5,10,3,0,3,2026-07-15T13:20:39.157618
14,6,1,0,0,0,2026-07-15T13:20:41.098720
14,6,2,0,0,0,2026-07-15T13:20:43.260358
14,6,3,0,0,0,2026-07-15T13:20:45.947349
14,6,4,0,0,0,2026-07-15T13:20:49.438631
14,6,5,0,0,0,2026-07-15T13:20:51.910964
14,6,6,0,0,0,2026-07-15T13:20:53.978344
14,6,7,0,0,0,2026-07-15T13:20:55.740946
14,6,8,0,0,0,2026-07-15T13:20:57.971368
14,6,9,0,0,0,2026-07-15T13:21:10.640375
14,6,10,0,0,0,2026-07-15T13:21:12.363664
14,7,1,5,0,5,2026-07-15T13:21:14.331446
14,7,2,5,0,5,2026-07-15T13:21:16.001086
14,7,3,5,0,5,2026-07-15T13:21:17.948478
14,7,4,5,0,5,2026-07-15T13:21:19.284519
14,7,5,5,0,5,2026-07-15T13:21:20.637809
14,7,6,5,0,5,2026-07-15T13:21:21.430887
14,7,7,5,0,5,2026-07-15T13:21:22.078331
14,7,8,5,0,5,2026-07-15T13:21:24.229572
14,7,9,5,0,5,2026-07-15T13:21:26.466992
14,7,10,5,0,5,2026-07-15T13:21:28.127958
14,8,1,0,0,0,2026-07-15T13:21:30.997794
14,8,2,0,0,0,2026-07-15T13:21:33.143259
14,8,3,0,0,0,2026-07-15T13:21:34.848806
14,8,4,0,0,0,2026-07-15T13:21:36.794265
14,8,5,0,0,0,2026-07-15T13:21:38.577955
14,8,6,0,0,0,2026-07-15T13:21:40.711148
14,8,7,0,0,0,2026-07-15T13:21:43.320075
14,8,8,0,0,0,2026-07-15T13:21:48.112803
14,8,9,0,0,0,2026-07-15T13:21:49.903256
14,8,10,0,0,0,2026-07-15T13:21:51.740204
14,9,1,5,0,5,2026-07-15T13:21:53.687174
14,9,2,5,0,5,2026-07-15T13:21:56.160225
14,9,3,5,0,5,2026-07-15T13:21:57.776179
14,9,4,5,0,5,2026-07-15T13:22:00.862738
14,9,5,5,0,5,2026-07-15T13:22:03.323058
14,9,6,5,0,5,2026-07-15T13:22:08.024794
14,9,7,5,0,5,2026-07-15T13:22:10.676431
14,9,8,5,0,5,2026-07-15T13:22:12.915909
14,9,9,5,0,5,2026-07-15T13:22:14.516155
14,9,10,5,0,5,2026-07-15T13:22:16.602136
15,1,1,4,0,4,2026-07-15T13:22:18.473012
15,1,2,4,0,4,2026-07-15T13:22:20.063991
15,1,3,4,0,4,2026-07-15T13:22:23.058937
15,1,4,4,0,4,2026-07-15T13:22:25.579678
15,1,5,4,0,4,2026-07-15T13:22:27.835121
15,1,6,4,0,4,2026-07-15T13:22:31.523091
15,1,7,4,0,4,2026-07-15T13:22:35.208722
15,1,8,4,0,4,2026-07-15T13:22:37.186601
15,1,9,4,0,4,2026-07-15T13:22:44.793726
15,1,10,4,0,4,2026-07-15T13:22:47.198191
15,2,1,2,0,2,2026-07-15T13:22:49.520402
15,2,2,2,0,2,2026-07-15T13:22:51.215259
15,2,3,2,0,2,2026-07-15T13:22:53.148514
15,2,4,2,0,2,2026-07-15T13:22:58.727819
15,2,5,2,0,2,2026-07-15T13:23:00.836793
15,2,6,2,0,2,2026-07-15T13:23:07.592557
15,2,7,2,0,2,2026-07-15T13:23:09.482418
15,2,8,2,0,2,2026-07-15T13:23:16.412816
15,2,9,2,0,2,2026-07-15T13:23:20.386314
15,2,10,2,0,2,2026-07-15T13:23:23.035378
15,3,1,3,0,3,2026-07-15T13:23:24.978212
15,3,2,3,0,3,2026-07-15T13:23:29.988505
15,3,3,3,0,3,2026-07-15T13:23:32.277404
15,3,4,3,0,3,2026-07-15T13:23:34.966100
15,3,5,3,0,3,2026-07-15T13:23:37.535631
15,3,6,3,0,3,2026-07-15T13:23:45.414940
15,3,7,3,0,3,2026-07-15T13:23:47.191750
15,3,8,3,0,3,2026-07-15T13:23:49.892609
15,3,9,3,0,3,2026-07-15T13:23:51.532525
15,3,10,3,0,3,2026-07-15T13:23:53.949636
15,4,1,0,0,0,2026-07-15T13:23:59.744354
15,4,2,0,0,0,2026-07-15T13:24:01.989648
15,4,3,0,0,0,2026-07-15T13:24:03.795976
15,4,4,0,0,0,2026-07-15T13:24:06.454316
15,4,5,0,0,0,2026-07-15T13:24:10.728883
15,4,6,0,0,0,2026-07-15T13:24:13.168683
15,4,7,0,0,0,2026-07-15T13:24:24.228022
15,4,8,0,0,0,2026-07-15T13:24:27.276648
15,4,9,0,0,0,2026-07-15T13:24:29.634693
15,4,10,0,0,0,2026-07-15T13:24:32.312584
15,5,1,3,0,3,2026-07-15T13:24:36.954619
15,5,2,3,0,3,2026-07-15T13:24:38.775021
15,5,3,3,0,3,2026-07-15T13:24:40.919998
15,5,4,3,0,3,2026-07-15T13:24:43.416940
15,5,5,3,0,3,2026-07-15T13:24:51.463440
15,5,6,3,0,3,2026-07-15T13:24:53.726595
15,5,7,3,0,3,2026-07-15T13:24:54.519697
15,5,8,3,0,3,2026-07-15T13:24:56.549937
15,5,9,3,0,3,2026-07-15T13:24:58.637539
15,5,10,3,0,3,2026-07-15T13:25:01.062937
15,6,1,0,0,0,2026-07-15T13:25:03.511953
15,6,2,0,0,0,2026-07-15T13:25:05.557962
15,6,3,0,0,0,2026-07-15T13:25:07.750578
15,6,4,0,0,0,2026-07-15T13:25:10.198285
15,6,5,0,0,0,2026-07-15T13:25:12.260953
15,6,6,0,0,0,2026-07-15T13:25:14.621799
15,6,7,0,0,0,2026-07-15T13:25:18.887921
15,6,8,0,0,0,2026-07-15T13:25:21.714056
15,6,9,0,0,0,2026-07-15T13:25:24.651581
15,6,10,0,0,0,2026-07-15T13:25:27.048637
15,7,1,3,0,3,2026-07-15T13:25:29.244946
15,7,2,3,0,3,2026-07-15T13:25:30.838248
15,7,3,3,0,3,2026-07-15T13:25:33.232939
15,7,4,3,0,3,2026-07-15T13:25:41.216724
15,7,5,3,0,3,2026-07-15T13:25:43.945211
15,7,6,3,0,3,2026-07-15T13:25:45.604387
15,7,7,3,0,3,2026-07-15T13:25:47.966463
15,7,8,3,0,3,2026-07-15T13:25:50.317175
15,7,9,3,0,3,2026-07-15T13:25:52.249893
15,7,10,3,0,3,2026-07-15T13:25:54.772632
15,8,1,2,0,2,2026-07-15T13:25:56.724807
15,8,2,2,0,2,2026-07-15T13:25:59.053623
15,8,3,2,0,2,2026-07-15T13:26:00.701442
15,8,4,2,0,2,2026-07-15T13:26:03.036154
15,8,5,2,0,2,2026-07-15T13:26:05.076936
15,8,6,2,0,2,2026-07-15T13:26:07.433929
15,8,7,2,0,2,2026-07-15T13:26:11.793945
15,8,8,2,0,2,2026-07-15T13:26:14.482095
15,8,9,2,0,2,2026-07-15T13:26:24.310698
15,8,10,2,0,2,2026-07-15T13:26:26.283770
15,9,1,5,0,5,2026-07-15T13:26:28.596932
15,9,2,5,0,5,2026-07-15T13:26:31.781512
15,9,3,5,0,5,2026-07-15T13:26:36.004043
15,9,4,5,0,5,2026-07-15T13:26:37.915701
15,9,5,5,0,5,2026-07-15T13:26:40.119193
15,9,6,5,0,5,2026-07-15T13:26:42.295890
15,9,7,5,0,5,2026-07-15T13:26:44.539482
15,9,8,5,0,5,2026-07-15T13:26:46.778241
15,9,9,5,0,5,2026-07-15T13:26:47.727070
15,9,10,5,0,5,2026-07-15T13:26:50.257837
16,1,1,3,0,3,2026-07-15T13:26:52.508980
16,1,2,3,0,3,2026-07-15T13:26:55.063139
16,1,3,3,0,3,2026-07-15T13:26:58.055987
16,1,4,3,0,3,2026-07-15T13:27:00.439702
16,1,5,3,0,3,2026-07-15T13:27:02.374443
16,1,6,3,0,3,2026-07-15T13:27:05.393587
16,1,7,3,0,3,2026-07-15T13:27:07.860356
16,1,8,3,0,3,2026-07-15T13:27:09.886127
16,1,9,3,0,3,2026-07-15T13:27:11.686931
16,1,10,3,0,3,2026-07-15T13:27:15.913225
16,2,1,0,0,0,2026-07-15T13:27:17.890789
16,2,2,0,0,0,2026-07-15T13:27:20.133082
16,2,3,0,0,0,2026-07-15T13:27:22.011473
16,2,4,0,0,0,2026-07-15T13:27:24.001255
16,2,5,0,0,0,2026-07-15T13:27:26.731864
16,2,6,0,0,0,2026-07-15T13:27:28.498097
16,2,7,0,0,0,2026-07-15T13:27:30.334144
16,2,8,0,0,0,2026-07-15T13:27:33.030765
16,2,9,0,0,0,2026-07-15T13:27:35.112851
16,2,10,0,0,0,2026-07-15T13:27:38.183369
16,3,1,2,0,2,2026-07-15T13:27:40.507524
16,3,2,2,0,2,2026-07-15T13:27:42.584947
16,3,3,2,0,2,2026-07-15T13:27:44.898431
16,3,4,2,0,2,2026-07-15T13:27:46.946246
16,3,5,2,0,2,2026-07-15T13:27:49.573043
16,3,6,2,0,2,2026-07-15T13:27:52.172989
16,3,7,2,0,2,2026-07-15T13:27:54.184697
16,3,8,2,0,2,2026-07-15T13:27:56.295010
16,3,9,2,0,2,2026-07-15T13:27:59.078290
16,3,10,2,0,2,2026-07-15T13:28:03.233112
16,4,1,0,0,0,2026-07-15T13:28:05.335727
16,4,2,0,0,0,2026-07-15T13:28:07.385654
16,4,3,0,0,0,2026-07-15T13:28:09.649550
16,4,4,0,0,0,2026-07-15T13:28:12.118777
16,4,5,0,0,0,2026-07-15T13:28:15.040561
16,4,6,0,0,0,2026-07-15T13:28:16.964462
16,4,7,0,0,0,2026-07-15T13:28:19.155954
16,4,8,0,0,0,2026-07-15T13:28:21.592008
16,4,9,0,0,0,2026-07-15T13:28:23.982825
16,4,10,0,0,0,2026-07-15T13:28:26.226393
16,5,1,3,0,3,2026-07-15T13:28:28.591662
16,5,2,2,0,2,2026-07-15T13:28:30.908668
16,5,3,3,0,3,2026-07-15T13:28:34.470341
16,5,4,2,0,2,2026-07-15T13:28:37.096226
16,5,5,2,0,2,2026-07-15T13:28:38.778992
16,5,6,2,0,2,2026-07-15T13:28:40.448331
16,5,7,2,0,2,2026-07-15T13:28:42.200605
16,5,8,3,0,3,2026-07-15T13:28:43.876986
16,5,9,2,0,2,2026-07-15T13:28:45.448066
16,5,10,3,0,3,2026-07-15T13:28:47.046070
16,6,1,0,0,0,2026-07-15T13:28:48.646431
16,6,2,0,0,0,2026-07-15T13:28:50.139888
16,6,3,0,0,0,2026-07-15T13:28:51.682071
16,6,4,0,0,0,2026-07-15T13:28:53.263676
16,6,5,0,0,0,2026-07-15T13:28:55.114150
16,6,6,0,0,0,2026-07-15T13:28:56.624466
16,6,7,0,0,0,2026-07-15T13:28:58.142470
16,6,8,0,0,0,2026-07-15T13:28:59.638296
16,6,9,0,0,0,2026-07-15T13:29:00.186157
16,6,10,0,0,0,2026-07-15T13:29:01.839015
16,7,1,3,0,3,2026-07-15T13:29:03.422810
16,7,2,3,0,3,2026-07-15T13:29:05.066761
16,7,3,3,0,3,2026-07-15T13:29:06.914812
16,7,4,3,0,3,2026-07-15T13:29:08.617855
16,7,5,3,0,3,2026-07-15T13:29:10.198809
16,7,6,3,0,3,2026-07-15T13:29:11.743246
16,7,7,3,0,3,2026-07-15T13:29:13.496943
16,7,8,3,0,3,2026-07-15T13:29:15.436535
16,7,9,3,0,3,2026-07-15T13:29:17.420117
16,7,10,3,0,3,2026-07-15T13:29:19.323914
16,8,1,1,0,1,2026-07-15T13:29:20.856386
16,8,2,1,0,1,2026-07-15T13:29:22.626194
16,8,3,1,0,1,2026-07-15T13:29:24.138412
16,8,4,1,0,1,2026-07-15T13:29:25.655048
16,8,5,1,0,1,2026-07-15T13:29:27.173282
16,8,6,1,0,1,2026-07-15T13:29:28.675189
16,8,7,1,0,1,2026-07-15T13:29:30.158954
16,8,8,1,0,1,2026-07-15T13:29:32.074881
16,8,9,1,0,1,2026-07-15T13:29:33.649831
16,8,10,1,0,1,2026-07-15T13:29:35.270294
16,9,1,5,0,5,2026-07-15T13:29:36.955223
16,9,2,5,0,5,2026-07-15T13:29:39.894542
16,9,3,5,0,5,2026-07-15T13:29:41.501354
16,9,4,5,0,5,2026-07-15T13:29:43.002260
16,9,5,5,0,5,2026-07-15T13:29:44.867816
16,9,6,5,0,5,2026-07-15T13:29:46.388863
16,9,7,5,0,5,2026-07-15T13:29:47.999973
16,9,8,5,0,5,2026-07-15T13:29:49.678284
16,9,9,5,0,5,2026-07-15T13:29:51.505770
16,9,10,5,0,5,2026-07-15T13:29:53.152129
17,1,1,5,0,5,2026-07-15T13:29:54.829366
17,1,2,5,0,5,2026-07-15T13:29:56.494664
17,1,3,5,0,5,2026-07-15T13:29:58.093611
17,1,4,5,0,5,2026-07-15T13:29:59.672656
17,1,5,5,0,5,2026-07-15T13:30:01.279466
17,1,6,5,0,5,2026-07-15T13:30:02.729092
17,1,7,5,0,5,2026-07-15T13:30:04.220096
17,1,8,5,0,5,2026-07-15T13:30:05.810386
17,1,9,5,0,5,2026-07-15T13:30:07.585802
17,1,10,5,0,5,2026-07-15T13:30:09.499902
17,2,1,0,0,0,2026-07-15T13:30:11.042469
17,2,2,0,0,0,2026-07-15T13:30:13.119354
17,2,3,0,0,0,2026-07-15T13:30:14.661459
17,2,4,0,0,0,2026-07-15T13:30:18.811519
17,2,5,0,0,0,2026-07-15T13:30:20.377002
17,2,6,0,0,0,2026-07-15T13:30:22.415462
17,2,7,0,0,0,2026-07-15T13:30:24.629520
17,2,8,0,0,0,2026-07-15T13:30:26.419359
17,2,9,0,0,0,2026-07-15T13:30:27.964378
17,2,10,0,0,0,2026-07-15T13:30:30.245011
17,3,1,4,0,4,2026-07-15T13:30:31.911567
17,3,2,4,0,4,2026-07-15T13:30:33.469988
17,3,3,4,0,4,2026-07-15T13:30:35.001634
17,3,4,4,0,4,2026-07-15T13:30:36.494592
17,3,5,3,0,3,2026-07-15T13:30:38.027649
17,3,6,4,0,4,2026-07-15T13:30:38.533132
17,3,7,4,0,4,2026-07-15T13:30:40.099480
17,3,8,4,0,4,2026-07-15T13:30:41.833271
17,3,9,4,0,4,2026-07-15T13:30:43.498379
17,3,10,4,0,4,2026-07-15T13:30:45.269233
17,4,1,0,0,0,2026-07-15T13:30:46.901159
17,4,2,0,0,0,2026-07-15T13:30:48.692453
17,4,3,0,0,0,2026-07-15T13:30:50.909411
17,4,4,0,0,0,2026-07-15T13:30:53.175391
17,4,5,0,0,0,2026-07-15T13:30:54.825822
17,4,6,0,0,0,2026-07-15T13:30:56.465994
17,4,7,0,0,0,2026-07-15T13:30:58.689723
17,4,8,0,0,0,2026-07-15T13:31:00.931452
17,4,9,0,0,0,2026-07-15T13:31:02.513372
17,4,10,0,0,0,2026-07-15T13:31:04.052765
17,5,1,5,0,5,2026-07-15T13:31:05.670433
17,5,2,5,0,5,2026-07-15T13:31:11.889473
17,5,3,5,0,5,2026-07-15T13:31:13.674240
17,5,4,5,0,5,2026-07-15T13:31:15.229831
17,5,5,5,0,5,2026-07-15T13:31:16.898758
17,5,6,5,0,5,2026-07-15T13:31:21.589827
17,5,7,5,0,5,2026-07-15T13:31:23.166273
17,5,8,5,0,5,2026-07-15T13:31:26.114970
17,5,9,5,0,5,2026-07-15T13:31:27.638210
17,5,10,5,0,5,2026-07-15T13:31:30.808982
17,6,1,0,0,0,2026-07-15T13:31:32.642935
17,6,2,0,0,0,2026-07-15T13:31:34.357657
17,6,3,0,0,0,2026-07-15T13:31:35.888902
17,6,4,0,0,0,2026-07-15T13:31:37.406087
17,6,5,0,0,0,2026-07-15T13:31:39.159481
17,6,6,0,0,0,2026-07-15T13:31:40.686829
17,6,7,0,0,0,2026-07-15T13:31:42.842685
17,6,8,0,0,0,2026-07-15T13:31:44.409783
17,6,9,0,0,0,2026-07-15T13:31:46.461354
17,6,10,0,0,0,2026-07-15T13:31:48.129841
17,7,1,5,0,5,2026-07-15T13:31:49.693888
17,7,2,5,0,5,2026-07-15T13:31:51.770647
17,7,3,5,0,5,2026-07-15T13:31:53.426531
17,7,4,5,0,5,2026-07-15T13:31:54.937818
17,7,5,5,0,5,2026-07-15T13:31:56.482411
17,7,6,5,0,5,2026-07-15T13:31:58.142091
17,7,7,5,0,5,2026-07-15T13:31:59.660520
17,7,8,5,0,5,2026-07-15T13:32:02.660189
17,7,9,5,0,5,2026-07-15T13:32:04.248185
17,7,10,5,0,5,2026-07-15T13:32:05.766839
17,8,1,0,0,0,2026-07-15T13:32:07.500053
17,8,2,0,0,0,2026-07-15T13:32:09.088495
17,8,3,0,0,0,2026-07-15T13:32:10.720028
17,8,4,0,0,0,2026-07-15T13:32:17.365983
17,8,5,0,0,0,2026-07-15T13:32:19.136161
17,8,6,0,0,0,2026-07-15T13:32:20.600750
17,8,7,0,0,0,2026-07-15T13:32:23.754961
17,8,8,0,0,0,2026-07-15T13:32:25.288290
17,8,9,0,0,0,2026-07-15T13:32:26.889575
17,8,10,0,0,0,2026-07-15T13:32:28.512265
17,9,1,5,0,5,2026-07-15T13:32:30.313767
17,9,2,5,0,5,2026-07-15T13:32:32.004041
17,9,3,5,0,5,2026-07-15T13:32:35.936046
17,9,4,5,0,5,2026-07-15T13:32:41.430453
17,9,5,5,0,5,2026-07-15T13:32:42.975146
17,9,6,5,0,5,2026-07-15T13:32:44.798611
17,9,7,5,0,5,2026-07-15T13:32:46.468848
17,9,8,5,0,5,2026-07-15T13:32:48.183720
17,9,9,5,0,5,2026-07-15T13:32:51.517455
17,9,10,5,0,5,2026-07-15T13:32:53.024006
18,1,1,5,0,5,2026-07-15T13:32:55.253595
18,1,2,5,0,5,2026-07-15T13:33:00.173824
18,1,3,5,0,5,2026-07-15T13:33:01.764604
18,1,4,5,0,5,2026-07-15T13:33:03.491567
18,1,5,5,0,5,2026-07-15T13:33:05.846974
18,1,6,5,0,5,2026-07-15T13:33:07.672732
18,1,7,5,0,5,2026-07-15T13:33:09.252066
18,1,8,5,0,5,2026-07-15T13:33:10.868336
18,1,9,5,0,5,2026-07-15T13:33:12.441135
18,1,10,5,0,5,2026-07-15T13:33:14.110888
18,2,1,2,0,2,2026-07-15T13:33:15.586321
18,2,2,2,0,2,2026-07-15T13:33:51.922504
18,2,3,2,0,2,2026-07-15T13:33:54.086263
18,2,4,2,0,2,2026-07-15T13:33:56.140379
18,2,5,2,0,2,2026-07-15T13:33:58.255261
18,2,6,2,0,2,2026-07-15T13:34:00.115755
18,2,7,2,0,2,2026-07-15T13:34:03.308502
18,2,8,2,0,2,2026-07-15T13:34:06.197220
18,2,9,2,0,2,2026-07-15T13:34:07.848450
18,2,10,2,0,2,2026-07-15T13:34:13.009729
18,3,1,3,0,3,2026-07-15T13:34:14.852188
18,3,2,3,0,3,2026-07-15T13:34:22.126849
18,3,3,3,0,3,2026-07-15T13:34:24.934587
18,3,4,3,0,3,2026-07-15T13:34:26.921766
18,3,5,3,0,3,2026-07-15T13:34:29.070412
18,3,6,3,0,3,2026-07-15T13:34:32.186859
18,3,7,3,0,3,2026-07-15T13:34:34.338894
18,3,8,3,0,3,2026-07-15T13:34:36.844652
18,3,9,3,0,3,2026-07-15T13:34:38.555813
18,3,10,3,0,3,2026-07-15T13:34:40.614625
18,4,1,0,0,0,2026-07-15T13:34:43.497625
18,4,2,0,0,0,2026-07-15T13:34:45.709637
18,4,3,0,0,0,2026-07-15T13:34:47.947117
18,4,4,0,0,0,2026-07-15T13:34:50.031259
18,4,5,0,0,0,2026-07-15T13:34:51.812777
18,4,6,0,0,0,2026-07-15T13:34:54.736419
18,4,7,0,0,0,2026-07-15T13:34:57.220450
18,4,8,0,0,0,2026-07-15T13:34:59.534063
18,4,9,0,0,0,2026-07-15T13:35:01.557567
18,4,10,0,0,0,2026-07-15T13:35:03.926227
18,5,1,4,0,4,2026-07-15T13:35:06.226012
18,5,2,4,0,4,2026-07-15T13:35:08.211134
18,5,3,4,0,4,2026-07-15T13:35:10.841197
18,5,4,4,0,4,2026-07-15T13:35:16.672015
18,5,5,4,0,4,2026-07-15T13:35:18.539413
18,5,6,4,0,4,2026-07-15T13:35:21.088658
18,5,7,4,0,4,2026-07-15T13:35:23.376811
18,5,8,4,0,4,2026-07-15T13:35:25.877875
18,5,9,4,0,4,2026-07-15T13:35:28.364147
18,5,10,4,0,4,2026-07-15T13:35:30.059589
18,6,1,0,0,0,2026-07-15T13:35:32.259020
18,6,2,0,0,0,2026-07-15T13:35:34.252244
18,6,3,0,0,0,2026-07-15T13:35:36.357308
18,6,4,0,0,0,2026-07-15T13:35:38.974414
18,6,5,0,0,0,2026-07-15T13:35:41.011209
18,6,6,0,0,0,2026-07-15T13:35:43.011593
18,6,7,0,0,0,2026-07-15T13:35:45.011245
18,6,8,0,0,0,2026-07-15T13:35:47.713404
18,6,9,0,0,0,2026-07-15T13:35:50.412184
18,6,10,0,0,0,2026-07-15T13:35:53.446811
18,7,1,5,0,5,2026-07-15T13:35:56.390914
18,7,2,5,0,5,2026-07-15T13:35:58.233350
18,7,3,5,0,5,2026-07-15T13:36:00.785313
18,7,4,5,0,5,2026-07-15T13:36:03.502411
18,7,5,5,0,5,2026-07-15T13:36:05.458186
18,7,6,5,0,5,2026-07-15T13:36:08.022681
18,7,7,5,0,5,2026-07-15T13:36:10.538731
18,7,8,5,0,5,2026-07-15T13:36:16.333758
18,7,9,5,0,5,2026-07-15T13:36:19.401663
18,7,10,5,0,5,2026-07-15T13:36:21.036007
18,8,1,0,0,0,2026-07-15T13:36:23.719611
18,8,2,0,0,0,2026-07-15T13:37:03.571709
18,8,3,0,0,0,2026-07-15T13:37:05.406370
18,8,4,0,0,0,2026-07-15T13:37:10.878843
18,8,5,0,0,0,2026-07-15T13:37:13.641669
18,8,6,0,0,0,2026-07-15T13:37:14.224709
18,8,7,0,0,0,2026-07-15T13:37:17.850437
18,8,8,0,0,0,2026-07-15T13:37:19.706907
18,8,9,0,0,0,2026-07-15T13:37:21.611637
18,8,10,0,0,0,2026-07-15T13:37:24.806603
18,9,1,5,0,5,2026-07-15T13:37:26.636889
18,9,2,5,0,5,2026-07-15T13:37:29.014606
18,9,3,5,0,5,2026-07-15T13:37:30.852338
18,9,4,5,0,5,2026-07-15T13:37:32.665914
18,9,5,5,0,5,2026-07-15T13:37:34.451449
18,9,6,5,0,5,2026-07-15T13:37:36.519980
18,9,7,5,0,5,2026-07-15T13:37:39.455750
18,9,8,5,0,5,2026-07-15T13:37:41.343903
18,9,9,5,0,5,2026-07-15T13:37:43.514653
18,9,10,5,0,5,2026-07-15T13:37:45.896264
19,1,1,5,0,5,2026-07-15T13:37:48.269100
19,1,2,5,0,5,2026-07-15T13:37:50.533360
19,1,3,5,0,5,2026-07-15T13:37:52.626762
19,1,4,5,0,5,2026-07-15T13:37:55.505291
19,1,5,5,0,5,2026-07-15T13:37:58.088373
19,1,6,5,0,5,2026-07-15T13:38:00.714598
19,1,7,5,0,5,2026-07-15T13:38:03.479166
19,1,8,5,0,5,2026-07-15T13:38:05.423502
19,1,9,3,0,3,2026-07-15T13:38:08.503488
19,1,10,5,0,5,2026-07-15T13:38:11.004306
19,2,1,0,0,0,2026-07-15T13:38:13.006162
19,2,2,0,0,0,2026-07-15T13:38:18.027617
19,2,3,2,0,2,2026-07-15T13:38:19.985654
19,2,4,0,0,0,2026-07-15T13:38:22.530889
19,2,5,0,0,0,2026-07-15T13:38:24.806786
19,2,6,2,0,2,2026-07-15T13:38:27.144462
19,2,7,0,0,0,2026-07-15T13:38:28.878991
19,2,8,0,0,0,2026-07-15T13:38:30.741207
19,2,9,0,0,0,2026-07-15T13:38:32.505471
19,2,10,0,0,0,2026-07-15T13:38:35.319057
19,3,1,3,0,3,2026-07-15T13:38:37.361842
19,3,2,3,0,3,2026-07-15T13:38:39.055985
19,3,3,3,0,3,2026-07-15T13:38:40.874635
19,3,4,3,0,3,2026-07-15T13:38:43.242361
19,3,5,3,0,3,2026-07-15T13:38:45.725450
19,3,6,3,0,3,2026-07-15T13:38:47.552855
19,3,7,3,0,3,2026-07-15T13:38:49.768944
19,3,8,3,0,3,2026-07-15T13:38:51.963120
19,3,9,3,0,3,2026-07-15T13:38:54.252810
19,3,10,3,0,3,2026-07-15T13:38:56.403734
19,4,1,0,0,0,2026-07-15T13:38:59.059486
19,4,2,0,0,0,2026-07-15T13:39:00.959849
19,4,3,0,0,0,2026-07-15T13:39:04.348065
19,4,4,0,0,0,2026-07-15T13:39:10.488213
19,4,5,0,0,0,2026-07-15T13:39:13.828490
19,4,6,0,0,0,2026-07-15T13:39:15.669832
19,4,7,0,0,0,2026-07-15T13:39:18.228518
19,4,8,0,0,0,2026-07-15T13:39:20.800614
19,4,9,0,0,0,2026-07-15T13:39:26.990474
19,4,10,0,0,0,2026-07-15T13:39:28.965369
19,5,1,3,0,3,2026-07-15T13:39:30.584272
19,5,2,3,0,3,2026-07-15T13:39:34.579516
19,5,3,3,0,3,2026-07-15T13:39:36.800702
19,5,4,3,0,3,2026-07-15T13:39:44.164788
19,5,5,3,0,3,2026-07-15T13:39:51.228666
19,5,6,3,0,3,2026-07-15T13:39:58.066607
19,5,7,3,0,3,2026-07-15T13:39:59.651330
19,5,8,3,0,3,2026-07-15T13:40:01.747455
19,5,9,3,0,3,2026-07-15T13:40:04.484457
19,5,10,3,0,3,2026-07-15T13:40:06.882491
19,6,1,0,0,0,2026-07-15T13:40:09.251656
19,6,2,0,0,0,2026-07-15T13:40:14.552509
19,6,3,0,0,0,2026-07-15T13:40:16.794791
19,6,4,0,0,0,2026-07-15T13:40:19.309104
19,6,5,0,0,0,2026-07-15T13:40:23.041739
19,6,6,0,0,0,2026-07-15T13:40:25.238910
19,6,7,0,0,0,2026-07-15T13:40:28.834787
19,6,8,0,0,0,2026-07-15T13:40:30.218781
19,6,9,0,0,0,2026-07-15T13:40:32.282072
19,6,10,0,0,0,2026-07-15T13:40:34.730416
19,7,1,4,0,4,2026-07-15T13:40:36.856148
19,7,2,4,0,4,2026-07-15T13:40:38.676837
19,7,3,4,0,4,2026-07-15T13:40:41.977837
19,7,4,4,0,4,2026-07-15T13:40:44.085497
19,7,5,4,0,4,2026-07-15T13:40:46.028416
19,7,6,4,0,4,2026-07-15T13:40:48.200815
19,7,7,4,0,4,2026-07-15T13:40:50.919010
19,7,8,4,0,4,2026-07-15T13:40:53.037556
19,7,9,4,0,4,2026-07-15T13:40:55.463650
19,7,10,4,0,4,2026-07-15T13:40:57.782465
19,8,1,0,0,0,2026-07-15T13:41:00.405408
19,8,2,0,0,0,2026-07-15T13:41:02.257963
19,8,3,2,0,2,2026-07-15T13:41:05.754511
19,8,4,0,0,0,2026-07-15T13:41:08.438584
19,8,5,0,0,0,2026-07-15T13:41:10.729410
19,8,6,0,0,0,2026-07-15T13:41:13.507444
19,8,7,0,0,0,2026-07-15T13:41:20.413156
19,8,8,0,0,0,2026-07-15T13:41:22.434160
19,8,9,0,0,0,2026-07-15T13:41:24.938795
19,8,10,0,0,0,2026-07-15T13:41:27.426367
19,9,1,5,0,5,2026-07-15T13:41:29.070956
19,9,2,5,0,5,2026-07-15T13:41:31.640202
19,9,3,5,0,5,2026-07-15T13:41:35.069653
19,9,4,5,0,5,2026-07-15T13:41:37.797843
19,9,5,5,0,5,2026-07-15T13:41:39.399744
19,9,6,5,0,5,2026-07-15T13:41:41.840010
19,9,7,5,0,5,2026-07-15T13:41:44.501028
19,9,8,5,0,5,2026-07-15T13:41:49.734613
19,9,9,5,0,5,2026-07-15T13:41:54.536580
19,9,10,5,0,5,2026-07-15T13:41:58.770846
20,1,1,3,0,3,2026-07-15T13:42:00.930514
20,1,2,3,0,3,2026-07-15T13:42:03.667607
20,1,3,3,0,3,2026-07-15T13:42:05.963324
20,1,4,3,0,3,2026-07-15T13:42:07.780856
20,1,5,3,0,3,2026-07-15T13:42:10.460421
20,1,6,3,0,3,2026-07-15T13:42:12.955467
20,1,7,3,0,3,2026-07-15T13:42:15.556819
20,1,8,3,0,3,2026-07-15T13:42:17.727901
20,1,9,3,0,3,2026-07-15T13:42:20.170839
20,1,10,3,0,3,2026-07-15T13:42:22.398689
20,2,1,0,0,0,2026-07-15T13:42:24.488367
20,2,2,0,0,0,2026-07-15T13:42:26.828798
20,2,3,0,0,0,2026-07-15T13:42:28.605879
20,2,4,0,0,0,2026-07-15T13:42:31.208497
20,2,5,0,0,0,2026-07-15T13:42:33.314883
20,2,6,0,0,0,2026-07-15T13:42:35.884003
20,2,7,0,0,0,2026-07-15T13:42:38.536425
20,2,8,0,0,0,2026-07-15T13:42:41.925047
20,2,9,0,0,0,2026-07-15T13:42:43.909672
20,2,10,0,0,0,2026-07-15T13:42:52.910901
20,3,1,2,0,2,2026-07-15T13:42:55.398538
20,3,2,2,0,2,2026-07-15T13:42:57.220888
20,3,3,2,0,2,2026-07-15T13:42:59.493192
20,3,4,2,0,2,2026-07-15T13:43:01.610694
20,3,5,2,0,2,2026-07-15T13:43:03.835591
20,3,6,2,0,2,2026-07-15T13:43:06.381620
20,3,7,2,0,2,2026-07-15T13:43:08.269569
20,3,8,1,0,1,2026-07-15T13:43:10.655489
20,3,9,2,0,2,2026-07-15T13:43:12.803574
20,3,10,2,0,2,2026-07-15T13:43:14.815085
20,4,1,0,0,0,2026-07-15T13:43:16.553260
20,4,2,0,0,0,2026-07-15T13:43:19.913901
20,4,3,0,0,0,2026-07-15T13:43:21.854589
20,4,4,0,0,0,2026-07-15T13:43:24.611238
20,4,5,0,0,0,2026-07-15T13:43:26.544986
20,4,6,0,0,0,2026-07-15T13:43:28.937523
20,4,7,0,0,0,2026-07-15T13:43:29.822075
20,4,8,0,0,0,2026-07-15T13:43:31.521912
20,4,9,0,0,0,2026-07-15T13:43:33.799164
20,4,10,0,0,0,2026-07-15T13:43:41.717900
20,5,1,2,0,2,2026-07-15T13:43:43.475114
20,5,2,2,0,2,2026-07-15T13:43:46.302920
20,5,3,2,0,2,2026-07-15T13:43:47.999458
20,5,4,2,0,2,2026-07-15T13:43:49.925902
20,5,5,2,0,2,2026-07-15T13:43:50.909544
20,5,6,2,0,2,2026-07-15T13:43:53.730534
20,5,7,2,0,2,2026-07-15T13:44:01.062544
20,5,8,2,0,2,2026-07-15T13:44:03.083185
20,5,9,2,0,2,2026-07-15T13:44:05.700877
20,5,10,2,0,2,2026-07-15T13:44:08.278586
20,6,1,0,0,0,2026-07-15T13:44:10.126684
20,6,2,0,0,0,2026-07-15T13:44:12.712260
20,6,3,0,0,0,2026-07-15T13:44:15.048221
20,6,4,0,0,0,2026-07-15T13:44:17.356899
20,6,5,0,0,0,2026-07-15T13:44:19.915450
20,6,6,0,0,0,2026-07-15T13:44:22.225923
20,6,7,0,0,0,2026-07-15T13:44:24.733026
20,6,8,0,0,0,2026-07-15T13:44:26.379189
20,6,9,0,0,0,2026-07-15T13:44:29.290391
20,6,10,0,0,0,2026-07-15T13:44:30.987426
20,7,1,3,0,3,2026-07-15T13:44:33.321832
20,7,2,3,0,3,2026-07-15T13:44:35.573741
20,7,3,3,0,3,2026-07-15T13:44:37.499353
20,7,4,3,0,3,2026-07-15T13:44:39.970899
20,7,5,3,0,3,2026-07-15T13:44:42.925057
20,7,6,3,0,3,2026-07-15T13:44:45.033478
20,7,7,3,0,3,2026-07-15T13:44:47.589307
20,7,8,3,0,3,2026-07-15T13:44:50.149348
20,7,9,3,0,3,2026-07-15T13:44:51.893811
20,7,10,3,0,3,2026-07-15T13:44:54.508871
20,8,1,0,0,0,2026-07-15T13:44:56.353082
20,8,2,0,0,0,2026-07-15T13:44:58.253202
20,8,3,0,0,0,2026-07-15T13:45:04.046256
20,8,4,0,0,0,2026-07-15T13:45:10.258024
20,8,5,0,0,0,2026-07-15T13:45:12.979277
20,8,6,0,0,0,2026-07-15T13:45:15.172594
20,8,7,0,0,0,2026-07-15T13:45:17.704552
20,8,8,0,0,0,2026-07-15T13:45:25.655619
20,8,9,0,0,0,2026-07-15T13:45:27.637106
20,8,10,0,0,0,2026-07-15T13:45:33.869302
20,9,1,3,0,3,2026-07-15T13:45:36.572853
20,9,2,3,0,3,2026-07-15T13:45:38.625723
20,9,3,3,0,3,2026-07-15T13:45:40.735050
20,9,4,3,0,3,2026-07-15T13:45:43.070161
20,9,5,4,0,4,2026-07-15T13:45:45.611472
20,9,6,4,0,4,2026-07-15T13:45:50.214291
20,9,7,3,0,3,2026-07-15T13:45:53.763066
20,9,8,3,0,3,2026-07-15T13:45:56.848351
20,9,9,3,0,3,2026-07-15T13:46:00.565763
20,9,10,3,0,3,2026-07-15T13:46:03.686978
21,1,1,3,0,3,2026-07-15T13:46:10.696904
21,1,2,3,0,3,2026-07-15T13:46:13.853890
21,1,3,3,0,3,2026-07-15T13:46:16.060547
21,1,4,3,0,3,2026-07-15T13:46:22.145341
21,1,5,3,0,3,2026-07-15T13:46:24.104858
21,1,6,3,0,3,2026-07-15T13:46:25.602384
21,1,7,3,0,3,2026-07-15T13:46:27.179149
21,1,8,3,0,3,2026-07-15T13:46:28.754791
21,1,9,3,0,3,2026-07-15T13:46:30.326504
21,1,10,3,0,3,2026-07-15T13:46:31.830749
21,2,1,0,0,0,2026-07-15T13:46:33.337567
21,2,2,0,0,0,2026-07-15T13:46:34.958291
21,2,3,0,0,0,2026-07-15T13:46:36.584190
21,2,4,0,0,0,2026-07-15T13:46:38.097097
21,2,5,0,0,0,2026-07-15T13:46:39.661255
21,2,6,0,0,0,2026-07-15T13:46:45.147574
21,2,7,0,0,0,2026-07-15T13:46:46.923706
21,2,8,0,0,0,2026-07-15T13:46:48.500873
21,2,9,0,0,0,2026-07-15T13:46:53.666086
21,2,10,0,0,0,2026-07-15T13:46:55.371911
21,3,1,3,0,3,2026-07-15T13:46:56.890540
21,3,2,3,0,3,2026-07-15T13:46:58.703697
21,3,3,3,0,3,2026-07-15T13:47:00.334196
21,3,4,3,0,3,2026-07-15T13:47:01.843994
21,3,5,3,0,3,2026-07-15T13:47:03.391884
21,3,6,3,0,3,2026-07-15T13:47:04.906796
21,3,7,3,0,3,2026-07-15T13:47:06.665225
21,3,8,3,0,3,2026-07-15T13:47:11.999518
21,3,9,3,0,3,2026-07-15T13:47:13.805759
21,3,10,3,0,3,2026-07-15T13:47:16.025526
21,4,1,0,0,0,2026-07-15T13:47:17.698616
21,4,2,0,0,0,2026-07-15T13:47:19.454568
21,4,3,0,0,0,2026-07-15T13:47:20.988621
21,4,4,0,0,0,2026-07-15T13:47:22.553148
21,4,5,0,0,0,2026-07-15T13:47:24.074530
21,4,6,0,0,0,2026-07-15T13:47:25.645734
21,4,7,0,0,0,2026-07-15T13:47:27.303945
21,4,8,0,0,0,2026-07-15T13:47:28.962673
21,4,9,0,0,0,2026-07-15T13:47:31.802424
21,4,10,0,0,0,2026-07-15T13:47:34.369698
21,5,1,3,0,3,2026-07-15T13:47:39.424130
21,5,2,3,0,3,2026-07-15T13:47:44.260094
21,5,3,3,0,3,2026-07-15T13:47:50.374288
21,5,4,3,0,3,2026-07-15T13:47:51.943106
21,5,5,3,0,3,2026-07-15T13:47:53.475385
21,5,6,3,0,3,2026-07-15T13:47:55.030346
21,5,7,3,0,3,2026-07-15T13:47:56.707986
21,5,8,3,0,3,2026-07-15T13:47:58.240203
21,5,9,3,0,3,2026-07-15T13:47:59.809154
21,5,10,3,0,3,2026-07-15T13:48:01.333861
21,6,1,0,0,0,2026-07-15T13:48:09.932100
21,6,2,0,0,0,2026-07-15T13:48:11.519951
21,6,3,0,0,0,2026-07-15T13:48:13.270925
21,6,4,0,0,0,2026-07-15T13:48:57.179610
21,6,5,0,0,0,2026-07-15T13:48:58.899397
21,6,6,0,0,0,2026-07-15T13:49:00.419085
21,6,7,0,0,0,2026-07-15T13:49:01.978698
21,6,8,0,0,0,2026-07-15T13:49:07.160376
21,6,9,0,0,0,2026-07-15T13:49:08.651126
21,6,10,0,0,0,2026-07-15T13:49:10.292604
21,7,1,4,0,4,2026-07-15T13:49:11.799547
21,7,2,4,0,4,2026-07-15T13:49:17.166781
21,7,3,4,0,4,2026-07-15T13:49:18.750622
21,7,4,4,0,4,2026-07-15T13:49:20.341088
21,7,5,4,0,4,2026-07-15T13:49:22.313442
21,7,6,4,0,4,2026-07-15T13:49:24.278722
21,7,7,4,0,4,2026-07-15T13:49:26.013485
21,7,8,4,0,4,2026-07-15T13:49:31.084346
21,7,9,4,0,4,2026-07-15T13:49:32.599260
21,7,10,4,0,4,2026-07-15T13:49:34.152855
21,8,1,2,0,2,2026-07-15T13:49:34.809872
21,8,2,2,0,2,2026-07-15T13:49:36.482160
21,8,3,2,0,2,2026-07-15T13:49:41.978693
21,8,4,2,0,2,2026-07-15T13:49:43.797314
21,8,5,2,0,2,2026-07-15T13:49:48.780942
21,8,6,2,0,2,2026-07-15T13:49:50.401415
21,8,7,2,0,2,2026-07-15T13:49:51.883861
21,8,8,2,0,2,2026-07-15T13:49:53.586284
21,8,9,2,0,2,2026-07-15T13:49:56.674450
21,8,10,2,0,2,2026-07-15T13:49:58.192825
21,9,1,4,0,4,2026-07-15T13:50:00.023247
21,9,2,4,0,4,2026-07-15T13:50:01.552577
21,9,3,4,0,4,2026-07-15T13:50:03.055840
21,9,4,4,0,4,2026-07-15T13:50:04.611537
21,9,5,4,0,4,2026-07-15T13:50:09.543516
21,9,6,4,0,4,2026-07-15T13:50:14.597068
21,9,7,4,0,4,2026-07-15T13:50:16.759736
21,9,8,4,0,4,2026-07-15T13:50:18.297540
21,9,9,4,0,4,2026-07-15T13:50:20.547684
21,9,10,4,0,4,2026-07-15T13:50:22.075358
22,1,1,4,0,4,2026-07-15T13:50:23.816745
22,1,2,4,0,4,2026-07-15T13:50:25.364743
22,1,3,4,0,4,2026-07-15T13:50:27.948291
22,1,4,4,0,4,2026-07-15T13:50:29.440045
22,1,5,4,0,4,2026-07-15T13:50:31.001040
22,1,6,4,0,4,2026-07-15T13:50:32.507297
22,1,7,4,0,4,2026-07-15T13:50:34.081944
22,1,8,4,0,4,2026-07-15T13:50:35.697999
22,1,9,4,0,4,2026-07-15T13:50:37.234567
22,1,10,4,0,4,2026-07-15T13:50:38.721458
22,2,1,0,0,0,2026-07-15T13:50:40.248224
22,2,2,0,0,0,2026-07-15T13:50:41.836786
22,2,3,0,0,0,2026-07-15T13:50:43.420259
22,2,4,0,0,0,2026-07-15T13:50:44.972845
22,2,5,0,0,0,2026-07-15T13:50:46.508921
22,2,6,0,0,0,2026-07-15T13:50:48.154228
22,2,7,0,0,0,2026-07-15T13:50:49.827440
22,2,8,0,0,0,2026-07-15T13:50:51.345215
22,2,9,0,0,0,2026-07-15T13:50:52.861619
22,2,10,0,0,0,2026-07-15T13:50:54.669060
22,3,1,3,0,3,2026-07-15T13:50:56.198686
22,3,2,3,0,3,2026-07-15T13:50:57.702079
22,3,3,3,0,3,2026-07-15T13:50:59.772926
22,3,4,3,0,3,2026-07-15T13:51:01.273505
22,3,5,3,0,3,2026-07-15T13:51:02.856211
22,3,6,3,0,3,2026-07-15T13:51:04.493877
22,3,7,3,0,3,2026-07-15T13:51:05.962106
22,3,8,3,0,3,2026-07-15T13:51:07.524552
22,3,9,3,0,3,2026-07-15T13:51:09.089870
22,3,10,3,0,3,2026-07-15T13:51:10.616424
22,4,1,0,0,0,2026-07-15T13:51:12.235137
22,4,2,0,0,0,2026-07-15T13:51:13.799464
22,4,3,0,0,0,2026-07-15T13:51:15.522712
22,4,4,0,0,0,2026-07-15T13:51:20.030375
22,4,5,0,0,0,2026-07-15T13:51:21.794062
22,4,6,0,0,0,2026-07-15T13:51:23.366239
22,4,7,0,0,0,2026-07-15T13:51:28.291155
22,4,8,0,0,0,2026-07-15T13:51:30.942775
22,4,9,0,0,0,2026-07-15T13:51:32.838405
22,4,10,0,0,0,2026-07-15T13:51:36.005552
22,5,1,3,0,3,2026-07-15T13:51:38.258985
22,5,2,3,0,3,2026-07-15T13:51:40.781840
22,5,3,3,0,3,2026-07-15T13:51:43.147070
22,5,4,3,0,3,2026-07-15T13:51:45.836095
22,5,5,3,0,3,2026-07-15T13:51:52.687718
22,5,6,3,0,3,2026-07-15T13:51:55.596364
22,5,7,3,0,3,2026-07-15T13:51:58.426595
22,5,8,3,0,3,2026-07-15T13:52:10.096264
22,5,9,3,0,3,2026-07-15T13:52:12.714561
22,5,10,3,0,3,2026-07-15T13:52:15.363499
22,6,1,0,0,0,2026-07-15T13:52:17.976540
22,6,2,0,0,0,2026-07-15T13:52:20.643821
22,6,3,0,0,0,2026-07-15T13:52:22.429595
22,6,4,0,0,0,2026-07-15T13:52:29.133446
22,6,5,0,0,0,2026-07-15T13:52:32.062935
22,6,6,0,0,0,2026-07-15T13:52:33.883430
22,6,7,0,0,0,2026-07-15T13:52:39.520254
22,6,8,0,0,0,2026-07-15T13:52:41.309591
22,6,9,0,0,0,2026-07-15T13:52:44.503943
22,6,10,0,0,0,2026-07-15T13:52:47.523118
22,7,1,4,0,4,2026-07-15T13:52:54.191498
22,7,2,4,0,4,2026-07-15T13:52:56.238510
22,7,3,4,0,4,2026-07-15T13:52:57.832615
22,7,4,4,0,4,2026-07-15T13:52:59.336883
22,7,5,4,0,4,2026-07-15T13:53:00.928391
22,7,6,4,0,4,2026-07-15T13:53:02.581686
22,7,7,4,0,4,2026-07-15T13:53:04.156417
22,7,8,4,0,4,2026-07-15T13:53:05.746322
22,7,9,4,0,4,2026-07-15T13:53:07.294097
22,7,10,4,0,4,2026-07-15T13:53:12.301383
22,8,1,0,0,0,2026-07-15T13:53:17.549023
22,8,2,0,0,0,2026-07-15T13:53:23.349629
22,8,3,0,0,0,2026-07-15T13:53:25.030049
22,8,4,0,0,0,2026-07-15T13:53:26.555935
22,8,5,0,0,0,2026-07-15T13:53:28.125717
22,8,6,0,0,0,2026-07-15T13:53:29.682637
22,8,7,0,0,0,2026-07-15T13:53:34.417319
22,8,8,0,0,0,2026-07-15T13:53:39.964083
22,8,9,0,0,0,2026-07-15T13:53:41.859558
22,8,10,0,0,0,2026-07-15T13:53:43.682826
22,9,1,5,0,5,2026-07-15T13:53:45.451531
22,9,2,5,0,5,2026-07-15T13:53:47.029845
22,9,3,5,0,5,2026-07-15T13:53:48.662011
22,9,4,5,0,5,2026-07-15T13:53:50.436265
22,9,5,5,0,5,2026-07-15T13:53:52.557972
22,9,6,5,0,5,2026-07-15T13:53:54.443798
22,9,7,5,0,5,2026-07-15T13:53:56.020493
22,9,8,5,0,5,2026-07-15T13:53:58.682669
22,9,9,5,0,5,2026-07-15T13:54:00.501763
22,9,10,5,0,5,2026-07-15T13:54:02.155454
23,1,1,5,0,5,2026-07-15T13:54:03.742275
23,1,2,5,0,5,2026-07-15T13:54:08.340869
23,1,3,5,0,5,2026-07-15T13:54:10.383822
23,1,4,5,0,5,2026-07-15T13:54:12.080670
23,1,5,5,0,5,2026-07-15T13:54:13.657752
23,1,6,5,0,5,2026-07-15T13:54:15.272293
23,1,7,5,0,5,2026-07-15T13:54:16.828180
23,1,8,5,0,5,2026-07-15T13:54:18.929290
23,1,9,5,0,5,2026-07-15T13:54:20.637578
23,1,10,5,0,5,2026-07-15T13:54:22.368095
23,2,1,0,0,0,2026-07-15T13:54:24.078011
23,2,2,0,0,0,2026-07-15T13:54:25.678843
23,2,3,0,0,0,2026-07-15T13:54:27.449850
23,2,4,0,0,0,2026-07-15T13:54:29.003012
23,2,5,0,0,0,2026-07-15T13:54:30.596380
23,2,6,0,0,0,2026-07-15T13:54:32.195187
23,2,7,0,0,0,2026-07-15T13:54:33.797774
23,2,8,0,0,0,2026-07-15T13:54:35.344235
23,2,9,0,0,0,2026-07-15T13:54:37.475700
23,2,10,0,0,0,2026-07-15T13:54:39.208524
23,3,1,2,0,2,2026-07-15T13:54:40.858678
23,3,2,2,0,2,2026-07-15T13:54:42.584782
23,3,3,2,0,2,2026-07-15T13:54:44.359032
23,3,4,2,0,2,2026-07-15T13:54:46.002864
23,3,5,2,0,2,2026-07-15T13:54:47.536394
23,3,6,2,0,2,2026-07-15T13:54:48.121901
23,3,7,2,0,2,2026-07-15T13:54:53.717173
23,3,8,2,0,2,2026-07-15T13:54:55.723571
23,3,9,2,0,2,2026-07-15T13:54:57.239525
23,3,10,2,0,2,2026-07-15T13:54:58.787962
23,4,1,0,0,0,2026-07-15T13:55:00.290928
23,4,2,0,0,0,2026-07-15T13:55:01.857512
23,4,3,0,0,0,2026-07-15T13:55:04.201655
23,4,4,0,0,0,2026-07-15T13:55:05.726015
23,4,5,0,0,0,2026-07-15T13:55:07.290632
23,4,6,0,0,0,2026-07-15T13:55:08.966169
23,4,7,0,0,0,2026-07-15T13:55:10.799877
23,4,8,0,0,0,2026-07-15T13:55:12.349328
23,4,9,0,0,0,2026-07-15T13:55:13.967900
23,4,10,0,0,0,2026-07-15T13:55:15.590377
23,5,1,3,0,3,2026-07-15T13:55:20.949002
23,5,2,3,0,3,2026-07-15T13:55:22.458144
23,5,3,3,0,3,2026-07-15T13:55:24.091464
23,5,4,3,0,3,2026-07-15T13:55:25.612656
23,5,5,3,0,3,2026-07-15T13:55:27.189209
23,5,6,3,0,3,2026-07-15T13:55:28.789375
23,5,7,3,0,3,2026-07-15T13:55:33.955259
23,5,8,3,0,3,2026-07-15T13:55:35.515404
23,5,9,3,0,3,2026-07-15T13:55:37.277602
23,5,10,3,0,3,2026-07-15T13:55:39.504464
23,6,1,0,0,0,2026-07-15T13:55:41.201961
23,6,2,0,0,0,2026-07-15T13:55:43.519764
23,6,3,0,0,0,2026-07-15T13:55:45.126373
23,6,4,0,0,0,2026-07-15T13:55:50.511169
23,6,5,0,0,0,2026-07-15T13:55:52.434145
23,6,6,0,0,0,2026-07-15T13:55:54.178384
23,6,7,0,0,0,2026-07-15T13:55:59.539624
23,6,8,0,0,0,2026-07-15T13:56:01.295841
23,6,9,0,0,0,2026-07-15T13:56:02.889693
23,6,10,0,0,0,2026-07-15T13:56:04.591884
23,7,1,4,0,4,2026-07-15T13:56:06.472911
23,7,2,4,0,4,2026-07-15T13:56:08.163499
23,7,3,4,0,4,2026-07-15T13:56:10.020127
23,7,4,4,0,4,2026-07-15T13:56:11.950585
23,7,5,4,0,4,2026-07-15T13:56:13.583459
23,7,6,4,0,4,2026-07-15T13:56:25.105281
23,7,7,4,0,4,2026-07-15T13:56:26.721608
23,7,8,4,0,4,2026-07-15T13:56:28.397822
23,7,9,4,0,4,2026-07-15T13:56:30.079252
23,7,10,4,0,4,2026-07-15T13:56:32.371157
23,8,1,0,0,0,2026-07-15T13:56:34.000893
23,8,2,0,0,0,2026-07-15T13:56:35.632836
23,8,3,0,0,0,2026-07-15T13:56:37.450818
23,8,4,0,0,0,2026-07-15T13:56:39.089438
23,8,5,0,0,0,2026-07-15T13:56:43.725898
23,8,6,0,0,0,2026-07-15T13:56:44.657212
23,8,7,0,0,0,2026-07-15T13:56:46.320977
23,8,8,0,0,0,2026-07-15T13:56:48.708948
23,8,9,0,0,0,2026-07-15T13:56:50.311893
23,8,10,0,0,0,2026-07-15T13:56:52.411889
23,9,1,5,0,5,2026-07-15T13:56:54.158347
23,9,2,5,0,5,2026-07-15T13:56:55.783429
23,9,3,5,0,5,2026-07-15T13:57:00.025864
23,9,4,5,0,5,2026-07-15T13:57:01.728632
23,9,5,5,0,5,2026-07-15T13:57:03.903929
23,9,6,5,0,5,2026-07-15T13:57:05.480560
23,9,7,5,0,5,2026-07-15T13:57:07.149474
23,9,8,5,0,5,2026-07-15T13:57:08.910305
23,9,9,5,0,5,2026-07-15T13:57:10.531820
23,9,10,5,0,5,2026-07-15T13:57:12.698733
24,1,1,4,0,4,2026-07-15T13:57:14.247781
24,1,2,4,0,4,2026-07-15T13:57:15.946812
24,1,3,4,0,4,2026-07-15T13:57:18.136578
24,1,4,4,0,4,2026-07-15T13:57:21.731342
24,1,5,4,0,4,2026-07-15T13:57:23.405384
24,1,6,4,0,4,2026-07-15T13:57:25.820626
24,1,7,4,0,4,2026-07-15T13:57:27.417610
24,1,8,4,0,4,2026-07-15T13:57:29.251696
24,1,9,4,0,4,2026-07-15T13:57:32.780033
24,1,10,4,0,4,2026-07-15T13:57:36.778665
24,2,1,0,0,0,2026-07-15T13:57:40.339996
24,2,2,0,0,0,2026-07-15T13:57:41.910888
24,2,3,0,0,0,2026-07-15T13:57:44.040876
24,2,4,0,0,0,2026-07-15T13:57:45.728161
24,2,5,0,0,0,2026-07-15T13:57:48.057208
24,2,6,0,0,0,2026-07-15T13:57:50.849114
24,2,7,0,0,0,2026-07-15T13:57:52.861102
24,2,8,0,0,0,2026-07-15T13:57:54.405584
24,2,9,0,0,0,2026-07-15T13:57:56.234918
24,2,10,0,0,0,2026-07-15T13:57:57.881739
24,3,1,3,0,3,2026-07-15T13:57:59.672260
24,3,2,3,0,3,2026-07-15T13:58:01.175167
24,3,3,3,0,3,2026-07-15T13:58:02.725877
24,3,4,3,0,3,2026-07-15T13:58:04.593321
24,3,5,3,0,3,2026-07-15T13:58:07.372981
24,3,6,3,0,3,2026-07-15T13:58:08.893027
24,3,7,3,0,3,2026-07-15T13:58:11.847924
24,3,8,3,0,3,2026-07-15T13:58:14.580624
24,3,9,3,0,3,2026-07-15T13:58:17.035957
24,3,10,3,0,3,2026-07-15T13:58:18.626100
24,4,1,0,0,0,2026-07-15T13:58:20.343660
24,4,2,0,0,0,2026-07-15T13:58:22.110256
24,4,3,0,0,0,2026-07-15T13:58:23.651981
24,4,4,0,0,0,2026-07-15T13:58:25.314475
24,4,5,0,0,0,2026-07-15T13:58:27.150844
24,4,6,0,0,0,2026-07-15T13:58:28.748655
24,4,7,0,0,0,2026-07-15T13:58:30.279502
24,4,8,0,0,0,2026-07-15T13:58:31.915714
24,4,9,0,0,0,2026-07-15T13:58:34.007868
24,4,10,0,0,0,2026-07-15T13:58:35.629089
24,5,1,3,0,3,2026-07-15T13:58:37.293997
24,5,2,3,0,3,2026-07-15T13:58:38.963133
24,5,3,3,0,3,2026-07-15T13:58:40.533508
24,5,4,3,0,3,2026-07-15T13:58:42.303840
24,5,5,3,0,3,2026-07-15T13:58:43.866850
24,5,6,3,0,3,2026-07-15T13:58:45.501661
24,5,7,3,0,3,2026-07-15T13:58:47.098149
24,5,8,3,0,3,2026-07-15T13:58:48.837372
24,5,9,3,0,3,2026-07-15T13:58:50.404745
24,5,10,3,0,3,2026-07-15T13:58:52.302501
24,6,1,0,0,0,2026-07-15T13:58:54.030421
24,6,2,0,0,0,2026-07-15T13:58:55.615088
24,6,3,0,0,0,2026-07-15T13:58:57.241045
24,6,4,0,0,0,2026-07-15T13:58:57.780274
24,6,5,0,0,0,2026-07-15T13:58:59.767918
24,6,6,0,0,0,2026-07-15T13:59:01.659219
24,6,7,0,0,0,2026-07-15T13:59:03.444555
24,6,8,0,0,0,2026-07-15T13:59:05.100134
24,6,9,0,0,0,2026-07-15T13:59:06.672935
24,6,10,0,0,0,2026-07-15T13:59:08.207387
24,7,1,4,0,4,2026-07-15T13:59:09.709542
24,7,2,4,0,4,2026-07-15T13:59:11.252655
24,7,3,4,0,4,2026-07-15T13:59:12.750714
24,7,4,4,0,4,2026-07-15T13:59:17.382574
24,7,5,4,0,4,2026-07-15T13:59:19.098220
24,7,6,4,0,4,2026-07-15T13:59:20.674544
24,7,7,4,0,4,2026-07-15T13:59:23.527762
24,7,8,4,0,4,2026-07-15T13:59:25.139209
24,7,9,4,0,4,2026-07-15T13:59:26.962431
24,7,10,4,0,4,2026-07-15T13:59:29.189784
24,8,1,0,0,0,2026-07-15T13:59:30.845843
24,8,2,0,0,0,2026-07-15T13:59:32.371179
24,8,3,0,0,0,2026-07-15T13:59:33.999516
24,8,4,0,0,0,2026-07-15T13:59:36.277867
24,8,5,0,0,0,2026-07-15T13:59:37.970008
24,8,6,0,0,0,2026-07-15T13:59:39.593724
24,8,7,0,0,0,2026-07-15T13:59:41.502874
24,8,8,0,0,0,2026-07-15T13:59:43.129068
24,8,9,0,0,0,2026-07-15T13:59:44.770032
24,8,10,0,0,0,2026-07-15T13:59:46.325665
24,9,1,5,0,5,2026-07-15T13:59:47.905962
24,9,2,5,0,5,2026-07-15T13:59:49.454938
24,9,3,5,0,5,2026-07-15T13:59:50.993842
24,9,4,5,0,5,2026-07-15T13:59:52.600483
24,9,5,5,0,5,2026-07-15T13:59:54.184035
24,9,6,5,0,5,2026-07-15T13:59:55.814849
24,9,7,5,0,5,2026-07-15T13:59:57.394937
24,9,8,5,0,5,2026-07-15T13:59:58.960601
24,9,9,5,0,5,2026-07-15T14:00:00.907461
24,9,10,5,0,5,2026-07-15T14:00:03.247679
25,1,1,3,0,3,2026-07-15T14:00:04.935963
25,1,2,3,0,3,2026-07-15T14:00:06.741762
25,1,3,3,0,3,2026-07-15T14:00:08.354512
25,1,4,3,0,3,2026-07-15T14:00:10.076800
25,1,5,3,0,3,2026-07-15T14:00:11.653445
25,1,6,3,0,3,2026-07-15T14:00:13.231883
25,1,7,3,0,3,2026-07-15T14:00:14.890894
25,1,8,3,0,3,2026-07-15T14:00:16.404476
25,1,9,3,0,3,2026-07-15T14:00:17.979418
25,1,10,3,0,3,2026-07-15T14:00:19.509767
25,2,1,0,0,0,2026-07-15T14:00:21.095715
25,2,2,0,0,0,2026-07-15T14:00:22.722370
25,2,3,0,0,0,2026-07-15T14:00:24.400744
25,2,4,0,0,0,2026-07-15T14:00:26.040261
25,2,5,0,0,0,2026-07-15T14:00:27.522006
25,2,6,0,0,0,2026-07-15T14:00:29.128813
25,2,7,0,0,0,2026-07-15T14:00:30.743557
25,2,8,0,0,0,2026-07-15T14:00:32.423296
25,2,9,0,0,0,2026-07-15T14:00:34.090019
25,2,10,0,0,0,2026-07-15T14:00:35.896157
25,3,1,0,0,0,2026-07-15T14:00:40.572405
25,3,2,0,0,0,2026-07-15T14:00:42.183752
25,3,3,0,0,0,2026-07-15T14:00:43.982473
25,3,4,0,0,0,2026-07-15T14:00:45.702848
25,3,5,0,0,0,2026-07-15T14:00:47.176475
25,3,6,0,0,0,2026-07-15T14:00:48.950000
25,3,7,0,0,0,2026-07-15T14:00:50.680598
25,3,8,0,0,0,2026-07-15T14:00:52.248797
25,3,9,0,0,0,2026-07-15T14:00:53.802641
25,3,10,0,0,0,2026-07-15T14:00:55.356912
25,4,1,0,0,0,2026-07-15T14:00:57.328995
25,4,2,0,0,0,2026-07-15T14:01:02.332439
25,4,3,0,0,0,2026-07-15T14:01:03.862752
25,4,4,0,0,0,2026-07-15T14:01:05.574921
25,4,5,0,0,0,2026-07-15T14:01:07.132972
25,4,6,0,0,0,2026-07-15T14:01:08.645450
25,4,7,0,0,0,2026-07-15T14:01:10.280551
25,4,8,0,0,0,2026-07-15T14:01:12.253569
25,4,9,0,0,0,2026-07-15T14:01:13.829780
25,4,10,0,0,0,2026-07-15T14:01:19.068486
25,5,1,3,0,3,2026-07-15T14:01:20.917662
25,5,2,2,0,2,2026-07-15T14:01:21.448605
25,5,3,2,0,2,2026-07-15T14:01:23.087722
25,5,4,2,0,2,2026-07-15T14:01:24.601988
25,5,5,2,0,2,2026-07-15T14:01:26.762885
25,5,6,2,0,2,2026-07-15T14:01:28.329771
25,5,7,2,0,2,2026-07-15T14:01:30.308511
25,5,8,2,0,2,2026-07-15T14:01:31.842679
25,5,9,2,0,2,2026-07-15T14:01:33.448293
25,5,10,2,0,2,2026-07-15T14:01:34.985076
25,6,1,0,0,0,2026-07-15T14:01:36.518930
25,6,2,0,0,0,2026-07-15T14:01:38.143952
25,6,3,0,0,0,2026-07-15T14:01:39.790568
25,6,4,0,0,0,2026-07-15T14:01:41.470200
25,6,5,0,0,0,2026-07-15T14:01:43.067242
25,6,6,0,0,0,2026-07-15T14:01:44.736660
25,6,7,0,0,0,2026-07-15T14:01:46.707451
25,6,8,0,0,0,2026-07-15T14:01:48.377113
25,6,9,0,0,0,2026-07-15T14:01:49.914523
25,6,10,0,0,0,2026-07-15T14:01:51.427580
25,7,1,3,0,3,2026-07-15T14:01:53.226187
25,7,2,3,0,3,2026-07-15T14:01:54.749258
25,7,3,3,0,3,2026-07-15T14:01:56.314346
25,7,4,3,0,3,2026-07-15T14:01:58.003301
25,7,5,3,0,3,2026-07-15T14:01:59.757986
25,7,6,3,0,3,2026-07-15T14:02:01.335764
25,7,7,3,0,3,2026-07-15T14:02:02.946242
25,7,8,3,0,3,2026-07-15T14:02:04.525842
25,7,9,3,0,3,2026-07-15T14:02:06.558054
25,7,10,3,0,3,2026-07-15T14:02:08.213040
25,8,1,0,0,0,2026-07-15T14:02:09.736466
25,8,2,0,0,0,2026-07-15T14:02:11.357301
25,8,3,0,0,0,2026-07-15T14:02:12.859090
25,8,4,0,0,0,2026-07-15T14:02:14.360061
25,8,5,0,0,0,2026-07-15T14:02:15.890255
25,8,6,0,0,0,2026-07-15T14:02:17.595360
25,8,7,0,0,0,2026-07-15T14:02:19.128439
25,8,8,0,0,0,2026-07-15T14:02:20.694062
25,8,9,0,0,0,2026-07-15T14:02:22.222210
25,8,10,0,0,0,2026-07-15T14:02:23.698094
25,9,1,5,0,5,2026-07-15T14:02:25.279523
25,9,2,5,0,5,2026-07-15T14:02:26.916814
25,9,3,5,0,5,2026-07-15T14:02:28.454416
25,9,4,5,0,5,2026-07-15T14:02:30.071222
25,9,5,5,0,5,2026-07-15T14:02:31.829609
25,9,6,5,0,5,2026-07-15T14:02:33.324436
25,9,7,5,0,5,2026-07-15T14:02:34.819571
25,9,8,5,0,5,2026-07-15T14:02:36.369941
25,9,9,5,0,5,2026-07-15T14:02:37.882314
25,9,10,5,0,5,2026-07-15T14:02:40.076115
26,1,1,5,0,5,2026-07-15T14:02:40.662324
26,1,2,5,0,5,2026-07-15T14:02:42.220275
26,1,3,5,0,5,2026-07-15T14:02:42.733505
26,1,4,5,0,5,2026-07-15T14:02:44.331463
26,1,5,5,0,5,2026-07-15T14:02:45.841617
26,1,6,5,0,5,2026-07-15T14:02:47.420873
26,1,7,5,0,5,2026-07-15T14:02:48.940835
26,1,8,5,0,5,2026-07-15T14:02:50.622216
26,1,9,5,0,5,2026-07-15T14:02:52.247229
26,1,10,5,0,5,2026-07-15T14:02:58.042020
26,2,1,2,0,2,2026-07-15T14:02:59.568669
26,2,2,2,0,2,2026-07-15T14:03:01.177254
26,2,3,2,0,2,2026-07-15T14:03:02.714660
26,2,4,2,0,2,2026-07-15T14:03:04.299309
26,2,5,2,0,2,2026-07-15T14:03:05.911149
26,2,6,2,0,2,2026-07-15T14:03:07.712549
26,2,7,2,0,2,2026-07-15T14:03:08.319983
26,2,8,2,0,2,2026-07-15T14:03:08.910136
26,2,9,2,0,2,2026-07-15T14:03:10.491650
26,2,10,2,0,2,2026-07-15T14:03:11.984408
26,3,1,3,0,3,2026-07-15T14:03:13.551936
26,3,2,3,0,3,2026-07-15T14:03:15.046298
26,3,3,3,0,3,2026-07-15T14:03:16.561842
26,3,4,3,0,3,2026-07-15T14:03:18.098766
26,3,5,3,0,3,2026-07-15T14:03:19.596527
26,3,6,3,0,3,2026-07-15T14:03:23.408753
26,3,7,3,0,3,2026-07-15T14:03:24.969029
26,3,8,3,0,3,2026-07-15T14:03:26.462121
26,3,9,3,0,3,2026-07-15T14:03:27.037877
26,3,10,3,0,3,2026-07-15T14:03:28.578758
26,4,1,0,0,0,2026-07-15T14:03:30.103632
26,4,2,0,0,0,2026-07-15T14:03:31.693757
26,4,3,0,0,0,2026-07-15T14:03:32.257295
26,4,4,0,0,0,2026-07-15T14:03:33.792355
26,4,5,0,0,0,2026-07-15T14:03:35.366832
26,4,6,0,0,0,2026-07-15T14:03:36.891688
26,4,7,0,0,0,2026-07-15T14:03:38.440226
26,4,8,0,0,0,2026-07-15T14:03:39.921669
26,4,9,0,0,0,2026-07-15T14:03:41.476679
26,4,10,0,0,0,2026-07-15T14:03:42.995025
26,5,1,4,0,4,2026-07-15T14:03:44.641251
26,5,2,4,0,4,2026-07-15T14:03:46.284821
26,5,3,4,0,4,2026-07-15T14:03:47.814553
26,5,4,4,0,4,2026-07-15T14:03:49.331941
26,5,5,4,0,4,2026-07-15T14:03:50.930750
26,5,6,4,0,4,2026-07-15T14:03:52.538141
26,5,7,4,0,4,2026-07-15T14:03:53.066276
26,5,8,4,0,4,2026-07-15T14:03:54.548833
26,5,9,4,0,4,2026-07-15T14:03:56.083889
26,5,10,4,0,4,2026-07-15T14:03:57.590076
26,6,1,0,0,0,2026-07-15T14:03:59.110734
26,6,2,0,0,0,2026-07-15T14:04:00.697350
26,6,3,0,0,0,2026-07-15T14:04:05.931890
26,6,4,0,0,0,2026-07-15T14:04:11.306148
26,6,5,0,0,0,2026-07-15T14:04:12.813717
26,6,6,0,0,0,2026-07-15T14:04:14.302612
26,6,7,0,0,0,2026-07-15T14:04:15.889984
26,6,8,0,0,0,2026-07-15T14:04:17.379602
26,6,9,0,0,0,2026-07-15T14:04:18.998282
26,6,10,0,0,0,2026-07-15T14:04:20.534549
26,7,1,5,0,5,2026-07-15T14:04:22.089093
26,7,2,5,0,5,2026-07-15T14:04:26.729129
26,7,3,5,0,5,2026-07-15T14:04:28.300679
26,7,4,4,0,4,2026-07-15T14:04:29.864079
26,7,5,5,0,5,2026-07-15T14:04:31.551601
26,7,6,5,0,5,2026-07-15T14:04:33.086153
26,7,7,4,0,4,2026-07-15T14:04:34.571581
26,7,8,5,0,5,2026-07-15T14:04:39.203142
26,7,9,4,0,4,2026-07-15T14:04:40.746727
26,7,10,5,0,5,2026-07-15T14:04:42.275697
26,8,1,-1,3,This,2026-07-15T16:48:55.355407
26,8,2,-1,3,This,2026-07-15T16:48:56.832994
26,8,3,0,0,0,2026-07-15T14:04:47.029110
26,8,4,0,1,0,2026-07-15T16:47:57.347170
26,8,5,-1,3,This,2026-07-15T16:48:58.427849
26,8,6,-1,3,This,2026-07-15T16:48:59.947839
26,8,7,-1,3,This,2026-07-15T16:49:01.478698
26,8,8,0,1,0,2026-07-15T16:48:02.368326
26,8,9,-1,3,This,2026-07-15T16:49:02.959985
26,8,10,-1,3,This,2026-07-15T16:49:04.460142
26,9,1,5,0,5,2026-07-15T14:05:03.011657
26,9,2,5,0,5,2026-07-15T14:05:04.497597
26,9,3,5,0,5,2026-07-15T14:05:06.020949
26,9,4,5,0,5,2026-07-15T14:05:11.318998
26,9,5,5,0,5,2026-07-15T14:05:12.800809
26,9,6,5,0,5,2026-07-15T14:05:14.364008
26,9,7,5,0,5,2026-07-15T14:05:15.865943
26,9,8,5,0,5,2026-07-15T14:05:16.400538
26,9,9,5,0,5,2026-07-15T14:05:17.922433
26,9,10,5,0,5,2026-07-15T14:05:18.420544
27,1,1,3,0,3,2026-07-15T14:05:19.932987
27,1,2,3,0,3,2026-07-15T14:05:21.507510
27,1,3,3,0,3,2026-07-15T14:05:26.806290
27,1,4,3,0,3,2026-07-15T14:05:28.329153
27,1,5,3,0,3,2026-07-15T14:05:30.003138
27,1,6,3,0,3,2026-07-15T14:05:32.235284
27,1,7,3,0,3,2026-07-15T14:05:33.759031
27,1,8,3,0,3,2026-07-15T14:05:35.221299
27,1,9,3,0,3,2026-07-15T14:05:36.711796
27,1,10,3,0,3,2026-07-15T14:05:38.208064
27,2,1,1,0,1,2026-07-15T14:05:39.739810
27,2,2,1,0,1,2026-07-15T14:05:41.276023
27,2,3,1,0,1,2026-07-15T14:05:42.797774
27,2,4,1,0,1,2026-07-15T14:05:44.557767
27,2,5,1,0,1,2026-07-15T14:05:48.540008
27,2,6,1,0,1,2026-07-15T14:05:50.162209
27,2,7,1,0,1,2026-07-15T14:05:51.660794
27,2,8,1,0,1,2026-07-15T14:05:53.205795
27,2,9,1,0,1,2026-07-15T14:05:54.770463
27,2,10,1,0,1,2026-07-15T14:05:56.274037
27,3,1,2,0,2,2026-07-15T14:06:00.345747
27,3,2,2,0,2,2026-07-15T14:06:01.841158
27,3,3,2,0,2,2026-07-15T14:06:03.357789
27,3,4,2,0,2,2026-07-15T14:06:04.846569
27,3,5,2,0,2,2026-07-15T14:06:06.400140
27,3,6,2,0,2,2026-07-15T14:06:08.073819
27,3,7,2,0,2,2026-07-15T14:06:09.631252
27,3,8,2,0,2,2026-07-15T14:06:11.172163
27,3,9,2,0,2,2026-07-15T14:06:12.693988
27,3,10,2,0,2,2026-07-15T14:06:14.241845
27,4,1,0,0,0,2026-07-15T14:06:15.752387
27,4,2,0,0,0,2026-07-15T14:06:17.259621
27,4,3,0,0,0,2026-07-15T14:06:18.785793
27,4,4,0,0,0,2026-07-15T14:06:20.298420
27,4,5,0,0,0,2026-07-15T14:06:21.841860
27,4,6,0,0,0,2026-07-15T14:06:23.590760
27,4,7,0,0,0,2026-07-15T14:06:24.118887
27,4,8,0,0,0,2026-07-15T14:06:25.618676
27,4,9,0,0,0,2026-07-15T14:06:27.128110
27,4,10,0,0,0,2026-07-15T14:06:28.689097
27,5,1,2,0,2,2026-07-15T14:06:30.234183
27,5,2,2,0,2,2026-07-15T14:06:31.795928
27,5,3,2,0,2,2026-07-15T14:06:33.304734
27,5,4,2,0,2,2026-07-15T14:06:34.880939
27,5,5,2,0,2,2026-07-15T14:06:36.393878
27,5,6,2,0,2,2026-07-15T14:06:37.926361
27,5,7,2,0,2,2026-07-15T14:06:39.631190
27,5,8,2,0,2,2026-07-15T14:06:41.154038
27,5,9,2,0,2,2026-07-15T14:06:41.690335
27,5,10,2,0,2,2026-07-15T14:06:43.223341
27,6,1,0,0,0,2026-07-15T14:06:44.822181
27,6,2,0,0,0,2026-07-15T14:06:46.365972
27,6,3,0,0,0,2026-07-15T14:06:47.890897
27,6,4,0,0,0,2026-07-15T14:06:49.502987
27,6,5,0,0,0,2026-07-15T14:06:50.981337
27,6,6,0,0,0,2026-07-15T14:06:52.438527
27,6,7,0,0,0,2026-07-15T14:06:53.973836
27,6,8,0,0,0,2026-07-15T14:06:55.535358
27,6,9,0,0,0,2026-07-15T14:06:57.067708
27,6,10,0,0,0,2026-07-15T14:06:58.891829
27,7,1,5,0,5,2026-07-15T14:07:00.384504
27,7,2,5,0,5,2026-07-15T14:07:01.939101
27,7,3,5,0,5,2026-07-15T14:07:03.435788
27,7,4,5,0,5,2026-07-15T14:07:04.979343
27,7,5,5,0,5,2026-07-15T14:07:06.485895
27,7,6,5,0,5,2026-07-15T14:07:08.050378
27,7,7,5,0,5,2026-07-15T14:07:09.557477
27,7,8,5,0,5,2026-07-15T14:07:10.046626
27,7,9,5,0,5,2026-07-15T14:07:11.539242
27,7,10,5,0,5,2026-07-15T14:07:13.020222
27,8,1,0,0,0,2026-07-15T14:07:14.581497
27,8,2,0,0,0,2026-07-15T14:07:16.079944
27,8,3,0,0,0,2026-07-15T14:07:17.541223
27,8,4,0,0,0,2026-07-15T14:07:22.018075
27,8,5,0,0,0,2026-07-15T14:07:23.585900
27,8,6,0,0,0,2026-07-15T14:07:25.107824
27,8,7,0,0,0,2026-07-15T14:07:26.643945
27,8,8,0,0,0,2026-07-15T14:07:28.211599
27,8,9,0,0,0,2026-07-15T14:07:29.750996
27,8,10,0,0,0,2026-07-15T14:07:31.272212
27,9,1,5,0,5,2026-07-15T14:07:32.770760
27,9,2,5,0,5,2026-07-15T14:07:34.312283
27,9,3,5,0,5,2026-07-15T14:07:35.815722
27,9,4,5,0,5,2026-07-15T14:07:40.058570
27,9,5,5,0,5,2026-07-15T14:07:41.560982
27,9,6,5,0,5,2026-07-15T14:07:43.795898
27,9,7,5,0,5,2026-07-15T14:07:45.522006
27,9,8,5,0,5,2026-07-15T14:07:47.312614
27,9,9,5,0,5,2026-07-15T14:07:47.798513
27,9,10,5,0,5,2026-07-15T14:07:48.510311
28,1,1,5,0,5,2026-07-15T14:07:49.040812
28,1,2,5,0,5,2026-07-15T14:07:50.643996
28,1,3,5,0,5,2026-07-15T14:07:55.852302
28,1,4,5,0,5,2026-07-15T14:07:57.414349
28,1,5,5,0,5,2026-07-15T14:07:57.919766
28,1,6,5,0,5,2026-07-15T14:07:59.425324
28,1,7,5,0,5,2026-07-15T14:08:04.513880
28,1,8,5,0,5,2026-07-15T14:08:05.999769
28,1,9,5,0,5,2026-07-15T14:08:07.735284
28,1,10,5,0,5,2026-07-15T14:08:09.251753
28,2,1,0,0,0,2026-07-15T14:08:10.749661
28,2,2,0,0,0,2026-07-15T14:08:11.261260
28,2,3,0,0,0,2026-07-15T14:08:12.775594
28,2,4,0,0,0,2026-07-15T14:08:14.393934
28,2,5,0,0,0,2026-07-15T14:08:15.902196
28,2,6,0,0,0,2026-07-15T14:08:17.437134
28,2,7,0,0,0,2026-07-15T14:08:18.896969
28,2,8,0,0,0,2026-07-15T14:08:20.444120
28,2,9,0,0,0,2026-07-15T14:08:22.043947
28,2,10,0,0,0,2026-07-15T14:08:23.547588
28,3,1,2,0,2,2026-07-15T14:08:25.088627
28,3,2,2,0,2,2026-07-15T14:08:26.658597
28,3,3,2,0,2,2026-07-15T14:08:28.084620
28,3,4,2,0,2,2026-07-15T14:08:29.576774
28,3,5,2,0,2,2026-07-15T14:08:30.043917
28,3,6,2,0,2,2026-07-15T14:08:30.503017
28,3,7,2,0,2,2026-07-15T14:08:32.023072
28,3,8,2,0,2,2026-07-15T14:08:33.501152
28,3,9,2,0,2,2026-07-15T14:08:35.262005
28,3,10,2,0,2,2026-07-15T14:08:36.842322
28,4,1,0,0,0,2026-07-15T14:08:37.336340
28,4,2,0,0,0,2026-07-15T14:08:37.906787
28,4,3,0,0,0,2026-07-15T14:08:38.443751
28,4,4,0,0,0,2026-07-15T14:08:38.973260
28,4,5,0,0,0,2026-07-15T14:08:40.546129
28,4,6,0,0,0,2026-07-15T14:08:42.095164
28,4,7,0,0,0,2026-07-15T14:08:43.663547
28,4,8,0,0,0,2026-07-15T14:08:45.256588
28,4,9,0,0,0,2026-07-15T14:08:46.886446
28,4,10,0,0,0,2026-07-15T14:08:48.400559
28,5,1,2,0,2,2026-07-15T14:08:52.286635
28,5,2,2,0,2,2026-07-15T14:09:00.897520
28,5,3,2,0,2,2026-07-15T14:09:02.490296
28,5,4,2,0,2,2026-07-15T14:09:03.062537
28,5,5,2,0,2,2026-07-15T14:09:04.539326
28,5,6,2,0,2,2026-07-15T14:09:07.408478
28,5,7,2,0,2,2026-07-15T14:09:09.115020
28,5,8,2,0,2,2026-07-15T14:09:09.669221
28,5,9,2,0,2,2026-07-15T14:09:11.657862
28,5,10,2,0,2,2026-07-15T14:09:13.142206
28,6,1,0,0,0,2026-07-15T14:09:18.301887
28,6,2,0,0,0,2026-07-15T14:09:19.781237
28,6,3,0,0,0,2026-07-15T14:09:21.325517
28,6,4,0,0,0,2026-07-15T14:09:23.608589
28,6,5,0,0,0,2026-07-15T14:09:25.124351
28,6,6,0,0,0,2026-07-15T14:09:29.988990
28,6,7,0,0,0,2026-07-15T14:09:30.498216
28,6,8,0,0,0,2026-07-15T14:09:32.153968
28,6,9,0,0,0,2026-07-15T14:09:33.737083
28,6,10,0,0,0,2026-07-15T14:09:34.222014
28,7,1,3,0,3,2026-07-15T14:09:36.259671
28,7,2,3,0,3,2026-07-15T14:09:38.477783
28,7,3,3,0,3,2026-07-15T14:09:38.997998
28,7,4,3,0,3,2026-07-15T14:09:40.496509
28,7,5,3,0,3,2026-07-15T14:09:42.017770
28,7,6,3,0,3,2026-07-15T14:09:43.622941
28,7,7,3,0,3,2026-07-15T14:09:44.079139
28,7,8,3,0,3,2026-07-15T14:09:44.612002
28,7,9,3,0,3,2026-07-15T14:09:46.131272
28,7,10,3,0,3,2026-07-15T14:09:46.712518
28,8,1,2,0,2,2026-07-15T14:09:48.242461
28,8,2,2,0,2,2026-07-15T14:09:49.767593
28,8,3,2,0,2,2026-07-15T14:09:51.340290
28,8,4,2,0,2,2026-07-15T14:09:52.861995
28,8,5,2,0,2,2026-07-15T14:09:53.404798
28,8,6,2,0,2,2026-07-15T14:09:53.925919
28,8,7,2,0,2,2026-07-15T14:09:54.434734
28,8,8,2,0,2,2026-07-15T14:09:58.677376
28,8,9,2,0,2,2026-07-15T14:10:00.504863
28,8,10,2,0,2,2026-07-15T14:10:01.987729
28,9,1,4,0,4,2026-07-15T14:10:02.558729
28,9,2,4,0,4,2026-07-15T14:10:04.098012
28,9,3,4,0,4,2026-07-15T14:10:05.590931
28,9,4,4,0,4,2026-07-15T14:10:07.145359
28,9,5,4,0,4,2026-07-15T14:10:08.789925
28,9,6,4,0,4,2026-07-15T14:10:10.319886
28,9,7,4,0,4,2026-07-15T14:10:11.916514
28,9,8,4,0,4,2026-07-15T14:10:13.416448
28,9,9,4,0,4,2026-07-15T14:10:18.914772
28,9,10,4,0,4,2026-07-15T14:10:20.489966
29,1,1,4,0,4,2026-07-15T14:10:21.059831
29,1,2,4,0,4,2026-07-15T14:10:26.201698
29,1,3,4,0,4,2026-07-15T14:10:27.736517
29,1,4,4,0,4,2026-07-15T14:10:28.278180
29,1,5,4,0,4,2026-07-15T14:10:32.538206
29,1,6,4,0,4,2026-07-15T14:10:33.871908
29,1,7,4,0,4,2026-07-15T14:10:38.861818
29,1,8,4,0,4,2026-07-15T14:10:39.367371
29,1,9,4,0,4,2026-07-15T14:10:40.855236
29,1,10,4,0,4,2026-07-15T14:10:42.401829
29,2,1,2,0,2,2026-07-15T14:10:43.987607
29,2,2,2,0,2,2026-07-15T14:10:45.629998
29,2,3,2,0,2,2026-07-15T14:10:47.156601
29,2,4,2,0,2,2026-07-15T14:10:48.667626
29,2,5,2,0,2,2026-07-15T14:10:49.168554
29,2,6,2,0,2,2026-07-15T14:10:50.640033
29,2,7,2,0,2,2026-07-15T14:10:52.098296
29,2,8,2,0,2,2026-07-15T14:10:52.587450
29,2,9,2,0,2,2026-07-15T14:10:54.121115
29,2,10,2,0,2,2026-07-15T14:10:55.578775
29,3,1,2,0,2,2026-07-15T14:10:57.121825
29,3,2,2,0,2,2026-07-15T14:10:58.652850
29,3,3,2,0,2,2026-07-15T14:10:59.172848
29,3,4,2,0,2,2026-07-15T14:11:00.696465
29,3,5,2,0,2,2026-07-15T14:11:05.820804
29,3,6,2,0,2,2026-07-15T14:11:07.315355
29,3,7,2,0,2,2026-07-15T14:11:11.283584
29,3,8,2,0,2,2026-07-15T14:11:12.793249
29,3,9,2,0,2,2026-07-15T14:11:13.313502
29,3,10,2,0,2,2026-07-15T14:11:14.869572
29,4,1,0,0,0,2026-07-15T14:11:16.373604
29,4,2,0,0,0,2026-07-15T14:11:17.891294
29,4,3,0,0,0,2026-07-15T14:11:18.401232
29,4,4,0,0,0,2026-07-15T14:11:19.967491
29,4,5,0,0,0,2026-07-15T14:11:21.506521
29,4,6,0,0,0,2026-07-15T14:11:23.313467
29,4,7,0,0,0,2026-07-15T14:11:23.827028
29,4,8,0,0,0,2026-07-15T14:11:25.485839
29,4,9,0,0,0,2026-07-15T14:11:27.035508
29,4,10,0,0,0,2026-07-15T14:11:28.724101
29,5,1,4,0,4,2026-07-15T14:11:33.729599
29,5,2,4,0,4,2026-07-15T14:11:35.338053
29,5,3,4,0,4,2026-07-15T14:11:35.848543
29,5,4,4,0,4,2026-07-15T14:11:37.488785
29,5,5,4,0,4,2026-07-15T14:11:39.155419
29,5,6,4,0,4,2026-07-15T14:11:40.739169
29,5,7,4,0,4,2026-07-15T14:11:42.230999
29,5,8,4,0,4,2026-07-15T14:11:46.465675
29,5,9,4,0,4,2026-07-15T14:11:48.099914
29,5,10,4,0,4,2026-07-15T14:11:51.666047
29,6,1,0,0,0,2026-07-15T14:11:53.220369
29,6,2,0,0,0,2026-07-15T14:11:57.128622
29,6,3,0,0,0,2026-07-15T14:11:58.630949
29,6,4,0,0,0,2026-07-15T14:12:00.185460
29,6,5,0,0,0,2026-07-15T14:12:01.714145
29,6,6,0,0,0,2026-07-15T14:12:02.267235
29,6,7,0,0,0,2026-07-15T14:12:02.801802
29,6,8,0,0,0,2026-07-15T14:12:08.568434
29,6,9,0,0,0,2026-07-15T14:12:10.304642
29,6,10,0,0,0,2026-07-15T14:12:11.899499
29,7,1,4,0,4,2026-07-15T14:12:14.926494
29,7,2,4,0,4,2026-07-15T14:12:16.469637
29,7,3,4,0,4,2026-07-15T14:12:18.416078
29,7,4,4,0,4,2026-07-15T14:12:23.608802
29,7,5,4,0,4,2026-07-15T14:12:25.287314
29,7,6,4,0,4,2026-07-15T14:12:26.787400
29,7,7,4,0,4,2026-07-15T14:12:28.331987
29,7,8,4,0,4,2026-07-15T14:12:29.901015
29,7,9,4,0,4,2026-07-15T14:12:32.649378
29,7,10,4,0,4,2026-07-15T14:12:33.150841
29,8,1,2,0,2,2026-07-15T14:12:34.705738
29,8,2,2,0,2,2026-07-15T14:12:36.279152
29,8,3,2,0,2,2026-07-15T14:12:37.760276
29,8,4,2,0,2,2026-07-15T14:12:40.954184
29,8,5,2,0,2,2026-07-15T14:12:45.305190
29,8,6,2,0,2,2026-07-15T14:12:47.806431
29,8,7,2,0,2,2026-07-15T14:12:49.407189
29,8,8,2,0,2,2026-07-15T14:12:50.939208
29,8,9,2,0,2,2026-07-15T14:12:52.464493
29,8,10,2,0,2,2026-07-15T14:12:53.982939
29,9,1,4,0,4,2026-07-15T14:12:54.614357
29,9,2,4,0,4,2026-07-15T14:12:57.220566
29,9,3,4,0,4,2026-07-15T14:12:58.832558
29,9,4,4,0,4,2026-07-15T14:12:59.395861
29,9,5,4,0,4,2026-07-15T14:12:59.969758
29,9,6,4,0,4,2026-07-15T14:13:00.550564
29,9,7,4,0,4,2026-07-15T14:13:01.170192
29,9,8,4,0,4,2026-07-15T14:13:02.031981
29,9,9,4,0,4,2026-07-15T14:13:04.265589
29,9,10,4,0,4,2026-07-15T14:13:05.829372
30,1,1,3,0,3,2026-07-15T14:13:07.370909
30,1,2,3,0,3,2026-07-15T14:13:08.950185
30,1,3,3,0,3,2026-07-15T14:13:10.718644
30,1,4,3,0,3,2026-07-15T14:13:11.226230
30,1,5,3,0,3,2026-07-15T14:13:11.696056
30,1,6,3,0,3,2026-07-15T14:13:13.176972
30,1,7,3,0,3,2026-07-15T14:13:18.389040
30,1,8,3,0,3,2026-07-15T14:13:19.956712
30,1,9,3,0,3,2026-07-15T14:13:21.508448
30,1,10,3,0,3,2026-07-15T14:13:23.738713
30,2,1,2,0,2,2026-07-15T14:13:25.248660
30,2,2,2,0,2,2026-07-15T14:13:26.723679
30,2,3,2,0,2,2026-07-15T14:13:31.194292
30,2,4,2,0,2,2026-07-15T14:13:32.679471
30,2,5,2,0,2,2026-07-15T14:13:34.213896
30,2,6,2,0,2,2026-07-15T14:13:34.799252
30,2,7,2,0,2,2026-07-15T14:13:36.313779
30,2,8,2,0,2,2026-07-15T14:13:37.872780
30,2,9,2,0,2,2026-07-15T14:13:38.419033
30,2,10,2,0,2,2026-07-15T14:13:39.919735
30,3,1,2,0,2,2026-07-15T14:13:41.477674
30,3,2,2,0,2,2026-07-15T14:13:42.987026
30,3,3,2,0,2,2026-07-15T14:13:44.595459
30,3,4,2,0,2,2026-07-15T14:13:46.124264
30,3,5,2,0,2,2026-07-15T14:13:47.633675
30,3,6,2,0,2,2026-07-15T14:13:49.207315
30,3,7,2,0,2,2026-07-15T14:13:50.850439
30,3,8,2,0,2,2026-07-15T14:13:52.376459
30,3,9,2,0,2,2026-07-15T14:13:53.967120
30,3,10,2,0,2,2026-07-15T14:13:54.594836
30,4,1,0,0,0,2026-07-15T14:13:56.236164
30,4,2,0,0,0,2026-07-15T14:13:57.820523
30,4,3,0,0,0,2026-07-15T14:13:59.357251
30,4,4,0,0,0,2026-07-15T14:14:00.987666
30,4,5,0,0,0,2026-07-15T14:14:01.989595
30,4,6,0,0,0,2026-07-15T14:14:06.637576
30,4,7,0,0,0,2026-07-15T14:14:08.168573
30,4,8,0,0,0,2026-07-15T14:14:13.792303
30,4,9,0,0,0,2026-07-15T14:14:18.375326
30,4,10,0,0,0,2026-07-15T14:14:19.892768
30,5,1,3,0,3,2026-07-15T14:14:21.385569
30,5,2,3,0,3,2026-07-15T14:14:23.039186
30,5,3,3,0,3,2026-07-15T14:14:24.572519
30,5,4,3,0,3,2026-07-15T14:14:26.181659
30,5,5,3,0,3,2026-07-15T14:14:26.745128
30,5,6,3,0,3,2026-07-15T14:14:27.264709
30,5,7,3,0,3,2026-07-15T14:14:28.863070
30,5,8,3,0,3,2026-07-15T14:14:29.413394
30,5,9,3,0,3,2026-07-15T14:14:30.989917
30,5,10,3,0,3,2026-07-15T14:14:32.486050
30,6,1,0,0,0,2026-07-15T14:14:34.378932
30,6,2,0,0,0,2026-07-15T14:14:35.937426
30,6,3,0,0,0,2026-07-15T14:14:36.497754
30,6,4,0,0,0,2026-07-15T14:14:38.721475
30,6,5,0,0,0,2026-07-15T14:14:39.265360
30,6,6,0,0,0,2026-07-15T14:14:40.736732
30,6,7,0,0,0,2026-07-15T14:14:41.311748
30,6,8,0,0,0,2026-07-15T14:14:42.845309
30,6,9,0,0,0,2026-07-15T14:14:44.400545
30,6,10,0,0,0,2026-07-15T14:14:45.935763
30,7,1,3,0,3,2026-07-15T14:14:47.425290
30,7,2,3,0,3,2026-07-15T14:14:49.012694
30,7,3,3,0,3,2026-07-15T14:14:50.591716
30,7,4,3,0,3,2026-07-15T14:14:52.160155
30,7,5,3,0,3,2026-07-15T14:14:53.705303
30,7,6,3,0,3,2026-07-15T14:14:55.270021
30,7,7,3,0,3,2026-07-15T14:14:56.753817
30,7,8,3,0,3,2026-07-15T14:14:58.288179
30,7,9,3,0,3,2026-07-15T14:14:58.755099
30,7,10,3,0,3,2026-07-15T14:15:00.259680
30,8,1,0,0,0,2026-07-15T14:15:01.757447
30,8,2,0,0,0,2026-07-15T14:15:03.264751
30,8,3,0,0,0,2026-07-15T14:15:03.781129
30,8,4,0,0,0,2026-07-15T14:15:05.351297
30,8,5,0,0,0,2026-07-15T14:15:05.894022
30,8,6,0,0,0,2026-07-15T14:15:07.397026
30,8,7,0,0,0,2026-07-15T14:15:08.883625
30,8,8,0,0,0,2026-07-15T14:15:10.456586
30,8,9,0,0,0,2026-07-15T14:15:11.951878
30,8,10,0,0,0,2026-07-15T14:15:13.450406
30,9,1,4,0,4,2026-07-15T14:15:14.890004
30,9,2,4,0,4,2026-07-15T14:15:16.611370
30,9,3,4,0,4,2026-07-15T14:15:18.156387
30,9,4,4,0,4,2026-07-15T14:15:19.723853
30,9,5,4,0,4,2026-07-15T14:15:21.263261
30,9,6,4,0,4,2026-07-15T14:15:22.791707
30,9,7,4,0,4,2026-07-15T14:15:24.340992
30,9,8,4,0,4,2026-07-15T14:15:25.821923
30,9,9,4,0,4,2026-07-15T14:15:26.327052
30,9,10,4,0,4,2026-07-15T14:15:27.839976
31,1,1,4,0,4,2026-07-15T14:15:29.346218
31,1,2,4,0,4,2026-07-15T14:15:30.859574
31,1,3,4,0,4,2026-07-15T14:15:32.766802
31,1,4,4,0,4,2026-07-15T14:15:33.370032
31,1,5,4,0,4,2026-07-15T14:15:34.877137
31,1,6,4,0,4,2026-07-15T14:15:36.439608
31,1,7,4,0,4,2026-07-15T14:15:37.961769
31,1,8,4,0,4,2026-07-15T14:15:39.511952
31,1,9,4,0,4,2026-07-15T14:15:41.068299
31,1,10,4,0,4,2026-07-15T14:15:43.124754
31,2,1,2,0,2,2026-07-15T14:15:44.752338
31,2,2,2,0,2,2026-07-15T14:15:46.381387
31,2,3,2,0,2,2026-07-15T14:15:47.843925
31,2,4,2,0,2,2026-07-15T14:15:49.375696
31,2,5,2,0,2,2026-07-15T14:15:50.848287
31,2,6,2,0,2,2026-07-15T14:15:52.341074
31,2,7,2,0,2,2026-07-15T14:15:53.833464
31,2,8,2,0,2,2026-07-15T14:15:54.432737
31,2,9,2,0,2,2026-07-15T14:15:54.943528
31,2,10,2,0,2,2026-07-15T14:15:56.965594
31,3,1,3,0,3,2026-07-15T14:15:57.950369
31,3,2,3,0,3,2026-07-15T14:16:00.292716
31,3,3,3,0,3,2026-07-15T14:16:01.773620
31,3,4,3,0,3,2026-07-15T14:16:03.273828
31,3,5,3,0,3,2026-07-15T14:16:04.746125
31,3,6,3,0,3,2026-07-15T14:16:06.252432
31,3,7,3,0,3,2026-07-15T14:16:07.786868
31,3,8,3,0,3,2026-07-15T14:16:09.410084
31,3,9,3,0,3,2026-07-15T14:16:10.993354
31,3,10,3,0,3,2026-07-15T14:16:12.628154
31,4,1,0,0,0,2026-07-15T14:16:14.141187
31,4,2,0,0,0,2026-07-15T14:16:15.667419
31,4,3,0,0,0,2026-07-15T14:16:16.184609
31,4,4,0,0,0,2026-07-15T14:16:17.746333
31,4,5,0,0,0,2026-07-15T14:16:18.465637
31,4,6,0,0,0,2026-07-15T14:16:19.963375
31,4,7,0,0,0,2026-07-15T14:16:21.454287
31,4,8,0,0,0,2026-07-15T14:16:22.969335
31,4,9,0,0,0,2026-07-15T14:16:23.483106
31,4,10,0,0,0,2026-07-15T14:16:25.036883
31,5,1,3,0,3,2026-07-15T14:16:26.529541
31,5,2,3,0,3,2026-07-15T14:16:28.021253
31,5,3,3,0,3,2026-07-15T14:16:29.529770
31,5,4,3,0,3,2026-07-15T14:16:31.049851
31,5,5,3,0,3,2026-07-15T14:16:32.624922
31,5,6,3,0,3,2026-07-15T14:16:34.138003
31,5,7,3,0,3,2026-07-15T14:16:35.724617
31,5,8,3,0,3,2026-07-15T14:16:40.483930
31,5,9,3,0,3,2026-07-15T14:16:42.033808
31,5,10,3,0,3,2026-07-15T14:16:43.580776
31,6,1,0,0,0,2026-07-15T14:16:45.111065
31,6,2,0,0,0,2026-07-15T14:16:46.746018
31,6,3,0,0,0,2026-07-15T14:16:48.196752
31,6,4,0,0,0,2026-07-15T14:16:49.681152
31,6,5,0,0,0,2026-07-15T14:16:51.218232
31,6,6,0,0,0,2026-07-15T14:16:52.762173
31,6,7,0,0,0,2026-07-15T14:16:54.426742
31,6,8,0,0,0,2026-07-15T14:16:56.090519
31,6,9,0,0,0,2026-07-15T14:16:57.664151
31,6,10,0,0,0,2026-07-15T14:16:59.377356
31,7,1,4,0,4,2026-07-15T14:17:01.185855
31,7,2,4,0,4,2026-07-15T14:17:02.669351
31,7,3,4,0,4,2026-07-15T14:17:04.245711
31,7,4,4,0,4,2026-07-15T14:17:05.815717
31,7,5,4,0,4,2026-07-15T14:17:07.341620
31,7,6,4,0,4,2026-07-15T14:17:08.861473
31,7,7,4,0,4,2026-07-15T14:17:13.951992
31,7,8,4,0,4,2026-07-15T14:17:15.639810
31,7,9,4,0,4,2026-07-15T14:17:17.497847
31,7,10,4,0,4,2026-07-15T14:17:19.288848
31,8,1,2,0,2,2026-07-15T14:17:21.044573
31,8,2,2,0,2,2026-07-15T14:17:22.895171
31,8,3,2,0,2,2026-07-15T14:17:24.523480
31,8,4,2,0,2,2026-07-15T14:17:26.445995
31,8,5,2,0,2,2026-07-15T14:17:27.122877
31,8,6,2,0,2,2026-07-15T14:17:28.761490
31,8,7,2,0,2,2026-07-15T14:17:30.303113
31,8,8,2,0,2,2026-07-15T14:17:31.857431
31,8,9,2,0,2,2026-07-15T14:17:33.491090
31,8,10,2,0,2,2026-07-15T14:17:35.087597
31,9,1,5,0,5,2026-07-15T14:17:36.737424
31,9,2,5,0,5,2026-07-15T14:17:38.612172
31,9,3,5,0,5,2026-07-15T14:17:40.318797
31,9,4,5,0,5,2026-07-15T14:17:41.973456
31,9,5,5,0,5,2026-07-15T14:17:43.942470
31,9,6,5,0,5,2026-07-15T14:17:45.715688
31,9,7,5,0,5,2026-07-15T14:17:51.025470
31,9,8,5,0,5,2026-07-15T14:17:52.560209
31,9,9,5,0,5,2026-07-15T14:17:54.236592
31,9,10,5,0,5,2026-07-15T14:17:55.856401
32,1,1,5,0,5,2026-07-15T14:17:57.478343
32,1,2,5,0,5,2026-07-15T14:17:59.076213
32,1,3,5,0,5,2026-07-15T14:18:00.761061
32,1,4,5,0,5,2026-07-15T14:18:02.691669
32,1,5,5,0,5,2026-07-15T14:18:03.872656
32,1,6,5,0,5,2026-07-15T14:18:05.543558
32,1,7,5,0,5,2026-07-15T14:18:07.119844
32,1,8,5,0,5,2026-07-15T14:18:08.741383
32,1,9,5,0,5,2026-07-15T14:18:14.104880
32,1,10,4,0,4,2026-07-15T14:18:15.793146
32,2,1,0,0,0,2026-07-15T14:18:17.451200
32,2,2,0,0,0,2026-07-15T14:18:19.090399
32,2,3,0,0,0,2026-07-15T14:18:21.105136
32,2,4,0,0,0,2026-07-15T14:18:22.315477
32,2,5,0,0,0,2026-07-15T14:18:23.392405
32,2,6,0,0,0,2026-07-15T14:18:24.997169
32,2,7,0,0,0,2026-07-15T14:18:26.630106
32,2,8,0,0,0,2026-07-15T14:18:28.279064
32,2,9,0,0,0,2026-07-15T14:18:29.955667
32,2,10,0,0,0,2026-07-15T14:18:31.580495
32,3,1,3,0,3,2026-07-15T14:18:33.268591
32,3,2,3,0,3,2026-07-15T14:18:35.102679
32,3,3,3,0,3,2026-07-15T14:18:36.748057
32,3,4,3,0,3,2026-07-15T14:18:38.440837
32,3,5,3,0,3,2026-07-15T14:18:40.332109
32,3,6,3,0,3,2026-07-15T14:18:41.993959
32,3,7,3,0,3,2026-07-15T14:18:43.762535
32,3,8,3,0,3,2026-07-15T14:18:47.084790
32,3,9,3,0,3,2026-07-15T14:18:48.852791
32,3,10,3,0,3,2026-07-15T14:18:50.361107
32,4,1,0,0,0,2026-07-15T14:18:51.994379
32,4,2,0,0,0,2026-07-15T14:18:53.563402
32,4,3,0,0,0,2026-07-15T14:18:55.189474
32,4,4,0,0,0,2026-07-15T14:18:56.932776
32,4,5,0,0,0,2026-07-15T14:18:58.944306
32,4,6,0,0,0,2026-07-15T14:19:00.486040
32,4,7,0,0,0,2026-07-15T14:19:02.094825
32,4,8,0,0,0,2026-07-15T14:19:03.700711
32,4,9,0,0,0,2026-07-15T14:19:05.318014
32,4,10,0,0,0,2026-07-15T14:19:06.865963
32,5,1,3,0,3,2026-07-15T14:19:08.475040
32,5,2,3,0,3,2026-07-15T14:19:10.340238
32,5,3,3,0,3,2026-07-15T14:19:11.821451
32,5,4,3,0,3,2026-07-15T14:19:13.389129
32,5,5,3,0,3,2026-07-15T14:19:15.059632
32,5,6,3,0,3,2026-07-15T14:19:16.628801
32,5,7,3,0,3,2026-07-15T14:19:18.394666
32,5,8,3,0,3,2026-07-15T14:19:19.948622
32,5,9,3,0,3,2026-07-15T14:19:21.519313
32,5,10,3,0,3,2026-07-15T14:19:23.119365
32,6,1,0,0,0,2026-07-15T14:19:24.595289
32,6,2,0,0,0,2026-07-15T14:19:26.150900
32,6,3,0,0,0,2026-07-15T14:19:27.679571
32,6,4,0,0,0,2026-07-15T14:19:29.309109
32,6,5,0,0,0,2026-07-15T14:19:30.820477
32,6,6,0,0,0,2026-07-15T14:19:32.364049
32,6,7,0,0,0,2026-07-15T14:19:34.027918
32,6,8,0,0,0,2026-07-15T14:19:35.654407
32,6,9,0,0,0,2026-07-15T14:19:37.301633
32,6,10,0,0,0,2026-07-15T14:19:38.934173
32,7,1,4,0,4,2026-07-15T14:19:40.430041
32,7,2,4,0,4,2026-07-15T14:19:42.861160
32,7,3,4,0,4,2026-07-15T14:19:44.559265
32,7,4,4,0,4,2026-07-15T14:19:46.350583
32,7,5,4,0,4,2026-07-15T14:19:47.880259
32,7,6,4,0,4,2026-07-15T14:19:49.519389
32,7,7,4,0,4,2026-07-15T14:19:51.158009
32,7,8,4,0,4,2026-07-15T14:19:52.724528
32,7,9,4,0,4,2026-07-15T14:19:54.354950
32,7,10,4,0,4,2026-07-15T14:19:56.164612
32,8,1,0,0,0,2026-07-15T14:19:57.652857
32,8,2,0,0,0,2026-07-15T14:19:59.301560
32,8,3,0,0,0,2026-07-15T14:20:00.861769
32,8,4,0,0,0,2026-07-15T14:20:02.544471
32,8,5,0,0,0,2026-07-15T14:20:04.078509
32,8,6,0,0,0,2026-07-15T14:20:05.591741
32,8,7,0,0,0,2026-07-15T14:20:07.102747
32,8,8,0,0,0,2026-07-15T14:20:08.617209
32,8,9,0,0,0,2026-07-15T14:20:12.794002
32,8,10,0,0,0,2026-07-15T14:20:19.948518
32,9,1,5,0,5,2026-07-15T14:20:21.501302
32,9,2,5,0,5,2026-07-15T14:20:23.729953
32,9,3,5,0,5,2026-07-15T14:20:25.950243
32,9,4,5,0,5,2026-07-15T14:20:27.503195
32,9,5,5,0,5,2026-07-15T14:20:29.661697
32,9,6,5,0,5,2026-07-15T14:20:31.235923
32,9,7,5,0,5,2026-07-15T14:20:32.741929
32,9,8,5,0,5,2026-07-15T14:20:34.255759
32,9,9,5,0,5,2026-07-15T14:20:35.880270
32,9,10,5,0,5,2026-07-15T14:20:37.543563
33,1,1,4,0,4,2026-07-15T14:20:39.073873
33,1,2,3,0,3,2026-07-15T14:20:40.800505
33,1,3,3,0,3,2026-07-15T14:20:42.480800
33,1,4,3,0,3,2026-07-15T14:20:44.151446
33,1,5,4,0,4,2026-07-15T14:20:45.699113
33,1,6,4,0,4,2026-07-15T14:20:47.384430
33,1,7,4,0,4,2026-07-15T14:20:48.985298
33,1,8,4,0,4,2026-07-15T14:20:50.565323
33,1,9,4,0,4,2026-07-15T14:20:52.159283
33,1,10,3,0,3,2026-07-15T14:20:54.779876
33,2,1,2,0,2,2026-07-15T14:20:56.495708
33,2,2,2,0,2,2026-07-15T14:20:58.098853
33,2,3,2,0,2,2026-07-15T14:20:59.689210
33,2,4,2,0,2,2026-07-15T14:21:01.226962
33,2,5,2,0,2,2026-07-15T14:21:02.825512
33,2,6,2,0,2,2026-07-15T14:21:04.365739
33,2,7,2,0,2,2026-07-15T14:21:06.220369
33,2,8,2,0,2,2026-07-15T14:21:07.719195
33,2,9,2,0,2,2026-07-15T14:21:09.461324
33,2,10,2,0,2,2026-07-15T14:21:11.133515
33,3,1,2,0,2,2026-07-15T14:21:12.672609
33,3,2,2,0,2,2026-07-15T14:21:14.273426
33,3,3,2,0,2,2026-07-15T14:21:16.004789
33,3,4,2,0,2,2026-07-15T14:21:17.599400
33,3,5,2,0,2,2026-07-15T14:21:19.166507
33,3,6,2,0,2,2026-07-15T14:21:21.020217
33,3,7,2,0,2,2026-07-15T14:21:22.691379
33,3,8,2,0,2,2026-07-15T14:21:24.241125
33,3,9,2,0,2,2026-07-15T14:21:25.819225
33,3,10,2,0,2,2026-07-15T14:21:27.383383
33,4,1,0,0,0,2026-07-15T14:21:28.943381
33,4,2,0,0,0,2026-07-15T14:21:30.574356
33,4,3,0,0,0,2026-07-15T14:21:32.206155
33,4,4,0,0,0,2026-07-15T14:21:33.866927
33,4,5,0,0,0,2026-07-15T14:21:35.482011
33,4,6,0,0,0,2026-07-15T14:21:37.052263
33,4,7,0,0,0,2026-07-15T14:21:38.562451
33,4,8,0,0,0,2026-07-15T14:21:40.115909
33,4,9,0,0,0,2026-07-15T14:21:41.820886
33,4,10,0,0,0,2026-07-15T14:21:43.592347
33,5,1,2,0,2,2026-07-15T14:21:52.211461
33,5,2,2,0,2,2026-07-15T14:21:53.846648
33,5,3,2,0,2,2026-07-15T14:21:59.013213
33,5,4,2,0,2,2026-07-15T14:22:04.080114
33,5,5,2,0,2,2026-07-15T14:22:05.600767
33,5,6,2,0,2,2026-07-15T14:22:10.395554
33,5,7,2,0,2,2026-07-15T14:22:12.005600
33,5,8,2,0,2,2026-07-15T14:22:13.675308
33,5,9,2,0,2,2026-07-15T14:22:15.272934
33,5,10,2,0,2,2026-07-15T14:22:16.800717
33,6,1,0,0,0,2026-07-15T14:22:18.319787
33,6,2,0,0,0,2026-07-15T14:22:20.001742
33,6,3,0,0,0,2026-07-15T14:22:25.239028
33,6,4,0,0,0,2026-07-15T14:22:30.719348
33,6,5,0,0,0,2026-07-15T14:22:32.261952
33,6,6,0,0,0,2026-07-15T14:22:33.918461
33,6,7,0,0,0,2026-07-15T14:22:39.524969
33,6,8,0,0,0,2026-07-15T14:22:41.149935
33,6,9,0,0,0,2026-07-15T14:22:42.825535
33,6,10,0,0,0,2026-07-15T14:22:44.490778
33,7,1,3,0,3,2026-07-15T14:22:46.047209
33,7,2,3,0,3,2026-07-15T14:22:47.715692
33,7,3,3,0,3,2026-07-15T14:22:53.139309
33,7,4,3,0,3,2026-07-15T14:22:54.783747
33,7,5,3,0,3,2026-07-15T14:22:56.362611
33,7,6,3,0,3,2026-07-15T14:22:57.909843
33,7,7,3,0,3,2026-07-15T14:22:59.477941
33,7,8,3,0,3,2026-07-15T14:23:01.001475
33,7,9,3,0,3,2026-07-15T14:23:06.541787
33,7,10,3,0,3,2026-07-15T14:23:08.103454
33,8,1,2,0,2,2026-07-15T14:23:09.827686
33,8,2,2,0,2,2026-07-15T14:23:15.117981
33,8,3,2,0,2,2026-07-15T14:23:20.416180
33,8,4,2,0,2,2026-07-15T14:23:22.321609
33,8,5,2,0,2,2026-07-15T14:23:23.932633
33,8,6,2,0,2,2026-07-15T14:23:25.534234
33,8,7,2,0,2,2026-07-15T14:23:31.079921
33,8,8,2,0,2,2026-07-15T14:23:32.657365
33,8,9,2,0,2,2026-07-15T14:23:37.311009
33,8,10,2,0,2,2026-07-15T14:23:38.987221
33,9,1,5,0,5,2026-07-15T14:23:40.710197
33,9,2,5,0,5,2026-07-15T14:23:44.682583
33,9,3,5,0,5,2026-07-15T14:23:46.235825
33,9,4,5,0,5,2026-07-15T14:23:47.869778
33,9,5,5,0,5,2026-07-15T14:23:49.527711
33,9,6,5,0,5,2026-07-15T14:23:52.625195
33,9,7,5,0,5,2026-07-15T14:23:54.271349
33,9,8,5,0,5,2026-07-15T14:23:57.149530
33,9,9,5,0,5,2026-07-15T14:23:58.716610
33,9,10,5,0,5,2026-07-15T14:24:00.454200
34,1,1,3,0,3,2026-07-15T14:24:02.065146
34,1,2,3,0,3,2026-07-15T14:24:03.776861
34,1,3,3,0,3,2026-07-15T14:24:05.346851
34,1,4,3,0,3,2026-07-15T14:24:07.070215
34,1,5,3,0,3,2026-07-15T14:24:08.841801
34,1,6,3,0,3,2026-07-15T14:24:10.533628
34,1,7,3,0,3,2026-07-15T14:24:12.468970
34,1,8,3,0,3,2026-07-15T14:24:14.264568
34,1,9,3,0,3,2026-07-15T14:24:16.158169
34,1,10,3,0,3,2026-07-15T14:24:18.010088
34,2,1,0,0,0,2026-07-15T14:24:19.632841
34,2,2,0,0,0,2026-07-15T14:24:21.492974
34,2,3,0,0,0,2026-07-15T14:24:23.586884
34,2,4,0,0,0,2026-07-15T14:24:25.656546
34,2,5,0,0,0,2026-07-15T14:24:27.271833
34,2,6,0,0,0,2026-07-15T14:24:29.716678
34,2,7,0,0,0,2026-07-15T14:24:31.365941
34,2,8,0,0,0,2026-07-15T14:24:33.068179
34,2,9,0,0,0,2026-07-15T14:24:34.814822
34,2,10,0,0,0,2026-07-15T14:24:36.841175
34,3,1,2,0,2,2026-07-15T14:24:38.565040
34,3,2,2,0,2,2026-07-15T14:24:40.657588
34,3,3,2,0,2,2026-07-15T14:24:42.305936
34,3,4,2,0,2,2026-07-15T14:24:44.017505
34,3,5,2,0,2,2026-07-15T14:24:47.336394
34,3,6,2,0,2,2026-07-15T14:24:49.142446
34,3,7,2,0,2,2026-07-15T14:24:50.658657
34,3,8,2,0,2,2026-07-15T14:24:52.254051
34,3,9,2,0,2,2026-07-15T14:24:53.823173
34,3,10,2,0,2,2026-07-15T14:24:55.554675
34,4,1,0,0,0,2026-07-15T14:24:57.150945
34,4,2,0,0,0,2026-07-15T14:24:58.993289
34,4,3,0,0,0,2026-07-15T14:25:01.045507
34,4,4,0,0,0,2026-07-15T14:25:02.770379
34,4,5,0,0,0,2026-07-15T14:25:04.542366
34,4,6,0,0,0,2026-07-15T14:25:06.213129
34,4,7,0,0,0,2026-07-15T14:25:08.170772
34,4,8,0,0,0,2026-07-15T14:25:09.730678
34,4,9,0,0,0,2026-07-15T14:25:11.460536
34,4,10,0,0,0,2026-07-15T14:25:13.333708
34,5,1,3,0,3,2026-07-15T14:25:14.997315
34,5,2,3,0,3,2026-07-15T14:25:16.589911
34,5,3,3,0,3,2026-07-15T14:25:18.612758
34,5,4,3,0,3,2026-07-15T14:25:20.459946
34,5,5,3,0,3,2026-07-15T14:25:22.113212
34,5,6,3,0,3,2026-07-15T14:25:24.224907
34,5,7,3,0,3,2026-07-15T14:25:26.024884
34,5,8,3,0,3,2026-07-15T14:25:27.517047
34,5,9,3,0,3,2026-07-15T14:25:29.337882
34,5,10,3,0,3,2026-07-15T14:25:31.253324
34,6,1,0,0,0,2026-07-15T14:25:32.853829
34,6,2,0,0,0,2026-07-15T14:25:34.406732
34,6,3,0,0,0,2026-07-15T14:25:36.323527
34,6,4,0,0,0,2026-07-15T14:25:37.990033
34,6,5,0,0,0,2026-07-15T14:25:39.757389
34,6,6,0,0,0,2026-07-15T14:25:42.109054
34,6,7,0,0,0,2026-07-15T14:25:44.271485
34,6,8,0,0,0,2026-07-15T14:25:46.395257
34,6,9,0,0,0,2026-07-15T14:25:48.222611
34,6,10,0,0,0,2026-07-15T14:25:49.967348
34,7,1,3,0,3,2026-07-15T14:25:51.990046
34,7,2,3,0,3,2026-07-15T14:25:54.820372
34,7,3,3,0,3,2026-07-15T14:25:56.549234
34,7,4,3,0,3,2026-07-15T14:25:58.125360
34,7,5,3,0,3,2026-07-15T14:26:00.050691
34,7,6,3,0,3,2026-07-15T14:26:03.267723
34,7,7,3,0,3,2026-07-15T14:26:04.835768
34,7,8,3,0,3,2026-07-15T14:26:06.460935
34,7,9,3,0,3,2026-07-15T14:26:08.251517
34,7,10,3,0,3,2026-07-15T14:26:11.406161
34,8,1,0,0,0,2026-07-15T14:26:13.479852
34,8,2,0,0,0,2026-07-15T14:26:19.419476
34,8,3,0,0,0,2026-07-15T14:26:20.975577
34,8,4,0,0,0,2026-07-15T14:26:24.395066
34,8,5,0,0,0,2026-07-15T14:26:26.399051
34,8,6,0,0,0,2026-07-15T14:26:28.282022
34,8,7,0,0,0,2026-07-15T14:26:30.040541
34,8,8,0,0,0,2026-07-15T14:26:33.500523
34,8,9,0,0,0,2026-07-15T14:26:36.858700
34,8,10,0,0,0,2026-07-15T14:26:40.038923
34,9,1,5,0,5,2026-07-15T14:26:41.863954
34,9,2,5,0,5,2026-07-15T14:26:43.524044
34,9,3,5,0,5,2026-07-15T14:26:45.381930
34,9,4,5,0,5,2026-07-15T14:26:47.077258
34,9,5,5,0,5,2026-07-15T14:26:49.049104
34,9,6,5,0,5,2026-07-15T14:26:50.638857
34,9,7,5,0,5,2026-07-15T14:26:52.428969
34,9,8,5,0,5,2026-07-15T14:26:54.318365
34,9,9,5,0,5,2026-07-15T14:26:55.937716
34,9,10,5,0,5,2026-07-15T14:26:57.724871
35,1,1,3,0,3,2026-07-15T14:26:59.913338
35,1,2,3,0,3,2026-07-15T14:27:01.566171
35,1,3,3,0,3,2026-07-15T14:27:04.365361
35,1,4,3,0,3,2026-07-15T14:27:05.871211
35,1,5,3,0,3,2026-07-15T14:27:07.494892
35,1,6,3,0,3,2026-07-15T14:27:09.119901
35,1,7,3,0,3,2026-07-15T14:27:10.755631
35,1,8,3,0,3,2026-07-15T14:27:12.546944
35,1,9,3,0,3,2026-07-15T14:27:14.136146
35,1,10,3,0,3,2026-07-15T14:27:15.756789
35,2,1,0,0,0,2026-07-15T14:27:17.610560
35,2,2,0,0,0,2026-07-15T14:27:19.147660
35,2,3,0,0,0,2026-07-15T14:27:21.077868
35,2,4,0,0,0,2026-07-15T14:27:22.951271
35,2,5,0,0,0,2026-07-15T14:27:24.518069
35,2,6,0,0,0,2026-07-15T14:27:26.422337
35,2,7,0,0,0,2026-07-15T14:27:28.246171
35,2,8,0,0,0,2026-07-15T14:27:30.271531
35,2,9,0,0,0,2026-07-15T14:27:33.155308
35,2,10,0,0,0,2026-07-15T14:27:35.052185
35,3,1,2,0,2,2026-07-15T14:27:37.761196
35,3,2,2,0,2,2026-07-15T14:27:39.454846
35,3,3,2,0,2,2026-07-15T14:27:41.341366
35,3,4,2,0,2,2026-07-15T14:27:45.171994
35,3,5,2,0,2,2026-07-15T14:27:46.902846
35,3,6,2,0,2,2026-07-15T14:27:48.729881
35,3,7,2,0,2,2026-07-15T14:27:52.515759
35,3,8,2,0,2,2026-07-15T14:27:54.034335
35,3,9,2,0,2,2026-07-15T14:27:55.796936
35,3,10,2,0,2,2026-07-15T14:27:57.758316
35,4,1,0,0,0,2026-07-15T14:27:59.243381
35,4,2,0,0,0,2026-07-15T14:28:00.784494
35,4,3,0,0,0,2026-07-15T14:28:02.655904
35,4,4,0,0,0,2026-07-15T14:28:04.347899
35,4,5,0,0,0,2026-07-15T14:28:05.992554
35,4,6,0,0,0,2026-07-15T14:28:07.553572
35,4,7,0,0,0,2026-07-15T14:28:09.171331
35,4,8,0,0,0,2026-07-15T14:28:10.792181
35,4,9,0,0,0,2026-07-15T14:28:12.752933
35,4,10,0,0,0,2026-07-15T14:28:14.478474
35,5,1,2,0,2,2026-07-15T14:28:16.346318
35,5,2,2,0,2,2026-07-15T14:28:18.054072
35,5,3,2,0,2,2026-07-15T14:28:19.905589
35,5,4,2,0,2,2026-07-15T14:28:21.483310
35,5,5,2,0,2,2026-07-15T14:28:23.068773
35,5,6,2,0,2,2026-07-15T14:28:24.999804
35,5,7,2,0,2,2026-07-15T14:28:27.564343
35,5,8,2,0,2,2026-07-15T14:28:29.486187
35,5,9,2,0,2,2026-07-15T14:28:31.052748
35,5,10,2,0,2,2026-07-15T14:28:32.744962
35,6,1,0,0,0,2026-07-15T14:28:34.490308
35,6,2,0,0,0,2026-07-15T14:28:36.198028
35,6,3,0,0,0,2026-07-15T14:28:37.799109
35,6,4,0,0,0,2026-07-15T14:28:39.985731
35,6,5,0,0,0,2026-07-15T14:28:40.485660
35,6,6,0,0,0,2026-07-15T14:28:42.132810
35,6,7,0,0,0,2026-07-15T14:28:43.834071
35,6,8,0,0,0,2026-07-15T14:28:45.817280
35,6,9,0,0,0,2026-07-15T14:28:47.548588
35,6,10,0,0,0,2026-07-15T14:28:49.228359
35,7,1,3,0,3,2026-07-15T14:28:49.917317
35,7,2,3,0,3,2026-07-15T14:28:51.896861
35,7,3,3,0,3,2026-07-15T14:28:53.663214
35,7,4,3,0,3,2026-07-15T14:28:55.239411
35,7,5,3,0,3,2026-07-15T14:28:57.088261
35,7,6,3,0,3,2026-07-15T14:28:58.696239
35,7,7,3,0,3,2026-07-15T14:29:00.436525
35,7,8,3,0,3,2026-07-15T14:29:02.230276
35,7,9,3,0,3,2026-07-15T14:29:03.927226
35,7,10,3,0,3,2026-07-15T14:29:05.777421
35,8,1,0,0,0,2026-07-15T14:29:07.634904
35,8,2,0,0,0,2026-07-15T14:29:09.219488
35,8,3,0,0,0,2026-07-15T14:29:11.273918
35,8,4,0,0,0,2026-07-15T14:29:13.083088
35,8,5,0,0,0,2026-07-15T14:29:19.138091
35,8,6,0,0,0,2026-07-15T14:29:21.084070
35,8,7,0,0,0,2026-07-15T14:29:22.599171
35,8,8,0,0,0,2026-07-15T14:29:24.983967
35,8,9,0,0,0,2026-07-15T14:29:26.937299
35,8,10,0,0,0,2026-07-15T14:29:28.577988
35,9,1,3,0,3,2026-07-15T14:29:31.119139
35,9,2,3,0,3,2026-07-15T14:29:33.473840
35,9,3,3,0,3,2026-07-15T14:29:35.252730
35,9,4,3,0,3,2026-07-15T14:29:37.328614
35,9,5,3,0,3,2026-07-15T14:29:38.893086
35,9,6,3,0,3,2026-07-15T14:29:40.478968
35,9,7,3,0,3,2026-07-15T14:29:42.309022
35,9,8,3,0,3,2026-07-15T14:29:44.100864
35,9,9,3,0,3,2026-07-15T14:29:45.961743
35,9,10,3,0,3,2026-07-15T14:29:47.675523
36,1,1,4,0,4,2026-07-15T14:29:49.301662
36,1,2,5,0,5,2026-07-15T14:29:51.051726
36,1,3,3,0,3,2026-07-15T14:29:52.723187
36,1,4,4,0,4,2026-07-15T14:29:54.325081
36,1,5,5,0,5,2026-07-15T14:29:56.284268
36,1,6,4,0,4,2026-07-15T14:29:57.954425
36,1,7,3,0,3,2026-07-15T14:29:59.607361
36,1,8,4,0,4,2026-07-15T14:30:01.494986
36,1,9,5,0,5,2026-07-15T14:30:03.020532
36,1,10,5,0,5,2026-07-15T14:30:04.775214
36,2,1,0,0,0,2026-07-15T14:30:06.600910
36,2,2,0,0,0,2026-07-15T14:30:08.268760
36,2,3,0,0,0,2026-07-15T14:30:09.846393
36,2,4,0,0,0,2026-07-15T14:30:11.498560
36,2,5,0,0,0,2026-07-15T14:30:13.137161
36,2,6,0,0,0,2026-07-15T14:30:14.830643
36,2,7,0,0,0,2026-07-15T14:30:16.421749
36,2,8,0,0,0,2026-07-15T14:30:18.358856
36,2,9,0,0,0,2026-07-15T14:30:20.253047
36,2,10,0,0,0,2026-07-15T14:30:22.204610
36,3,1,2,0,2,2026-07-15T14:30:23.880734
36,3,2,2,0,2,2026-07-15T14:30:25.413618
36,3,3,2,0,2,2026-07-15T14:30:27.490859
36,3,4,2,0,2,2026-07-15T14:30:29.116773
36,3,5,2,0,2,2026-07-15T14:30:30.657124
36,3,6,2,0,2,2026-07-15T14:30:32.512939
36,3,7,2,0,2,2026-07-15T14:30:34.231808
36,3,8,2,0,2,2026-07-15T14:30:35.819753
36,3,9,2,0,2,2026-07-15T14:30:37.597323
36,3,10,2,0,2,2026-07-15T14:30:39.156975
36,4,1,0,0,0,2026-07-15T14:30:41.263448
36,4,2,0,0,0,2026-07-15T14:30:43.164987
36,4,3,0,0,0,2026-07-15T14:30:45.012387
36,4,4,0,0,0,2026-07-15T14:30:46.871671
36,4,5,0,0,0,2026-07-15T14:30:48.569810
36,4,6,0,0,0,2026-07-15T14:30:51.662146
36,4,7,0,0,0,2026-07-15T14:30:53.653172
36,4,8,0,0,0,2026-07-15T14:30:55.366059
36,4,9,0,0,0,2026-07-15T14:30:57.276574
36,4,10,0,0,0,2026-07-15T14:30:59.006583
36,5,1,2,0,2,2026-07-15T14:31:00.721475
36,5,2,2,0,2,2026-07-15T14:31:02.365614
36,5,3,2,0,2,2026-07-15T14:31:04.208125
36,5,4,2,0,2,2026-07-15T14:31:05.967028
36,5,5,2,0,2,2026-07-15T14:31:07.842391
36,5,6,2,0,2,2026-07-15T14:31:09.804552
36,5,7,2,0,2,2026-07-15T14:31:11.735429
36,5,8,2,0,2,2026-07-15T14:31:13.544332
36,5,9,2,0,2,2026-07-15T14:31:15.432051
36,5,10,2,0,2,2026-07-15T14:31:17.425644
36,6,1,0,0,0,2026-07-15T14:31:19.311624
36,6,2,0,0,0,2026-07-15T14:31:20.845823
36,6,3,0,0,0,2026-07-15T14:31:22.571436
36,6,4,0,0,0,2026-07-15T14:31:24.438180
36,6,5,0,0,0,2026-07-15T14:31:25.999598
36,6,6,0,0,0,2026-07-15T14:31:27.973357
36,6,7,0,0,0,2026-07-15T14:31:29.574492
36,6,8,0,0,0,2026-07-15T14:31:31.871203
36,6,9,0,0,0,2026-07-15T14:31:33.469342
36,6,10,0,0,0,2026-07-15T14:31:35.320043
36,7,1,3,0,3,2026-07-15T14:31:37.033345
36,7,2,3,0,3,2026-07-15T14:31:38.643228
36,7,3,3,0,3,2026-07-15T14:31:40.297839
36,7,4,3,0,3,2026-07-15T14:31:41.865996
36,7,5,3,0,3,2026-07-15T14:31:43.471009
36,7,6,3,0,3,2026-07-15T14:31:45.233896
36,7,7,3,0,3,2026-07-15T14:31:47.373063
36,7,8,3,0,3,2026-07-15T14:31:48.936300
36,7,9,3,0,3,2026-07-15T14:31:50.796937
36,7,10,3,0,3,2026-07-15T14:31:52.638070
36,8,1,0,0,0,2026-07-15T14:31:54.831406
36,8,2,0,0,0,2026-07-15T14:31:56.578502
36,8,3,0,0,0,2026-07-15T14:31:58.402860
36,8,4,0,0,0,2026-07-15T14:32:01.222498
36,8,5,0,0,0,2026-07-15T14:32:03.729109
36,8,6,0,0,0,2026-07-15T14:32:05.794844
36,8,7,0,0,0,2026-07-15T14:32:07.309519
36,8,8,0,0,0,2026-07-15T14:32:08.973345
36,8,9,0,0,0,2026-07-15T14:32:16.031084
36,8,10,0,0,0,2026-07-15T14:32:17.662621
36,9,1,4,0,4,2026-07-15T14:32:20.772370
36,9,2,4,0,4,2026-07-15T14:32:22.379596
36,9,3,4,0,4,2026-07-15T14:32:23.871157
36,9,4,4,0,4,2026-07-15T14:32:25.449013
36,9,5,4,0,4,2026-07-15T14:32:27.592345
36,9,6,4,0,4,2026-07-15T14:32:29.574760
36,9,7,4,0,4,2026-07-15T14:32:31.093334
36,9,8,4,0,4,2026-07-15T14:32:32.684846
36,9,9,4,0,4,2026-07-15T14:32:34.298211
36,9,10,4,0,4,2026-07-15T14:32:36.011320
37,1,1,4,0,4,2026-07-15T14:32:36.862419
37,1,2,4,0,4,2026-07-15T14:32:38.567469
37,1,3,4,0,4,2026-07-15T14:32:40.250768
37,1,4,4,0,4,2026-07-15T14:32:41.840248
37,1,5,4,0,4,2026-07-15T14:32:43.625778
37,1,6,4,0,4,2026-07-15T14:32:45.257395
37,1,7,4,0,4,2026-07-15T14:32:46.787784
37,1,8,4,0,4,2026-07-15T14:32:48.520195
37,1,9,4,0,4,2026-07-15T14:32:50.116761
37,1,10,4,0,4,2026-07-15T14:32:51.820057
37,2,1,0,0,0,2026-07-15T14:32:55.140138
37,2,2,0,0,0,2026-07-15T14:32:56.726701
37,2,3,0,0,0,2026-07-15T14:32:58.425037
37,2,4,0,0,0,2026-07-15T14:33:00.075405
37,2,5,0,0,0,2026-07-15T14:33:01.773503
37,2,6,0,0,0,2026-07-15T14:33:03.435309
37,2,7,0,0,0,2026-07-15T14:33:04.977868
37,2,8,0,0,0,2026-07-15T14:33:06.505923
37,2,9,0,0,0,2026-07-15T14:33:08.105579
37,2,10,0,0,0,2026-07-15T14:33:09.770318
37,3,1,3,0,3,2026-07-15T14:33:11.503872
37,3,2,3,0,3,2026-07-15T14:33:13.139091
37,3,3,3,0,3,2026-07-15T14:33:14.653458
37,3,4,3,0,3,2026-07-15T14:33:16.524960
37,3,5,3,0,3,2026-07-15T14:33:18.178343
37,3,6,3,0,3,2026-07-15T14:33:20.017831
37,3,7,3,0,3,2026-07-15T14:33:21.692817
37,3,8,3,0,3,2026-07-15T14:33:23.229527
37,3,9,3,0,3,2026-07-15T14:33:24.826834
37,3,10,3,0,3,2026-07-15T14:33:26.502415
37,4,1,0,0,0,2026-07-15T14:33:28.180239
37,4,2,0,0,0,2026-07-15T14:33:30.031125
37,4,3,0,0,0,2026-07-15T14:33:31.693987
37,4,4,0,0,0,2026-07-15T14:33:33.282585
37,4,5,0,0,0,2026-07-15T14:33:34.808545
37,4,6,0,0,0,2026-07-15T14:33:36.475487
37,4,7,0,0,0,2026-07-15T14:33:38.538516
37,4,8,0,0,0,2026-07-15T14:33:40.167331
37,4,9,0,0,0,2026-07-15T14:33:41.668589
37,4,10,0,0,0,2026-07-15T14:33:43.306657
37,5,1,3,0,3,2026-07-15T14:33:44.934728
37,5,2,3,0,3,2026-07-15T14:33:46.553305
37,5,3,3,0,3,2026-07-15T14:33:48.153722
37,5,4,3,0,3,2026-07-15T14:33:49.762906
37,5,5,3,0,3,2026-07-15T14:33:51.350925
37,5,6,3,0,3,2026-07-15T14:33:53.011155
37,5,7,3,0,3,2026-07-15T14:33:54.874842
37,5,8,3,0,3,2026-07-15T14:33:56.446607
37,5,9,3,0,3,2026-07-15T14:33:58.015036
37,5,10,3,0,3,2026-07-15T14:33:59.765057
37,6,1,0,0,0,2026-07-15T14:34:01.351822
37,6,2,0,0,0,2026-07-15T14:34:02.942387
37,6,3,0,0,0,2026-07-15T14:34:04.591831
37,6,4,0,0,0,2026-07-15T14:34:06.249269
37,6,5,0,0,0,2026-07-15T14:34:08.077260
37,6,6,0,0,0,2026-07-15T14:34:09.703466
37,6,7,0,0,0,2026-07-15T14:34:11.297359
37,6,8,0,0,0,2026-07-15T14:34:12.983948
37,6,9,0,0,0,2026-07-15T14:34:14.688829
37,6,10,0,0,0,2026-07-15T14:34:16.262922
37,7,1,4,0,4,2026-07-15T14:34:17.822895
37,7,2,4,0,4,2026-07-15T14:34:19.345926
37,7,3,4,0,4,2026-07-15T14:34:20.877708
37,7,4,4,0,4,2026-07-15T14:34:22.540753
37,7,5,4,0,4,2026-07-15T14:34:24.217909
37,7,6,4,0,4,2026-07-15T14:34:25.899499
37,7,7,4,0,4,2026-07-15T14:34:27.574508
37,7,8,4,0,4,2026-07-15T14:34:29.510371
37,7,9,4,0,4,2026-07-15T14:34:31.129736
37,7,10,4,0,4,2026-07-15T14:34:32.718155
37,8,1,0,0,0,2026-07-15T14:34:33.260696
37,8,2,0,0,0,2026-07-15T14:34:33.852857
37,8,3,0,0,0,2026-07-15T14:34:35.556401
37,8,4,0,0,0,2026-07-15T14:34:36.118378
37,8,5,0,0,0,2026-07-15T14:34:37.718836
37,8,6,0,0,0,2026-07-15T14:34:39.268036
37,8,7,0,0,0,2026-07-15T14:34:40.805619
37,8,8,0,0,0,2026-07-15T14:34:42.387910
37,8,9,0,0,0,2026-07-15T14:34:43.954051
37,8,10,0,0,0,2026-07-15T14:34:44.472679
37,9,1,5,0,5,2026-07-15T14:34:46.102008
37,9,2,5,0,5,2026-07-15T14:34:47.727300
37,9,3,5,0,5,2026-07-15T14:34:48.251472
37,9,4,5,0,5,2026-07-15T14:34:49.775763
37,9,5,5,0,5,2026-07-15T14:34:51.362113
37,9,6,5,0,5,2026-07-15T14:34:51.936321
37,9,7,5,0,5,2026-07-15T14:34:53.507349
37,9,8,5,0,5,2026-07-15T14:34:55.072156
37,9,9,5,0,5,2026-07-15T14:34:56.728817
37,9,10,5,0,5,2026-07-15T14:34:58.331445
38,1,1,5,0,5,2026-07-15T14:34:58.877774
38,1,2,5,0,5,2026-07-15T14:35:00.444879
38,1,3,5,0,5,2026-07-15T14:35:00.970908
38,1,4,5,0,5,2026-07-15T14:35:02.492158
38,1,5,5,0,5,2026-07-15T14:35:04.033670
38,1,6,5,0,5,2026-07-15T14:35:05.624937
38,1,7,5,0,5,2026-07-15T14:35:07.109170
38,1,8,5,0,5,2026-07-15T14:35:08.695274
38,1,9,5,0,5,2026-07-15T14:35:10.212146
38,1,10,5,0,5,2026-07-15T14:35:11.744041
38,2,1,2,0,2,2026-07-15T14:35:13.317447
38,2,2,2,0,2,2026-07-15T14:35:14.994320
38,2,3,2,0,2,2026-07-15T14:35:15.504813
38,2,4,2,0,2,2026-07-15T14:35:17.032994
38,2,5,2,0,2,2026-07-15T14:35:18.553765
38,2,6,2,0,2,2026-07-15T14:35:19.503971
38,2,7,2,0,2,2026-07-15T14:35:21.002731
38,2,8,2,0,2,2026-07-15T14:35:22.598085
38,2,9,2,0,2,2026-07-15T14:35:23.109870
38,2,10,2,0,2,2026-07-15T14:35:23.616455
38,3,1,3,0,3,2026-07-15T14:35:25.288919
38,3,2,3,0,3,2026-07-15T14:35:26.949082
38,3,3,3,0,3,2026-07-15T14:35:28.464063
38,3,4,3,0,3,2026-07-15T14:35:28.966846
38,3,5,3,0,3,2026-07-15T14:35:30.575149
38,3,6,3,0,3,2026-07-15T14:35:32.124928
38,3,7,3,0,3,2026-07-15T14:35:33.700199
38,3,8,3,0,3,2026-07-15T14:35:35.191844
38,3,9,3,0,3,2026-07-15T14:35:36.723334
38,3,10,3,0,3,2026-07-15T14:35:38.211487
38,4,1,0,0,0,2026-07-15T14:35:39.756189
38,4,2,0,0,0,2026-07-15T14:35:41.272696
38,4,3,0,0,0,2026-07-15T14:35:41.811281
38,4,4,0,0,0,2026-07-15T14:35:43.430255
38,4,5,0,0,0,2026-07-15T14:35:45.101016
38,4,6,0,0,0,2026-07-15T14:35:46.598811
38,4,7,0,0,0,2026-07-15T14:35:48.275586
38,4,8,0,0,0,2026-07-15T14:35:49.820841
38,4,9,0,0,0,2026-07-15T14:35:51.327876
38,4,10,0,0,0,2026-07-15T14:35:52.906725
38,5,1,3,0,3,2026-07-15T14:35:54.477781
38,5,2,3,0,3,2026-07-15T14:35:56.003863
38,5,3,3,0,3,2026-07-15T14:35:56.504184
38,5,4,3,0,3,2026-07-15T14:35:58.032747
38,5,5,3,0,3,2026-07-15T14:35:59.591318
38,5,6,3,0,3,2026-07-15T14:36:00.358637
38,5,7,3,0,3,2026-07-15T14:36:01.874992
38,5,8,3,0,3,2026-07-15T14:36:03.364374
38,5,9,3,0,3,2026-07-15T14:36:03.859552
38,5,10,3,0,3,2026-07-15T14:36:05.354341
38,6,1,0,0,0,2026-07-15T14:36:06.902163
38,6,2,0,0,0,2026-07-15T14:36:08.367317
38,6,3,0,0,0,2026-07-15T14:36:09.914385
38,6,4,0,0,0,2026-07-15T14:36:11.396281
38,6,5,0,0,0,2026-07-15T14:36:12.949768
38,6,6,0,0,0,2026-07-15T14:36:14.523454
38,6,7,0,0,0,2026-07-15T14:36:16.166644
38,6,8,0,0,0,2026-07-15T14:36:17.746306
38,6,9,0,0,0,2026-07-15T14:36:19.383726
38,6,10,0,0,0,2026-07-15T14:36:21.034854
38,7,1,5,0,5,2026-07-15T14:36:22.607220
38,7,2,5,0,5,2026-07-15T14:36:24.143354
38,7,3,5,0,5,2026-07-15T14:36:25.767987
38,7,4,5,0,5,2026-07-15T14:36:27.375355
38,7,5,5,0,5,2026-07-15T14:36:28.971637
38,7,6,5,0,5,2026-07-15T14:36:31.423415
38,7,7,5,0,5,2026-07-15T14:36:33.030131
38,7,8,5,0,5,2026-07-15T14:36:34.592167
38,7,9,5,0,5,2026-07-15T14:36:36.819225
38,7,10,5,0,5,2026-07-15T14:36:38.507863
38,8,1,2,0,2,2026-07-15T14:36:40.014072
38,8,2,2,0,2,2026-07-15T14:36:41.665104
38,8,3,2,0,2,2026-07-15T14:36:43.139949
38,8,4,2,0,2,2026-07-15T14:36:45.690737
38,8,5,2,0,2,2026-07-15T14:36:47.216341
38,8,6,2,0,2,2026-07-15T14:36:48.750293
38,8,7,2,0,2,2026-07-15T14:36:49.306613
38,8,8,2,0,2,2026-07-15T14:36:50.881049
38,8,9,2,0,2,2026-07-15T14:36:52.451910
38,8,10,2,0,2,2026-07-15T14:36:54.079651
38,9,1,5,0,5,2026-07-15T14:36:55.635804
38,9,2,5,0,5,2026-07-15T14:36:57.079394
38,9,3,5,0,5,2026-07-15T14:36:58.607571
38,9,4,5,0,5,2026-07-15T14:37:00.180939
38,9,5,5,0,5,2026-07-15T14:37:01.681640
38,9,6,5,0,5,2026-07-15T14:37:03.210881
38,9,7,5,0,5,2026-07-15T14:37:04.723475
38,9,8,5,0,5,2026-07-15T14:37:06.274038
38,9,9,5,0,5,2026-07-15T14:37:07.891526
38,9,10,5,0,5,2026-07-15T14:37:09.404123
39,1,1,3,0,3,2026-07-15T14:37:10.889485
39,1,2,3,0,3,2026-07-15T14:37:12.534055
39,1,3,3,0,3,2026-07-15T14:37:14.151874
39,1,4,4,0,4,2026-07-15T14:37:15.593127
39,1,5,4,0,4,2026-07-15T14:37:17.163329
39,1,6,4,0,4,2026-07-15T14:37:17.675173
39,1,7,3,0,3,2026-07-15T14:37:19.191290
39,1,8,3,0,3,2026-07-15T14:37:20.728674
39,1,9,3,0,3,2026-07-15T14:37:22.258893
39,1,10,3,0,3,2026-07-15T14:37:23.910018
39,2,1,2,0,2,2026-07-15T14:37:24.417130
39,2,2,2,0,2,2026-07-15T14:37:26.014388
39,2,3,2,0,2,2026-07-15T14:37:27.550444
39,2,4,2,0,2,2026-07-15T14:37:28.041002
39,2,5,2,0,2,2026-07-15T14:37:29.577024
39,2,6,2,0,2,2026-07-15T14:37:30.274097
39,2,7,2,0,2,2026-07-15T14:37:31.776006
39,2,8,2,0,2,2026-07-15T14:37:33.278725
39,2,9,2,0,2,2026-07-15T14:37:34.790626
39,2,10,2,0,2,2026-07-15T14:37:36.315497
39,3,1,2,0,2,2026-07-15T14:37:37.877219
39,3,2,2,0,2,2026-07-15T14:37:39.496015
39,3,3,2,0,2,2026-07-15T14:37:41.015385
39,3,4,2,0,2,2026-07-15T14:37:42.510596
39,3,5,3,0,3,2026-07-15T14:37:44.101188
39,3,6,2,0,2,2026-07-15T14:37:44.773839
39,3,7,2,0,2,2026-07-15T14:37:45.295785
39,3,8,2,0,2,2026-07-15T14:37:45.801236
39,3,9,2,0,2,2026-07-15T14:37:47.376845
39,3,10,2,0,2,2026-07-15T14:37:48.997519
39,4,1,0,0,0,2026-07-15T14:37:50.571397
39,4,2,0,0,0,2026-07-15T14:37:52.245433
39,4,3,0,0,0,2026-07-15T14:37:53.869799
39,4,4,0,0,0,2026-07-15T14:37:55.406525
39,4,5,0,0,0,2026-07-15T14:37:56.896538
39,4,6,0,0,0,2026-07-15T14:37:58.405594
39,4,7,0,0,0,2026-07-15T14:37:58.910283
39,4,8,0,0,0,2026-07-15T14:38:00.462978
39,4,9,0,0,0,2026-07-15T14:38:01.951226
39,4,10,0,0,0,2026-07-15T14:38:03.484516
39,5,1,3,0,3,2026-07-15T14:38:05.000824
39,5,2,3,0,3,2026-07-15T14:38:06.564872
39,5,3,3,0,3,2026-07-15T14:38:07.162978
39,5,4,3,0,3,2026-07-15T14:38:08.676730
39,5,5,3,0,3,2026-07-15T14:38:09.153579
39,5,6,3,0,3,2026-07-15T14:38:09.645311
39,5,7,3,0,3,2026-07-15T14:38:11.171590
39,5,8,3,0,3,2026-07-15T14:38:11.695371
39,5,9,3,0,3,2026-07-15T14:38:13.210300
39,5,10,3,0,3,2026-07-15T14:38:14.770256
39,6,1,0,0,0,2026-07-15T14:38:16.319129
39,6,2,0,0,0,2026-07-15T14:38:17.875508
39,6,3,0,0,0,2026-07-15T14:38:19.482156
39,6,4,0,0,0,2026-07-15T14:38:21.454159
39,6,5,0,0,0,2026-07-15T14:38:23.060141
39,6,6,0,0,0,2026-07-15T14:38:24.505184
39,6,7,0,0,0,2026-07-15T14:38:26.021900
39,6,8,0,0,0,2026-07-15T14:38:26.569899
39,6,9,0,0,0,2026-07-15T14:38:28.049665
39,6,10,0,0,0,2026-07-15T14:38:29.556658
39,7,1,4,0,4,2026-07-15T14:38:31.522892
39,7,2,4,0,4,2026-07-15T14:38:33.203427
39,7,3,4,0,4,2026-07-15T14:38:34.732593
39,7,4,4,0,4,2026-07-15T14:38:35.289512
39,7,5,4,0,4,2026-07-15T14:38:35.934839
39,7,6,4,0,4,2026-07-15T14:38:37.471013
39,7,7,4,0,4,2026-07-15T14:38:38.020671
39,7,8,4,0,4,2026-07-15T14:38:38.532411
39,7,9,4,0,4,2026-07-15T14:38:40.151737
39,7,10,4,0,4,2026-07-15T14:38:41.769107
39,8,1,3,0,3,2026-07-15T14:38:43.236693
39,8,2,3,0,3,2026-07-15T14:38:44.850917
39,8,3,3,0,3,2026-07-15T14:38:45.428483
39,8,4,3,0,3,2026-07-15T14:38:45.951896
39,8,5,3,0,3,2026-07-15T14:38:46.497272
39,8,6,3,0,3,2026-07-15T14:38:48.084614
39,8,7,3,0,3,2026-07-15T14:38:48.635612
39,8,8,3,0,3,2026-07-15T14:38:50.246933
39,8,9,3,0,3,2026-07-15T14:38:50.826120
39,8,10,3,0,3,2026-07-15T14:38:52.321167
39,9,1,4,0,4,2026-07-15T14:38:53.931108
39,9,2,4,0,4,2026-07-15T14:38:55.468259
39,9,3,4,0,4,2026-07-15T14:38:57.040829
39,9,4,4,0,4,2026-07-15T14:38:58.608796
39,9,5,4,0,4,2026-07-15T14:39:00.252783
39,9,6,4,0,4,2026-07-15T14:39:01.867590
39,9,7,4,0,4,2026-07-15T14:39:03.585987
39,9,8,4,0,4,2026-07-15T14:39:05.187808
39,9,9,4,0,4,2026-07-15T14:39:06.708167
39,9,10,4,0,4,2026-07-15T14:39:08.245186
40,1,1,3,0,3,2026-07-15T14:39:09.786116
40,1,2,3,0,3,2026-07-15T14:39:11.303986
40,1,3,3,0,3,2026-07-15T14:39:12.816990
40,1,4,3,0,3,2026-07-15T14:39:14.328867
40,1,5,3,0,3,2026-07-15T14:39:14.776203
40,1,6,3,0,3,2026-07-15T14:39:15.356413
40,1,7,3,0,3,2026-07-15T14:39:15.963469
40,1,8,3,0,3,2026-07-15T14:39:17.553678
40,1,9,3,0,3,2026-07-15T14:39:19.134284
40,1,10,3,0,3,2026-07-15T14:39:19.696052
40,2,1,0,0,0,2026-07-15T14:39:21.250465
40,2,2,0,0,0,2026-07-15T14:39:21.769016
40,2,3,0,0,0,2026-07-15T14:39:23.608829
40,2,4,0,0,0,2026-07-15T14:39:25.164539
40,2,5,0,0,0,2026-07-15T14:39:26.720378
40,2,6,0,0,0,2026-07-15T14:39:28.393990
40,2,7,0,0,0,2026-07-15T14:39:29.954165
40,2,8,0,0,0,2026-07-15T14:39:31.457879
40,2,9,0,0,0,2026-07-15T14:39:32.988475
40,2,10,0,0,0,2026-07-15T14:39:34.540621
40,3,1,2,0,2,2026-07-15T14:39:35.294475
40,3,2,2,0,2,2026-07-15T14:39:36.813076
40,3,3,2,0,2,2026-07-15T14:39:38.353028
40,3,4,2,0,2,2026-07-15T14:39:39.920847
40,3,5,2,0,2,2026-07-15T14:39:41.407245
40,3,6,2,0,2,2026-07-15T14:39:42.034339
40,3,7,2,0,2,2026-07-15T14:39:43.592360
40,3,8,2,0,2,2026-07-15T14:39:45.199711
40,3,9,2,0,2,2026-07-15T14:39:46.729568
40,3,10,2,0,2,2026-07-15T14:39:48.259208
40,4,1,0,0,0,2026-07-15T14:39:49.792117
40,4,2,0,0,0,2026-07-15T14:39:51.278262
40,4,3,0,0,0,2026-07-15T14:39:52.919002
40,4,4,0,0,0,2026-07-15T14:39:54.431351
40,4,5,0,0,0,2026-07-15T14:39:56.048514
40,4,6,0,0,0,2026-07-15T14:39:57.616650
40,4,7,0,0,0,2026-07-15T14:39:59.170661
40,4,8,0,0,0,2026-07-15T14:40:00.670747
40,4,9,0,0,0,2026-07-15T14:40:01.280108
40,4,10,0,0,0,2026-07-15T14:40:02.887139
40,5,1,3,0,3,2026-07-15T14:40:04.413148
40,5,2,3,0,3,2026-07-15T14:40:05.927704
40,5,3,3,0,3,2026-07-15T14:40:07.448428
40,5,4,3,0,3,2026-07-15T14:40:08.996528
40,5,5,3,0,3,2026-07-15T14:40:10.516583
40,5,6,3,0,3,2026-07-15T14:40:12.074166
40,5,7,3,0,3,2026-07-15T14:40:13.791960
40,5,8,3,0,3,2026-07-15T14:40:15.368544
40,5,9,3,0,3,2026-07-15T14:40:17.008957
40,5,10,3,0,3,2026-07-15T14:40:18.619298
40,6,1,0,0,0,2026-07-15T14:40:20.245386
40,6,2,0,0,0,2026-07-15T14:40:21.786807
40,6,3,0,0,0,2026-07-15T14:40:23.324227
40,6,4,0,0,0,2026-07-15T14:40:24.899731
40,6,5,0,0,0,2026-07-15T14:40:26.538010
40,6,6,0,0,0,2026-07-15T14:40:28.046832
40,6,7,0,0,0,2026-07-15T14:40:29.611481
40,6,8,0,0,0,2026-07-15T14:40:31.203776
40,6,9,0,0,0,2026-07-15T14:40:32.844695
40,6,10,0,0,0,2026-07-15T14:40:34.468581
40,7,1,3,0,3,2026-07-15T14:40:36.012804
40,7,2,3,0,3,2026-07-15T14:40:37.672224
40,7,3,3,0,3,2026-07-15T14:40:39.173330
40,7,4,3,0,3,2026-07-15T14:40:40.657759
40,7,5,3,0,3,2026-07-15T14:40:42.305649
40,7,6,3,0,3,2026-07-15T14:40:43.981621
40,7,7,3,0,3,2026-07-15T14:40:45.548452
40,7,8,3,0,3,2026-07-15T14:40:46.131902
40,7,9,3,0,3,2026-07-15T14:40:46.706322
40,7,10,3,0,3,2026-07-15T14:40:48.315181
40,8,1,0,0,0,2026-07-15T14:40:49.972872
40,8,2,0,0,0,2026-07-15T14:40:51.579226
40,8,3,0,0,0,2026-07-15T14:40:53.171125
40,8,4,0,0,0,2026-07-15T14:40:53.816255
40,8,5,0,0,0,2026-07-15T14:40:55.404206
40,8,6,0,0,0,2026-07-15T14:40:56.954670
40,8,7,0,0,0,2026-07-15T14:40:58.601674
40,8,8,0,0,0,2026-07-15T14:41:00.145159
40,8,9,0,0,0,2026-07-15T14:41:01.747069
40,8,10,0,0,0,2026-07-15T14:41:03.234722
40,9,1,4,0,4,2026-07-15T14:41:03.805276
40,9,2,4,0,4,2026-07-15T14:41:05.410101
40,9,3,4,0,4,2026-07-15T14:41:06.874592
40,9,4,4,0,4,2026-07-15T14:41:08.397916
40,9,5,4,0,4,2026-07-15T14:41:09.946871
40,9,6,4,0,4,2026-07-15T14:41:11.545806
40,9,7,4,0,4,2026-07-15T14:41:13.164090
40,9,8,4,0,4,2026-07-15T14:41:15.296062
40,9,9,4,0,4,2026-07-15T14:41:16.899570
40,9,10,4,0,4,2026-07-15T14:41:18.399617
41,1,1,4,0,4,2026-07-15T14:41:19.884773
41,1,2,4,0,4,2026-07-15T14:41:21.605757
41,1,3,4,0,4,2026-07-15T14:41:23.111916
41,1,4,4,0,4,2026-07-15T14:41:24.820761
41,1,5,4,0,4,2026-07-15T14:41:26.321746
41,1,6,4,0,4,2026-07-15T14:41:27.875014
41,1,7,4,0,4,2026-07-15T14:41:29.432045
41,1,8,4,0,4,2026-07-15T14:41:31.019874
41,1,9,4,0,4,2026-07-15T14:41:32.741110
41,1,10,4,0,4,2026-07-15T14:41:34.265179
41,2,1,0,0,0,2026-07-15T14:41:34.858783
41,2,2,0,0,0,2026-07-15T14:41:36.408335
41,2,3,0,0,0,2026-07-15T14:41:37.969611
41,2,4,0,0,0,2026-07-15T14:41:39.658876
41,2,5,0,0,0,2026-07-15T14:41:40.271181
41,2,6,0,0,0,2026-07-15T14:41:40.757302
41,2,7,0,0,0,2026-07-15T14:41:42.328040
41,2,8,0,0,0,2026-07-15T14:41:43.952675
41,2,9,0,0,0,2026-07-15T14:41:44.449044
41,2,10,0,0,0,2026-07-15T14:41:45.055362
41,3,1,3,0,3,2026-07-15T14:41:46.632053
41,3,2,3,0,3,2026-07-15T14:41:48.200247
41,3,3,3,0,3,2026-07-15T14:41:49.753739
41,3,4,3,0,3,2026-07-15T14:41:51.337839
41,3,5,3,0,3,2026-07-15T14:41:52.938077
41,3,6,3,0,3,2026-07-15T14:41:53.427715
41,3,7,3,0,3,2026-07-15T14:41:54.947643
41,3,8,3,0,3,2026-07-15T14:41:56.464165
41,3,9,3,0,3,2026-07-15T14:41:58.000092
41,3,10,3,0,3,2026-07-15T14:41:59.555169
41,4,1,0,0,0,2026-07-15T14:42:01.082734
41,4,2,0,0,0,2026-07-15T14:42:01.670891
41,4,3,0,0,0,2026-07-15T14:42:02.217633
41,4,4,0,0,0,2026-07-15T14:42:03.757734
41,4,5,0,0,0,2026-07-15T14:42:05.328685
41,4,6,0,0,0,2026-07-15T14:42:06.919187
41,4,7,0,0,0,2026-07-15T14:42:08.544176
41,4,8,0,0,0,2026-07-15T14:42:10.135473
41,4,9,0,0,0,2026-07-15T14:42:11.608995
41,4,10,0,0,0,2026-07-15T14:42:13.251384
41,5,1,4,0,4,2026-07-15T14:42:13.839051
41,5,2,4,0,4,2026-07-15T14:42:15.464102
41,5,3,4,0,4,2026-07-15T14:42:17.048871
41,5,4,4,0,4,2026-07-15T14:42:18.651926
41,5,5,4,0,4,2026-07-15T14:42:20.148348
41,5,6,4,0,4,2026-07-15T14:42:21.667585
41,5,7,4,0,4,2026-07-15T14:42:23.243433
41,5,8,4,0,4,2026-07-15T14:42:24.812107
41,5,9,4,0,4,2026-07-15T14:42:26.333507
41,5,10,4,0,4,2026-07-15T14:42:27.830556
41,6,1,0,0,0,2026-07-15T14:42:29.389318
41,6,2,0,0,0,2026-07-15T14:42:30.869725
41,6,3,0,0,0,2026-07-15T14:42:32.770477
41,6,4,0,0,0,2026-07-15T14:42:33.458699
41,6,5,0,0,0,2026-07-15T14:42:35.043944
41,6,6,0,0,0,2026-07-15T14:42:36.615951
41,6,7,0,0,0,2026-07-15T14:42:38.206080
41,6,8,0,0,0,2026-07-15T14:42:39.768637
41,6,9,0,0,0,2026-07-15T14:42:40.380211
41,6,10,0,0,0,2026-07-15T14:42:41.980886
41,7,1,4,0,4,2026-07-15T14:42:43.639797
41,7,2,4,0,4,2026-07-15T14:42:44.280284
41,7,3,4,0,4,2026-07-15T14:42:46.064630
41,7,4,4,0,4,2026-07-15T14:42:47.573110
41,7,5,4,0,4,2026-07-15T14:42:48.152701
41,7,6,4,0,4,2026-07-15T14:42:49.687772
41,7,7,4,0,4,2026-07-15T14:42:51.351325
41,7,8,4,0,4,2026-07-15T14:42:52.976102
41,7,9,4,0,4,2026-07-15T14:42:54.556115
41,7,10,4,0,4,2026-07-15T14:42:56.174506
41,8,1,2,0,2,2026-07-15T14:42:57.685061
41,8,2,2,0,2,2026-07-15T14:42:59.410847
41,8,3,2,0,2,2026-07-15T14:43:01.013598
41,8,4,2,0,2,2026-07-15T14:43:02.558203
41,8,5,2,0,2,2026-07-15T14:43:03.188086
41,8,6,2,0,2,2026-07-15T14:43:04.840294
41,8,7,2,0,2,2026-07-15T14:43:06.646508
41,8,8,2,0,2,2026-07-15T14:43:07.270797
41,8,9,2,0,2,2026-07-15T14:43:08.835492
41,8,10,2,0,2,2026-07-15T14:43:10.474148
41,9,1,5,0,5,2026-07-15T14:43:11.001741
41,9,2,5,0,5,2026-07-15T14:43:12.555816
41,9,3,5,0,5,2026-07-15T14:43:14.113328
41,9,4,5,0,5,2026-07-15T14:43:15.686675
41,9,5,5,0,5,2026-07-15T14:43:16.220984
41,9,6,5,0,5,2026-07-15T14:43:17.844637
41,9,7,5,0,5,2026-07-15T14:43:18.333065
41,9,8,5,0,5,2026-07-15T14:43:19.953570
41,9,9,5,0,5,2026-07-15T14:43:20.653129
41,9,10,5,0,5,2026-07-15T14:43:21.171748
42,1,1,3,0,3,2026-07-15T14:43:22.764049
42,1,2,3,0,3,2026-07-15T14:43:24.334385
42,1,3,3,0,3,2026-07-15T14:43:26.030074
42,1,4,3,0,3,2026-07-15T14:43:26.560417
42,1,5,3,0,3,2026-07-15T14:43:28.116183
42,1,6,3,0,3,2026-07-15T14:43:29.727968
42,1,7,3,0,3,2026-07-15T14:43:31.410850
42,1,8,3,0,3,2026-07-15T14:43:33.062730
42,1,9,3,0,3,2026-07-15T14:43:34.669065
42,1,10,3,0,3,2026-07-15T14:43:36.187191
42,2,1,0,0,0,2026-07-15T14:43:37.780923
42,2,2,0,0,0,2026-07-15T14:43:39.298795
42,2,3,0,0,0,2026-07-15T14:43:40.874309
42,2,4,0,0,0,2026-07-15T14:43:42.445111
42,2,5,0,0,0,2026-07-15T14:43:44.079129
42,2,6,0,0,0,2026-07-15T14:43:44.643678
42,2,7,0,0,0,2026-07-15T14:43:46.178935
42,2,8,0,0,0,2026-07-15T14:43:47.733255
42,2,9,0,0,0,2026-07-15T14:43:49.273215
42,2,10,0,0,0,2026-07-15T14:43:50.809482
42,3,1,2,0,2,2026-07-15T14:43:52.320183
42,3,2,2,0,2,2026-07-15T14:43:53.869481
42,3,3,2,0,2,2026-07-15T14:43:55.406326
42,3,4,2,0,2,2026-07-15T14:43:56.991844
42,3,5,2,0,2,2026-07-15T14:43:58.647130
42,3,6,2,0,2,2026-07-15T14:44:00.221632
42,3,7,2,0,2,2026-07-15T14:44:01.830108
42,3,8,2,0,2,2026-07-15T14:44:02.346099
42,3,9,2,0,2,2026-07-15T14:44:04.071590
42,3,10,2,0,2,2026-07-15T14:44:05.676213
42,4,1,0,0,0,2026-07-15T14:44:07.201214
42,4,2,0,0,0,2026-07-15T14:44:08.767135
42,4,3,0,0,0,2026-07-15T14:44:10.013702
42,4,4,0,0,0,2026-07-15T14:44:11.651965
42,4,5,0,0,0,2026-07-15T14:44:13.149485
42,4,6,0,0,0,2026-07-15T14:44:15.664287
42,4,7,0,0,0,2026-07-15T14:44:17.158045
42,4,8,0,0,0,2026-07-15T14:44:18.706321
42,4,9,0,0,0,2026-07-15T14:44:20.261003
42,4,10,0,0,0,2026-07-15T14:44:21.833742
42,5,1,3,0,3,2026-07-15T14:44:23.344258
42,5,2,3,0,3,2026-07-15T14:44:23.895307
42,5,3,3,0,3,2026-07-15T14:44:25.454105
42,5,4,3,0,3,2026-07-15T14:44:25.980583
42,5,5,3,0,3,2026-07-15T14:44:27.501336
42,5,6,3,0,3,2026-07-15T14:44:29.024892
42,5,7,3,0,3,2026-07-15T14:44:30.538656
42,5,8,3,0,3,2026-07-15T14:44:32.083655
42,5,9,3,0,3,2026-07-15T14:44:32.829265
42,5,10,3,0,3,2026-07-15T14:44:34.404826
42,6,1,0,0,0,2026-07-15T14:44:34.915353
42,6,2,0,0,0,2026-07-15T14:44:35.536584
42,6,3,0,0,0,2026-07-15T14:44:37.470522
42,6,4,0,0,0,2026-07-15T14:44:39.128951
42,6,5,0,0,0,2026-07-15T14:44:40.703023
42,6,6,0,0,0,2026-07-15T14:44:42.318726
42,6,7,0,0,0,2026-07-15T14:44:42.933880
42,6,8,0,0,0,2026-07-15T14:44:44.531325
42,6,9,0,0,0,2026-07-15T14:44:45.051363
42,6,10,0,0,0,2026-07-15T14:44:46.593358
42,7,1,4,0,4,2026-07-15T14:44:48.133453
42,7,2,4,0,4,2026-07-15T14:44:49.723474
42,7,3,4,0,4,2026-07-15T14:44:51.571039
42,7,4,4,0,4,2026-07-15T14:44:53.072305
42,7,5,4,0,4,2026-07-15T14:44:54.759769
42,7,6,4,0,4,2026-07-15T14:44:55.397498
42,7,7,4,0,4,2026-07-15T14:44:56.009753
42,7,8,4,0,4,2026-07-15T14:44:57.495946
42,7,9,4,0,4,2026-07-15T14:44:58.023065
42,7,10,4,0,4,2026-07-15T14:44:59.508475
42,8,1,-1,3,This,2026-07-15T16:49:05.978791
42,8,2,-1,3,This,2026-07-15T16:49:07.490691
42,8,3,-1,3,This,2026-07-15T16:49:08.994917
42,8,4,-1,3,This,2026-07-15T16:49:10.449267
42,8,5,0,2,0,2026-07-15T16:49:11.930778
42,8,6,-1,3,This,2026-07-15T16:49:13.623838
42,8,7,-1,3,This,2026-07-15T16:49:15.133793
42,8,8,-1,3,This,2026-07-15T16:49:16.633710
42,8,9,-1,3,This,2026-07-15T16:49:18.139788
42,8,10,-1,3,This,2026-07-15T16:49:19.634321
42,9,1,4,0,4,2026-07-15T14:45:13.598185
42,9,2,4,0,4,2026-07-15T14:45:14.136196
42,9,3,4,0,4,2026-07-15T14:45:15.778103
42,9,4,4,0,4,2026-07-15T14:45:16.294690
42,9,5,4,0,4,2026-07-15T14:45:17.827631
42,9,6,4,0,4,2026-07-15T14:45:19.365070
42,9,7,4,0,4,2026-07-15T14:45:19.932808
42,9,8,4,0,4,2026-07-15T14:45:20.454617
42,9,9,4,0,4,2026-07-15T14:45:22.014301
42,9,10,4,0,4,2026-07-15T14:45:22.549620
43,1,1,5,0,5,2026-07-15T14:45:24.062242
43,1,2,5,0,5,2026-07-15T14:45:24.575341
43,1,3,5,0,5,2026-07-15T14:45:25.258631
43,1,4,5,0,5,2026-07-15T14:45:26.972283
43,1,5,5,0,5,2026-07-15T14:45:28.562662
43,1,6,5,0,5,2026-07-15T14:45:30.176469
43,1,7,5,0,5,2026-07-15T14:45:31.624291
43,1,8,5,0,5,2026-07-15T14:45:33.208443
43,1,9,5,0,5,2026-07-15T14:45:35.330827
43,1,10,5,0,5,2026-07-15T14:45:36.856862
43,2,1,2,0,2,2026-07-15T14:45:38.464651
43,2,2,2,0,2,2026-07-15T14:45:39.997223
43,2,3,2,0,2,2026-07-15T14:45:41.528455
43,2,4,2,0,2,2026-07-15T14:45:43.039575
43,2,5,2,0,2,2026-07-15T14:45:43.681095
43,2,6,2,0,2,2026-07-15T14:45:45.311040
43,2,7,2,0,2,2026-07-15T14:45:46.809261
43,2,8,2,0,2,2026-07-15T14:45:47.541109
43,2,9,2,0,2,2026-07-15T14:45:48.053007
43,2,10,2,0,2,2026-07-15T14:45:49.665878
43,3,1,2,0,2,2026-07-15T14:45:50.268895
43,3,2,2,0,2,2026-07-15T14:45:51.739950
43,3,3,2,0,2,2026-07-15T14:45:52.276090
43,3,4,2,0,2,2026-07-15T14:45:53.831689
43,3,5,2,0,2,2026-07-15T14:45:54.382006
43,3,6,2,0,2,2026-07-15T14:45:54.864139
43,3,7,2,0,2,2026-07-15T14:45:56.421580
43,3,8,2,0,2,2026-07-15T14:45:57.926553
43,3,9,2,0,2,2026-07-15T14:45:59.447107
43,3,10,2,0,2,2026-07-15T14:46:00.897013
43,4,1,0,0,0,2026-07-15T14:46:01.485590
43,4,2,0,0,0,2026-07-15T14:46:01.992069
43,4,3,0,0,0,2026-07-15T14:46:02.459860
43,4,4,0,0,0,2026-07-15T14:46:02.959664
43,4,5,0,0,0,2026-07-15T14:46:03.508303
43,4,6,0,0,0,2026-07-15T14:46:03.980114
43,4,7,0,0,0,2026-07-15T14:46:04.467939
43,4,8,0,0,0,2026-07-15T14:46:06.002648
43,4,9,0,0,0,2026-07-15T14:46:07.602449
43,4,10,0,0,0,2026-07-15T14:46:09.160557
43,5,1,3,0,3,2026-07-15T14:46:10.658990
43,5,2,3,0,3,2026-07-15T14:46:12.292260
43,5,3,3,0,3,2026-07-15T14:46:13.762021
43,5,4,3,0,3,2026-07-15T14:46:15.215835
43,5,5,3,0,3,2026-07-15T14:46:16.728238
43,5,6,3,0,3,2026-07-15T14:46:18.330353
43,5,7,3,0,3,2026-07-15T14:46:18.838191
43,5,8,3,0,3,2026-07-15T14:46:20.317621
43,5,9,3,0,3,2026-07-15T14:46:21.917413
43,5,10,3,0,3,2026-07-15T14:46:22.369185
43,6,1,0,0,0,2026-07-15T14:46:23.912442
43,6,2,0,0,0,2026-07-15T14:46:25.403218
43,6,3,0,0,0,2026-07-15T14:46:26.945541
43,6,4,0,0,0,2026-07-15T14:46:28.508626
43,6,5,0,0,0,2026-07-15T14:46:30.065929
43,6,6,0,0,0,2026-07-15T14:46:31.616911
43,6,7,0,0,0,2026-07-15T14:46:32.270451
43,6,8,0,0,0,2026-07-15T14:46:32.767828
43,6,9,0,0,0,2026-07-15T14:46:33.288864
43,6,10,0,0,0,2026-07-15T14:46:33.803405
43,7,1,4,0,4,2026-07-15T14:46:34.297634
43,7,2,4,0,4,2026-07-15T14:46:35.966495
43,7,3,4,0,4,2026-07-15T14:46:37.526563
43,7,4,4,0,4,2026-07-15T14:46:39.467799
43,7,5,4,0,4,2026-07-15T14:46:40.996576
43,7,6,4,0,4,2026-07-15T14:46:42.614801
43,7,7,4,0,4,2026-07-15T14:46:44.205203
43,7,8,4,0,4,2026-07-15T14:46:45.861269
43,7,9,4,0,4,2026-07-15T14:46:46.404597
43,7,10,4,0,4,2026-07-15T14:46:47.936911
43,8,1,2,0,2,2026-07-15T14:46:49.544251
43,8,2,2,0,2,2026-07-15T14:46:50.045181
43,8,3,2,0,2,2026-07-15T14:46:51.709117
43,8,4,2,0,2,2026-07-15T14:46:53.758081
43,8,5,2,0,2,2026-07-15T14:46:55.346250
43,8,6,2,0,2,2026-07-15T14:46:55.999255
43,8,7,2,0,2,2026-07-15T14:46:56.600406
43,8,8,2,0,2,2026-07-15T14:46:58.253575
43,8,9,2,0,2,2026-07-15T14:46:59.800917
43,8,10,2,0,2,2026-07-15T14:47:01.297162
43,9,1,4,0,4,2026-07-15T14:47:02.781082
43,9,2,4,0,4,2026-07-15T14:47:04.277397
43,9,3,4,0,4,2026-07-15T14:47:04.848159
43,9,4,4,0,4,2026-07-15T14:47:06.348418
43,9,5,4,0,4,2026-07-15T14:47:07.922626
43,9,6,4,0,4,2026-07-15T14:47:09.499853
43,9,7,4,0,4,2026-07-15T14:47:11.038989
43,9,8,4,0,4,2026-07-15T14:47:11.495954
43,9,9,4,0,4,2026-07-15T14:47:12.965517
43,9,10,4,0,4,2026-07-15T14:47:13.456680
44,1,1,5,0,5,2026-07-15T14:47:14.969478
44,1,2,5,0,5,2026-07-15T14:47:16.539227
44,1,3,5,0,5,2026-07-15T14:47:18.077089
44,1,4,5,0,5,2026-07-15T14:47:18.559327
44,1,5,5,0,5,2026-07-15T14:47:19.061121
44,1,6,5,0,5,2026-07-15T14:47:20.612992
44,1,7,5,0,5,2026-07-15T14:47:22.071435
44,1,8,5,0,5,2026-07-15T14:47:22.587794
44,1,9,5,0,5,2026-07-15T14:47:24.113447
44,1,10,5,0,5,2026-07-15T14:47:25.637337
44,2,1,0,0,0,2026-07-15T14:47:27.233901
44,2,2,0,0,0,2026-07-15T14:47:28.882835
44,2,3,0,0,0,2026-07-15T14:47:29.435522
44,2,4,0,0,0,2026-07-15T14:47:30.980946
44,2,5,0,0,0,2026-07-15T14:47:32.499471
44,2,6,0,0,0,2026-07-15T14:47:34.067347
44,2,7,0,0,0,2026-07-15T14:47:35.730327
44,2,8,0,0,0,2026-07-15T14:47:37.266966
44,2,9,0,0,0,2026-07-15T14:47:37.863628
44,2,10,0,0,0,2026-07-15T14:47:38.385622
44,3,1,3,0,3,2026-07-15T14:47:38.944641
44,3,2,3,0,3,2026-07-15T14:47:40.443274
44,3,3,3,0,3,2026-07-15T14:47:42.023418
44,3,4,3,0,3,2026-07-15T14:47:43.662354
44,3,5,3,0,3,2026-07-15T14:47:45.222774
44,3,6,3,0,3,2026-07-15T14:47:46.740584
44,3,7,3,0,3,2026-07-15T14:47:48.173386
44,3,8,3,0,3,2026-07-15T14:47:49.660879
44,3,9,3,0,3,2026-07-15T14:47:51.205732
44,3,10,3,0,3,2026-07-15T14:47:52.735551
44,4,1,0,0,0,2026-07-15T14:47:54.255912
44,4,2,0,0,0,2026-07-15T14:47:55.735018
44,4,3,0,0,0,2026-07-15T14:47:57.304096
44,4,4,0,0,0,2026-07-15T14:47:57.779115
44,4,5,0,0,0,2026-07-15T14:47:59.215909
44,4,6,0,0,0,2026-07-15T14:47:59.722096
44,4,7,0,0,0,2026-07-15T14:48:01.290264
44,4,8,0,0,0,2026-07-15T14:48:02.842541
44,4,9,0,0,0,2026-07-15T14:48:04.344435
44,4,10,0,0,0,2026-07-15T14:48:06.087968
44,5,1,3,0,3,2026-07-15T14:48:07.557035
44,5,2,3,0,3,2026-07-15T14:48:09.041678
44,5,3,3,0,3,2026-07-15T14:48:10.589614
44,5,4,3,0,3,2026-07-15T14:48:12.103489
44,5,5,3,0,3,2026-07-15T14:48:13.600362
44,5,6,3,0,3,2026-07-15T14:48:15.124716
44,5,7,3,0,3,2026-07-15T14:48:15.717426
44,5,8,3,0,3,2026-07-15T14:48:17.270962
44,5,9,3,0,3,2026-07-15T14:48:18.833233
44,5,10,3,0,3,2026-07-15T14:48:20.350642
44,6,1,0,0,0,2026-07-15T14:48:21.907441
44,6,2,0,0,0,2026-07-15T14:48:23.424507
44,6,3,0,0,0,2026-07-15T14:48:23.954968
44,6,4,0,0,0,2026-07-15T14:48:25.484319
44,6,5,0,0,0,2026-07-15T14:48:26.976656
44,6,6,0,0,0,2026-07-15T14:48:28.521629
44,6,7,0,0,0,2026-07-15T14:48:30.059132
44,6,8,0,0,0,2026-07-15T14:48:31.606066
44,6,9,0,0,0,2026-07-15T14:48:32.216985
44,6,10,0,0,0,2026-07-15T14:48:33.753231
44,7,1,5,0,5,2026-07-15T14:48:35.329514
44,7,2,5,0,5,2026-07-15T14:48:35.918977
44,7,3,5,0,5,2026-07-15T14:48:36.386568
44,7,4,5,0,5,2026-07-15T14:48:36.927060
44,7,5,5,0,5,2026-07-15T14:48:38.441794
44,7,6,5,0,5,2026-07-15T14:48:39.970932
44,7,7,5,0,5,2026-07-15T14:48:41.500343
44,7,8,5,0,5,2026-07-15T14:48:42.015728
44,7,9,5,0,5,2026-07-15T14:48:43.594171
44,7,10,5,0,5,2026-07-15T14:48:45.199682
44,8,1,0,0,0,2026-07-15T14:48:46.689716
44,8,2,0,0,0,2026-07-15T14:48:47.329966
44,8,3,0,0,0,2026-07-15T14:48:48.945608
44,8,4,0,0,0,2026-07-15T14:48:49.506207
44,8,5,0,0,0,2026-07-15T14:48:51.015320
44,8,6,0,0,0,2026-07-15T14:48:52.567093
44,8,7,0,0,0,2026-07-15T14:48:54.118227
44,8,8,0,0,0,2026-07-15T14:48:56.028028
44,8,9,0,0,0,2026-07-15T14:48:57.577464
44,8,10,0,0,0,2026-07-15T14:48:59.079575
44,9,1,5,0,5,2026-07-15T14:49:00.687421
44,9,2,5,0,5,2026-07-15T14:49:02.271815
44,9,3,5,0,5,2026-07-15T14:49:03.821548
44,9,4,5,0,5,2026-07-15T14:49:05.274191
44,9,5,5,0,5,2026-07-15T14:49:06.809521
44,9,6,5,0,5,2026-07-15T14:49:08.405250
44,9,7,5,0,5,2026-07-15T14:49:08.890583
44,9,8,5,0,5,2026-07-15T14:49:10.409638
44,9,9,5,0,5,2026-07-15T14:49:11.976404
44,9,10,5,0,5,2026-07-15T14:49:13.446649
45,1,1,3,0,3,2026-07-15T14:49:14.991946
45,1,2,3,0,3,2026-07-15T14:49:16.491126
45,1,3,3,0,3,2026-07-15T14:49:17.963346
45,1,4,3,0,3,2026-07-15T14:49:19.529336
45,1,5,3,0,3,2026-07-15T14:49:21.049135
45,1,6,3,0,3,2026-07-15T14:49:22.628167
45,1,7,3,0,3,2026-07-15T14:49:23.170033
45,1,8,3,0,3,2026-07-15T14:49:24.808621
45,1,9,3,0,3,2026-07-15T14:49:26.312641
45,1,10,3,0,3,2026-07-15T14:49:27.879029
45,2,1,0,0,0,2026-07-15T14:49:29.426535
45,2,2,0,0,0,2026-07-15T14:49:31.032373
45,2,3,0,0,0,2026-07-15T14:49:32.491127
45,2,4,0,0,0,2026-07-15T14:49:34.003787
45,2,5,0,0,0,2026-07-15T14:49:34.506449
45,2,6,0,0,0,2026-07-15T14:49:35.980023
45,2,7,0,0,0,2026-07-15T14:49:37.736426
45,2,8,0,0,0,2026-07-15T14:49:39.240252
45,2,9,0,0,0,2026-07-15T14:49:40.753177
45,2,10,0,0,0,2026-07-15T14:49:42.271066
45,3,1,2,0,2,2026-07-15T14:49:43.854202
45,3,2,2,0,2,2026-07-15T14:49:45.416239
45,3,3,2,0,2,2026-07-15T14:49:46.931967
45,3,4,2,0,2,2026-07-15T14:49:48.561037
45,3,5,2,0,2,2026-07-15T14:49:50.104701
45,3,6,2,0,2,2026-07-15T14:49:51.663127
45,3,7,2,0,2,2026-07-15T14:49:53.176678
45,3,8,2,0,2,2026-07-15T14:49:54.717367
45,3,9,2,0,2,2026-07-15T14:49:56.192721
45,3,10,3,0,3,2026-07-15T14:49:57.731038
45,4,1,0,0,0,2026-07-15T14:49:58.266817
45,4,2,0,0,0,2026-07-15T14:49:59.826807
45,4,3,0,0,0,2026-07-15T14:50:01.343240
45,4,4,0,0,0,2026-07-15T14:50:03.059835
45,4,5,0,0,0,2026-07-15T14:50:04.592194
45,4,6,0,0,0,2026-07-15T14:50:06.151940
45,4,7,0,0,0,2026-07-15T14:50:07.635976
45,4,8,0,0,0,2026-07-15T14:50:09.099407
45,4,9,0,0,0,2026-07-15T14:50:10.584586
45,4,10,0,0,0,2026-07-15T14:50:12.226204
45,5,1,2,0,2,2026-07-15T14:50:13.744810
45,5,2,2,0,2,2026-07-15T14:50:15.247165
45,5,3,2,0,2,2026-07-15T14:50:16.802401
45,5,4,2,0,2,2026-07-15T14:50:18.292921
45,5,5,2,0,2,2026-07-15T14:50:19.812393
45,5,6,2,0,2,2026-07-15T14:50:21.343943
45,5,7,2,0,2,2026-07-15T14:50:22.864491
45,5,8,2,0,2,2026-07-15T14:50:24.381564
45,5,9,2,0,2,2026-07-15T14:50:25.904276
45,5,10,2,0,2,2026-07-15T14:50:27.418637
45,6,1,0,0,0,2026-07-15T14:50:28.914522
45,6,2,0,1,0,2026-07-15T16:48:19.890949
45,6,3,0,1,0,2026-07-15T16:48:21.374643
45,6,4,0,0,0,2026-07-15T14:50:33.518338
45,6,5,0,1,0,2026-07-15T16:48:22.895128
45,6,6,0,1,0,2026-07-15T16:48:24.400134
45,6,7,0,0,0,2026-07-15T14:50:38.336649
45,6,8,0,2,0,2026-07-15T16:49:20.189933
45,6,9,0,1,0,2026-07-15T16:48:27.427553
45,6,10,0,1,0,2026-07-15T16:48:27.995539
45,7,1,3,0,3,2026-07-15T14:50:43.655810
45,7,2,3,0,3,2026-07-15T14:50:45.223617
45,7,3,3,0,3,2026-07-15T14:50:46.825623
45,7,4,3,0,3,2026-07-15T14:50:47.378642
45,7,5,3,0,3,2026-07-15T14:50:48.858329
45,7,6,3,0,3,2026-07-15T14:50:49.411095
45,7,7,3,0,3,2026-07-15T14:50:50.941924
45,7,8,3,0,3,2026-07-15T14:50:52.462672
45,7,9,3,0,3,2026-07-15T14:50:54.013629
45,7,10,3,0,3,2026-07-15T14:50:55.546659
45,8,1,0,0,0,2026-07-15T14:50:56.070271
45,8,2,0,0,0,2026-07-15T14:50:57.583089
45,8,3,0,0,0,2026-07-15T14:50:59.045517
45,8,4,0,0,0,2026-07-15T14:50:59.613046
45,8,5,0,0,0,2026-07-15T14:51:00.143948
45,8,6,0,0,0,2026-07-15T14:51:01.665778
45,8,7,0,0,0,2026-07-15T14:51:03.167048
45,8,8,0,0,0,2026-07-15T14:51:04.746643
45,8,9,0,0,0,2026-07-15T14:51:06.248962
45,8,10,0,0,0,2026-07-15T14:51:07.728392
45,9,1,5,0,5,2026-07-15T14:51:09.258347
45,9,2,5,0,5,2026-07-15T14:51:10.772944
45,9,3,5,0,5,2026-07-15T14:51:11.324017
45,9,4,5,0,5,2026-07-15T14:51:12.827496
45,9,5,5,0,5,2026-07-15T14:51:13.382331
45,9,6,5,0,5,2026-07-15T14:51:14.912851
45,9,7,5,0,5,2026-07-15T14:51:15.526576
45,9,8,5,0,5,2026-07-15T14:51:15.983758
45,9,9,5,0,5,2026-07-15T14:51:17.692920
45,9,10,5,0,5,2026-07-15T14:51:19.255313
46,1,1,4,0,4,2026-07-15T14:51:19.735409
46,1,2,4,0,4,2026-07-15T14:51:21.305720
46,1,3,4,0,4,2026-07-15T14:51:21.858335
46,1,4,4,0,4,2026-07-15T14:51:23.369338
46,1,5,4,0,4,2026-07-15T14:51:24.901881
46,1,6,4,0,4,2026-07-15T14:51:26.416630
46,1,7,4,0,4,2026-07-15T14:51:27.931448
46,1,8,5,0,5,2026-07-15T14:51:29.444598
46,1,9,4,0,4,2026-07-15T14:51:30.962440
46,1,10,4,0,4,2026-07-15T14:51:32.470738
46,2,1,0,0,0,2026-07-15T14:51:33.989239
46,2,2,0,0,0,2026-07-15T14:51:35.472933
46,2,3,0,0,0,2026-07-15T14:51:37.023570
46,2,4,0,0,0,2026-07-15T14:51:38.779818
46,2,5,0,0,0,2026-07-15T14:51:39.276972
46,2,6,0,0,0,2026-07-15T14:51:40.796758
46,2,7,0,0,0,2026-07-15T14:51:42.325674
46,2,8,0,0,0,2026-07-15T14:51:43.953996
46,2,9,0,0,0,2026-07-15T14:51:45.578394
46,2,10,0,0,0,2026-07-15T14:51:46.043153
46,3,1,3,0,3,2026-07-15T14:51:47.738544
46,3,2,3,0,3,2026-07-15T14:51:49.234217
46,3,3,3,0,3,2026-07-15T14:51:49.798654
46,3,4,3,0,3,2026-07-15T14:51:51.411455
46,3,5,3,0,3,2026-07-15T14:51:53.127160
46,3,6,3,0,3,2026-07-15T14:51:54.644190
46,3,7,3,0,3,2026-07-15T14:51:56.117740
46,3,8,3,0,3,2026-07-15T14:51:57.667949
46,3,9,3,0,3,2026-07-15T14:51:59.162961
46,3,10,3,0,3,2026-07-15T14:52:00.656276
46,4,1,0,0,0,2026-07-15T14:52:02.202406
46,4,2,0,0,0,2026-07-15T14:52:03.701486
46,4,3,0,0,0,2026-07-15T14:52:04.291262
46,4,4,0,0,0,2026-07-15T14:52:05.812675
46,4,5,0,0,0,2026-07-15T14:52:07.303362
46,4,6,0,0,0,2026-07-15T14:52:08.834889
46,4,7,0,0,0,2026-07-15T14:52:10.414573
46,4,8,0,0,0,2026-07-15T14:52:11.923557
46,4,9,0,0,0,2026-07-15T14:52:13.516874
46,4,10,0,0,0,2026-07-15T14:52:14.025750
46,5,1,3,0,3,2026-07-15T14:52:15.555584
46,5,2,3,0,3,2026-07-15T14:52:17.150844
46,5,3,3,0,3,2026-07-15T14:52:18.691649
46,5,4,3,0,3,2026-07-15T14:52:20.225640
46,5,5,3,0,3,2026-07-15T14:52:21.697442
46,5,6,3,0,3,2026-07-15T14:52:23.184641
46,5,7,3,0,3,2026-07-15T14:52:24.678361
46,5,8,3,0,3,2026-07-15T14:52:26.163856
46,5,9,3,0,3,2026-07-15T14:52:27.692156
46,5,10,3,0,3,2026-07-15T14:52:29.193925
46,6,1,0,0,0,2026-07-15T14:52:30.668686
46,6,2,0,0,0,2026-07-15T14:52:32.159993
46,6,3,0,0,0,2026-07-15T14:52:33.612527
46,6,4,0,0,0,2026-07-15T14:52:35.125052
46,6,5,0,0,0,2026-07-15T14:52:35.655194
46,6,6,0,0,0,2026-07-15T14:52:37.251672
46,6,7,0,0,0,2026-07-15T14:52:38.996206
46,6,8,0,0,0,2026-07-15T14:52:40.495986
46,6,9,0,0,0,2026-07-15T14:52:40.996758
46,6,10,0,0,0,2026-07-15T14:52:42.614640
46,7,1,4,0,4,2026-07-15T14:52:44.376567
46,7,2,4,0,4,2026-07-15T14:52:45.947348
46,7,3,4,0,4,2026-07-15T14:52:46.486927
46,7,4,4,0,4,2026-07-15T14:52:48.025133
46,7,5,4,0,4,2026-07-15T14:52:49.489858
46,7,6,4,0,4,2026-07-15T14:52:51.075644
46,7,7,4,0,4,2026-07-15T14:52:52.611331
46,7,8,4,0,4,2026-07-15T14:52:54.104481
46,7,9,4,0,4,2026-07-15T14:52:55.569076
46,7,10,4,0,4,2026-07-15T14:52:57.031010
46,8,1,0,0,0,2026-07-15T14:52:58.526429
46,8,2,0,0,0,2026-07-15T14:53:00.034029
46,8,3,0,0,0,2026-07-15T14:53:01.591600
46,8,4,0,0,0,2026-07-15T14:53:03.194637
46,8,5,0,0,0,2026-07-15T14:53:04.738856
46,8,6,0,0,0,2026-07-15T14:53:06.298164
46,8,7,0,0,0,2026-07-15T14:53:06.842045
46,8,8,0,0,0,2026-07-15T14:53:08.356064
46,8,9,0,0,0,2026-07-15T14:53:09.845979
46,8,10,0,0,0,2026-07-15T14:53:11.362764
46,9,1,5,0,5,2026-07-15T14:53:12.909534
46,9,2,5,0,5,2026-07-15T14:53:13.520739
46,9,3,5,0,5,2026-07-15T14:53:15.065684
46,9,4,5,0,5,2026-07-15T14:53:16.545139
46,9,5,5,0,5,2026-07-15T14:53:18.021038
46,9,6,5,0,5,2026-07-15T14:53:19.536099
46,9,7,5,0,5,2026-07-15T14:53:21.017155
46,9,8,5,0,5,2026-07-15T14:53:22.526844
46,9,9,5,0,5,2026-07-15T14:53:24.034427
46,9,10,5,0,5,2026-07-15T14:53:25.554412
47,1,1,3,0,3,2026-07-15T14:53:27.050110
47,1,2,3,0,3,2026-07-15T14:53:28.573880
47,1,3,3,0,3,2026-07-15T14:53:29.131173
47,1,4,3,0,3,2026-07-15T14:53:30.708890
47,1,5,3,0,3,2026-07-15T14:53:32.343947
47,1,6,3,0,3,2026-07-15T14:53:33.898219
47,1,7,3,0,3,2026-07-15T14:53:34.477870
47,1,8,3,0,3,2026-07-15T14:53:36.035766
47,1,9,3,0,3,2026-07-15T14:53:37.581436
47,1,10,3,0,3,2026-07-15T14:53:39.195667
47,2,1,0,0,0,2026-07-15T14:53:40.763697
47,2,2,0,0,0,2026-07-15T14:53:42.288711
47,2,3,0,0,0,2026-07-15T14:53:43.841713
47,2,4,0,0,0,2026-07-15T14:53:45.522967
47,2,5,0,0,0,2026-07-15T14:53:46.152482
47,2,6,0,0,0,2026-07-15T14:53:46.734564
47,2,7,0,0,0,2026-07-15T14:53:47.233953
47,2,8,0,0,0,2026-07-15T14:53:49.408929
47,2,9,0,0,0,2026-07-15T14:53:49.897598
47,2,10,0,0,0,2026-07-15T14:53:51.376026
47,3,1,2,0,2,2026-07-15T14:53:52.940234
47,3,2,2,0,2,2026-07-15T14:53:54.542403
47,3,3,2,0,2,2026-07-15T14:53:56.058474
47,3,4,2,0,2,2026-07-15T14:53:57.650109
47,3,5,2,0,2,2026-07-15T14:53:59.157517
47,3,6,2,0,2,2026-07-15T14:54:00.677043
47,3,7,2,0,2,2026-07-15T14:54:02.229610
47,3,8,2,0,2,2026-07-15T14:54:02.801897
47,3,9,2,0,2,2026-07-15T14:54:04.310272
47,3,10,2,0,2,2026-07-15T14:54:04.829675
47,4,1,0,0,0,2026-07-15T14:54:06.410412
47,4,2,0,0,0,2026-07-15T14:54:06.885672
47,4,3,0,0,0,2026-07-15T14:54:08.391153
47,4,4,0,0,0,2026-07-15T14:54:09.893610
47,4,5,0,0,0,2026-07-15T14:54:10.418606
47,4,6,0,0,0,2026-07-15T14:54:10.997825
47,4,7,0,0,0,2026-07-15T14:54:12.592232
47,4,8,0,0,0,2026-07-15T14:54:14.126731
47,4,9,0,0,0,2026-07-15T14:54:15.550371
47,4,10,0,0,0,2026-07-15T14:54:17.000291
47,5,1,2,0,2,2026-07-15T14:54:18.595416
47,5,2,2,0,2,2026-07-15T14:54:20.082114
47,5,3,2,0,2,2026-07-15T14:54:21.632085
47,5,4,2,0,2,2026-07-15T14:54:23.179579
47,5,5,2,0,2,2026-07-15T14:54:23.659412
47,5,6,2,0,2,2026-07-15T14:54:25.115314
47,5,7,2,0,2,2026-07-15T14:54:25.572441
47,5,8,2,0,2,2026-07-15T14:54:27.104232
47,5,9,2,0,2,2026-07-15T14:54:28.634534
47,5,10,2,0,2,2026-07-15T14:54:30.135277
47,6,1,0,0,0,2026-07-15T14:54:31.662379
47,6,2,0,0,0,2026-07-15T14:54:33.242420
47,6,3,0,0,0,2026-07-15T14:54:34.742436
47,6,4,0,0,0,2026-07-15T14:54:35.208706
47,6,5,0,0,0,2026-07-15T14:54:36.782440
47,6,6,0,0,0,2026-07-15T14:54:38.504627
47,6,7,0,0,0,2026-07-15T14:54:40.015162
47,6,8,0,0,0,2026-07-15T14:54:41.595705
47,6,9,0,0,0,2026-07-15T14:54:43.098249
47,6,10,0,0,0,2026-07-15T14:54:43.645419
47,7,1,5,0,5,2026-07-15T14:54:45.159551
47,7,2,5,0,5,2026-07-15T14:54:46.752282
47,7,3,5,0,5,2026-07-15T14:54:47.225303
47,7,4,5,0,5,2026-07-15T14:54:49.386948
47,7,5,5,0,5,2026-07-15T14:54:50.874294
47,7,6,5,0,5,2026-07-15T14:54:52.361564
47,7,7,5,0,5,2026-07-15T14:54:53.937674
47,7,8,5,0,5,2026-07-15T14:54:54.445235
47,7,9,5,0,5,2026-07-15T14:54:55.990832
47,7,10,5,0,5,2026-07-15T14:54:57.466520
47,8,1,0,0,0,2026-07-15T14:54:57.999263
47,8,2,0,0,0,2026-07-15T14:54:59.537649
47,8,3,0,0,0,2026-07-15T14:55:00.009514
47,8,4,0,0,0,2026-07-15T14:55:01.490323
47,8,5,0,0,0,2026-07-15T14:55:03.074773
47,8,6,0,0,0,2026-07-15T14:55:04.552343
47,8,7,0,0,0,2026-07-15T14:55:06.050191
47,8,8,0,0,0,2026-07-15T14:55:07.695547
47,8,9,0,0,0,2026-07-15T14:55:09.196930
47,8,10,0,0,0,2026-07-15T14:55:09.733096
47,9,1,5,0,5,2026-07-15T14:55:11.225381
47,9,2,5,0,5,2026-07-15T14:55:11.743135
47,9,3,5,0,5,2026-07-15T14:55:13.281764
47,9,4,5,0,5,2026-07-15T14:55:13.832234
47,9,5,5,0,5,2026-07-15T14:55:15.383163
47,9,6,5,0,5,2026-07-15T14:55:16.895803
47,9,7,5,0,5,2026-07-15T14:55:17.494681
47,9,8,5,0,5,2026-07-15T14:55:19.008650
47,9,9,5,0,5,2026-07-15T14:55:20.528584
47,9,10,5,0,5,2026-07-15T14:55:22.035807
48,1,1,5,0,5,2026-07-15T14:55:23.526113
48,1,2,5,0,5,2026-07-15T14:55:23.972602
48,1,3,5,0,5,2026-07-15T14:55:25.487092
48,1,4,5,0,5,2026-07-15T14:55:26.976922
48,1,5,5,0,5,2026-07-15T14:55:27.475175
48,1,6,5,0,5,2026-07-15T14:55:29.024052
48,1,7,5,0,5,2026-07-15T14:55:30.531295
48,1,8,5,0,5,2026-07-15T14:55:32.056407
48,1,9,5,0,5,2026-07-15T14:55:33.633993
48,1,10,5,0,5,2026-07-15T14:55:34.185750
48,2,1,0,0,0,2026-07-15T14:55:35.721317
48,2,2,0,0,0,2026-07-15T14:55:37.219785
48,2,3,0,0,0,2026-07-15T14:55:38.902663
48,2,4,0,0,0,2026-07-15T14:55:39.467687
48,2,5,0,0,0,2026-07-15T14:55:41.026634
48,2,6,0,0,0,2026-07-15T14:55:41.572312
48,2,7,0,0,0,2026-07-15T14:55:43.093138
48,2,8,0,0,0,2026-07-15T14:55:44.755297
48,2,9,0,0,0,2026-07-15T14:55:46.279816
48,2,10,0,0,0,2026-07-15T14:55:46.924922
48,3,1,2,0,2,2026-07-15T14:55:48.408792
48,3,2,2,0,2,2026-07-15T14:55:49.897893
48,3,3,2,0,2,2026-07-15T14:55:51.433519
48,3,4,2,0,2,2026-07-15T14:55:52.973528
48,3,5,2,0,2,2026-07-15T14:55:54.514615
48,3,6,2,0,2,2026-07-15T14:55:56.011504
48,3,7,2,0,2,2026-07-15T14:55:57.491219
48,3,8,2,0,2,2026-07-15T14:55:58.962931
48,3,9,2,0,2,2026-07-15T14:56:00.507790
48,3,10,2,0,2,2026-07-15T14:56:02.043284
48,4,1,0,0,0,2026-07-15T14:56:03.531203
48,4,2,0,0,0,2026-07-15T14:56:05.020034
48,4,3,0,0,0,2026-07-15T14:56:06.484535
48,4,4,0,0,0,2026-07-15T14:56:08.030074
48,4,5,0,0,0,2026-07-15T14:56:09.530501
48,4,6,0,0,0,2026-07-15T14:56:11.029472
48,4,7,0,0,0,2026-07-15T14:56:12.463614
48,4,8,0,0,0,2026-07-15T14:56:14.048409
48,4,9,0,0,0,2026-07-15T14:56:15.555885
48,4,10,0,0,0,2026-07-15T14:56:17.107285
48,5,1,3,0,3,2026-07-15T14:56:18.633398
48,5,2,3,0,3,2026-07-15T14:56:20.116913
48,5,3,3,0,3,2026-07-15T14:56:21.643697
48,5,4,3,0,3,2026-07-15T14:56:23.274228
48,5,5,3,0,3,2026-07-15T14:56:24.834250
48,5,6,3,0,3,2026-07-15T14:56:26.332884
48,5,7,3,0,3,2026-07-15T14:56:27.788753
48,5,8,3,0,3,2026-07-15T14:56:29.270981
48,5,9,3,0,3,2026-07-15T14:56:30.756429
48,5,10,3,0,3,2026-07-15T14:56:32.287253
48,6,1,0,0,0,2026-07-15T14:56:33.849617
48,6,2,0,0,0,2026-07-15T14:56:35.407108
48,6,3,0,0,0,2026-07-15T14:56:36.916819
48,6,4,0,0,0,2026-07-15T14:56:37.699958
48,6,5,0,0,0,2026-07-15T14:56:39.202023
48,6,6,0,0,0,2026-07-15T14:56:40.753425
48,6,7,0,0,0,2026-07-15T14:56:41.227357
48,6,8,0,0,0,2026-07-15T14:56:42.784288
48,6,9,0,0,0,2026-07-15T14:56:44.373211
48,6,10,0,0,0,2026-07-15T14:56:45.913452
48,7,1,4,0,4,2026-07-15T14:56:47.486680
48,7,2,4,0,4,2026-07-15T14:56:48.994969
48,7,3,4,0,4,2026-07-15T14:56:50.489982
48,7,4,4,0,4,2026-07-15T14:56:52.241267
48,7,5,4,0,4,2026-07-15T14:56:53.818410
48,7,6,4,0,4,2026-07-15T14:56:55.288569
48,7,7,4,0,4,2026-07-15T14:56:56.751388
48,7,8,3,0,3,2026-07-15T14:56:58.392527
48,7,9,3,0,3,2026-07-15T14:57:00.054486
48,7,10,4,0,4,2026-07-15T14:57:01.667566
48,8,1,0,0,0,2026-07-15T14:57:02.269033
48,8,2,0,0,0,2026-07-15T14:57:03.752090
48,8,3,0,0,0,2026-07-15T14:57:04.262433
48,8,4,0,0,0,2026-07-15T14:57:04.829129
48,8,5,0,0,0,2026-07-15T14:57:06.366837
48,8,6,0,0,0,2026-07-15T14:57:07.880335
48,8,7,0,0,0,2026-07-15T14:57:09.342021
48,8,8,0,0,0,2026-07-15T14:57:10.812215
48,8,9,0,0,0,2026-07-15T14:57:12.359764
48,8,10,0,0,0,2026-07-15T14:57:13.938721
48,9,1,5,0,5,2026-07-15T14:57:14.451691
48,9,2,5,0,5,2026-07-15T14:57:15.955235
48,9,3,5,0,5,2026-07-15T14:57:17.427872
48,9,4,5,0,5,2026-07-15T14:57:18.893183
48,9,5,5,0,5,2026-07-15T14:57:19.358756
48,9,6,5,0,5,2026-07-15T14:57:20.851610
48,9,7,5,0,5,2026-07-15T14:57:22.338175
48,9,8,5,0,5,2026-07-15T14:57:23.849137
48,9,9,5,0,5,2026-07-15T14:57:25.410170
48,9,10,5,0,5,2026-07-15T14:57:26.900516
49,1,1,5,0,5,2026-07-15T14:57:28.426261
49,1,2,5,0,5,2026-07-15T14:57:29.954047
49,1,3,5,0,5,2026-07-15T14:57:31.426122
49,1,4,5,0,5,2026-07-15T14:57:32.913630
49,1,5,5,0,5,2026-07-15T14:57:33.516683
49,1,6,5,0,5,2026-07-15T14:57:35.174045
49,1,7,5,0,5,2026-07-15T14:57:36.943367
49,1,8,5,0,5,2026-07-15T14:57:38.600889
49,1,9,5,0,5,2026-07-15T14:57:39.212501
49,1,10,5,0,5,2026-07-15T14:57:41.031859
49,2,1,0,0,0,2026-07-15T14:57:41.496531
49,2,2,0,0,0,2026-07-15T14:57:43.043248
49,2,3,0,0,0,2026-07-15T14:57:44.551798
49,2,4,0,0,0,2026-07-15T14:57:47.099648
49,2,5,0,0,0,2026-07-15T14:57:47.583408
49,2,6,0,0,0,2026-07-15T14:57:49.085581
49,2,7,0,0,0,2026-07-15T14:57:49.594024
49,2,8,0,0,0,2026-07-15T14:57:50.102560
49,2,9,0,0,0,2026-07-15T14:57:51.578036
49,2,10,0,0,0,2026-07-15T14:57:52.037926
49,3,1,3,0,3,2026-07-15T14:57:53.552759
49,3,2,3,0,3,2026-07-15T14:57:54.066392
49,3,3,3,0,3,2026-07-15T14:57:55.558166
49,3,4,3,0,3,2026-07-15T14:57:57.077286
49,3,5,3,0,3,2026-07-15T14:57:57.584041
49,3,6,3,0,3,2026-07-15T14:57:58.089392
49,3,7,3,0,3,2026-07-15T14:57:59.637611
49,3,8,3,0,3,2026-07-15T14:58:01.224107
49,3,9,3,0,3,2026-07-15T14:58:02.725429
49,3,10,3,0,3,2026-07-15T14:58:04.267302
49,4,1,0,0,0,2026-07-15T14:58:05.769695
49,4,2,0,0,0,2026-07-15T14:58:06.294248
49,4,3,0,0,0,2026-07-15T14:58:06.867120
49,4,4,0,0,0,2026-07-15T14:58:08.381681
49,4,5,0,0,0,2026-07-15T14:58:09.852248
49,4,6,0,0,0,2026-07-15T14:58:11.349611
49,4,7,0,0,0,2026-07-15T14:58:11.834918
49,4,8,0,0,0,2026-07-15T14:58:12.426405
49,4,9,0,0,0,2026-07-15T14:58:13.916610
49,4,10,0,0,0,2026-07-15T14:58:15.395591
49,5,1,3,0,3,2026-07-15T14:58:16.926259
49,5,2,3,0,3,2026-07-15T14:58:17.498284
49,5,3,3,0,3,2026-07-15T14:58:18.056784
49,5,4,3,0,3,2026-07-15T14:58:18.590085
49,5,5,3,0,3,2026-07-15T14:58:20.097558
49,5,6,3,0,3,2026-07-15T14:58:21.572731
49,5,7,3,0,3,2026-07-15T14:58:22.096045
49,5,8,3,0,3,2026-07-15T14:58:23.605397
49,5,9,3,0,3,2026-07-15T14:58:25.029857
49,5,10,3,0,3,2026-07-15T14:58:25.585872
49,6,1,0,0,0,2026-07-15T14:58:26.089659
49,6,2,0,0,0,2026-07-15T14:58:26.643393
49,6,3,0,0,0,2026-07-15T14:58:27.187760
49,6,4,0,0,0,2026-07-15T14:58:27.715752
49,6,5,0,0,0,2026-07-15T14:58:28.254713
49,6,6,0,0,0,2026-07-15T14:58:28.800516
49,6,7,0,0,0,2026-07-15T14:58:30.359278
49,6,8,0,0,0,2026-07-15T14:58:30.903128
49,6,9,0,0,0,2026-07-15T14:58:31.457141
49,6,10,0,0,0,2026-07-15T14:58:33.091829
49,7,1,4,0,4,2026-07-15T14:58:33.833005
49,7,2,4,0,4,2026-07-15T14:58:35.459814
49,7,3,4,0,4,2026-07-15T14:58:37.816911
49,7,4,4,0,4,2026-07-15T14:58:39.386854
49,7,5,4,0,4,2026-07-15T14:58:40.932605
49,7,6,4,0,4,2026-07-15T14:58:42.458948
49,7,7,4,0,4,2026-07-15T14:58:43.008498
49,7,8,4,0,4,2026-07-15T14:58:43.686586
49,7,9,4,0,4,2026-07-15T14:58:45.365527
49,7,10,4,0,4,2026-07-15T14:58:46.929009
49,8,1,0,0,0,2026-07-15T14:58:48.450118
49,8,2,0,0,0,2026-07-15T14:58:50.029966
49,8,3,0,0,0,2026-07-15T14:58:51.527286
49,8,4,0,0,0,2026-07-15T14:58:53.105304
49,8,5,0,0,0,2026-07-15T14:58:54.632811
49,8,6,0,0,0,2026-07-15T14:58:56.118022
49,8,7,0,0,0,2026-07-15T14:58:57.654711
49,8,8,0,0,0,2026-07-15T14:58:59.160661
49,8,9,0,0,0,2026-07-15T14:59:00.605665
49,8,10,0,0,0,2026-07-15T14:59:02.143389
49,9,1,5,0,5,2026-07-15T14:59:03.655737
49,9,2,5,0,5,2026-07-15T14:59:05.136905
49,9,3,5,0,5,2026-07-15T14:59:06.614248
49,9,4,5,0,5,2026-07-15T14:59:08.124585
49,9,5,5,0,5,2026-07-15T14:59:09.593449
49,9,6,5,0,5,2026-07-15T14:59:11.153928
49,9,7,5,0,5,2026-07-15T14:59:12.627238
49,9,8,5,0,5,2026-07-15T14:59:13.151013
49,9,9,5,0,5,2026-07-15T14:59:14.687331
49,9,10,5,0,5,2026-07-15T14:59:15.153889
50,1,1,3,0,3,2026-07-15T14:59:16.635369
50,1,2,3,0,3,2026-07-15T14:59:17.108519
50,1,3,3,0,3,2026-07-15T14:59:18.560551
50,1,4,3,0,3,2026-07-15T14:59:20.051397
50,1,5,3,0,3,2026-07-15T14:59:20.685564
50,1,6,3,0,3,2026-07-15T14:59:22.241575
50,1,7,3,0,3,2026-07-15T14:59:23.772898
50,1,8,3,0,3,2026-07-15T14:59:24.257368
50,1,9,3,0,3,2026-07-15T14:59:25.751858
50,1,10,3,0,3,2026-07-15T14:59:27.216205
50,2,1,2,0,2,2026-07-15T14:59:27.765285
50,2,2,2,0,2,2026-07-15T14:59:29.336911
50,2,3,2,0,2,2026-07-15T14:59:30.871390
50,2,4,2,0,2,2026-07-15T14:59:31.421266
50,2,5,2,0,2,2026-07-15T14:59:33.003023
50,2,6,2,0,2,2026-07-15T14:59:33.733397
50,2,7,2,0,2,2026-07-15T14:59:35.207545
50,2,8,2,0,2,2026-07-15T14:59:36.765528
50,2,9,2,0,2,2026-07-15T14:59:37.359530
50,2,10,2,0,2,2026-07-15T14:59:37.835907
50,3,1,2,0,2,2026-07-15T14:59:39.458687
50,3,2,2,0,2,2026-07-15T14:59:40.993128
50,3,3,2,0,2,2026-07-15T14:59:42.490379
50,3,4,2,0,2,2026-07-15T14:59:44.114174
50,3,5,2,0,2,2026-07-15T14:59:44.642855
50,3,6,2,0,2,2026-07-15T14:59:45.141651
50,3,7,2,0,2,2026-07-15T14:59:46.679317
50,3,8,2,0,2,2026-07-15T14:59:47.147055
50,3,9,2,0,2,2026-07-15T14:59:48.725039
50,3,10,2,0,2,2026-07-15T14:59:49.278446
50,4,1,2,0,2,2026-07-15T14:59:49.849477
50,4,2,1,0,1,2026-07-15T14:59:51.474512
50,4,3,2,0,2,2026-07-15T14:59:52.087585
50,4,4,2,0,2,2026-07-15T14:59:53.662564
50,4,5,2,0,2,2026-07-15T14:59:55.156899
50,4,6,2,0,2,2026-07-15T14:59:56.676203
50,4,7,2,0,2,2026-07-15T14:59:58.178397
50,4,8,2,0,2,2026-07-15T14:59:59.740300
50,4,9,2,0,2,2026-07-15T15:00:01.349794
50,4,10,2,0,2,2026-07-15T15:00:02.881209
50,5,1,2,0,2,2026-07-15T15:00:03.424976
50,5,2,2,0,2,2026-07-15T15:00:04.029586
50,5,3,2,0,2,2026-07-15T15:00:04.582782
50,5,4,2,0,2,2026-07-15T15:00:06.082067
50,5,5,2,0,2,2026-07-15T15:00:07.668862
50,5,6,2,0,2,2026-07-15T15:00:08.250160
50,5,7,2,0,2,2026-07-15T15:00:09.818686
50,5,8,2,0,2,2026-07-15T15:00:10.413823
50,5,9,2,0,2,2026-07-15T15:00:11.986897
50,5,10,2,0,2,2026-07-15T15:00:13.495678
50,6,1,0,0,0,2026-07-15T15:00:14.113241
50,6,2,0,0,0,2026-07-15T15:00:15.237245
50,6,3,0,0,0,2026-07-15T15:00:15.781626
50,6,4,0,0,0,2026-07-15T15:00:16.308570
50,6,5,0,0,0,2026-07-15T15:00:17.812975
50,6,6,0,0,0,2026-07-15T15:00:18.406632
50,6,7,0,0,0,2026-07-15T15:00:19.940875
50,6,8,0,0,0,2026-07-15T15:00:21.486084
50,6,9,0,0,0,2026-07-15T15:00:23.088027
50,6,10,0,0,0,2026-07-15T15:00:24.632807
50,7,1,3,0,3,2026-07-15T15:00:26.164190
50,7,2,3,0,3,2026-07-15T15:00:27.662610
50,7,3,3,0,3,2026-07-15T15:00:29.218899
50,7,4,4,0,4,2026-07-15T15:00:30.791118
50,7,5,4,0,4,2026-07-15T15:00:32.349135
50,7,6,3,0,3,2026-07-15T15:00:33.925051
50,7,7,3,0,3,2026-07-15T15:00:35.483470
50,7,8,3,0,3,2026-07-15T15:00:37.106631
50,7,9,3,0,3,2026-07-15T15:00:38.597436
50,7,10,3,0,3,2026-07-15T15:00:40.296783
50,8,1,2,0,2,2026-07-15T15:00:41.977596
50,8,2,2,0,2,2026-07-15T15:00:42.606187
50,8,3,2,0,2,2026-07-15T15:00:44.197935
50,8,4,2,0,2,2026-07-15T15:00:45.732697
50,8,5,2,0,2,2026-07-15T15:00:46.300509
50,8,6,2,0,2,2026-07-15T15:00:47.806639
50,8,7,2,0,2,2026-07-15T15:00:49.443432
50,8,8,2,0,2,2026-07-15T15:00:51.002045
50,8,9,2,0,2,2026-07-15T15:00:52.490524
50,8,10,2,0,2,2026-07-15T15:00:54.191843
50,9,1,4,0,4,2026-07-15T15:00:55.666678
50,9,2,4,0,4,2026-07-15T15:00:57.227357
50,9,3,4,0,4,2026-07-15T15:00:58.812042
50,9,4,4,0,4,2026-07-15T15:00:59.423622
50,9,5,4,0,4,2026-07-15T15:01:00.999939
50,9,6,4,0,4,2026-07-15T15:01:02.528654
50,9,7,4,0,4,2026-07-15T15:01:04.043566
50,9,8,4,0,4,2026-07-15T15:01:05.613003
50,9,9,4,0,4,2026-07-15T15:01:07.136772
50,9,10,4,0,4,2026-07-15T15:01:08.744060
51,1,1,5,0,5,2026-07-15T15:01:10.272127
51,1,2,5,0,5,2026-07-15T15:01:11.733577
51,1,3,5,0,5,2026-07-15T15:01:12.203294
51,1,4,5,0,5,2026-07-15T15:01:13.733599
51,1,5,5,0,5,2026-07-15T15:01:15.280046
51,1,6,5,0,5,2026-07-15T15:01:16.801458
51,1,7,5,0,5,2026-07-15T15:01:18.290956
51,1,8,5,0,5,2026-07-15T15:01:19.793972
51,1,9,5,0,5,2026-07-15T15:01:20.316037
51,1,10,5,0,5,2026-07-15T15:01:21.901077
51,2,1,0,0,0,2026-07-15T15:01:23.435445
51,2,2,0,0,0,2026-07-15T15:01:24.976610
51,2,3,0,0,0,2026-07-15T15:01:26.496233
51,2,4,0,0,0,2026-07-15T15:01:28.016463
51,2,5,0,0,0,2026-07-15T15:01:29.508026
51,2,6,2,0,2,2026-07-15T15:01:31.063051
51,2,7,0,0,0,2026-07-15T15:01:32.572818
51,2,8,0,0,0,2026-07-15T15:01:33.157059
51,2,9,0,0,0,2026-07-15T15:01:34.785001
51,2,10,0,0,0,2026-07-15T15:01:36.290539
51,3,1,2,0,2,2026-07-15T15:01:37.816711
51,3,2,2,0,2,2026-07-15T15:01:38.694946
51,3,3,2,0,2,2026-07-15T15:01:40.217309
51,3,4,2,0,2,2026-07-15T15:01:43.539047
51,3,5,2,0,2,2026-07-15T15:01:45.094058
51,3,6,2,0,2,2026-07-15T15:01:46.723300
51,3,7,2,0,2,2026-07-15T15:01:48.333343
51,3,8,2,0,2,2026-07-15T15:01:50.064613
51,3,9,2,0,2,2026-07-15T15:01:51.614663
51,3,10,2,0,2,2026-07-15T15:01:53.113602
51,4,1,2,0,2,2026-07-15T15:01:54.642539
51,4,2,2,0,2,2026-07-15T15:01:56.278814
51,4,3,2,0,2,2026-07-15T15:01:57.865229
51,4,4,2,0,2,2026-07-15T15:02:06.465933
51,4,5,2,0,2,2026-07-15T15:02:08.035771
51,4,6,2,0,2,2026-07-15T15:02:15.680955
51,4,7,2,0,2,2026-07-15T15:02:17.271273
51,4,8,2,0,2,2026-07-15T15:02:18.865438
51,4,9,2,0,2,2026-07-15T15:02:19.358278
51,4,10,2,0,2,2026-07-15T15:02:20.864566
51,5,1,2,0,2,2026-07-15T15:02:22.454775
51,5,2,2,0,2,2026-07-15T15:02:23.965360
51,5,3,2,0,2,2026-07-15T15:02:25.486390
51,5,4,2,0,2,2026-07-15T15:02:26.986109
51,5,5,2,0,2,2026-07-15T15:02:28.444607
51,5,6,2,0,2,2026-07-15T15:02:28.979996
51,5,7,2,0,2,2026-07-15T15:02:29.564103
51,5,8,2,0,2,2026-07-15T15:02:31.141316
51,5,9,2,0,2,2026-07-15T15:02:31.669882
51,5,10,2,0,2,2026-07-15T15:02:34.996381
51,6,1,0,0,0,2026-07-15T15:02:36.583870
51,6,2,0,0,0,2026-07-15T15:02:38.095288
51,6,3,0,0,0,2026-07-15T15:02:39.740521
51,6,4,0,0,0,2026-07-15T15:02:41.225055
51,6,5,0,0,0,2026-07-15T15:02:42.719204
51,6,6,0,0,0,2026-07-15T15:02:44.345225
51,6,7,0,0,0,2026-07-15T15:02:47.615453
51,6,8,0,0,0,2026-07-15T15:02:48.140686
51,6,9,0,0,0,2026-07-15T15:02:49.664481
51,6,10,0,0,0,2026-07-15T15:02:51.161143
51,7,1,5,0,5,2026-07-15T15:02:53.874180
51,7,2,4,0,4,2026-07-15T15:02:55.369380
51,7,3,4,0,4,2026-07-15T15:02:55.855114
51,7,4,4,0,4,2026-07-15T15:02:57.395024
51,7,5,4,0,4,2026-07-15T15:02:58.941344
51,7,6,4,0,4,2026-07-15T15:03:00.507901
51,7,7,4,0,4,2026-07-15T15:03:05.483072
51,7,8,4,0,4,2026-07-15T15:03:06.970080
51,7,9,4,0,4,2026-07-15T15:03:08.477885
51,7,10,4,0,4,2026-07-15T15:03:09.049463
51,8,1,3,0,3,2026-07-15T15:03:10.604109
51,8,2,2,0,2,2026-07-15T15:03:12.189844
51,8,3,2,0,2,2026-07-15T15:03:13.684642
51,8,4,3,0,3,2026-07-15T15:03:15.266870
51,8,5,2,0,2,2026-07-15T15:03:21.274289
51,8,6,3,0,3,2026-07-15T15:03:24.178983
51,8,7,3,0,3,2026-07-15T15:03:25.672922
51,8,8,2,0,2,2026-07-15T15:03:27.215621
51,8,9,3,0,3,2026-07-15T15:03:28.787975
51,8,10,3,0,3,2026-07-15T15:03:29.280811
51,9,1,5,0,5,2026-07-15T15:03:30.789300
51,9,2,5,0,5,2026-07-15T15:03:31.359621
51,9,3,5,0,5,2026-07-15T15:03:32.932254
51,9,4,5,0,5,2026-07-15T15:03:34.517780
51,9,5,5,0,5,2026-07-15T15:03:36.035387
51,9,6,5,0,5,2026-07-15T15:03:37.584165
51,9,7,5,0,5,2026-07-15T15:03:39.131721
51,9,8,5,0,5,2026-07-15T15:03:41.234017
51,9,9,5,0,5,2026-07-15T15:03:42.798605
51,9,10,5,0,5,2026-07-15T15:03:44.337639
52,1,1,3,0,3,2026-07-15T15:03:45.948538
52,1,2,3,0,3,2026-07-15T15:03:46.513267
52,1,3,3,0,3,2026-07-15T15:03:47.983315
52,1,4,3,0,3,2026-07-15T15:03:49.470310
52,1,5,3,0,3,2026-07-15T15:03:51.003904
52,1,6,3,0,3,2026-07-15T15:03:55.599571
52,1,7,3,0,3,2026-07-15T15:03:57.411981
52,1,8,3,0,3,2026-07-15T15:03:59.145030
52,1,9,3,0,3,2026-07-15T15:04:00.695607
52,1,10,3,0,3,2026-07-15T15:04:02.222918
52,2,1,2,0,2,2026-07-15T15:04:03.741416
52,2,2,2,0,2,2026-07-15T15:04:05.318874
52,2,3,2,0,2,2026-07-15T15:04:06.877418
52,2,4,2,0,2,2026-07-15T15:04:13.337833
52,2,5,2,0,2,2026-07-15T15:04:14.926084
52,2,6,2,0,2,2026-07-15T15:04:16.459663
52,2,7,2,0,2,2026-07-15T15:04:18.078063
52,2,8,2,0,2,2026-07-15T15:04:19.592478
52,2,9,2,0,2,2026-07-15T15:04:21.058053
52,2,10,2,0,2,2026-07-15T15:04:22.519434
52,3,1,2,0,2,2026-07-15T15:04:23.985223
52,3,2,2,0,2,2026-07-15T15:04:25.585732
52,3,3,2,0,2,2026-07-15T15:04:26.074653
52,3,4,2,0,2,2026-07-15T15:04:27.665777
52,3,5,2,0,2,2026-07-15T15:04:29.249252
52,3,6,2,0,2,2026-07-15T15:04:30.771760
52,3,7,2,0,2,2026-07-15T15:04:32.258467
52,3,8,2,0,2,2026-07-15T15:04:33.835413
52,3,9,2,0,2,2026-07-15T15:04:35.355624
52,3,10,2,0,2,2026-07-15T15:04:36.914325
52,4,1,0,0,0,2026-07-15T15:04:38.447471
52,4,2,0,0,0,2026-07-15T15:04:39.965235
52,4,3,0,0,0,2026-07-15T15:04:41.526770
52,4,4,0,0,0,2026-07-15T15:04:43.021348
52,4,5,0,0,0,2026-07-15T15:04:44.602348
52,4,6,0,0,0,2026-07-15T15:04:46.124687
52,4,7,0,0,0,2026-07-15T15:04:47.756483
52,4,8,0,0,0,2026-07-15T15:04:49.250148
52,4,9,0,0,0,2026-07-15T15:04:50.824870
52,4,10,0,0,0,2026-07-15T15:04:52.336236
52,5,1,3,0,3,2026-07-15T15:04:53.832312
52,5,2,3,0,3,2026-07-15T15:04:55.369232
52,5,3,3,0,3,2026-07-15T15:04:56.960074
52,5,4,3,0,3,2026-07-15T15:04:58.450137
52,5,5,3,0,3,2026-07-15T15:05:00.045925
52,5,6,3,0,3,2026-07-15T15:05:00.605415
52,5,7,3,0,3,2026-07-15T15:05:02.168443
52,5,8,3,0,3,2026-07-15T15:05:03.720290
52,5,9,3,0,3,2026-07-15T15:05:05.244246
52,5,10,3,0,3,2026-07-15T15:05:06.833970
52,6,1,0,0,0,2026-07-15T15:05:08.307244
52,6,2,0,0,0,2026-07-15T15:05:09.979638
52,6,3,0,0,0,2026-07-15T15:05:11.514512
52,6,4,0,0,0,2026-07-15T15:05:13.270903
52,6,5,0,0,0,2026-07-15T15:05:14.785126
52,6,6,0,0,0,2026-07-15T15:05:16.296253
52,6,7,0,0,0,2026-07-15T15:05:17.940088
52,6,8,0,0,0,2026-07-15T15:05:19.669503
52,6,9,0,0,0,2026-07-15T15:05:21.252181
52,6,10,0,0,0,2026-07-15T15:05:22.889609
52,7,1,4,0,4,2026-07-15T15:05:24.394440
52,7,2,4,0,4,2026-07-15T15:05:26.030845
52,7,3,4,0,4,2026-07-15T15:05:27.553297
52,7,4,4,0,4,2026-07-15T15:05:29.461416
52,7,5,4,0,4,2026-07-15T15:05:30.938445
52,7,6,4,0,4,2026-07-15T15:05:32.467500
52,7,7,4,0,4,2026-07-15T15:05:34.027377
52,7,8,4,0,4,2026-07-15T15:05:35.571468
52,7,9,4,0,4,2026-07-15T15:05:37.144647
52,7,10,4,0,4,2026-07-15T15:05:37.702897
52,8,1,2,0,2,2026-07-15T15:05:39.282740
52,8,2,2,0,2,2026-07-15T15:05:40.754750
52,8,3,2,0,2,2026-07-15T15:05:42.472078
52,8,4,2,0,2,2026-07-15T15:05:44.116109
52,8,5,2,0,2,2026-07-15T15:05:45.702079
52,8,6,2,0,2,2026-07-15T15:05:46.248531
52,8,7,2,0,2,2026-07-15T15:05:46.770076
52,8,8,2,0,2,2026-07-15T15:05:54.047291
52,8,9,2,0,2,2026-07-15T15:05:54.772022
52,8,10,2,0,2,2026-07-15T15:05:56.346179
52,9,1,4,0,4,2026-07-15T15:05:56.901808
52,9,2,4,0,4,2026-07-15T15:05:58.430520
52,9,3,4,0,4,2026-07-15T15:05:59.980632
52,9,4,4,0,4,2026-07-15T15:06:00.552146
52,9,5,4,0,4,2026-07-15T15:06:02.116406
52,9,6,4,0,4,2026-07-15T15:06:03.687310
52,9,7,4,0,4,2026-07-15T15:06:04.222310
52,9,8,4,0,4,2026-07-15T15:06:05.785646
52,9,9,4,0,4,2026-07-15T15:06:07.299695
52,9,10,4,0,4,2026-07-15T15:06:08.968635
53,1,1,5,0,5,2026-07-15T15:06:10.545777
53,1,2,5,0,5,2026-07-15T15:06:15.460672
53,1,3,5,0,5,2026-07-15T15:06:17.029737
53,1,4,5,0,5,2026-07-15T15:06:18.528032
53,1,5,5,0,5,2026-07-15T15:06:20.250275
53,1,6,5,0,5,2026-07-15T15:06:21.809833
53,1,7,5,0,5,2026-07-15T15:06:23.319914
53,1,8,5,0,5,2026-07-15T15:06:24.795437
53,1,9,5,0,5,2026-07-15T15:06:26.383658
53,1,10,5,0,5,2026-07-15T15:06:27.890334
53,2,1,0,0,0,2026-07-15T15:06:29.382090
53,2,2,0,0,0,2026-07-15T15:06:30.963603
53,2,3,0,0,0,2026-07-15T15:06:34.006735
53,2,4,0,0,0,2026-07-15T15:06:35.504144
53,2,5,0,0,0,2026-07-15T15:06:37.133809
53,2,6,0,0,0,2026-07-15T15:06:38.647903
53,2,7,0,0,0,2026-07-15T15:06:40.319351
53,2,8,0,0,0,2026-07-15T15:06:41.895513
53,2,9,0,0,0,2026-07-15T15:06:43.843068
53,2,10,0,0,0,2026-07-15T15:06:45.409669
53,3,1,3,0,3,2026-07-15T15:06:49.247534
53,3,2,3,0,3,2026-07-15T15:06:50.855959
53,3,3,3,0,3,2026-07-15T15:06:52.370844
53,3,4,3,0,3,2026-07-15T15:06:54.015494
53,3,5,3,0,3,2026-07-15T15:06:55.657864
53,3,6,3,0,3,2026-07-15T15:06:57.216362
53,3,7,3,0,3,2026-07-15T15:06:57.792225
53,3,8,2,0,2,2026-07-15T15:06:59.316437
53,3,9,3,0,3,2026-07-15T15:07:00.850319
53,3,10,3,0,3,2026-07-15T15:07:02.582345
53,4,1,0,0,0,2026-07-15T15:07:04.242746
53,4,2,0,0,0,2026-07-15T15:07:05.804468
53,4,3,0,0,0,2026-07-15T15:07:07.361963
53,4,4,0,0,0,2026-07-15T15:07:08.902709
53,4,5,0,0,0,2026-07-15T15:07:09.631270
53,4,6,0,0,0,2026-07-15T15:07:10.189282
53,4,7,0,0,0,2026-07-15T15:07:11.614186
53,4,8,0,0,0,2026-07-15T15:07:12.147524
53,4,9,0,0,0,2026-07-15T15:07:12.652784
53,4,10,0,0,0,2026-07-15T15:07:15.931248
53,5,1,2,0,2,2026-07-15T15:07:16.471450
53,5,2,2,0,2,2026-07-15T15:07:18.025122
53,5,3,2,0,2,2026-07-15T15:07:19.510074
53,5,4,2,0,2,2026-07-15T15:07:20.988180
53,5,5,2,0,2,2026-07-15T15:07:22.550632
53,5,6,2,0,2,2026-07-15T15:07:24.089638
53,5,7,2,0,2,2026-07-15T15:07:25.656428
53,5,8,2,0,2,2026-07-15T15:07:32.449317
53,5,9,2,0,2,2026-07-15T15:07:34.048940
53,5,10,2,0,2,2026-07-15T15:07:35.568625
53,6,1,0,0,0,2026-07-15T15:07:37.125592
53,6,2,0,0,0,2026-07-15T15:07:38.682908
53,6,3,0,0,0,2026-07-15T15:07:40.295124
53,6,4,0,0,0,2026-07-15T15:07:41.809061
53,6,5,0,0,0,2026-07-15T15:07:43.393970
53,6,6,0,0,0,2026-07-15T15:07:45.118600
53,6,7,0,0,0,2026-07-15T15:07:46.643554
53,6,8,0,0,0,2026-07-15T15:07:48.211122
53,6,9,0,0,0,2026-07-15T15:07:49.776618
53,6,10,0,0,0,2026-07-15T15:07:50.321305
53,7,1,5,0,5,2026-07-15T15:07:51.848190
53,7,2,5,0,5,2026-07-15T15:07:53.407903
53,7,3,5,0,5,2026-07-15T15:07:54.911555
53,7,4,5,0,5,2026-07-15T15:07:56.494980
53,7,5,5,0,5,2026-07-15T15:07:58.044097
53,7,6,5,0,5,2026-07-15T15:07:59.574970
53,7,7,5,0,5,2026-07-15T15:08:01.106649
53,7,8,5,0,5,2026-07-15T15:08:02.628054
53,7,9,5,0,5,2026-07-15T15:08:04.283104
53,7,10,5,0,5,2026-07-15T15:08:05.837652
53,8,1,0,0,0,2026-07-15T15:08:06.345006
53,8,2,0,0,0,2026-07-15T15:08:07.823504
53,8,3,0,0,0,2026-07-15T15:08:09.389609
53,8,4,0,0,0,2026-07-15T15:08:09.873467
53,8,5,0,0,0,2026-07-15T15:08:11.557799
53,8,6,0,0,0,2026-07-15T15:08:12.099459
53,8,7,0,0,0,2026-07-15T15:08:13.671042
53,8,8,0,0,0,2026-07-15T15:08:15.288665
53,8,9,0,0,0,2026-07-15T15:08:16.881662
53,8,10,0,0,0,2026-07-15T15:08:18.442122
53,9,1,5,0,5,2026-07-15T15:08:20.149650
53,9,2,5,0,5,2026-07-15T15:08:21.694868
53,9,3,5,0,5,2026-07-15T15:08:22.178929
53,9,4,5,0,5,2026-07-15T15:08:23.771817
53,9,5,5,0,5,2026-07-15T15:08:25.306288
53,9,6,5,0,5,2026-07-15T15:08:25.868345
53,9,7,5,0,5,2026-07-15T15:08:26.450268
53,9,8,5,0,5,2026-07-15T15:08:26.982998
53,9,9,5,0,5,2026-07-15T15:08:28.515198
53,9,10,5,0,5,2026-07-15T15:08:30.041751
54,1,1,3,0,3,2026-07-15T15:08:31.542967
54,1,2,3,0,3,2026-07-15T15:08:33.108641
54,1,3,3,0,3,2026-07-15T15:08:34.641779
54,1,4,3,0,3,2026-07-15T15:08:36.398521
54,1,5,3,0,3,2026-07-15T15:08:38.407493
54,1,6,3,0,3,2026-07-15T15:08:40.156270
54,1,7,3,0,3,2026-07-15T15:08:41.697958
54,1,8,3,0,3,2026-07-15T15:08:43.206954
54,1,9,3,0,3,2026-07-15T15:08:44.877020
54,1,10,3,0,3,2026-07-15T15:08:46.460654
54,2,1,0,0,0,2026-07-15T15:08:47.029227
54,2,2,0,0,0,2026-07-15T15:08:48.552328
54,2,3,0,0,0,2026-07-15T15:08:53.344459
54,2,4,0,0,0,2026-07-15T15:08:54.883920
54,2,5,0,0,0,2026-07-15T15:08:55.411587
54,2,6,0,0,0,2026-07-15T15:08:56.073029
54,2,7,0,0,0,2026-07-15T15:08:57.605054
54,2,8,0,0,0,2026-07-15T15:08:59.167996
54,2,9,0,0,0,2026-07-15T15:09:00.870454
54,2,10,0,0,0,2026-07-15T15:09:07.335895
54,3,1,3,0,3,2026-07-15T15:09:08.900605
54,3,2,3,0,3,2026-07-15T15:09:10.445429
54,3,3,3,0,3,2026-07-15T15:09:17.714569
54,3,4,3,0,3,2026-07-15T15:09:19.264632
54,3,5,3,0,3,2026-07-15T15:09:20.844154
54,3,6,3,0,3,2026-07-15T15:09:22.409701
54,3,7,3,0,3,2026-07-15T15:09:23.932995
54,3,8,3,0,3,2026-07-15T15:09:25.485212
54,3,9,3,0,3,2026-07-15T15:09:27.021423
54,3,10,3,0,3,2026-07-15T15:09:27.578434
54,4,1,0,0,0,2026-07-15T15:09:29.136103
54,4,2,0,0,0,2026-07-15T15:09:30.610720
54,4,3,0,0,0,2026-07-15T15:09:32.107309
54,4,4,0,0,0,2026-07-15T15:09:33.665626
54,4,5,0,0,0,2026-07-15T15:09:35.206661
54,4,6,0,0,0,2026-07-15T15:09:36.721768
54,4,7,0,0,0,2026-07-15T15:09:38.298792
54,4,8,0,0,0,2026-07-15T15:09:39.865627
54,4,9,0,0,0,2026-07-15T15:09:41.425912
54,4,10,0,0,0,2026-07-15T15:09:43.206970
54,5,1,3,0,3,2026-07-15T15:09:47.219061
54,5,2,3,0,3,2026-07-15T15:09:48.996957
54,5,3,3,0,3,2026-07-15T15:09:50.493470
54,5,4,3,0,3,2026-07-15T15:09:52.115419
54,5,5,3,0,3,2026-07-15T15:09:52.788068
54,5,6,3,0,3,2026-07-15T15:09:54.345489
54,5,7,3,0,3,2026-07-15T15:09:54.885451
54,5,8,3,0,3,2026-07-15T15:09:58.311878
54,5,9,3,0,3,2026-07-15T15:09:59.881692
54,5,10,3,0,3,2026-07-15T15:10:01.469562
54,6,1,0,0,0,2026-07-15T15:10:03.055251
54,6,2,0,0,0,2026-07-15T15:10:04.607363
54,6,3,0,0,0,2026-07-15T15:10:05.130567
54,6,4,0,0,0,2026-07-15T15:10:05.697142
54,6,5,0,0,0,2026-07-15T15:10:07.302387
54,6,6,0,0,0,2026-07-15T15:10:08.823714
54,6,7,0,0,0,2026-07-15T15:10:10.358101
54,6,8,0,0,0,2026-07-15T15:10:11.921538
54,6,9,0,0,0,2026-07-15T15:10:13.572831
54,6,10,0,0,0,2026-07-15T15:10:15.136437
54,7,1,4,0,4,2026-07-15T15:10:16.686756
54,7,2,4,0,4,2026-07-15T15:10:18.228443
54,7,3,4,0,4,2026-07-15T15:10:19.798931
54,7,4,4,0,4,2026-07-15T15:10:21.367238
54,7,5,4,0,4,2026-07-15T15:10:27.524742
54,7,6,4,0,4,2026-07-15T15:10:29.111622
54,7,7,4,0,4,2026-07-15T15:10:30.694755
54,7,8,4,0,4,2026-07-15T15:10:32.217445
54,7,9,4,0,4,2026-07-15T15:10:33.789156
54,7,10,4,0,4,2026-07-15T15:10:35.321996
54,8,1,0,0,0,2026-07-15T15:10:36.908052
54,8,2,0,0,0,2026-07-15T15:10:38.442003
54,8,3,0,0,0,2026-07-15T15:10:39.985696
54,8,4,0,0,0,2026-07-15T15:10:41.544880
54,8,5,0,0,0,2026-07-15T15:10:43.093291
54,8,6,0,0,0,2026-07-15T15:10:44.711845
54,8,7,0,0,0,2026-07-15T15:10:46.383361
54,8,8,0,0,0,2026-07-15T15:10:47.939102
54,8,9,0,0,0,2026-07-15T15:10:49.476214
54,8,10,0,0,0,2026-07-15T15:10:50.995639
54,9,1,4,0,4,2026-07-15T15:10:52.575790
54,9,2,4,0,4,2026-07-15T15:10:54.053050
54,9,3,4,0,4,2026-07-15T15:10:55.676922
54,9,4,4,0,4,2026-07-15T15:10:56.252236
54,9,5,4,0,4,2026-07-15T15:10:57.851147
54,9,6,4,0,4,2026-07-15T15:11:13.197451
54,9,7,4,0,4,2026-07-15T15:11:17.999985
54,9,8,4,0,4,2026-07-15T15:11:19.544811
54,9,9,4,0,4,2026-07-15T15:11:23.881464
54,9,10,4,0,4,2026-07-15T15:11:25.402271
55,1,1,5,0,5,2026-07-15T15:11:26.929238
55,1,2,4,0,4,2026-07-15T15:11:28.421550
55,1,3,5,0,5,2026-07-15T15:11:29.975248
55,1,4,5,0,5,2026-07-15T15:11:31.547865
55,1,5,5,0,5,2026-07-15T15:11:33.345730
55,1,6,5,0,5,2026-07-15T15:11:34.987550
55,1,7,5,0,5,2026-07-15T15:11:36.528378
55,1,8,5,0,5,2026-07-15T15:11:38.101922
55,1,9,5,0,5,2026-07-15T15:11:39.641415
55,1,10,5,0,5,2026-07-15T15:11:41.227627
55,2,1,0,0,0,2026-07-15T15:11:42.779638
55,2,2,0,0,0,2026-07-15T15:11:44.409106
55,2,3,0,0,0,2026-07-15T15:11:45.932776
55,2,4,0,0,0,2026-07-15T15:11:47.670949
55,2,5,0,0,0,2026-07-15T15:11:53.144082
55,2,6,0,0,0,2026-07-15T15:11:54.643115
55,2,7,0,0,0,2026-07-15T15:11:56.181657
55,2,8,0,0,0,2026-07-15T15:11:57.688026
55,2,9,0,0,0,2026-07-15T15:11:59.168751
55,2,10,0,0,0,2026-07-15T15:12:00.687812
55,3,1,2,0,2,2026-07-15T15:12:01.192562
55,3,2,2,0,2,2026-07-15T15:12:01.932976
55,3,3,2,0,2,2026-07-15T15:12:02.516139
55,3,4,2,0,2,2026-07-15T15:12:03.993508
55,3,5,2,0,2,2026-07-15T15:12:05.437619
55,3,6,2,0,2,2026-07-15T15:12:07.011054
55,3,7,2,0,2,2026-07-15T15:12:08.524638
55,3,8,2,0,2,2026-07-15T15:12:10.039586
55,3,9,2,0,2,2026-07-15T15:12:10.805640
55,3,10,2,0,2,2026-07-15T15:12:12.385517
55,4,1,0,0,0,2026-07-15T15:12:13.903492
55,4,2,0,0,0,2026-07-15T15:12:15.425858
55,4,3,0,0,0,2026-07-15T15:12:17.048171
55,4,4,0,0,0,2026-07-15T15:12:18.759396
55,4,5,0,0,0,2026-07-15T15:12:20.256020
55,4,6,0,0,0,2026-07-15T15:12:20.747680
55,4,7,0,0,0,2026-07-15T15:12:26.890374
55,4,8,0,0,0,2026-07-15T15:12:28.445139
55,4,9,0,0,0,2026-07-15T15:12:29.958432
55,4,10,0,0,0,2026-07-15T15:12:31.474722
55,5,1,3,0,3,2026-07-15T15:12:32.992107
55,5,2,3,0,3,2026-07-15T15:12:38.183811
55,5,3,3,0,3,2026-07-15T15:12:39.716396
55,5,4,3,0,3,2026-07-15T15:12:41.271830
55,5,5,2,0,2,2026-07-15T15:12:41.785607
55,5,6,2,0,2,2026-07-15T15:12:43.355710
55,5,7,2,0,2,2026-07-15T15:12:44.906337
55,5,8,2,0,2,2026-07-15T15:12:45.455273
55,5,9,2,0,2,2026-07-15T15:12:47.018576
55,5,10,2,0,2,2026-07-15T15:12:48.666721
55,6,1,0,0,0,2026-07-15T15:12:50.177644
55,6,2,0,0,0,2026-07-15T15:12:50.729203
55,6,3,0,0,0,2026-07-15T15:12:52.267416
55,6,4,0,0,0,2026-07-15T15:12:53.771766
55,6,5,0,0,0,2026-07-15T15:12:54.369063
55,6,6,0,0,0,2026-07-15T15:12:55.913923
55,6,7,0,0,0,2026-07-15T15:12:57.470557
55,6,8,0,0,0,2026-07-15T15:12:58.997270
55,6,9,0,0,0,2026-07-15T15:12:59.478674
55,6,10,0,0,0,2026-07-15T15:13:01.062836
55,7,1,4,0,4,2026-07-15T15:13:09.002577
55,7,2,4,0,4,2026-07-15T15:13:09.520285
55,7,3,4,0,4,2026-07-15T15:13:11.272649
55,7,4,4,0,4,2026-07-15T15:13:12.795943
55,7,5,4,0,4,2026-07-15T15:13:14.364229
55,7,6,4,0,4,2026-07-15T15:13:15.834974
55,7,7,4,0,4,2026-07-15T15:13:16.346574
55,7,8,4,0,4,2026-07-15T15:13:17.977028
55,7,9,4,0,4,2026-07-15T15:13:19.486806
55,7,10,4,0,4,2026-07-15T15:13:21.058278
55,8,1,2,0,2,2026-07-15T15:13:22.604845
55,8,2,2,0,2,2026-07-15T15:13:24.110494
55,8,3,2,0,2,2026-07-15T15:13:25.621300
55,8,4,2,0,2,2026-07-15T15:13:27.236580
55,8,5,2,0,2,2026-07-15T15:13:27.826406
55,8,6,2,0,2,2026-07-15T15:13:29.316915
55,8,7,2,0,2,2026-07-15T15:13:30.823655
55,8,8,2,0,2,2026-07-15T15:13:32.318944
55,8,9,2,0,2,2026-07-15T15:13:34.104659
55,8,10,2,0,2,2026-07-15T15:13:35.628582
55,9,1,4,0,4,2026-07-15T15:13:37.149567
55,9,2,4,0,4,2026-07-15T15:13:37.650409
55,9,3,4,0,4,2026-07-15T15:13:39.240730
55,9,4,4,0,4,2026-07-15T15:13:40.756712
55,9,5,4,0,4,2026-07-15T15:13:42.248917
55,9,6,4,0,4,2026-07-15T15:13:43.819661
55,9,7,4,0,4,2026-07-15T15:13:45.329306
55,9,8,4,0,4,2026-07-15T15:13:46.785553
55,9,9,4,0,4,2026-07-15T15:13:49.932631
55,9,10,4,0,4,2026-07-15T15:13:51.412688
56,1,1,5,0,5,2026-07-15T15:13:52.014931
56,1,2,5,0,5,2026-07-15T15:13:53.544973
56,1,3,5,0,5,2026-07-15T15:13:55.066809
56,1,4,5,0,5,2026-07-15T15:13:55.973394
56,1,5,5,0,5,2026-07-15T15:13:56.507539
56,1,6,5,0,5,2026-07-15T15:13:57.111211
56,1,7,5,0,5,2026-07-15T15:13:57.721465
56,1,8,5,0,5,2026-07-15T15:13:58.295881
56,1,9,5,0,5,2026-07-15T15:13:59.851158
56,1,10,5,0,5,2026-07-15T15:14:00.381420
56,2,1,0,0,0,2026-07-15T15:14:01.908891
56,2,2,0,0,0,2026-07-15T15:14:03.460633
56,2,3,0,0,0,2026-07-15T15:14:04.970899
56,2,4,0,0,0,2026-07-15T15:14:06.500993
56,2,5,0,0,0,2026-07-15T15:14:08.005342
56,2,6,0,0,0,2026-07-15T15:14:09.512584
56,2,7,0,0,0,2026-07-15T15:14:10.111046
56,2,8,0,0,0,2026-07-15T15:14:11.808123
56,2,9,0,0,0,2026-07-15T15:14:13.358489
56,2,10,0,0,0,2026-07-15T15:14:14.989311
56,3,1,3,0,3,2026-07-15T15:14:16.502711
56,3,2,3,0,3,2026-07-15T15:14:18.033579
56,3,3,3,0,3,2026-07-15T15:14:18.516531
56,3,4,3,0,3,2026-07-15T15:14:20.040369
56,3,5,3,0,3,2026-07-15T15:14:21.988033
56,3,6,3,0,3,2026-07-15T15:14:22.494212
56,3,7,3,0,3,2026-07-15T15:14:23.978307
56,3,8,3,0,3,2026-07-15T15:14:25.530486
56,3,9,3,0,3,2026-07-15T15:14:27.383251
56,3,10,3,0,3,2026-07-15T15:14:29.101210
56,4,1,0,0,0,2026-07-15T15:14:30.650623
56,4,2,0,0,0,2026-07-15T15:14:31.123686
56,4,3,0,0,0,2026-07-15T15:14:31.622016
56,4,4,0,0,0,2026-07-15T15:14:33.210571
56,4,5,0,0,0,2026-07-15T15:14:34.718567
56,4,6,0,0,0,2026-07-15T15:14:36.213879
56,4,7,0,0,0,2026-07-15T15:14:37.787383
56,4,8,0,0,0,2026-07-15T15:14:38.267977
56,4,9,0,0,0,2026-07-15T15:14:39.793600
56,4,10,0,0,0,2026-07-15T15:14:41.316125
56,5,1,3,0,3,2026-07-15T15:14:42.918222
56,5,2,3,0,3,2026-07-15T15:14:44.482163
56,5,3,3,0,3,2026-07-15T15:14:46.130464
56,5,4,3,0,3,2026-07-15T15:14:47.658553
56,5,5,3,0,3,2026-07-15T15:14:51.665156
56,5,6,3,0,3,2026-07-15T15:14:53.630094
56,5,7,3,0,3,2026-07-15T15:14:55.118720
56,5,8,3,0,3,2026-07-15T15:14:55.645360
56,5,9,3,0,3,2026-07-15T15:14:57.180587
56,5,10,3,0,3,2026-07-15T15:14:58.704177
56,6,1,0,0,0,2026-07-15T15:15:00.237212
56,6,2,0,0,0,2026-07-15T15:15:01.963045
56,6,3,0,0,0,2026-07-15T15:15:02.800324
56,6,4,0,0,0,2026-07-15T15:15:03.660723
56,6,5,0,0,0,2026-07-15T15:15:05.188499
56,6,6,0,0,0,2026-07-15T15:15:06.671678
56,6,7,0,0,0,2026-07-15T15:15:08.178322
56,6,8,0,0,0,2026-07-15T15:15:09.902624
56,6,9,0,0,0,2026-07-15T15:15:11.419734
56,6,10,0,0,0,2026-07-15T15:15:16.553320
56,7,1,4,0,4,2026-07-15T15:15:18.296772
56,7,2,4,0,4,2026-07-15T15:15:19.789666
56,7,3,4,0,4,2026-07-15T15:15:21.349228
56,7,4,4,0,4,2026-07-15T15:15:22.231315
56,7,5,4,0,4,2026-07-15T15:15:22.930679
56,7,6,4,0,4,2026-07-15T15:15:24.480073
56,7,7,4,0,4,2026-07-15T15:15:28.133139
56,7,8,4,0,4,2026-07-15T15:15:29.618774
56,7,9,4,0,4,2026-07-15T15:15:30.129162
56,7,10,4,0,4,2026-07-15T15:15:31.617819
56,8,1,0,0,0,2026-07-15T15:15:33.133787
56,8,2,0,0,0,2026-07-15T15:15:33.676786
56,8,3,0,0,0,2026-07-15T15:15:35.171754
56,8,4,0,0,0,2026-07-15T15:15:36.665974
56,8,5,0,0,0,2026-07-15T15:15:38.189178
56,8,6,0,0,0,2026-07-15T15:15:41.685054
56,8,7,0,0,0,2026-07-15T15:15:42.212751
56,8,8,0,0,0,2026-07-15T15:15:43.851188
56,8,9,0,0,0,2026-07-15T15:15:44.378121
56,8,10,0,0,0,2026-07-15T15:15:46.058238
56,9,1,5,0,5,2026-07-15T15:15:47.561013
56,9,2,5,0,5,2026-07-15T15:15:48.138544
56,9,3,5,0,5,2026-07-15T15:15:48.806164
56,9,4,5,0,5,2026-07-15T15:15:49.323454
56,9,5,5,0,5,2026-07-15T15:15:50.851170
56,9,6,5,0,5,2026-07-15T15:15:52.413859
56,9,7,5,0,5,2026-07-15T15:15:53.944134
56,9,8,5,0,5,2026-07-15T15:15:54.446617
56,9,9,5,0,5,2026-07-15T15:15:55.965492
56,9,10,5,0,5,2026-07-15T15:15:57.607842
57,1,1,4,0,4,2026-07-15T15:15:59.120775
57,1,2,4,0,4,2026-07-15T15:15:59.618971
57,1,3,4,0,4,2026-07-15T15:16:01.117520
57,1,4,4,0,4,2026-07-15T15:16:03.042441
57,1,5,4,0,4,2026-07-15T15:16:04.519074
57,1,6,4,0,4,2026-07-15T15:16:05.014949
57,1,7,4,0,4,2026-07-15T15:16:06.801357
57,1,8,4,0,4,2026-07-15T15:16:08.444082
57,1,9,4,0,4,2026-07-15T15:16:10.057544
57,1,10,4,0,4,2026-07-15T15:16:11.551839
57,2,1,0,0,0,2026-07-15T15:16:14.187921
57,2,2,0,0,0,2026-07-15T15:16:15.692940
57,2,3,0,0,0,2026-07-15T15:16:17.246151
57,2,4,0,0,0,2026-07-15T15:16:17.707389
57,2,5,0,0,0,2026-07-15T15:16:20.510298
57,2,6,0,0,0,2026-07-15T15:16:22.089083
57,2,7,0,0,0,2026-07-15T15:16:22.595142
57,2,8,0,0,0,2026-07-15T15:16:24.561662
57,2,9,0,0,0,2026-07-15T15:16:26.039566
57,2,10,0,0,0,2026-07-15T15:16:26.612571
57,3,1,3,0,3,2026-07-15T15:16:28.185297
57,3,2,3,0,3,2026-07-15T15:16:29.665354
57,3,3,3,0,3,2026-07-15T15:16:31.149327
57,3,4,3,0,3,2026-07-15T15:16:31.664008
57,3,5,3,0,3,2026-07-15T15:16:32.158177
57,3,6,3,0,3,2026-07-15T15:16:33.733148
57,3,7,3,0,3,2026-07-15T15:16:35.237097
57,3,8,3,0,3,2026-07-15T15:16:36.722888
57,3,9,3,0,3,2026-07-15T15:16:37.243821
57,3,10,3,0,3,2026-07-15T15:16:38.722396
57,4,1,0,0,0,2026-07-15T15:16:40.248157
57,4,2,0,0,0,2026-07-15T15:16:41.749995
57,4,3,0,0,0,2026-07-15T15:16:43.232053
57,4,4,0,0,0,2026-07-15T15:16:44.834844
57,4,5,0,0,0,2026-07-15T15:16:45.373735
57,4,6,0,0,0,2026-07-15T15:16:45.863098
57,4,7,0,0,0,2026-07-15T15:16:47.432771
57,4,8,0,0,0,2026-07-15T15:16:49.041920
57,4,9,0,0,0,2026-07-15T15:16:50.875900
57,4,10,0,0,0,2026-07-15T15:16:51.408089
57,5,1,3,0,3,2026-07-15T15:16:52.886903
57,5,2,3,0,3,2026-07-15T15:16:53.390712
57,5,3,3,0,3,2026-07-15T15:16:54.971539
57,5,4,3,0,3,2026-07-15T15:16:55.469362
57,5,5,3,0,3,2026-07-15T15:16:56.992805
57,5,6,3,0,3,2026-07-15T15:16:58.496621
57,5,7,3,0,3,2026-07-15T15:16:59.995857
57,5,8,3,0,3,2026-07-15T15:17:01.493456
57,5,9,3,0,3,2026-07-15T15:17:01.989704
57,5,10,3,0,3,2026-07-15T15:17:03.536955
57,6,1,0,0,0,2026-07-15T15:17:05.040894
57,6,2,0,0,0,2026-07-15T15:17:06.552080
57,6,3,0,0,0,2026-07-15T15:17:10.455903
57,6,4,0,0,0,2026-07-15T15:17:11.958274
57,6,5,0,0,0,2026-07-15T15:17:12.506682
57,6,6,0,0,0,2026-07-15T15:17:13.048356
57,6,7,0,0,0,2026-07-15T15:17:13.736124
57,6,8,0,0,0,2026-07-15T15:17:14.457038
57,6,9,0,0,0,2026-07-15T15:17:16.100959
57,6,10,0,0,0,2026-07-15T15:17:17.639527
57,7,1,4,0,4,2026-07-15T15:17:19.120403
57,7,2,4,0,4,2026-07-15T15:17:20.612639
57,7,3,4,0,4,2026-07-15T15:17:22.216099
57,7,4,4,0,4,2026-07-15T15:17:23.721493
57,7,5,4,0,4,2026-07-15T15:17:25.208091
57,7,6,4,0,4,2026-07-15T15:17:26.791834
57,7,7,4,0,4,2026-07-15T15:17:27.354816
57,7,8,4,0,4,2026-07-15T15:17:27.865924
57,7,9,4,0,4,2026-07-15T15:17:29.389294
57,7,10,4,0,4,2026-07-15T15:17:29.893987
57,8,1,0,0,0,2026-07-15T15:17:31.425343
57,8,2,0,0,0,2026-07-15T15:17:33.059085
57,8,3,0,0,0,2026-07-15T15:17:34.605004
57,8,4,0,0,0,2026-07-15T15:17:36.082374
57,8,5,0,0,0,2026-07-15T15:17:37.572820
57,8,6,0,0,0,2026-07-15T15:17:39.095608
57,8,7,0,0,0,2026-07-15T15:17:40.719539
57,8,8,0,0,0,2026-07-15T15:17:46.847417
57,8,9,0,0,0,2026-07-15T15:17:47.431781
57,8,10,0,0,0,2026-07-15T15:17:47.966517
57,9,1,5,0,5,2026-07-15T15:17:49.523391
57,9,2,5,0,5,2026-07-15T15:17:51.099072
57,9,3,5,0,5,2026-07-15T15:17:53.219647
57,9,4,5,0,5,2026-07-15T15:17:55.356127
57,9,5,5,0,5,2026-07-15T15:17:55.896457
57,9,6,5,0,5,2026-07-15T15:17:57.385216
57,9,7,5,0,5,2026-07-15T15:17:58.900865
57,9,8,5,0,5,2026-07-15T15:18:01.125224
57,9,9,5,0,5,2026-07-15T15:18:01.647297
57,9,10,5,0,5,2026-07-15T15:18:02.148303
58,1,1,3,0,3,2026-07-15T15:18:02.641199
58,1,2,3,0,3,2026-07-15T15:18:04.159826
58,1,3,3,0,3,2026-07-15T15:18:05.764744
58,1,4,3,0,3,2026-07-15T15:18:06.427365
58,1,5,3,0,3,2026-07-15T15:18:07.047952
58,1,6,3,0,3,2026-07-15T15:18:08.573108
58,1,7,3,0,3,2026-07-15T15:18:10.066280
58,1,8,3,0,3,2026-07-15T15:18:11.594709
58,1,9,3,0,3,2026-07-15T15:18:18.809294
58,1,10,3,0,3,2026-07-15T15:18:19.347241
58,2,1,0,0,0,2026-07-15T15:18:20.870983
58,2,2,0,0,0,2026-07-15T15:18:21.375685
58,2,3,0,0,0,2026-07-15T15:18:22.926590
58,2,4,0,0,0,2026-07-15T15:18:26.823038
58,2,5,0,0,0,2026-07-15T15:18:28.384464
58,2,6,0,0,0,2026-07-15T15:18:29.969444
58,2,7,0,0,0,2026-07-15T15:18:31.441532
58,2,8,0,0,0,2026-07-15T15:18:33.510089
58,2,9,0,0,0,2026-07-15T15:18:35.048482
58,2,10,0,0,0,2026-07-15T15:18:36.572687
58,3,1,2,0,2,2026-07-15T15:18:37.727379
58,3,2,2,0,2,2026-07-15T15:18:39.237132
58,3,3,2,0,2,2026-07-15T15:18:40.717336
58,3,4,2,0,2,2026-07-15T15:18:42.220900
58,3,5,2,0,2,2026-07-15T15:18:43.813496
58,3,6,2,0,2,2026-07-15T15:18:45.315694
58,3,7,2,0,2,2026-07-15T15:18:46.890176
58,3,8,2,0,2,2026-07-15T15:18:51.372589
58,3,9,2,0,2,2026-07-15T15:18:53.143916
58,3,10,2,0,2,2026-07-15T15:18:54.788253
58,4,1,0,0,0,2026-07-15T15:19:00.273766
58,4,2,0,0,0,2026-07-15T15:19:00.768258
58,4,3,0,0,0,2026-07-15T15:19:02.296788
58,4,4,0,0,0,2026-07-15T15:19:03.802203
58,4,5,0,0,0,2026-07-15T15:19:05.327760
58,4,6,0,0,0,2026-07-15T15:19:06.854398
58,4,7,0,0,0,2026-07-15T15:19:08.356253
58,4,8,0,0,0,2026-07-15T15:19:09.879533
58,4,9,0,0,0,2026-07-15T15:19:23.655309
58,4,10,0,0,0,2026-07-15T15:19:24.196276
58,5,1,3,0,3,2026-07-15T15:19:25.703691
58,5,2,3,0,3,2026-07-15T15:19:27.228108
58,5,3,3,0,3,2026-07-15T15:19:28.739712
58,5,4,3,0,3,2026-07-15T15:19:30.225004
58,5,5,3,0,3,2026-07-15T15:19:31.776736
58,5,6,3,0,3,2026-07-15T15:19:33.228899
58,5,7,3,0,3,2026-07-15T15:19:34.793286
58,5,8,3,0,3,2026-07-15T15:19:36.299500
58,5,9,3,0,3,2026-07-15T15:19:36.868181
58,5,10,3,0,3,2026-07-15T15:19:38.525162
58,6,1,0,0,0,2026-07-15T15:19:39.037845
58,6,2,0,0,0,2026-07-15T15:19:40.600422
58,6,3,0,0,0,2026-07-15T15:19:42.072792
58,6,4,0,0,0,2026-07-15T15:19:42.549326
58,6,5,0,0,0,2026-07-15T15:19:43.028486
58,6,6,0,0,0,2026-07-15T15:19:44.565106
58,6,7,0,0,0,2026-07-15T15:19:45.056828
58,6,8,0,0,0,2026-07-15T15:19:46.538384
58,6,9,0,0,0,2026-07-15T15:19:47.023089
58,6,10,0,0,0,2026-07-15T15:19:48.534531
58,7,1,4,0,4,2026-07-15T15:19:49.081502
58,7,2,4,0,4,2026-07-15T15:19:50.624144
58,7,3,4,0,4,2026-07-15T15:19:52.185798
58,7,4,4,0,4,2026-07-15T15:19:52.818513
58,7,5,4,0,4,2026-07-15T15:19:54.712378
58,7,6,4,0,4,2026-07-15T15:19:56.329805
58,7,7,4,0,4,2026-07-15T15:19:57.885657
58,7,8,4,0,4,2026-07-15T15:19:58.360135
58,7,9,4,0,4,2026-07-15T15:19:59.844359
58,7,10,4,0,4,2026-07-15T15:20:01.381896
58,8,1,2,0,2,2026-07-15T15:20:01.941435
58,8,2,2,0,2,2026-07-15T15:20:03.438872
58,8,3,2,0,2,2026-07-15T15:20:04.982127
58,8,4,2,0,2,2026-07-15T15:20:06.540561
58,8,5,2,0,2,2026-07-15T15:20:08.087465
58,8,6,2,0,2,2026-07-15T15:20:09.603167
58,8,7,2,0,2,2026-07-15T15:20:10.090469
58,8,8,2,0,2,2026-07-15T15:20:11.577840
58,8,9,2,0,2,2026-07-15T15:20:13.734474
58,8,10,2,0,2,2026-07-15T15:20:15.211294
58,9,1,4,0,4,2026-07-15T15:20:15.698524
58,9,2,4,0,4,2026-07-15T15:20:17.198800
58,9,3,4,0,4,2026-07-15T15:20:17.689411
58,9,4,4,0,4,2026-07-15T15:20:18.213314
58,9,5,4,0,4,2026-07-15T15:20:19.801439
58,9,6,4,0,4,2026-07-15T15:20:21.222236
58,9,7,4,0,4,2026-07-15T15:20:22.871506
58,9,8,4,0,4,2026-07-15T15:20:24.378775
58,9,9,4,0,4,2026-07-15T15:20:24.957872
58,9,10,4,0,4,2026-07-15T15:20:26.490907
59,1,1,4,0,4,2026-07-15T15:20:27.016967
59,1,2,4,0,4,2026-07-15T15:20:28.194705
59,1,3,3,0,3,2026-07-15T15:20:29.716727
59,1,4,4,0,4,2026-07-15T15:20:31.219960
59,1,5,4,0,4,2026-07-15T15:20:31.790256
59,1,6,4,0,4,2026-07-15T15:20:33.373057
59,1,7,4,0,4,2026-07-15T15:20:34.935951
59,1,8,4,0,4,2026-07-15T15:20:36.444976
59,1,9,4,0,4,2026-07-15T15:20:37.961772
59,1,10,3,0,3,2026-07-15T15:20:38.472336
59,2,1,1,0,1,2026-07-15T15:20:39.004720
59,2,2,1,0,1,2026-07-15T15:20:40.517191
59,2,3,1,0,1,2026-07-15T15:20:42.088568
59,2,4,1,0,1,2026-07-15T15:20:43.687738
59,2,5,1,0,1,2026-07-15T15:20:45.262126
59,2,6,1,0,1,2026-07-15T15:20:45.815755
59,2,7,1,0,1,2026-07-15T15:20:47.318308
59,2,8,1,0,1,2026-07-15T15:20:48.888492
59,2,9,1,0,1,2026-07-15T15:20:50.384581
59,2,10,1,0,1,2026-07-15T15:20:51.910165
59,3,1,3,0,3,2026-07-15T15:20:53.460986
59,3,2,3,0,3,2026-07-15T15:20:55.047836
59,3,3,3,0,3,2026-07-15T15:20:56.588374
59,3,4,3,0,3,2026-07-15T15:20:58.082643
59,3,5,3,0,3,2026-07-15T15:20:59.620780
59,3,6,3,0,3,2026-07-15T15:21:01.154428
59,3,7,3,0,3,2026-07-15T15:21:04.156514
59,3,8,3,0,3,2026-07-15T15:21:05.705787
59,3,9,3,0,3,2026-07-15T15:21:07.246102
59,3,10,3,0,3,2026-07-15T15:21:08.702923
59,4,1,0,0,0,2026-07-15T15:21:09.957174
59,4,2,0,0,0,2026-07-15T15:21:11.479328
59,4,3,0,0,0,2026-07-15T15:21:12.974170
59,4,4,0,0,0,2026-07-15T15:21:14.524271
59,4,5,0,0,0,2026-07-15T15:21:16.077100
59,4,6,0,0,0,2026-07-15T15:21:17.595342
59,4,7,0,0,0,2026-07-15T15:21:19.116591
59,4,8,0,0,0,2026-07-15T15:21:20.586756
59,4,9,0,0,0,2026-07-15T15:21:21.083806
59,4,10,0,0,0,2026-07-15T15:21:21.590613
59,5,1,3,0,3,2026-07-15T15:21:23.097275
59,5,2,3,0,3,2026-07-15T15:21:23.653643
59,5,3,3,0,3,2026-07-15T15:21:25.178415
59,5,4,3,0,3,2026-07-15T15:21:26.691434
59,5,5,3,0,3,2026-07-15T15:21:28.173576
59,5,6,3,0,3,2026-07-15T15:21:29.679027
59,5,7,3,0,3,2026-07-15T15:21:30.202834
59,5,8,3,0,3,2026-07-15T15:21:31.689165
59,5,9,3,0,3,2026-07-15T15:21:33.125475
59,5,10,3,0,3,2026-07-15T15:21:34.659454
59,6,1,0,0,0,2026-07-15T15:21:36.141442
59,6,2,0,0,0,2026-07-15T15:21:37.650440
59,6,3,0,0,0,2026-07-15T15:21:39.151930
59,6,4,0,0,0,2026-07-15T15:21:40.664526
59,6,5,0,0,0,2026-07-15T15:21:42.233646
59,6,6,0,0,0,2026-07-15T15:21:43.802461
59,6,7,0,0,0,2026-07-15T15:21:45.394649
59,6,8,0,0,0,2026-07-15T15:21:45.914623
59,6,9,0,0,0,2026-07-15T15:21:47.376269
59,6,10,0,0,0,2026-07-15T15:21:48.897498
59,7,1,4,0,4,2026-07-15T15:21:50.422277
59,7,2,4,0,4,2026-07-15T15:21:50.925336
59,7,3,4,0,4,2026-07-15T15:21:52.440720
59,7,4,4,0,4,2026-07-15T15:21:54.234530
59,7,5,4,0,4,2026-07-15T15:21:55.733921
59,7,6,4,0,4,2026-07-15T15:21:57.233101
59,7,7,4,0,4,2026-07-15T15:21:58.756049
59,7,8,4,0,4,2026-07-15T15:22:03.125875
59,7,9,4,0,4,2026-07-15T15:22:04.682416
59,7,10,4,0,4,2026-07-15T15:22:05.208307
59,8,1,2,0,2,2026-07-15T15:22:06.686316
59,8,2,2,0,2,2026-07-15T15:22:07.183419
59,8,3,2,0,2,2026-07-15T15:22:08.695443
59,8,4,2,0,2,2026-07-15T15:22:10.158678
59,8,5,2,0,2,2026-07-15T15:22:11.704179
59,8,6,2,0,2,2026-07-15T15:22:15.843801
59,8,7,2,0,2,2026-07-15T15:22:17.326918
59,8,8,2,0,2,2026-07-15T15:22:17.802885
59,8,9,2,0,2,2026-07-15T15:22:19.303854
59,8,10,2,0,2,2026-07-15T15:22:20.840140
59,9,1,4,0,4,2026-07-15T15:22:21.352319
59,9,2,4,0,4,2026-07-15T15:22:22.858758
59,9,3,4,0,4,2026-07-15T15:22:24.323351
59,9,4,4,0,4,2026-07-15T15:22:25.856155
59,9,5,4,0,4,2026-07-15T15:22:27.316446
59,9,6,4,0,4,2026-07-15T15:22:28.837225
59,9,7,4,0,4,2026-07-15T15:22:30.353020
59,9,8,4,0,4,2026-07-15T15:22:31.851106
59,9,9,4,0,4,2026-07-15T15:22:32.383123
59,9,10,4,0,4,2026-07-15T15:22:33.854231
60,1,1,4,0,4,2026-07-15T15:22:35.325241
60,1,2,4,0,4,2026-07-15T15:22:36.795823
60,1,3,4,0,4,2026-07-15T15:22:37.250078
60,1,4,4,0,4,2026-07-15T15:22:38.709355
60,1,5,4,0,4,2026-07-15T15:22:40.201559
60,1,6,4,0,4,2026-07-15T15:22:41.743156
60,1,7,4,0,4,2026-07-15T15:22:43.322729
60,1,8,4,0,4,2026-07-15T15:22:44.901018
60,1,9,4,0,4,2026-07-15T15:22:46.457578
60,1,10,4,0,4,2026-07-15T15:22:47.924296
60,2,1,2,0,2,2026-07-15T15:22:49.452362
60,2,2,2,0,2,2026-07-15T15:22:49.990116
60,2,3,2,0,2,2026-07-15T15:22:50.484656
60,2,4,2,0,2,2026-07-15T15:22:50.983859
60,2,5,2,0,2,2026-07-15T15:22:52.543291
60,2,6,2,0,2,2026-07-15T15:22:54.157215
60,2,7,2,0,2,2026-07-15T15:22:55.654544
60,2,8,2,0,2,2026-07-15T15:22:57.189677
60,2,9,2,0,2,2026-07-15T15:22:58.614813
60,2,10,2,0,2,2026-07-15T15:23:00.132033
60,3,1,2,0,2,2026-07-15T15:23:01.639748
60,3,2,2,0,2,2026-07-15T15:23:03.122962
60,3,3,2,0,2,2026-07-15T15:23:04.602683
60,3,4,2,0,2,2026-07-15T15:23:05.162369
60,3,5,2,0,2,2026-07-15T15:23:05.750362
60,3,6,2,0,2,2026-07-15T15:23:07.262187
60,3,7,2,0,2,2026-07-15T15:23:07.750835
60,3,8,2,0,2,2026-07-15T15:23:09.283163
60,3,9,2,0,2,2026-07-15T15:23:09.812640
60,3,10,2,0,2,2026-07-15T15:23:11.289073
60,4,1,2,0,2,2026-07-15T15:23:12.812883
60,4,2,2,0,2,2026-07-15T15:23:13.373164
60,4,3,2,0,2,2026-07-15T15:23:13.947544
60,4,4,2,0,2,2026-07-15T15:23:14.458465
60,4,5,2,0,2,2026-07-15T15:23:15.019307
60,4,6,2,0,2,2026-07-15T15:23:16.563526
60,4,7,2,0,2,2026-07-15T15:23:18.067957
60,4,8,2,0,2,2026-07-15T15:23:19.699417
60,4,9,2,0,2,2026-07-15T15:23:21.203397
60,4,10,2,0,2,2026-07-15T15:23:22.709427
60,5,1,2,0,2,2026-07-15T15:23:23.238368
60,5,2,2,0,2,2026-07-15T15:23:24.786413
60,5,3,2,0,2,2026-07-15T15:23:25.249069
60,5,4,2,0,2,2026-07-15T15:23:26.767066
60,5,5,2,0,2,2026-07-15T15:23:28.328729
60,5,6,2,0,2,2026-07-15T15:23:28.812005
60,5,7,2,0,2,2026-07-15T15:23:30.346842
60,5,8,2,0,2,2026-07-15T15:23:31.471123
60,5,9,2,0,2,2026-07-15T15:23:33.017712
60,5,10,2,0,2,2026-07-15T15:23:33.516749
60,6,1,0,0,0,2026-07-15T15:23:35.047678
60,6,2,0,0,0,2026-07-15T15:23:35.606574
60,6,3,0,0,0,2026-07-15T15:23:36.097589
60,6,4,0,0,0,2026-07-15T15:23:37.821095
60,6,5,0,0,0,2026-07-15T15:23:39.336101
60,6,6,0,0,0,2026-07-15T15:23:39.953997
60,6,7,0,0,0,2026-07-15T15:23:41.485114
60,6,8,0,0,0,2026-07-15T15:23:43.024383
60,6,9,0,0,0,2026-07-15T15:23:44.611138
60,6,10,0,0,0,2026-07-15T15:23:46.150018
60,7,1,3,0,3,2026-07-15T15:23:47.748943
60,7,2,3,0,3,2026-07-15T15:23:49.283143
60,7,3,3,0,3,2026-07-15T15:23:49.783048
60,7,4,3,0,3,2026-07-15T15:23:50.401368
60,7,5,3,0,3,2026-07-15T15:23:51.915276
60,7,6,3,0,3,2026-07-15T15:23:53.439962
60,7,7,3,0,3,2026-07-15T15:23:54.946562
60,7,8,3,0,3,2026-07-15T15:23:55.448554
60,7,9,3,0,3,2026-07-15T15:23:56.963101
60,7,10,3,0,3,2026-07-15T15:23:58.480742
60,8,1,3,0,3,2026-07-15T15:23:59.962093
60,8,2,3,0,3,2026-07-15T15:24:01.482915
60,8,3,3,0,3,2026-07-15T15:24:03.034158
60,8,4,3,0,3,2026-07-15T15:24:04.523203
60,8,5,3,0,3,2026-07-15T15:24:06.109233
60,8,6,3,0,3,2026-07-15T15:24:07.631862
60,8,7,3,0,3,2026-07-15T15:24:09.143310
60,8,8,3,0,3,2026-07-15T15:24:10.695893
60,8,9,3,0,3,2026-07-15T15:24:11.201560
60,8,10,3,0,3,2026-07-15T15:24:12.714837
60,9,1,4,0,4,2026-07-15T15:24:14.276111
60,9,2,4,0,4,2026-07-15T15:24:15.770556
60,9,3,4,0,4,2026-07-15T15:24:17.275606
60,9,4,4,0,4,2026-07-15T15:24:17.833783
60,9,5,4,0,4,2026-07-15T15:24:18.371130
60,9,6,4,0,4,2026-07-15T15:24:19.863840
60,9,7,4,0,4,2026-07-15T15:24:21.400184
60,9,8,4,0,4,2026-07-15T15:24:22.884935
60,9,9,4,0,4,2026-07-15T15:24:24.455260
60,9,10,4,0,4,2026-07-15T15:24:25.052859
61,1,1,3,0,3,2026-07-15T15:24:26.562797
61,1,2,3,0,3,2026-07-15T15:24:27.201275
61,1,3,3,0,3,2026-07-15T15:24:27.679979
61,1,4,3,0,3,2026-07-15T15:24:28.144074
61,1,5,3,0,3,2026-07-15T15:24:29.757385
61,1,6,3,0,3,2026-07-15T15:24:31.290251
61,1,7,3,0,3,2026-07-15T15:24:32.929598
61,1,8,3,0,3,2026-07-15T15:24:33.483218
61,1,9,3,0,3,2026-07-15T15:24:35.000929
61,1,10,3,0,3,2026-07-15T15:24:36.525888
61,2,1,0,0,0,2026-07-15T15:24:38.002667
61,2,2,0,0,0,2026-07-15T15:24:39.518181
61,2,3,0,0,0,2026-07-15T15:24:41.001675
61,2,4,0,0,0,2026-07-15T15:24:42.562874
61,2,5,0,0,0,2026-07-15T15:24:44.175115
61,2,6,0,0,0,2026-07-15T15:24:44.822148
61,2,7,0,0,0,2026-07-15T15:24:46.356726
61,2,8,0,0,0,2026-07-15T15:24:46.899502
61,2,9,0,0,0,2026-07-15T15:24:48.434537
61,2,10,0,0,0,2026-07-15T15:24:49.970762
61,3,1,2,0,2,2026-07-15T15:24:51.480681
61,3,2,2,0,2,2026-07-15T15:24:52.968960
61,3,3,2,0,2,2026-07-15T15:24:53.669340
61,3,4,2,0,2,2026-07-15T15:24:55.139706
61,3,5,2,0,2,2026-07-15T15:24:55.663336
61,3,6,2,0,2,2026-07-15T15:24:57.127327
61,3,7,2,0,2,2026-07-15T15:24:58.574363
61,3,8,2,0,2,2026-07-15T15:25:00.177381
61,3,9,2,0,2,2026-07-15T15:25:00.732605
61,3,10,2,0,2,2026-07-15T15:25:02.235550
61,4,1,0,0,0,2026-07-15T15:25:03.711785
61,4,2,0,0,0,2026-07-15T15:25:05.189997
61,4,3,0,0,0,2026-07-15T15:25:06.697938
61,4,4,0,0,0,2026-07-15T15:25:08.266299
61,4,5,0,0,0,2026-07-15T15:25:09.781997
61,4,6,0,0,0,2026-07-15T15:25:10.314819
61,4,7,0,0,0,2026-07-15T15:25:11.945042
61,4,8,0,0,0,2026-07-15T15:25:12.542195
61,4,9,0,0,0,2026-07-15T15:25:14.030228
61,4,10,0,0,0,2026-07-15T15:25:15.500385
61,5,1,3,0,3,2026-07-15T15:25:16.026584
61,5,2,3,0,3,2026-07-15T15:25:16.600828
61,5,3,3,0,3,2026-07-15T15:25:17.130943
61,5,4,3,0,3,2026-07-15T15:25:18.711829
61,5,5,3,0,3,2026-07-15T15:25:20.228715
61,5,6,3,0,3,2026-07-15T15:25:21.783887
61,5,7,3,0,3,2026-07-15T15:25:23.289528
61,5,8,3,0,3,2026-07-15T15:25:24.776223
61,5,9,3,0,3,2026-07-15T15:25:26.325152
61,5,10,3,0,3,2026-07-15T15:25:27.923157
61,6,1,0,0,0,2026-07-15T15:25:28.397564
61,6,2,0,0,0,2026-07-15T15:25:30.001165
61,6,3,0,0,0,2026-07-15T15:25:31.497820
61,6,4,0,0,0,2026-07-15T15:25:32.008999
61,6,5,0,0,0,2026-07-15T15:25:33.506759
61,6,6,0,0,0,2026-07-15T15:25:35.061478
61,6,7,0,0,0,2026-07-15T15:25:35.530233
61,6,8,0,0,0,2026-07-15T15:25:37.048771
61,6,9,0,0,0,2026-07-15T15:25:38.592619
61,6,10,0,0,0,2026-07-15T15:25:40.224651
61,7,1,3,0,3,2026-07-15T15:25:41.814958
61,7,2,3,0,3,2026-07-15T15:25:43.393134
61,7,3,3,0,3,2026-07-15T15:25:45.028441
61,7,4,3,0,3,2026-07-15T15:25:46.852554
61,7,5,3,0,3,2026-07-15T15:25:48.407035
61,7,6,3,0,3,2026-07-15T15:25:50.245558
61,7,7,3,0,3,2026-07-15T15:25:51.740738
61,7,8,3,0,3,2026-07-15T15:25:57.672976
61,7,9,3,0,3,2026-07-15T15:25:58.335162
61,7,10,3,0,3,2026-07-15T15:25:59.861320
61,8,1,0,0,0,2026-07-15T15:26:00.411511
61,8,2,0,0,0,2026-07-15T15:26:00.921487
61,8,3,0,0,0,2026-07-15T15:26:03.984669
61,8,4,0,0,0,2026-07-15T15:26:05.509810
61,8,5,0,0,0,2026-07-15T15:26:06.976465
61,8,6,0,0,0,2026-07-15T15:26:07.526529
61,8,7,0,0,0,2026-07-15T15:26:08.096046
61,8,8,0,0,0,2026-07-15T15:26:11.645509
61,8,9,0,0,0,2026-07-15T15:26:13.135686
61,8,10,0,0,0,2026-07-15T15:26:14.699103
61,9,1,4,0,4,2026-07-15T15:26:15.247602
61,9,2,4,0,4,2026-07-15T15:26:16.738797
61,9,3,4,0,4,2026-07-15T15:26:18.340406
61,9,4,4,0,4,2026-07-15T15:26:19.904992
61,9,5,4,0,4,2026-07-15T15:26:21.382322
61,9,6,4,0,4,2026-07-15T15:26:22.897130
61,9,7,4,0,4,2026-07-15T15:26:24.647085
61,9,8,4,0,4,2026-07-15T15:26:25.151976
61,9,9,4,0,4,2026-07-15T15:26:28.123446
61,9,10,4,0,4,2026-07-15T15:26:29.661288
62,1,1,4,0,4,2026-07-15T15:26:31.212802
62,1,2,4,0,4,2026-07-15T15:26:32.699625
62,1,3,4,0,4,2026-07-15T15:26:33.202156
62,1,4,4,0,4,2026-07-15T15:26:34.741275
62,1,5,4,0,4,2026-07-15T15:26:36.946218
62,1,6,4,0,4,2026-07-15T15:26:38.452626
62,1,7,4,0,4,2026-07-15T15:26:40.069594
62,1,8,4,0,4,2026-07-15T15:26:41.559756
62,1,9,4,0,4,2026-07-15T15:26:43.040181
62,1,10,4,0,4,2026-07-15T15:26:44.650665
62,2,1,2,0,2,2026-07-15T15:26:46.239605
62,2,2,2,0,2,2026-07-15T15:26:47.737934
62,2,3,2,0,2,2026-07-15T15:26:48.202095
62,2,4,2,0,2,2026-07-15T15:26:49.690599
62,2,5,2,0,2,2026-07-15T15:26:51.225990
62,2,6,2,0,2,2026-07-15T15:26:52.740646
62,2,7,2,0,2,2026-07-15T15:26:54.277962
62,2,8,2,0,2,2026-07-15T15:26:55.792140
62,2,9,2,0,2,2026-07-15T15:26:57.294389
62,2,10,2,0,2,2026-07-15T15:26:58.784654
62,3,1,3,0,3,2026-07-15T15:26:59.545480
62,3,2,3,0,3,2026-07-15T15:27:00.054349
62,3,3,3,0,3,2026-07-15T15:27:01.903240
62,3,4,3,0,3,2026-07-15T15:27:03.393529
62,3,5,3,0,3,2026-07-15T15:27:04.962879
62,3,6,3,0,3,2026-07-15T15:27:06.492918
62,3,7,3,0,3,2026-07-15T15:27:08.013971
62,3,8,3,0,3,2026-07-15T15:27:13.192943
62,3,9,3,0,3,2026-07-15T15:27:13.677944
62,3,10,3,0,3,2026-07-15T15:27:15.203652
62,4,1,0,0,0,2026-07-15T15:27:16.765897
62,4,2,0,0,0,2026-07-15T15:27:18.285400
62,4,3,0,0,0,2026-07-15T15:27:19.849365
62,4,4,0,0,0,2026-07-15T15:27:21.439828
62,4,5,0,0,0,2026-07-15T15:27:22.874257
62,4,6,0,0,0,2026-07-15T15:27:23.632632
62,4,7,0,0,0,2026-07-15T15:27:25.082646
62,4,8,0,0,0,2026-07-15T15:27:26.703590
62,4,9,0,0,0,2026-07-15T15:27:27.248334
62,4,10,0,0,0,2026-07-15T15:27:27.740769
62,5,1,3,0,3,2026-07-15T15:27:29.235817
62,5,2,3,0,3,2026-07-15T15:27:30.737878
62,5,3,3,0,3,2026-07-15T15:27:32.243182
62,5,4,3,0,3,2026-07-15T15:27:33.801649
62,5,5,3,0,3,2026-07-15T15:27:35.229639
62,5,6,3,0,3,2026-07-15T15:27:36.750396
62,5,7,3,0,3,2026-07-15T15:27:38.278740
62,5,8,3,0,3,2026-07-15T15:27:38.807478
62,5,9,3,0,3,2026-07-15T15:27:40.364829
62,5,10,3,0,3,2026-07-15T15:27:41.956859
62,6,1,0,0,0,2026-07-15T15:27:43.547450
62,6,2,0,0,0,2026-07-15T15:27:44.127464
62,6,3,0,0,0,2026-07-15T15:27:45.660412
62,6,4,0,0,0,2026-07-15T15:27:47.172342
62,6,5,0,0,0,2026-07-15T15:27:48.702358
62,6,6,0,0,0,2026-07-15T15:27:49.217822
62,6,7,0,0,0,2026-07-15T15:27:50.784786
62,6,8,0,0,0,2026-07-15T15:27:52.296376
62,6,9,0,0,0,2026-07-15T15:27:52.844934
62,6,10,0,0,0,2026-07-15T15:27:54.358978
62,7,1,4,0,4,2026-07-15T15:27:55.883009
62,7,2,4,0,4,2026-07-15T15:27:57.356614
62,7,3,4,0,4,2026-07-15T15:27:58.839228
62,7,4,4,0,4,2026-07-15T15:28:00.382466
62,7,5,4,0,4,2026-07-15T15:28:01.018360
62,7,6,4,0,4,2026-07-15T15:28:02.550045
62,7,7,4,0,4,2026-07-15T15:28:04.072961
62,7,8,4,0,4,2026-07-15T15:28:05.630456
62,7,9,4,0,4,2026-07-15T15:28:06.182568
62,7,10,4,0,4,2026-07-15T15:28:07.676136
62,8,1,2,0,2,2026-07-15T15:28:09.203820
62,8,2,2,0,2,2026-07-15T15:28:09.690470
62,8,3,2,0,2,2026-07-15T15:28:10.164847
62,8,4,2,0,2,2026-07-15T15:28:11.741909
62,8,5,2,0,2,2026-07-15T15:28:13.236640
62,8,6,2,0,2,2026-07-15T15:28:14.717059
62,8,7,2,0,2,2026-07-15T15:28:16.269397
62,8,8,2,0,2,2026-07-15T15:28:17.743776
62,8,9,2,0,2,2026-07-15T15:28:19.280883
62,8,10,2,0,2,2026-07-15T15:28:21.829935
62,9,1,4,0,4,2026-07-15T15:28:23.370112
62,9,2,4,0,4,2026-07-15T15:28:24.937956
62,9,3,4,0,4,2026-07-15T15:28:26.468022
62,9,4,4,0,4,2026-07-15T15:28:27.978695
62,9,5,4,0,4,2026-07-15T15:28:29.478378
62,9,6,4,0,4,2026-07-15T15:28:30.010027
62,9,7,4,0,4,2026-07-15T15:28:31.562086
62,9,8,4,0,4,2026-07-15T15:28:33.046904
62,9,9,4,0,4,2026-07-15T15:28:34.546073
62,9,10,4,0,4,2026-07-15T15:28:36.066927
63,1,1,4,0,4,2026-07-15T15:28:37.549575
63,1,2,3,0,3,2026-07-15T15:28:39.074727
63,1,3,4,0,4,2026-07-15T15:28:40.552801
63,1,4,4,0,4,2026-07-15T15:28:42.040768
63,1,5,4,0,4,2026-07-15T15:28:43.594912
63,1,6,4,0,4,2026-07-15T15:28:44.081012
63,1,7,4,0,4,2026-07-15T15:28:45.622735
63,1,8,4,0,4,2026-07-15T15:28:46.175503
63,1,9,4,0,4,2026-07-15T15:28:47.702832
63,1,10,4,0,4,2026-07-15T15:28:49.172777
63,2,1,0,0,0,2026-07-15T15:28:50.868851
63,2,2,0,0,0,2026-07-15T15:28:52.375081
63,2,3,0,0,0,2026-07-15T15:28:53.832840
63,2,4,0,0,0,2026-07-15T15:28:55.309729
63,2,5,0,0,0,2026-07-15T15:28:56.802289
63,2,6,0,0,0,2026-07-15T15:28:58.359879
63,2,7,0,0,0,2026-07-15T15:28:59.895723
63,2,8,0,0,0,2026-07-15T15:29:01.463395
63,2,9,0,0,0,2026-07-15T15:29:02.982191
63,2,10,0,0,0,2026-07-15T15:29:04.505267
63,3,1,3,0,3,2026-07-15T15:29:05.973256
63,3,2,3,0,3,2026-07-15T15:29:07.523952
63,3,3,3,0,3,2026-07-15T15:29:08.090757
63,3,4,3,0,3,2026-07-15T15:29:09.634927
63,3,5,3,0,3,2026-07-15T15:29:11.129387
63,3,6,3,0,3,2026-07-15T15:29:12.620726
63,3,7,3,0,3,2026-07-15T15:29:14.108540
63,3,8,3,0,3,2026-07-15T15:29:15.563709
63,3,9,3,0,3,2026-07-15T15:29:17.038408
63,3,10,3,0,3,2026-07-15T15:29:18.542788
63,4,1,0,0,0,2026-07-15T15:29:20.070932
63,4,2,0,0,0,2026-07-15T15:29:21.586094
63,4,3,0,0,0,2026-07-15T15:29:23.056622
63,4,4,0,0,0,2026-07-15T15:29:24.563896
63,4,5,0,0,0,2026-07-15T15:29:25.086215
63,4,6,0,0,0,2026-07-15T15:29:26.611127
63,4,7,0,0,0,2026-07-15T15:29:28.098643
63,4,8,0,0,0,2026-07-15T15:29:29.571688
63,4,9,0,0,0,2026-07-15T15:29:31.207854
63,4,10,0,0,0,2026-07-15T15:29:32.725986
63,5,1,3,0,3,2026-07-15T15:29:34.238776
63,5,2,3,0,3,2026-07-15T15:29:35.731061
63,5,3,3,0,3,2026-07-15T15:29:37.274973
63,5,4,3,0,3,2026-07-15T15:29:38.798053
63,5,5,3,0,3,2026-07-15T15:29:40.252258
63,5,6,3,0,3,2026-07-15T15:29:41.735971
63,5,7,3,0,3,2026-07-15T15:29:43.242284
63,5,8,3,0,3,2026-07-15T15:29:43.794279
63,5,9,3,0,3,2026-07-15T15:29:45.299948
63,5,10,3,0,3,2026-07-15T15:29:46.886033
63,6,1,0,0,0,2026-07-15T15:29:48.460830
63,6,2,0,0,0,2026-07-15T15:29:49.960979
63,6,3,0,0,0,2026-07-15T15:29:51.547035
63,6,4,0,0,0,2026-07-15T15:29:53.058541
63,6,5,0,0,0,2026-07-15T15:29:54.526226
63,6,6,0,0,0,2026-07-15T15:29:56.030014
63,6,7,0,0,0,2026-07-15T15:29:57.590211
63,6,8,0,0,0,2026-07-15T15:29:59.123180
63,6,9,0,0,0,2026-07-15T15:30:00.577241
63,6,10,0,0,0,2026-07-15T15:30:01.325032
63,7,1,5,0,5,2026-07-15T15:30:02.877291
63,7,2,5,0,5,2026-07-15T15:30:04.511950
63,7,3,5,0,5,2026-07-15T15:30:06.043306
63,7,4,5,0,5,2026-07-15T15:30:07.521963
63,7,5,5,0,5,2026-07-15T15:30:09.084320
63,7,6,5,0,5,2026-07-15T15:30:11.270811
63,7,7,5,0,5,2026-07-15T15:30:12.807868
63,7,8,5,0,5,2026-07-15T15:30:14.332687
63,7,9,5,0,5,2026-07-15T15:30:15.853191
63,7,10,5,0,5,2026-07-15T15:30:17.367701
63,8,1,0,0,0,2026-07-15T15:30:18.871807
63,8,2,0,0,0,2026-07-15T15:30:19.360892
63,8,3,0,0,0,2026-07-15T15:30:19.839099
63,8,4,0,0,0,2026-07-15T15:30:20.326767
63,8,5,0,0,0,2026-07-15T15:30:20.897442
63,8,6,0,0,0,2026-07-15T15:30:22.408848
63,8,7,0,0,0,2026-07-15T15:30:22.990883
63,8,8,0,0,0,2026-07-15T15:30:24.480526
63,8,9,0,0,0,2026-07-15T15:30:25.975971
63,8,10,0,0,0,2026-07-15T15:30:27.654291
63,9,1,5,0,5,2026-07-15T15:30:29.251145
63,9,2,5,0,5,2026-07-15T15:30:30.782565
63,9,3,5,0,5,2026-07-15T15:30:31.322465
63,9,4,5,0,5,2026-07-15T15:30:32.861337
63,9,5,5,0,5,2026-07-15T15:30:33.384557
63,9,6,5,0,5,2026-07-15T15:30:34.920847
63,9,7,5,0,5,2026-07-15T15:30:36.445815
63,9,8,5,0,5,2026-07-15T15:30:37.968329
63,9,9,5,0,5,2026-07-15T15:30:39.531670
63,9,10,5,0,5,2026-07-15T15:30:41.068072
64,1,1,4,0,4,2026-07-15T15:30:42.553490
64,1,2,4,0,4,2026-07-15T15:30:44.141784
64,1,3,4,0,4,2026-07-15T15:30:45.634556
64,1,4,4,0,4,2026-07-15T15:30:47.203179
64,1,5,4,0,4,2026-07-15T15:30:48.688723
64,1,6,4,0,4,2026-07-15T15:30:50.191063
64,1,7,4,0,4,2026-07-15T15:30:51.729964
64,1,8,4,0,4,2026-07-15T15:30:52.219195
64,1,9,4,0,4,2026-07-15T15:30:53.722015
64,1,10,4,0,4,2026-07-15T15:30:55.227086
64,2,1,2,0,2,2026-07-15T15:30:56.840564
64,2,2,2,0,2,2026-07-15T15:30:57.342158
64,2,3,2,0,2,2026-07-15T15:30:58.832482
64,2,4,2,0,2,2026-07-15T15:30:59.397155
64,2,5,2,0,2,2026-07-15T15:31:00.937046
64,2,6,2,0,2,2026-07-15T15:31:02.572232
64,2,7,2,0,2,2026-07-15T15:31:04.089954
64,2,8,2,0,2,2026-07-15T15:31:05.745855
64,2,9,2,0,2,2026-07-15T15:31:07.314954
64,2,10,1,0,1,2026-07-15T15:31:08.838358
64,3,1,2,0,2,2026-07-15T15:31:10.372114
64,3,2,2,0,2,2026-07-15T15:31:11.832300
64,3,3,2,0,2,2026-07-15T15:31:12.336966
64,3,4,2,0,2,2026-07-15T15:31:12.815199
64,3,5,2,0,2,2026-07-15T15:31:14.322733
64,3,6,2,0,2,2026-07-15T15:31:15.827218
64,3,7,2,0,2,2026-07-15T15:31:17.424608
64,3,8,2,0,2,2026-07-15T15:31:17.915560
64,3,9,2,0,2,2026-07-15T15:31:18.420619
64,3,10,2,0,2,2026-07-15T15:31:19.984814
64,4,1,0,0,0,2026-07-15T15:31:21.471117
64,4,2,0,0,0,2026-07-15T15:31:23.022867
64,4,3,0,0,0,2026-07-15T15:31:24.566737
64,4,4,0,0,0,2026-07-15T15:31:26.079863
64,4,5,0,0,0,2026-07-15T15:31:26.576850
64,4,6,0,0,0,2026-07-15T15:31:28.113275
64,4,7,0,0,0,2026-07-15T15:31:29.709994
64,4,8,0,0,0,2026-07-15T15:31:31.178552
64,4,9,0,0,0,2026-07-15T15:31:31.716048
64,4,10,0,0,0,2026-07-15T15:31:33.206045
64,5,1,3,0,3,2026-07-15T15:31:34.705656
64,5,2,3,0,3,2026-07-15T15:31:36.222164
64,5,3,3,0,3,2026-07-15T15:31:37.698663
64,5,4,3,0,3,2026-07-15T15:31:39.240754
64,5,5,3,0,3,2026-07-15T15:31:39.752536
64,5,6,3,0,3,2026-07-15T15:31:40.254694
64,5,7,3,0,3,2026-07-15T15:31:41.774723
64,5,8,3,0,3,2026-07-15T15:31:43.432088
64,5,9,3,0,3,2026-07-15T15:31:45.548054
64,5,10,3,0,3,2026-07-15T15:31:47.238008
64,6,1,0,0,0,2026-07-15T15:31:48.723400
64,6,2,0,0,0,2026-07-15T15:31:50.212994
64,6,3,0,0,0,2026-07-15T15:31:51.792465
64,6,4,0,0,0,2026-07-15T15:31:53.370233
64,6,5,0,0,0,2026-07-15T15:31:54.884524
64,6,6,0,0,0,2026-07-15T15:31:56.438962
64,6,7,0,0,0,2026-07-15T15:31:57.026606
64,6,8,0,0,0,2026-07-15T15:31:58.566839
64,6,9,0,0,0,2026-07-15T15:32:00.081429
64,6,10,0,0,0,2026-07-15T15:32:01.619796
64,7,1,3,0,3,2026-07-15T15:32:03.215329
64,7,2,3,0,3,2026-07-15T15:32:03.690112
64,7,3,3,0,3,2026-07-15T15:32:08.664276
64,7,4,3,0,3,2026-07-15T15:32:10.170886
64,7,5,3,0,3,2026-07-15T15:32:11.720804
64,7,6,3,0,3,2026-07-15T15:32:13.244582
64,7,7,3,0,3,2026-07-15T15:32:13.821600
64,7,8,3,0,3,2026-07-15T15:32:14.319070
64,7,9,3,0,3,2026-07-15T15:32:16.124122
64,7,10,3,0,3,2026-07-15T15:32:17.683513
64,8,1,2,0,2,2026-07-15T15:32:19.183676
64,8,2,2,0,2,2026-07-15T15:32:20.729946
64,8,3,2,0,2,2026-07-15T15:32:22.931748
64,8,4,2,0,2,2026-07-15T15:32:24.371329
64,8,5,2,0,2,2026-07-15T15:32:25.865173
64,8,6,2,0,2,2026-07-15T15:32:27.355910
64,8,7,2,0,2,2026-07-15T15:32:28.920387
64,8,8,2,0,2,2026-07-15T15:32:30.434570
64,8,9,2,0,2,2026-07-15T15:32:31.949399
64,8,10,2,0,2,2026-07-15T15:32:33.451350
64,9,1,4,0,4,2026-07-15T15:32:33.938591
64,9,2,4,0,4,2026-07-15T15:32:34.838476
64,9,3,4,0,4,2026-07-15T15:32:36.313396
64,9,4,4,0,4,2026-07-15T15:32:36.808733
64,9,5,5,0,5,2026-07-15T15:32:38.342142
64,9,6,4,0,4,2026-07-15T15:32:40.061691
64,9,7,4,0,4,2026-07-15T15:32:41.585133
64,9,8,4,0,4,2026-07-15T15:32:46.395999
64,9,9,4,0,4,2026-07-15T15:32:46.969470
64,9,10,4,0,4,2026-07-15T15:32:48.548782
65,1,1,4,0,4,2026-07-15T15:32:51.015366
65,1,2,4,0,4,2026-07-15T15:32:56.712468
65,1,3,4,0,4,2026-07-15T15:33:01.775175
65,1,4,4,0,4,2026-07-15T15:33:02.435172
65,1,5,4,0,4,2026-07-15T15:33:05.781721
65,1,6,4,0,4,2026-07-15T15:33:07.295499
65,1,7,4,0,4,2026-07-15T15:33:08.832747
65,1,8,4,0,4,2026-07-15T15:33:10.372612
65,1,9,4,0,4,2026-07-15T15:33:11.904824
65,1,10,4,0,4,2026-07-15T15:33:13.443480
65,2,1,0,0,0,2026-07-15T15:33:15.008397
65,2,2,0,0,0,2026-07-15T15:33:16.521867
65,2,3,0,0,0,2026-07-15T15:33:17.017784
65,2,4,0,0,0,2026-07-15T15:33:17.529546
65,2,5,0,0,0,2026-07-15T15:33:18.009674
65,2,6,0,0,0,2026-07-15T15:33:19.515637
65,2,7,0,0,0,2026-07-15T15:33:21.021634
65,2,8,0,0,0,2026-07-15T15:33:23.282835
65,2,9,0,0,0,2026-07-15T15:33:24.848591
65,2,10,0,0,0,2026-07-15T15:33:26.333506
65,3,1,2,0,2,2026-07-15T15:33:27.864871
65,3,2,2,0,2,2026-07-15T15:33:29.345021
65,3,3,2,0,2,2026-07-15T15:33:30.845253
65,3,4,2,0,2,2026-07-15T15:33:31.486211
65,3,5,2,0,2,2026-07-15T15:33:31.969906
65,3,6,2,0,2,2026-07-15T15:33:33.467451
65,3,7,2,0,2,2026-07-15T15:33:34.950490
65,3,8,2,0,2,2026-07-15T15:33:36.641874
65,3,9,2,0,2,2026-07-15T15:33:38.323025
65,3,10,2,0,2,2026-07-15T15:33:39.780024
65,4,1,0,0,0,2026-07-15T15:33:41.241803
65,4,2,0,0,0,2026-07-15T15:33:42.812975
65,4,3,0,0,0,2026-07-15T15:33:44.357686
65,4,4,0,0,0,2026-07-15T15:33:45.871282
65,4,5,0,0,0,2026-07-15T15:33:46.465723
65,4,6,0,0,0,2026-07-15T15:33:47.982608
65,4,7,0,0,0,2026-07-15T15:33:49.521737
65,4,8,0,0,0,2026-07-15T15:33:51.006162
65,4,9,0,0,0,2026-07-15T15:33:52.529296
65,4,10,0,0,0,2026-07-15T15:33:53.049623
65,5,1,3,0,3,2026-07-15T15:33:54.590280
65,5,2,3,0,3,2026-07-15T15:33:56.141097
65,5,3,3,0,3,2026-07-15T15:33:57.607899
65,5,4,3,0,3,2026-07-15T15:33:59.127540
65,5,5,3,0,3,2026-07-15T15:34:00.664813
65,5,6,3,0,3,2026-07-15T15:34:02.138093
65,5,7,3,0,3,2026-07-15T15:34:03.728160
65,5,8,3,0,3,2026-07-15T15:34:05.233932
65,5,9,3,0,3,2026-07-15T15:34:06.762234
65,5,10,3,0,3,2026-07-15T15:34:09.030368
65,6,1,0,0,0,2026-07-15T15:34:10.560736
65,6,2,0,0,0,2026-07-15T15:34:12.052346
65,6,3,0,0,0,2026-07-15T15:34:13.564692
65,6,4,0,0,0,2026-07-15T15:34:15.075879
65,6,5,0,0,0,2026-07-15T15:34:15.604255
65,6,6,0,0,0,2026-07-15T15:34:19.259372
65,6,7,0,0,0,2026-07-15T15:34:22.219875
65,6,8,0,0,0,2026-07-15T15:34:22.829156
65,6,9,0,0,0,2026-07-15T15:34:24.546968
65,6,10,0,0,0,2026-07-15T15:34:26.253365
65,7,1,4,0,4,2026-07-15T15:34:27.747789
65,7,2,4,0,4,2026-07-15T15:34:29.288672
65,7,3,4,0,4,2026-07-15T15:34:30.784163
65,7,4,4,0,4,2026-07-15T15:34:32.262411
65,7,5,4,0,4,2026-07-15T15:34:33.826252
65,7,6,4,0,4,2026-07-15T15:34:34.443118
65,7,7,4,0,4,2026-07-15T15:34:35.999824
65,7,8,4,0,4,2026-07-15T15:34:36.477527
65,7,9,4,0,4,2026-07-15T15:34:36.991873
65,7,10,4,0,4,2026-07-15T15:34:38.498160
65,8,1,0,0,0,2026-07-15T15:34:40.174959
65,8,2,0,0,0,2026-07-15T15:34:41.673547
65,8,3,0,0,0,2026-07-15T15:34:43.163510
65,8,4,0,0,0,2026-07-15T15:34:44.784972
65,8,5,0,0,0,2026-07-15T15:34:45.299628
65,8,6,0,0,0,2026-07-15T15:34:45.995701
65,8,7,0,0,0,2026-07-15T15:34:46.631826
65,8,8,0,0,0,2026-07-15T15:34:48.157743
65,8,9,0,0,0,2026-07-15T15:34:49.662521
65,8,10,0,0,0,2026-07-15T15:34:51.212372
65,9,1,5,0,5,2026-07-15T15:34:52.717021
65,9,2,5,0,5,2026-07-15T15:34:54.241549
65,9,3,5,0,5,2026-07-15T15:34:54.754101
65,9,4,5,0,5,2026-07-15T15:34:56.268049
65,9,5,5,0,5,2026-07-15T15:34:57.890057
65,9,6,5,0,5,2026-07-15T15:34:59.355387
65,9,7,5,0,5,2026-07-15T15:34:59.850430
65,9,8,5,0,5,2026-07-15T15:35:00.348510
65,9,9,5,0,5,2026-07-15T15:35:01.886678
65,9,10,5,0,5,2026-07-15T15:35:02.968407
66,1,1,3,0,3,2026-07-15T15:35:04.546196
66,1,2,3,0,3,2026-07-15T15:35:05.163087
66,1,3,3,0,3,2026-07-15T15:35:06.696957
66,1,4,3,0,3,2026-07-15T15:35:08.225774
66,1,5,3,0,3,2026-07-15T15:35:09.691218
66,1,6,3,0,3,2026-07-15T15:35:11.205398
66,1,7,3,0,3,2026-07-15T15:35:12.945427
66,1,8,3,0,3,2026-07-15T15:35:14.478877
66,1,9,3,0,3,2026-07-15T15:35:15.970400
66,1,10,3,0,3,2026-07-15T15:35:21.032687
66,2,1,0,0,0,2026-07-15T15:35:23.707765
66,2,2,0,0,0,2026-07-15T15:35:25.232271
66,2,3,0,0,0,2026-07-15T15:35:26.776002
66,2,4,0,0,0,2026-07-15T15:35:27.259051
66,2,5,0,0,0,2026-07-15T15:35:28.766464
66,2,6,0,0,0,2026-07-15T15:35:30.253933
66,2,7,0,0,0,2026-07-15T15:35:31.726740
66,2,8,0,0,0,2026-07-15T15:35:33.269978
66,2,9,0,0,0,2026-07-15T15:35:34.791118
66,2,10,0,0,0,2026-07-15T15:35:36.305756
66,3,1,2,0,2,2026-07-15T15:35:37.841180
66,3,2,2,0,2,2026-07-15T15:35:39.382774
66,3,3,2,0,2,2026-07-15T15:35:40.861448
66,3,4,2,0,2,2026-07-15T15:35:41.399437
66,3,5,2,0,2,2026-07-15T15:35:43.050430
66,3,6,2,0,2,2026-07-15T15:35:43.695776
66,3,7,2,0,2,2026-07-15T15:35:45.185968
66,3,8,2,0,2,2026-07-15T15:35:46.689380
66,3,9,2,0,2,2026-07-15T15:35:48.318550
66,3,10,2,0,2,2026-07-15T15:35:49.800495
66,4,1,0,0,0,2026-07-15T15:35:51.343370
66,4,2,0,0,0,2026-07-15T15:35:52.879571
66,4,3,0,0,0,2026-07-15T15:35:54.526603
66,4,4,0,0,0,2026-07-15T15:35:56.057210
66,4,5,0,0,0,2026-07-15T15:35:57.593105
66,4,6,0,0,0,2026-07-15T15:35:59.108212
66,4,7,0,0,0,2026-07-15T15:36:00.604013
66,4,8,0,0,0,2026-07-15T15:36:02.138443
66,4,9,0,0,0,2026-07-15T15:36:03.702291
66,4,10,0,0,0,2026-07-15T15:36:05.198450
66,5,1,4,0,4,2026-07-15T15:36:05.720540
66,5,2,4,0,4,2026-07-15T15:36:07.270519
66,5,3,4,0,4,2026-07-15T15:36:07.818009
66,5,4,4,0,4,2026-07-15T15:36:09.278234
66,5,5,4,0,4,2026-07-15T15:36:09.877734
66,5,6,4,0,4,2026-07-15T15:36:11.388141
66,5,7,4,0,4,2026-07-15T15:36:12.925633
66,5,8,4,0,4,2026-07-15T15:36:14.417501
66,5,9,4,0,4,2026-07-15T15:36:15.912974
66,5,10,4,0,4,2026-07-15T15:36:16.455494
66,6,1,0,0,0,2026-07-15T15:36:17.958883
66,6,2,0,0,0,2026-07-15T15:36:18.456427
66,6,3,0,0,0,2026-07-15T15:36:18.993523
66,6,4,0,0,0,2026-07-15T15:36:19.546645
66,6,5,0,0,0,2026-07-15T15:36:21.062782
66,6,6,0,0,0,2026-07-15T15:36:21.549749
66,6,7,0,0,0,2026-07-15T15:36:22.099154
66,6,8,0,0,0,2026-07-15T15:36:23.614657
66,6,9,0,0,0,2026-07-15T15:36:25.136500
66,6,10,0,0,0,2026-07-15T15:36:26.626553
66,7,1,4,0,4,2026-07-15T15:36:28.207660
66,7,2,4,0,4,2026-07-15T15:36:28.679531
66,7,3,4,0,4,2026-07-15T15:36:30.240694
66,7,4,4,0,4,2026-07-15T15:36:31.781007
66,7,5,4,0,4,2026-07-15T15:36:33.263593
66,7,6,4,0,4,2026-07-15T15:36:33.818798
66,7,7,4,0,4,2026-07-15T15:36:35.311472
66,7,8,4,0,4,2026-07-15T15:36:36.812871
66,7,9,4,0,4,2026-07-15T15:36:38.347073
66,7,10,4,0,4,2026-07-15T15:36:39.825620
66,8,1,0,0,0,2026-07-15T15:36:41.368341
66,8,2,0,0,0,2026-07-15T15:36:41.887610
66,8,3,0,0,0,2026-07-15T15:36:42.432132
66,8,4,0,0,0,2026-07-15T15:36:44.015322
66,8,5,0,0,0,2026-07-15T15:36:44.503719
66,8,6,0,0,0,2026-07-15T15:36:45.989969
66,8,7,0,0,0,2026-07-15T15:36:47.931390
66,8,8,0,0,0,2026-07-15T15:36:48.456748
66,8,9,0,0,0,2026-07-15T15:36:49.921759
66,8,10,0,0,0,2026-07-15T15:36:52.984115
66,9,1,5,0,5,2026-07-15T15:36:54.474128
66,9,2,5,0,5,2026-07-15T15:36:56.002100
66,9,3,5,0,5,2026-07-15T15:36:57.621189
66,9,4,5,0,5,2026-07-15T15:36:59.107615
66,9,5,5,0,5,2026-07-15T15:37:00.581664
66,9,6,5,0,5,2026-07-15T15:37:02.044312
66,9,7,5,0,5,2026-07-15T15:37:03.811079
66,9,8,5,0,5,2026-07-15T15:37:05.320739
66,9,9,5,0,5,2026-07-15T15:37:06.934793
66,9,10,5,0,5,2026-07-15T15:37:08.458819
67,1,1,3,0,3,2026-07-15T15:37:09.964825
67,1,2,3,0,3,2026-07-15T15:37:11.471427
67,1,3,3,0,3,2026-07-15T15:37:11.937346
67,1,4,3,0,3,2026-07-15T15:37:13.442117
67,1,5,3,0,3,2026-07-15T15:37:15.008605
67,1,6,3,0,3,2026-07-15T15:37:16.562158
67,1,7,3,0,3,2026-07-15T15:37:17.090661
67,1,8,3,0,3,2026-07-15T15:37:17.542940
67,1,9,3,0,3,2026-07-15T15:37:19.083618
67,1,10,3,0,3,2026-07-15T15:37:20.639985
67,2,1,2,0,2,2026-07-15T15:37:21.191077
67,2,2,2,0,2,2026-07-15T15:37:22.686855
67,2,3,2,0,2,2026-07-15T15:37:24.245766
67,2,4,2,0,2,2026-07-15T15:37:25.756286
67,2,5,2,0,2,2026-07-15T15:37:27.353595
67,2,6,2,0,2,2026-07-15T15:37:28.922342
67,2,7,2,0,2,2026-07-15T15:37:29.473534
67,2,8,2,0,2,2026-07-15T15:37:31.023659
67,2,9,2,0,2,2026-07-15T15:37:32.596623
67,2,10,2,0,2,2026-07-15T15:37:34.112810
67,3,1,1,0,1,2026-07-15T15:37:35.568750
67,3,2,2,0,2,2026-07-15T15:37:37.020299
67,3,3,1,0,1,2026-07-15T15:37:38.534916
67,3,4,2,0,2,2026-07-15T15:37:40.106890
67,3,5,2,0,2,2026-07-15T15:37:41.630367
67,3,6,1,0,1,2026-07-15T15:37:43.118904
67,3,7,1,0,1,2026-07-15T15:37:44.670265
67,3,8,1,0,1,2026-07-15T15:37:47.000305
67,3,9,1,0,1,2026-07-15T15:37:49.074383
67,3,10,1,0,1,2026-07-15T15:37:50.612156
67,4,1,0,0,0,2026-07-15T15:37:52.098899
67,4,2,0,0,0,2026-07-15T15:37:53.637533
67,4,3,0,0,0,2026-07-15T15:37:55.141787
67,4,4,0,0,0,2026-07-15T15:37:56.888994
67,4,5,0,0,0,2026-07-15T15:37:58.481612
67,4,6,0,0,0,2026-07-15T15:38:00.001121
67,4,7,0,0,0,2026-07-15T15:38:01.542959
67,4,8,0,0,0,2026-07-15T15:38:03.100504
67,4,9,0,0,0,2026-07-15T15:38:04.773664
67,4,10,0,0,0,2026-07-15T15:38:06.300938
67,5,1,2,0,2,2026-07-15T15:38:07.843806
67,5,2,3,0,3,2026-07-15T15:38:08.567191
67,5,3,2,0,2,2026-07-15T15:38:10.096598
67,5,4,3,0,3,2026-07-15T15:38:11.587855
67,5,5,2,0,2,2026-07-15T15:38:13.119806
67,5,6,2,0,2,2026-07-15T15:38:14.707720
67,5,7,2,0,2,2026-07-15T15:38:16.199146
67,5,8,2,0,2,2026-07-15T15:38:17.693618
67,5,9,3,0,3,2026-07-15T15:38:19.175550
67,5,10,2,0,2,2026-07-15T15:38:20.616626
67,6,1,0,0,0,2026-07-15T15:38:22.069850
67,6,2,0,0,0,2026-07-15T15:38:23.580404
67,6,3,0,0,0,2026-07-15T15:38:24.100625
67,6,4,0,0,0,2026-07-15T15:38:25.629189
67,6,5,0,0,0,2026-07-15T15:38:26.142308
67,6,6,0,0,0,2026-07-15T15:38:27.609326
67,6,7,0,0,0,2026-07-15T15:38:29.136269
67,6,8,0,0,0,2026-07-15T15:38:30.771919
67,6,9,0,0,0,2026-07-15T15:38:31.282589
67,6,10,0,0,0,2026-07-15T15:38:32.767605
67,7,1,3,0,3,2026-07-15T15:38:33.356333
67,7,2,3,0,3,2026-07-15T15:38:34.982581
67,7,3,3,0,3,2026-07-15T15:38:36.498843
67,7,4,3,0,3,2026-07-15T15:38:38.000710
67,7,5,3,0,3,2026-07-15T15:38:39.472768
67,7,6,3,0,3,2026-07-15T15:38:41.046307
67,7,7,3,0,3,2026-07-15T15:38:42.538056
67,7,8,3,0,3,2026-07-15T15:38:44.126750
67,7,9,3,0,3,2026-07-15T15:38:45.674261
67,7,10,3,0,3,2026-07-15T15:38:47.180195
67,8,1,0,0,0,2026-07-15T15:38:47.683705
67,8,2,0,0,0,2026-07-15T15:38:49.183573
67,8,3,0,0,0,2026-07-15T15:38:49.681132
67,8,4,0,0,0,2026-07-15T15:38:51.217706
67,8,5,0,0,0,2026-07-15T15:38:52.696433
67,8,6,0,0,0,2026-07-15T15:38:54.244285
67,8,7,0,0,0,2026-07-15T15:38:54.747710
67,8,8,0,0,0,2026-07-15T15:38:56.282980
67,8,9,0,0,0,2026-07-15T15:38:57.815853
67,8,10,0,0,0,2026-07-15T15:38:59.359728
67,9,1,5,0,5,2026-07-15T15:39:00.866855
67,9,2,5,0,5,2026-07-15T15:39:02.427062
67,9,3,5,0,5,2026-07-15T15:39:03.945980
67,9,4,5,0,5,2026-07-15T15:39:05.482934
67,9,5,5,0,5,2026-07-15T15:39:07.039020
67,9,6,5,0,5,2026-07-15T15:39:08.570872
67,9,7,5,0,5,2026-07-15T15:39:10.178193
67,9,8,5,0,5,2026-07-15T15:39:11.675810
67,9,9,5,0,5,2026-07-15T15:39:13.181553
67,9,10,5,0,5,2026-07-15T15:39:14.716002
68,1,1,4,0,4,2026-07-15T15:39:16.231592
68,1,2,5,0,5,2026-07-15T15:39:17.946567
68,1,3,4,0,4,2026-07-15T15:39:18.464940
68,1,4,4,0,4,2026-07-15T15:39:19.998935
68,1,5,4,0,4,2026-07-15T15:39:21.572333
68,1,6,4,0,4,2026-07-15T15:39:22.186871
68,1,7,4,0,4,2026-07-15T15:39:23.723444
68,1,8,4,0,4,2026-07-15T15:39:25.251356
68,1,9,4,0,4,2026-07-15T15:39:26.787390
68,1,10,5,0,5,2026-07-15T15:39:28.363664
68,2,1,2,0,2,2026-07-15T15:39:29.863417
68,2,2,2,0,2,2026-07-15T15:39:31.342416
68,2,3,2,0,2,2026-07-15T15:39:31.829012
68,2,4,2,0,2,2026-07-15T15:39:33.316543
68,2,5,2,0,2,2026-07-15T15:39:34.850869
68,2,6,2,0,2,2026-07-15T15:39:35.360989
68,2,7,2,0,2,2026-07-15T15:39:36.877410
68,2,8,2,0,2,2026-07-15T15:39:38.390692
68,2,9,2,0,2,2026-07-15T15:39:39.904963
68,2,10,2,0,2,2026-07-15T15:39:40.453104
68,3,1,3,0,3,2026-07-15T15:39:41.934368
68,3,2,3,0,3,2026-07-15T15:39:43.589223
68,3,3,3,0,3,2026-07-15T15:39:44.182384
68,3,4,3,0,3,2026-07-15T15:39:45.640985
68,3,5,3,0,3,2026-07-15T15:39:46.121088
68,3,6,3,0,3,2026-07-15T15:39:47.688625
68,3,7,3,0,3,2026-07-15T15:39:49.166843
68,3,8,3,0,3,2026-07-15T15:39:50.656412
68,3,9,3,0,3,2026-07-15T15:39:52.132869
68,3,10,3,0,3,2026-07-15T15:39:53.676096
68,4,1,0,0,0,2026-07-15T15:39:55.292771
68,4,2,0,0,0,2026-07-15T15:39:57.003920
68,4,3,0,0,0,2026-07-15T15:39:58.533015
68,4,4,0,0,0,2026-07-15T15:40:00.028948
68,4,5,0,0,0,2026-07-15T15:40:01.610991
68,4,6,0,0,0,2026-07-15T15:40:03.165537
68,4,7,0,0,0,2026-07-15T15:40:04.786472
68,4,8,0,0,0,2026-07-15T15:40:05.391601
68,4,9,0,0,0,2026-07-15T15:40:06.903194
68,4,10,0,0,0,2026-07-15T15:40:07.411912
68,5,1,3,0,3,2026-07-15T15:40:07.954595
68,5,2,3,0,3,2026-07-15T15:40:09.449849
68,5,3,3,0,3,2026-07-15T15:40:10.962913
68,5,4,3,0,3,2026-07-15T15:40:12.604056
68,5,5,3,0,3,2026-07-15T15:40:14.086770
68,5,6,3,0,3,2026-07-15T15:40:15.643786
68,5,7,3,0,3,2026-07-15T15:40:17.192132
68,5,8,3,0,3,2026-07-15T15:40:18.681885
68,5,9,3,0,3,2026-07-15T15:40:20.196839
68,5,10,3,0,3,2026-07-15T15:40:21.687466
68,6,1,0,0,0,2026-07-15T15:40:22.169769
68,6,2,0,0,0,2026-07-15T15:40:23.705069
68,6,3,0,0,0,2026-07-15T15:40:25.279029
68,6,4,0,0,0,2026-07-15T15:40:26.950219
68,6,5,0,0,0,2026-07-15T15:40:27.451838
68,6,6,0,0,0,2026-07-15T15:40:29.051787
68,6,7,0,0,0,2026-07-15T15:40:30.579458
68,6,8,0,0,0,2026-07-15T15:40:32.080619
68,6,9,0,0,0,2026-07-15T15:40:33.663643
68,6,10,0,0,0,2026-07-15T15:40:35.257548
68,7,1,4,0,4,2026-07-15T15:40:35.815464
68,7,2,4,0,4,2026-07-15T15:40:37.283980
68,7,3,4,0,4,2026-07-15T15:40:39.502941
68,7,4,4,0,4,2026-07-15T15:40:41.083545
68,7,5,4,0,4,2026-07-15T15:40:42.649570
68,7,6,4,0,4,2026-07-15T15:40:44.731672
68,7,7,4,0,4,2026-07-15T15:40:46.411253
68,7,8,4,0,4,2026-07-15T15:40:47.904244
68,7,9,4,0,4,2026-07-15T15:40:48.455601
68,7,10,4,0,4,2026-07-15T15:40:49.954822
68,8,1,0,0,0,2026-07-15T15:40:51.398953
68,8,2,0,0,0,2026-07-15T15:40:52.968229
68,8,3,0,0,0,2026-07-15T15:40:54.558062
68,8,4,0,0,0,2026-07-15T15:40:56.042983
68,8,5,0,0,0,2026-07-15T15:40:57.535354
68,8,6,0,0,0,2026-07-15T15:40:58.102949
68,8,7,0,0,0,2026-07-15T15:40:58.671239
68,8,8,0,0,0,2026-07-15T15:41:00.293956
68,8,9,0,0,0,2026-07-15T15:41:01.780757
68,8,10,0,0,0,2026-07-15T15:41:03.308562
68,9,1,5,0,5,2026-07-15T15:41:03.837989
68,9,2,5,0,5,2026-07-15T15:41:05.368060
68,9,3,5,0,5,2026-07-15T15:41:07.053379
68,9,4,5,0,5,2026-07-15T15:41:08.582570
68,9,5,5,0,5,2026-07-15T15:41:10.071049
68,9,6,5,0,5,2026-07-15T15:41:11.642722
68,9,7,5,0,5,2026-07-15T15:41:13.131617
68,9,8,5,0,5,2026-07-15T15:41:14.585522
68,9,9,5,0,5,2026-07-15T15:41:16.080132
68,9,10,5,0,5,2026-07-15T15:41:17.573975
69,1,1,5,0,5,2026-07-15T15:41:19.107851
69,1,2,5,0,5,2026-07-15T15:41:20.597679
69,1,3,5,0,5,2026-07-15T15:41:22.095288
69,1,4,5,0,5,2026-07-15T15:41:23.596918
69,1,5,5,0,5,2026-07-15T15:41:25.172343
69,1,6,5,0,5,2026-07-15T15:41:25.789065
69,1,7,5,0,5,2026-07-15T15:41:27.309163
69,1,8,5,0,5,2026-07-15T15:41:28.840816
69,1,9,5,0,5,2026-07-15T15:41:30.321978
69,1,10,5,0,5,2026-07-15T15:41:32.069246
69,2,1,3,0,3,2026-07-15T15:41:33.750606
69,2,2,3,0,3,2026-07-15T15:41:35.280955
69,2,3,3,0,3,2026-07-15T15:41:36.989675
69,2,4,3,0,3,2026-07-15T15:41:38.527402
69,2,5,3,0,3,2026-07-15T15:41:38.987430
69,2,6,3,0,3,2026-07-15T15:41:40.443749
69,2,7,3,0,3,2026-07-15T15:41:41.934160
69,2,8,3,0,3,2026-07-15T15:41:43.500851
69,2,9,3,0,3,2026-07-15T15:41:45.045443
69,2,10,3,0,3,2026-07-15T15:41:46.537979
69,3,1,3,0,3,2026-07-15T15:41:48.062332
69,3,2,3,0,3,2026-07-15T15:41:48.575162
69,3,3,3,0,3,2026-07-15T15:41:50.113766
69,3,4,3,0,3,2026-07-15T15:41:51.696220
69,3,5,3,0,3,2026-07-15T15:41:53.375724
69,3,6,3,0,3,2026-07-15T15:41:54.944038
69,3,7,3,0,3,2026-07-15T15:41:56.509565
69,3,8,3,0,3,2026-07-15T15:41:58.044624
69,3,9,3,0,3,2026-07-15T15:41:59.685366
69,3,10,3,0,3,2026-07-15T15:42:01.216816
69,4,1,0,0,0,2026-07-15T15:42:02.752628
69,4,2,0,0,0,2026-07-15T15:42:04.289103
69,4,3,0,0,0,2026-07-15T15:42:05.809183
69,4,4,0,0,0,2026-07-15T15:42:07.359920
69,4,5,0,0,0,2026-07-15T15:42:07.836960
69,4,6,0,0,0,2026-07-15T15:42:09.408895
69,4,7,0,0,0,2026-07-15T15:42:10.040132
69,4,8,0,0,0,2026-07-15T15:42:12.519453
69,4,9,0,0,0,2026-07-15T15:42:12.985034
69,4,10,0,0,0,2026-07-15T15:42:14.543865
69,5,1,3,0,3,2026-07-15T15:42:16.105226
69,5,2,3,0,3,2026-07-15T15:42:16.673241
69,5,3,3,0,3,2026-07-15T15:42:18.210801
69,5,4,3,0,3,2026-07-15T15:42:19.773339
69,5,5,3,0,3,2026-07-15T15:42:21.236204
69,5,6,3,0,3,2026-07-15T15:42:22.732720
69,5,7,3,0,3,2026-07-15T15:42:24.280987
69,5,8,3,0,3,2026-07-15T15:42:25.795109
69,5,9,3,0,3,2026-07-15T15:42:26.325567
69,5,10,3,0,3,2026-07-15T15:42:27.785677
69,6,1,-1,3,As,2026-07-15T16:49:21.695346
69,6,2,-1,3,As,2026-07-15T16:49:23.198745
69,6,3,-1,3,As,2026-07-15T16:49:24.663185
69,6,4,-1,3,As,2026-07-15T16:49:26.194945
69,6,5,-1,3,This,2026-07-15T16:49:26.697418
69,6,6,-1,3,As,2026-07-15T16:49:28.227510
69,6,7,-1,3,This,2026-07-15T16:49:29.737748
69,6,8,-1,3,This,2026-07-15T16:49:31.222537
69,6,9,-1,3,As,2026-07-15T16:49:31.751959
69,6,10,-1,3,As,2026-07-15T16:49:33.229011
69,7,1,4,0,4,2026-07-15T15:42:43.611708
69,7,2,4,0,4,2026-07-15T15:42:45.155616
69,7,3,4,0,4,2026-07-15T15:42:45.668220
69,7,4,4,0,4,2026-07-15T15:42:47.138816
69,7,5,4,0,4,2026-07-15T15:42:48.674854
69,7,6,4,0,4,2026-07-15T15:42:49.160739
69,7,7,4,0,4,2026-07-15T15:42:50.677686
69,7,8,4,0,4,2026-07-15T15:42:52.185188
69,7,9,4,0,4,2026-07-15T15:42:53.798905
69,7,10,4,0,4,2026-07-15T15:42:55.301560
69,8,1,3,0,3,2026-07-15T15:42:56.827605
69,8,2,3,0,3,2026-07-15T15:42:58.352325
69,8,3,3,0,3,2026-07-15T15:42:59.895005
69,8,4,3,0,3,2026-07-15T15:43:01.427922
69,8,5,3,0,3,2026-07-15T15:43:02.949603
69,8,6,3,0,3,2026-07-15T15:43:04.449687
69,8,7,3,0,3,2026-07-15T15:43:06.009502
69,8,8,3,0,3,2026-07-15T15:43:07.587299
69,8,9,3,0,3,2026-07-15T15:43:09.110187
69,8,10,3,0,3,2026-07-15T15:43:09.620814
69,9,1,5,0,5,2026-07-15T15:43:11.101773
69,9,2,5,0,5,2026-07-15T15:43:12.570620
69,9,3,5,0,5,2026-07-15T15:43:14.045814
69,9,4,5,0,5,2026-07-15T15:43:14.581266
69,9,5,5,0,5,2026-07-15T15:43:16.136213
69,9,6,5,0,5,2026-07-15T15:43:17.624617
69,9,7,5,0,5,2026-07-15T15:43:19.167378
69,9,8,5,0,5,2026-07-15T15:43:20.674407
69,9,9,5,0,5,2026-07-15T15:43:21.195782
69,9,10,5,0,5,2026-07-15T15:43:21.700701
70,1,1,3,0,3,2026-07-15T15:43:22.188966
70,1,2,3,0,3,2026-07-15T15:43:23.715610
70,1,3,3,0,3,2026-07-15T15:43:25.194390
70,1,4,3,0,3,2026-07-15T15:43:26.677108
70,1,5,3,0,3,2026-07-15T15:43:28.174600
70,1,6,3,0,3,2026-07-15T15:43:29.611059
70,1,7,3,0,3,2026-07-15T15:43:30.083781
70,1,8,3,0,3,2026-07-15T15:43:31.580542
70,1,9,3,0,3,2026-07-15T15:43:33.102207
70,1,10,3,0,3,2026-07-15T15:43:34.656217
70,2,1,2,0,2,2026-07-15T15:43:36.108658
70,2,2,2,0,2,2026-07-15T15:43:37.628295
70,2,3,2,0,2,2026-07-15T15:43:39.094260
70,2,4,2,0,2,2026-07-15T15:43:40.622664
70,2,5,2,0,2,2026-07-15T15:43:41.116878
70,2,6,1,0,1,2026-07-15T15:43:41.641765
70,2,7,1,0,1,2026-07-15T15:43:42.354676
70,2,8,2,0,2,2026-07-15T15:43:44.098143
70,2,9,2,0,2,2026-07-15T15:43:45.760776
70,2,10,2,0,2,2026-07-15T15:43:47.293148
70,3,1,3,0,3,2026-07-15T15:43:49.046987
70,3,2,3,0,3,2026-07-15T15:43:50.620489
70,3,3,3,0,3,2026-07-15T15:43:52.105731
70,3,4,3,0,3,2026-07-15T15:43:53.625513
70,3,5,3,0,3,2026-07-15T15:43:55.155425
70,3,6,3,0,3,2026-07-15T15:43:56.617972
70,3,7,3,0,3,2026-07-15T15:43:58.122388
70,3,8,3,0,3,2026-07-15T15:43:59.661740
70,3,9,3,0,3,2026-07-15T15:44:01.186977
70,3,10,3,0,3,2026-07-15T15:44:02.685562
70,4,1,0,0,0,2026-07-15T15:44:04.157474
70,4,2,0,0,0,2026-07-15T15:44:05.739543
70,4,3,0,0,0,2026-07-15T15:44:07.214687
70,4,4,0,0,0,2026-07-15T15:44:08.785688
70,4,5,0,0,0,2026-07-15T15:44:10.271389
70,4,6,0,0,0,2026-07-15T15:44:11.797465
70,4,7,0,0,0,2026-07-15T15:44:13.274750
70,4,8,0,0,0,2026-07-15T15:44:13.732683
70,4,9,0,0,0,2026-07-15T15:44:15.189752
70,4,10,0,0,0,2026-07-15T15:44:16.798901
70,5,1,3,0,3,2026-07-15T15:44:18.334645
70,5,2,3,0,3,2026-07-15T15:44:19.841939
70,5,3,3,0,3,2026-07-15T15:44:21.506739
70,5,4,3,0,3,2026-07-15T15:44:22.018808
70,5,5,3,0,3,2026-07-15T15:44:23.548720
70,5,6,3,0,3,2026-07-15T15:44:25.091176
70,5,7,3,0,3,2026-07-15T15:44:26.570483
70,5,8,3,0,3,2026-07-15T15:44:28.063186
70,5,9,3,0,3,2026-07-15T15:44:28.574430
70,5,10,3,0,3,2026-07-15T15:44:30.054911
70,6,1,0,0,0,2026-07-15T15:44:31.533141
70,6,2,0,0,0,2026-07-15T15:44:33.065688
70,6,3,0,0,0,2026-07-15T15:44:33.524264
70,6,4,0,0,0,2026-07-15T15:44:35.037052
70,6,5,0,0,0,2026-07-15T15:44:36.503400
70,6,6,0,0,0,2026-07-15T15:44:38.023683
70,6,7,0,0,0,2026-07-15T15:44:39.559280
70,6,8,0,0,0,2026-07-15T15:44:40.079238
70,6,9,0,0,0,2026-07-15T15:44:41.558226
70,6,10,0,0,0,2026-07-15T15:44:43.300935
70,7,1,3,0,3,2026-07-15T15:44:44.845985
70,7,2,3,0,3,2026-07-15T15:44:46.495244
70,7,3,3,0,3,2026-07-15T15:44:48.027989
70,7,4,3,0,3,2026-07-15T15:44:49.767758
70,7,5,3,0,3,2026-07-15T15:44:51.304469
70,7,6,3,0,3,2026-07-15T15:44:52.837953
70,7,7,3,0,3,2026-07-15T15:44:54.409540
70,7,8,3,0,3,2026-07-15T15:44:55.929832
70,7,9,3,0,3,2026-07-15T15:44:57.425080
70,7,10,3,0,3,2026-07-15T15:44:58.985961
70,8,1,0,0,0,2026-07-15T15:45:00.520070
70,8,2,0,0,0,2026-07-15T15:45:01.036461
70,8,3,0,0,0,2026-07-15T15:45:02.545259
70,8,4,0,0,0,2026-07-15T15:45:04.039026
70,8,5,0,0,0,2026-07-15T15:45:05.586975
70,8,6,0,0,0,2026-07-15T15:45:06.093760
70,8,7,0,0,0,2026-07-15T15:45:07.620934
70,8,8,0,0,0,2026-07-15T15:45:09.327115
70,8,9,0,0,0,2026-07-15T15:45:10.863269
70,8,10,0,0,0,2026-07-15T15:45:12.709033
70,9,1,4,0,4,2026-07-15T15:45:14.230406
70,9,2,4,0,4,2026-07-15T15:45:14.823679
70,9,3,4,0,4,2026-07-15T15:45:16.351088
70,9,4,4,0,4,2026-07-15T15:45:17.828715
70,9,5,4,0,4,2026-07-15T15:45:19.332761
70,9,6,4,0,4,2026-07-15T15:45:20.898399
70,9,7,4,0,4,2026-07-15T15:45:22.390013
70,9,8,4,0,4,2026-07-15T15:45:23.925132
70,9,9,4,0,4,2026-07-15T15:45:26.107905
70,9,10,4,0,4,2026-07-15T15:45:27.587855
71,1,1,4,0,4,2026-07-15T15:45:29.151270
71,1,2,4,0,4,2026-07-15T15:45:30.728906
71,1,3,4,0,4,2026-07-15T15:45:32.247569
71,1,4,4,0,4,2026-07-15T15:45:33.830225
71,1,5,4,0,4,2026-07-15T15:45:35.365302
71,1,6,4,0,4,2026-07-15T15:45:36.874252
71,1,7,4,0,4,2026-07-15T15:45:38.514317
71,1,8,4,0,4,2026-07-15T15:45:40.152377
71,1,9,4,0,4,2026-07-15T15:45:40.591527
71,1,10,4,0,4,2026-07-15T15:45:42.116664
71,2,1,2,0,2,2026-07-15T15:45:43.765568
71,2,2,2,0,2,2026-07-15T15:45:45.326328
71,2,3,2,0,2,2026-07-15T15:45:46.833461
71,2,4,2,0,2,2026-07-15T15:45:48.478084
71,2,5,2,0,2,2026-07-15T15:45:49.983835
71,2,6,2,0,2,2026-07-15T15:45:50.482164
71,2,7,2,0,2,2026-07-15T15:45:52.030181
71,2,8,2,0,2,2026-07-15T15:45:53.578068
71,2,9,2,0,2,2026-07-15T15:45:55.150690
71,2,10,2,0,2,2026-07-15T15:45:56.642859
71,3,1,3,0,3,2026-07-15T15:45:58.250203
71,3,2,3,0,3,2026-07-15T15:45:59.766462
71,3,3,3,0,3,2026-07-15T15:46:01.541789
71,3,4,3,0,3,2026-07-15T15:46:04.522924
71,3,5,3,0,3,2026-07-15T15:46:06.085678
71,3,6,3,0,3,2026-07-15T15:46:07.568049
71,3,7,3,0,3,2026-07-15T15:46:09.066265
71,3,8,3,0,3,2026-07-15T15:46:10.815125
71,3,9,3,0,3,2026-07-15T15:46:12.320247
71,3,10,3,0,3,2026-07-15T15:46:13.809162
71,4,1,0,0,0,2026-07-15T15:46:15.334793
71,4,2,0,0,0,2026-07-15T15:46:16.840544
71,4,3,0,0,0,2026-07-15T15:46:19.045008
71,4,4,0,0,0,2026-07-15T15:46:20.613836
71,4,5,0,0,0,2026-07-15T15:46:22.087125
71,4,6,0,0,0,2026-07-15T15:46:23.633599
71,4,7,0,0,0,2026-07-15T15:46:25.209204
71,4,8,0,0,0,2026-07-15T15:46:26.739784
71,4,9,0,0,0,2026-07-15T15:46:28.214373
71,4,10,0,0,0,2026-07-15T15:46:29.716572
71,5,1,3,0,3,2026-07-15T15:46:31.157000
71,5,2,3,0,3,2026-07-15T15:46:32.636792
71,5,3,3,0,3,2026-07-15T15:46:34.117787
71,5,4,3,0,3,2026-07-15T15:46:35.553707
71,5,5,3,0,3,2026-07-15T15:46:37.054964
71,5,6,3,0,3,2026-07-15T15:46:38.516856
71,5,7,3,0,3,2026-07-15T15:46:40.084098
71,5,8,3,0,3,2026-07-15T15:46:41.575147
71,5,9,3,0,3,2026-07-15T15:46:43.085319
71,5,10,3,0,3,2026-07-15T15:46:44.625709
71,6,1,0,0,0,2026-07-15T15:46:46.229673
71,6,2,0,0,0,2026-07-15T15:46:47.784381
71,6,3,0,0,0,2026-07-15T15:46:49.371608
71,6,4,0,0,0,2026-07-15T15:46:50.837311
71,6,5,0,0,0,2026-07-15T15:46:52.348052
71,6,6,0,0,0,2026-07-15T15:46:53.892247
71,6,7,0,0,0,2026-07-15T15:46:55.520573
71,6,8,0,0,0,2026-07-15T15:46:57.056131
71,6,9,0,0,0,2026-07-15T15:46:58.562916
71,6,10,0,0,0,2026-07-15T15:47:00.074768
71,7,1,4,0,4,2026-07-15T15:47:01.567476
71,7,2,4,0,4,2026-07-15T15:47:03.254025
71,7,3,4,0,4,2026-07-15T15:47:04.776270
71,7,4,4,0,4,2026-07-15T15:47:06.374784
71,7,5,4,0,4,2026-07-15T15:47:07.907878
71,7,6,4,0,4,2026-07-15T15:47:09.442442
71,7,7,4,0,4,2026-07-15T15:47:11.081955
71,7,8,4,0,4,2026-07-15T15:47:12.568695
71,7,9,4,0,4,2026-07-15T15:47:13.131838
71,7,10,4,0,4,2026-07-15T15:47:14.641022
71,8,1,0,0,0,2026-07-15T15:47:16.160786
71,8,2,0,0,0,2026-07-15T15:47:17.664917
71,8,3,0,0,0,2026-07-15T15:47:19.187878
71,8,4,0,0,0,2026-07-15T15:47:20.782339
71,8,5,0,0,0,2026-07-15T15:47:22.347620
71,8,6,0,0,0,2026-07-15T15:47:23.885366
71,8,7,0,0,0,2026-07-15T15:47:25.377572
71,8,8,0,0,0,2026-07-15T15:47:26.931438
71,8,9,0,0,0,2026-07-15T15:47:28.411443
71,8,10,0,0,0,2026-07-15T15:47:29.937181
71,9,1,5,0,5,2026-07-15T15:47:31.483012
71,9,2,5,0,5,2026-07-15T15:47:32.976788
71,9,3,5,0,5,2026-07-15T15:47:34.490024
71,9,4,5,0,5,2026-07-15T15:47:36.011825
71,9,5,5,0,5,2026-07-15T15:47:37.513666
71,9,6,5,0,5,2026-07-15T15:47:38.991944
71,9,7,5,0,5,2026-07-15T15:47:40.577293
71,9,8,5,0,5,2026-07-15T15:47:42.055899
71,9,9,5,0,5,2026-07-15T15:47:43.604286
71,9,10,5,0,5,2026-07-15T15:47:45.122831
72,1,1,5,0,5,2026-07-15T15:47:47.398398
72,1,2,5,0,5,2026-07-15T15:47:48.877577
72,1,3,5,0,5,2026-07-15T15:47:50.509064
72,1,4,5,0,5,2026-07-15T15:47:52.540979
72,1,5,5,0,5,2026-07-15T15:47:53.127518
72,1,6,5,0,5,2026-07-15T15:47:53.785047
72,1,7,5,0,5,2026-07-15T15:47:55.322493
72,1,8,5,0,5,2026-07-15T15:47:57.422456
72,1,9,5,0,5,2026-07-15T15:47:58.936490
72,1,10,5,0,5,2026-07-15T15:48:00.431073
72,2,1,2,0,2,2026-07-15T15:48:00.892272
72,2,2,2,0,2,2026-07-15T15:48:02.466457
72,2,3,2,0,2,2026-07-15T15:48:04.182404
72,2,4,2,0,2,2026-07-15T15:48:05.659625
72,2,5,2,0,2,2026-07-15T15:48:07.154229
72,2,6,2,0,2,2026-07-15T15:48:08.633435
72,2,7,2,0,2,2026-07-15T15:48:10.728930
72,2,8,2,0,2,2026-07-15T15:48:12.324242
72,2,9,2,0,2,2026-07-15T15:48:13.834472
72,2,10,2,0,2,2026-07-15T15:48:15.346727
72,3,1,2,0,2,2026-07-15T15:48:16.826831
72,3,2,2,0,2,2026-07-15T15:48:18.328848
72,3,3,3,0,3,2026-07-15T15:48:19.809054
72,3,4,3,0,3,2026-07-15T15:48:21.341115
72,3,5,3,0,3,2026-07-15T15:48:21.840663
72,3,6,2,0,2,2026-07-15T15:48:22.458339
72,3,7,3,0,3,2026-07-15T15:48:23.933811
72,3,8,3,0,3,2026-07-15T15:48:25.427291
72,3,9,3,0,3,2026-07-15T15:48:25.908227
72,3,10,3,0,3,2026-07-15T15:48:27.422910
72,4,1,0,0,0,2026-07-15T15:48:27.985491
72,4,2,0,0,0,2026-07-15T15:48:29.509925
72,4,3,0,0,0,2026-07-15T15:48:30.989815
72,4,4,0,0,0,2026-07-15T15:48:32.558011
72,4,5,0,0,0,2026-07-15T15:48:34.035768
72,4,6,0,0,0,2026-07-15T15:48:35.566484
72,4,7,0,0,0,2026-07-15T15:48:37.044814
72,4,8,0,0,0,2026-07-15T15:48:38.565935
72,4,9,0,0,0,2026-07-15T15:48:40.053864
72,4,10,0,0,0,2026-07-15T15:48:42.170280
72,5,1,3,0,3,2026-07-15T15:48:43.763022
72,5,2,3,0,3,2026-07-15T15:48:45.312599
72,5,3,3,0,3,2026-07-15T15:48:46.830085
72,5,4,3,0,3,2026-07-15T15:48:47.335326
72,5,5,3,0,3,2026-07-15T15:48:47.986190
72,5,6,3,0,3,2026-07-15T15:48:49.502927
72,5,7,3,0,3,2026-07-15T15:48:51.129844
72,5,8,3,0,3,2026-07-15T15:48:52.640012
72,5,9,3,0,3,2026-07-15T15:48:53.241111
72,5,10,3,0,3,2026-07-15T15:48:54.707684
72,6,1,0,0,0,2026-07-15T15:48:55.258760
72,6,2,0,0,0,2026-07-15T15:48:56.749553
72,6,3,0,0,0,2026-07-15T15:48:58.201041
72,6,4,0,0,0,2026-07-15T15:48:59.696770
72,6,5,0,0,0,2026-07-15T15:49:01.263573
72,6,6,0,0,0,2026-07-15T15:49:02.727441
72,6,7,0,0,0,2026-07-15T15:49:03.205482
72,6,8,0,0,0,2026-07-15T15:49:03.726191
72,6,9,0,0,0,2026-07-15T15:49:05.156906
72,6,10,0,0,0,2026-07-15T15:49:06.582473
72,7,1,4,0,4,2026-07-15T15:49:08.028480
72,7,2,4,0,4,2026-07-15T15:49:09.498890
72,7,3,4,0,4,2026-07-15T15:49:10.996597
72,7,4,4,0,4,2026-07-15T15:49:12.496054
72,7,5,4,0,4,2026-07-15T15:49:13.981400
72,7,6,4,0,4,2026-07-15T15:49:15.451867
72,7,7,4,0,4,2026-07-15T15:49:17.021806
72,7,8,4,0,4,2026-07-15T15:49:18.501780
72,7,9,4,0,4,2026-07-15T15:49:19.936610
72,7,10,4,0,4,2026-07-15T15:49:21.474533
72,8,1,2,0,2,2026-07-15T15:49:22.943232
72,8,2,2,0,2,2026-07-15T15:49:24.452513
72,8,3,2,0,2,2026-07-15T15:49:26.050172
72,8,4,2,0,2,2026-07-15T15:49:27.586445
72,8,5,2,0,2,2026-07-15T15:49:29.053590
72,8,6,2,0,2,2026-07-15T15:49:30.545560
72,8,7,2,0,2,2026-07-15T15:49:32.088562
72,8,8,2,0,2,2026-07-15T15:49:32.528791
72,8,9,2,0,2,2026-07-15T15:49:33.994413
72,8,10,2,0,2,2026-07-15T15:49:34.522340
72,9,1,5,0,5,2026-07-15T15:49:36.009113
72,9,2,5,0,5,2026-07-15T15:49:37.487283
72,9,3,5,0,5,2026-07-15T15:49:38.971936
72,9,4,5,0,5,2026-07-15T15:49:39.516353
72,9,5,5,0,5,2026-07-15T15:49:41.032569
72,9,6,5,0,5,2026-07-15T15:49:42.514902
72,9,7,5,0,5,2026-07-15T15:49:44.018002
72,9,8,5,0,5,2026-07-15T15:49:45.538755
72,9,9,5,0,5,2026-07-15T15:49:47.090698
72,9,10,5,0,5,2026-07-15T15:49:48.596439
73,1,1,3,0,3,2026-07-15T15:49:50.111203
73,1,2,3,0,3,2026-07-15T15:49:51.556795
73,1,3,3,0,3,2026-07-15T15:49:53.071500
73,1,4,3,0,3,2026-07-15T15:49:54.557394
73,1,5,3,0,3,2026-07-15T15:49:56.037941
73,1,6,3,0,3,2026-07-15T15:49:57.494206
73,1,7,3,0,3,2026-07-15T15:49:58.050590
73,1,8,3,0,3,2026-07-15T15:49:58.512643
73,1,9,3,0,3,2026-07-15T15:50:00.006458
73,1,10,3,0,3,2026-07-15T15:50:01.490686
73,2,1,1,0,1,2026-07-15T15:50:03.016566
73,2,2,0,0,0,2026-07-15T15:50:03.459744
73,2,3,0,0,0,2026-07-15T15:50:04.952623
73,2,4,0,0,0,2026-07-15T15:50:06.453975
73,2,5,0,0,0,2026-07-15T15:50:07.970739
73,2,6,1,0,1,2026-07-15T15:50:09.508692
73,2,7,1,0,1,2026-07-15T15:50:10.966561
73,2,8,0,0,0,2026-07-15T15:50:12.628397
73,2,9,0,0,0,2026-07-15T15:50:14.120711
73,2,10,1,0,1,2026-07-15T15:50:14.687841
73,3,1,2,0,2,2026-07-15T15:50:16.165762
73,3,2,2,0,2,2026-07-15T15:50:17.739102
73,3,3,2,0,2,2026-07-15T15:50:19.256844
73,3,4,2,0,2,2026-07-15T15:50:20.857621
73,3,5,2,0,2,2026-07-15T15:50:22.361535
73,3,6,2,0,2,2026-07-15T15:50:23.938703
73,3,7,2,0,2,2026-07-15T15:50:25.473348
73,3,8,2,0,2,2026-07-15T15:50:26.955368
73,3,9,2,0,2,2026-07-15T15:50:28.469100
73,3,10,2,0,2,2026-07-15T15:50:28.989115
73,4,1,0,0,0,2026-07-15T15:50:29.484260
73,4,2,0,0,0,2026-07-15T15:50:31.007117
73,4,3,0,0,0,2026-07-15T15:50:32.504888
73,4,4,0,0,0,2026-07-15T15:50:34.060782
73,4,5,0,0,0,2026-07-15T15:50:35.586579
73,4,6,0,0,0,2026-07-15T15:50:37.109580
73,4,7,0,0,0,2026-07-15T15:50:38.651914
73,4,8,0,0,0,2026-07-15T15:50:40.435386
73,4,9,0,0,0,2026-07-15T15:50:40.943032
73,4,10,0,0,0,2026-07-15T15:50:42.404388
73,5,1,3,0,3,2026-07-15T15:50:42.911884
73,5,2,3,0,3,2026-07-15T15:50:44.583899
73,5,3,3,0,3,2026-07-15T15:50:45.087769
73,5,4,3,0,3,2026-07-15T15:50:46.836221
73,5,5,3,0,3,2026-07-15T15:50:48.472375
73,5,6,3,0,3,2026-07-15T15:50:49.961890
73,5,7,3,0,3,2026-07-15T15:50:52.038418
73,5,8,3,0,3,2026-07-15T15:50:53.608125
73,5,9,3,0,3,2026-07-15T15:50:55.094720
73,5,10,3,0,3,2026-07-15T15:50:56.672212
73,6,1,0,0,0,2026-07-15T15:50:58.243702
73,6,2,0,0,0,2026-07-15T15:50:59.763128
73,6,3,0,0,0,2026-07-15T15:51:01.239745
73,6,4,0,0,0,2026-07-15T15:51:03.104680
73,6,5,0,0,0,2026-07-15T15:51:04.662185
73,6,6,0,0,0,2026-07-15T15:51:06.197581
73,6,7,0,0,0,2026-07-15T15:51:07.836270
73,6,8,0,0,0,2026-07-15T15:51:09.311474
73,6,9,0,0,0,2026-07-15T15:51:10.851688
73,6,10,0,0,0,2026-07-15T15:51:12.518246
73,7,1,3,0,3,2026-07-15T15:51:12.990655
73,7,2,3,0,3,2026-07-15T15:51:14.469081
73,7,3,3,0,3,2026-07-15T15:51:14.997179
73,7,4,3,0,3,2026-07-15T15:51:16.502195
73,7,5,3,0,3,2026-07-15T15:51:17.984946
73,7,6,3,0,3,2026-07-15T15:51:19.560964
73,7,7,3,0,3,2026-07-15T15:51:21.145989
73,7,8,3,0,3,2026-07-15T15:51:22.654863
73,7,9,3,0,3,2026-07-15T15:51:23.171246
73,7,10,3,0,3,2026-07-15T15:51:24.733129
73,8,1,0,0,0,2026-07-15T15:51:26.240315
73,8,2,0,0,0,2026-07-15T15:51:27.854447
73,8,3,0,0,0,2026-07-15T15:51:29.440011
73,8,4,0,0,0,2026-07-15T15:51:30.871022
73,8,5,0,0,0,2026-07-15T15:51:32.488543
73,8,6,0,0,0,2026-07-15T15:51:33.949732
73,8,7,0,0,0,2026-07-15T15:51:35.461478
73,8,8,0,0,0,2026-07-15T15:51:36.981248
73,8,9,0,0,0,2026-07-15T15:51:38.562757
73,8,10,0,0,0,2026-07-15T15:51:40.035684
73,9,1,4,0,4,2026-07-15T15:51:41.510130
73,9,2,4,0,4,2026-07-15T15:51:43.059693
73,9,3,4,0,4,2026-07-15T15:51:44.561379
73,9,4,4,0,4,2026-07-15T15:51:46.150029
73,9,5,4,0,4,2026-07-15T15:51:47.664775
73,9,6,4,0,4,2026-07-15T15:51:49.116026
73,9,7,4,0,4,2026-07-15T15:51:50.597852
73,9,8,4,0,4,2026-07-15T15:51:52.207779
73,9,9,4,0,4,2026-07-15T15:51:53.693253
73,9,10,4,0,4,2026-07-15T15:51:55.211459
74,1,1,4,0,4,2026-07-15T15:51:56.678023
74,1,2,4,0,4,2026-07-15T15:51:58.168638
74,1,3,4,0,4,2026-07-15T15:51:59.854111
74,1,4,4,0,4,2026-07-15T15:52:01.375417
74,1,5,4,0,4,2026-07-15T15:52:02.929001
74,1,6,4,0,4,2026-07-15T15:52:04.495317
74,1,7,4,0,4,2026-07-15T15:52:06.202791
74,1,8,4,0,4,2026-07-15T15:52:07.722367
74,1,9,4,0,4,2026-07-15T15:52:09.286617
74,1,10,4,0,4,2026-07-15T15:52:09.789093
74,2,1,0,0,0,2026-07-15T15:52:10.260658
74,2,2,0,0,0,2026-07-15T15:52:11.852538
74,2,3,0,0,0,2026-07-15T15:52:13.435781
74,2,4,0,0,0,2026-07-15T15:52:14.973658
74,2,5,0,0,0,2026-07-15T15:52:16.550312
74,2,6,0,0,0,2026-07-15T15:52:18.065122
74,2,7,0,0,0,2026-07-15T15:52:19.619571
74,2,8,0,0,0,2026-07-15T15:52:20.334177
74,2,9,0,0,0,2026-07-15T15:52:21.975563
74,2,10,0,0,0,2026-07-15T15:52:23.454060
74,3,1,2,0,2,2026-07-15T15:52:25.047132
74,3,2,3,0,3,2026-07-15T15:52:26.581815
74,3,3,2,0,2,2026-07-15T15:52:28.116381
74,3,4,2,0,2,2026-07-15T15:52:29.576480
74,3,5,2,0,2,2026-07-15T15:52:30.096142
74,3,6,2,0,2,2026-07-15T15:52:31.600802
74,3,7,3,0,3,2026-07-15T15:52:33.135252
74,3,8,2,0,2,2026-07-15T15:52:33.629961
74,3,9,3,0,3,2026-07-15T15:52:35.111415
74,3,10,3,0,3,2026-07-15T15:52:36.613221
74,4,1,0,0,0,2026-07-15T15:52:38.126336
74,4,2,0,0,0,2026-07-15T15:52:39.593635
74,4,3,0,0,0,2026-07-15T15:52:41.119444
74,4,4,0,0,0,2026-07-15T15:52:41.590621
74,4,5,0,0,0,2026-07-15T15:52:43.100151
74,4,6,0,0,0,2026-07-15T15:52:44.708550
74,4,7,0,0,0,2026-07-15T15:52:46.161547
74,4,8,0,0,0,2026-07-15T15:52:47.676936
74,4,9,0,0,0,2026-07-15T15:52:49.167185
74,4,10,0,0,0,2026-07-15T15:52:50.674328
74,5,1,2,0,2,2026-07-15T15:52:52.294352
74,5,2,2,0,2,2026-07-15T15:52:53.801889
74,5,3,2,0,2,2026-07-15T15:52:55.266790
74,5,4,2,0,2,2026-07-15T15:52:56.760857
74,5,5,2,0,2,2026-07-15T15:52:58.325843
74,5,6,2,0,2,2026-07-15T15:52:59.045959
74,5,7,2,0,2,2026-07-15T15:53:00.557003
74,5,8,2,0,2,2026-07-15T15:53:02.084081
74,5,9,2,0,2,2026-07-15T15:53:03.575520
74,5,10,2,0,2,2026-07-15T15:53:05.189096
74,6,1,0,0,0,2026-07-15T15:53:05.802994
74,6,2,0,0,0,2026-07-15T15:53:07.294687
74,6,3,0,0,0,2026-07-15T15:53:09.489305
74,6,4,0,0,0,2026-07-15T15:53:10.921062
74,6,5,0,0,0,2026-07-15T15:53:12.414334
74,6,6,0,0,0,2026-07-15T15:53:13.992036
74,6,7,0,0,0,2026-07-15T15:53:16.155919
74,6,8,0,0,0,2026-07-15T15:53:17.639902
74,6,9,0,0,0,2026-07-15T15:53:18.191604
74,6,10,0,0,0,2026-07-15T15:53:19.726676
74,7,1,4,0,4,2026-07-15T15:53:21.367783
74,7,2,4,0,4,2026-07-15T15:53:21.927960
74,7,3,4,0,4,2026-07-15T15:53:23.442488
74,7,4,4,0,4,2026-07-15T15:53:24.951113
74,7,5,4,0,4,2026-07-15T15:53:26.489925
74,7,6,4,0,4,2026-07-15T15:53:28.123122
74,7,7,4,0,4,2026-07-15T15:53:29.621156
74,7,8,4,0,4,2026-07-15T15:53:31.137321
74,7,9,4,0,4,2026-07-15T15:53:32.734075
74,7,10,4,0,4,2026-07-15T15:53:34.294254
74,8,1,2,0,2,2026-07-15T15:53:36.029530
74,8,2,2,0,2,2026-07-15T15:53:37.506155
74,8,3,2,0,2,2026-07-15T15:53:39.092225
74,8,4,2,0,2,2026-07-15T15:53:41.117612
74,8,5,2,0,2,2026-07-15T15:53:42.667025
74,8,6,2,0,2,2026-07-15T15:53:44.231693
74,8,7,2,0,2,2026-07-15T15:53:45.753597
74,8,8,2,0,2,2026-07-15T15:53:47.292082
74,8,9,2,0,2,2026-07-15T15:53:47.822482
74,8,10,2,0,2,2026-07-15T15:53:49.292449
74,9,1,5,0,5,2026-07-15T15:53:50.779241
74,9,2,5,0,5,2026-07-15T15:53:52.392352
74,9,3,5,0,5,2026-07-15T15:53:53.881721
74,9,4,5,0,5,2026-07-15T15:53:55.384393
74,9,5,5,0,5,2026-07-15T15:53:57.315550
74,9,6,5,0,5,2026-07-15T15:53:58.822641
74,9,7,5,0,5,2026-07-15T15:54:00.289508
74,9,8,5,0,5,2026-07-15T15:54:01.010532
74,9,9,5,0,5,2026-07-15T15:54:02.869671
74,9,10,5,0,5,2026-07-15T15:54:03.373234
75,1,1,5,0,5,2026-07-15T15:54:04.886759
75,1,2,5,0,5,2026-07-15T15:54:06.360653
75,1,3,5,0,5,2026-07-15T15:54:07.841357
75,1,4,5,0,5,2026-07-15T15:54:09.369631
75,1,5,5,0,5,2026-07-15T15:54:10.873447
75,1,6,5,0,5,2026-07-15T15:54:12.437754
75,1,7,5,0,5,2026-07-15T15:54:13.974370
75,1,8,5,0,5,2026-07-15T15:54:15.480144
75,1,9,5,0,5,2026-07-15T15:54:16.982579
75,1,10,5,0,5,2026-07-15T15:54:18.506303
75,2,1,0,0,0,2026-07-15T15:54:18.965477
75,2,2,0,0,0,2026-07-15T15:54:20.501909
75,2,3,0,0,0,2026-07-15T15:54:21.989778
75,2,4,0,0,0,2026-07-15T15:54:23.514401
75,2,5,0,0,0,2026-07-15T15:54:25.061810
75,2,6,0,0,0,2026-07-15T15:54:25.513898
75,2,7,0,0,0,2026-07-15T15:54:25.998420
75,2,8,0,0,0,2026-07-15T15:54:26.536659
75,2,9,0,0,0,2026-07-15T15:54:28.031137
75,2,10,0,0,0,2026-07-15T15:54:29.549858
75,3,1,3,0,3,2026-07-15T15:54:31.100334
75,3,2,0,0,0,2026-07-15T15:54:32.582306
75,3,3,3,0,3,2026-07-15T15:54:34.085865
75,3,4,3,0,3,2026-07-15T15:54:35.509959
75,3,5,3,0,3,2026-07-15T15:54:37.011088
75,3,6,3,0,3,2026-07-15T15:54:37.551389
75,3,7,3,0,3,2026-07-15T15:54:39.089114
75,3,8,3,0,3,2026-07-15T15:54:40.618408
75,3,9,3,0,3,2026-07-15T15:54:42.105082
75,3,10,3,0,3,2026-07-15T15:54:43.697959
75,4,1,0,0,0,2026-07-15T15:54:44.210043
75,4,2,0,0,0,2026-07-15T15:54:45.848721
75,4,3,0,0,0,2026-07-15T15:54:46.365498
75,4,4,0,0,0,2026-07-15T15:54:46.971424
75,4,5,0,0,0,2026-07-15T15:54:48.447703
75,4,6,0,0,0,2026-07-15T15:54:49.974078
75,4,7,0,0,0,2026-07-15T15:54:50.545507
75,4,8,0,0,0,2026-07-15T15:54:52.093643
75,4,9,0,0,0,2026-07-15T15:54:53.629615
75,4,10,0,0,0,2026-07-15T15:54:55.141044
75,5,1,2,0,2,2026-07-15T15:54:56.692890
75,5,2,2,0,2,2026-07-15T15:54:58.197008
75,5,3,2,0,2,2026-07-15T15:54:59.666996
75,5,4,2,0,2,2026-07-15T15:55:01.135786
75,5,5,2,0,2,2026-07-15T15:55:02.710769
75,5,6,2,0,2,2026-07-15T15:55:03.184263
75,5,7,2,0,2,2026-07-15T15:55:04.686234
75,5,8,2,0,2,2026-07-15T15:55:05.172600
75,5,9,2,0,2,2026-07-15T15:55:05.637169
75,5,10,2,0,2,2026-07-15T15:55:07.147193
75,6,1,0,0,0,2026-07-15T15:55:08.662015
75,6,2,0,0,0,2026-07-15T15:55:10.219448
75,6,3,0,0,0,2026-07-15T15:55:11.729221
75,6,4,0,0,0,2026-07-15T15:55:13.207480
75,6,5,0,0,0,2026-07-15T15:55:14.800982
75,6,6,0,0,0,2026-07-15T15:55:16.297148
75,6,7,0,0,0,2026-07-15T15:55:17.779372
75,6,8,0,0,0,2026-07-15T15:55:18.263184
75,6,9,0,0,0,2026-07-15T15:55:19.706268
75,6,10,0,0,0,2026-07-15T15:55:21.197663
75,7,1,5,0,5,2026-07-15T15:55:22.759479
75,7,2,5,0,5,2026-07-15T15:55:24.511292
75,7,3,5,0,5,2026-07-15T15:55:25.244295
75,7,4,5,0,5,2026-07-15T15:55:26.897315
75,7,5,5,0,5,2026-07-15T15:55:29.482738
75,7,6,5,0,5,2026-07-15T15:55:30.981658
75,7,7,5,0,5,2026-07-15T15:55:34.237488
75,7,8,5,0,5,2026-07-15T15:55:34.739996
75,7,9,5,0,5,2026-07-15T15:55:36.309829
75,7,10,5,0,5,2026-07-15T15:55:37.778304
75,8,1,0,0,0,2026-07-15T15:55:38.335455
75,8,2,0,0,0,2026-07-15T15:55:41.507631
75,8,3,0,0,0,2026-07-15T15:55:42.065001
75,8,4,0,0,0,2026-07-15T15:55:42.531758
75,8,5,0,0,0,2026-07-15T15:55:44.156910
75,8,6,0,0,0,2026-07-15T15:55:47.798283
75,8,7,0,0,0,2026-07-15T15:55:49.335364
75,8,8,0,0,0,2026-07-15T15:55:50.970173
75,8,9,0,0,0,2026-07-15T15:55:52.460075
75,8,10,0,0,0,2026-07-15T15:55:53.971557
75,9,1,5,0,5,2026-07-15T15:55:55.468880
75,9,2,5,0,5,2026-07-15T15:55:56.903608
75,9,3,5,0,5,2026-07-15T15:55:57.536655
75,9,4,5,0,5,2026-07-15T15:55:59.063656
75,9,5,5,0,5,2026-07-15T15:56:00.499580
75,9,6,5,0,5,2026-07-15T15:56:01.933033
75,9,7,5,0,5,2026-07-15T15:56:03.462858
75,9,8,5,0,5,2026-07-15T15:56:03.989322
75,9,9,5,0,5,2026-07-15T15:56:05.457953
75,9,10,5,0,5,2026-07-15T15:56:05.922770
76,1,1,5,0,5,2026-07-15T15:56:06.361616
76,1,2,5,0,5,2026-07-15T15:56:06.831926
76,1,3,5,0,5,2026-07-15T15:56:07.265022
76,1,4,5,0,5,2026-07-15T15:56:08.741154
76,1,5,5,0,5,2026-07-15T15:56:10.215426
76,1,6,5,0,5,2026-07-15T15:56:11.693753
76,1,7,5,0,5,2026-07-15T15:56:12.117085
76,1,8,5,0,5,2026-07-15T15:56:12.601928
76,1,9,5,0,5,2026-07-15T15:56:13.060251
76,1,10,5,0,5,2026-07-15T15:56:13.701989
76,2,1,0,0,0,2026-07-15T15:56:15.156519
76,2,2,0,0,0,2026-07-15T15:56:16.659651
76,2,3,0,0,0,2026-07-15T15:56:17.171368
76,2,4,0,0,0,2026-07-15T15:56:18.616647
76,2,5,0,0,0,2026-07-15T15:56:20.064431
76,2,6,0,0,0,2026-07-15T15:56:21.601330
76,2,7,0,0,0,2026-07-15T15:56:22.194696
76,2,8,0,0,0,2026-07-15T15:56:23.679364
76,2,9,0,0,0,2026-07-15T15:56:25.279640
76,2,10,0,0,0,2026-07-15T15:56:26.864401
76,3,1,3,0,3,2026-07-15T15:56:28.451877
76,3,2,3,0,3,2026-07-15T15:56:29.901146
76,3,3,3,0,3,2026-07-15T15:56:31.412126
76,3,4,3,0,3,2026-07-15T15:56:32.960502
76,3,5,3,0,3,2026-07-15T15:56:34.442376
76,3,6,3,0,3,2026-07-15T15:56:36.029418
76,3,7,3,0,3,2026-07-15T15:56:37.565217
76,3,8,3,0,3,2026-07-15T15:56:38.077431
76,3,9,3,0,3,2026-07-15T15:56:39.613622
76,3,10,3,0,3,2026-07-15T15:56:41.152180
76,4,1,0,0,0,2026-07-15T15:56:42.787861
76,4,2,0,0,0,2026-07-15T15:56:44.326830
76,4,3,0,0,0,2026-07-15T15:56:45.881700
76,4,4,0,0,0,2026-07-15T15:56:47.437051
76,4,5,0,0,0,2026-07-15T15:56:49.034491
76,4,6,0,0,0,2026-07-15T15:56:50.613050
76,4,7,0,0,0,2026-07-15T15:56:52.115536
76,4,8,0,0,0,2026-07-15T15:56:53.627721
76,4,9,0,0,0,2026-07-15T15:56:55.117211
76,4,10,0,0,0,2026-07-15T15:56:56.605340
76,5,1,3,0,3,2026-07-15T15:56:58.083233
76,5,2,3,0,3,2026-07-15T15:56:59.584701
76,5,3,3,0,3,2026-07-15T15:57:00.025257
76,5,4,3,0,3,2026-07-15T15:57:01.538828
76,5,5,3,0,3,2026-07-15T15:57:03.041946
76,5,6,3,0,3,2026-07-15T15:57:04.532375
76,5,7,3,0,3,2026-07-15T15:57:06.034303
76,5,8,3,0,3,2026-07-15T15:57:07.564138
76,5,9,3,0,3,2026-07-15T15:57:09.025675
76,5,10,3,0,3,2026-07-15T15:57:10.514829
76,6,1,0,0,0,2026-07-15T15:57:10.975266
76,6,2,0,0,0,2026-07-15T15:57:12.484264
76,6,3,0,0,0,2026-07-15T15:57:13.934412
76,6,4,0,0,0,2026-07-15T15:57:15.424875
76,6,5,0,0,0,2026-07-15T15:57:15.886646
76,6,6,0,0,0,2026-07-15T15:57:17.416429
76,6,7,0,0,0,2026-07-15T15:57:18.920377
76,6,8,0,0,0,2026-07-15T15:57:20.368518
76,6,9,0,0,0,2026-07-15T15:57:21.828235
76,6,10,0,0,0,2026-07-15T15:57:23.342005
76,7,1,5,0,5,2026-07-15T15:57:23.860618
76,7,2,5,0,5,2026-07-15T15:57:25.352921
76,7,3,5,0,5,2026-07-15T15:57:25.797916
76,7,4,5,0,5,2026-07-15T15:57:27.343533
76,7,5,5,0,5,2026-07-15T15:57:28.885038
76,7,6,5,0,5,2026-07-15T15:57:30.434414
76,7,7,5,0,5,2026-07-15T15:57:31.959907
76,7,8,5,0,5,2026-07-15T15:57:33.437368
76,7,9,5,0,5,2026-07-15T15:57:34.911584
76,7,10,5,0,5,2026-07-15T15:57:36.417824
76,8,1,0,0,0,2026-07-15T15:57:37.841991
76,8,2,0,0,0,2026-07-15T15:57:38.379146
76,8,3,0,0,0,2026-07-15T15:57:39.832103
76,8,4,0,0,0,2026-07-15T15:57:41.305459
76,8,5,0,0,0,2026-07-15T15:57:41.746590
76,8,6,0,0,0,2026-07-15T15:57:43.256252
76,8,7,0,0,0,2026-07-15T15:57:44.775176
76,8,8,0,0,0,2026-07-15T15:57:46.310672
76,8,9,0,0,0,2026-07-15T15:57:47.922212
76,8,10,0,0,0,2026-07-15T15:57:49.419459
76,9,1,5,0,5,2026-07-15T15:57:50.937763
76,9,2,5,0,5,2026-07-15T15:57:52.442760
76,9,3,5,0,5,2026-07-15T15:57:53.902327
76,9,4,5,0,5,2026-07-15T15:57:55.352453
76,9,5,5,0,5,2026-07-15T15:57:55.814540
76,9,6,5,0,5,2026-07-15T15:57:57.439947
76,9,7,5,0,5,2026-07-15T15:57:57.979958
76,9,8,5,0,5,2026-07-15T15:57:58.419105
76,9,9,5,0,5,2026-07-15T15:57:59.926550
76,9,10,5,0,5,2026-07-15T15:58:01.433110
77,1,1,5,0,5,2026-07-15T15:58:01.938554
77,1,2,5,0,5,2026-07-15T15:58:03.501567
77,1,3,5,0,5,2026-07-15T15:58:03.993641
77,1,4,5,0,5,2026-07-15T15:58:05.464885
77,1,5,5,0,5,2026-07-15T15:58:07.007220
77,1,6,5,0,5,2026-07-15T15:58:07.497150
77,1,7,5,0,5,2026-07-15T15:58:09.040260
77,1,8,5,0,5,2026-07-15T15:58:10.523490
77,1,9,5,0,5,2026-07-15T15:58:11.989615
77,1,10,5,0,5,2026-07-15T15:58:13.465142
77,2,1,2,0,2,2026-07-15T15:58:14.006359
77,2,2,2,0,2,2026-07-15T15:58:14.554100
77,2,3,2,0,2,2026-07-15T15:58:16.060058
77,2,4,2,0,2,2026-07-15T15:58:17.518823
77,2,5,2,0,2,2026-07-15T15:58:19.015053
77,2,6,2,0,2,2026-07-15T15:58:20.557798
77,2,7,2,0,2,2026-07-15T15:58:22.048804
77,2,8,2,0,2,2026-07-15T15:58:22.490079
77,2,9,2,0,2,2026-07-15T15:58:23.988399
77,2,10,2,0,2,2026-07-15T15:58:25.535100
77,3,1,3,0,3,2026-07-15T15:58:27.214141
77,3,2,3,0,3,2026-07-15T15:58:28.726139
77,3,3,3,0,3,2026-07-15T15:58:30.200445
77,3,4,3,0,3,2026-07-15T15:58:30.669584
77,3,5,3,0,3,2026-07-15T15:58:32.257444
77,3,6,3,0,3,2026-07-15T15:58:33.723202
77,3,7,3,0,3,2026-07-15T15:58:35.179362
77,3,8,3,0,3,2026-07-15T15:58:36.642190
77,3,9,3,0,3,2026-07-15T15:58:38.120285
77,3,10,3,0,3,2026-07-15T15:58:39.630528
77,4,1,0,0,0,2026-07-15T15:58:41.206946
77,4,2,0,0,0,2026-07-15T15:58:42.700327
77,4,3,0,0,0,2026-07-15T15:58:44.234261
77,4,4,0,0,0,2026-07-15T15:58:45.849310
77,4,5,0,0,0,2026-07-15T15:58:47.282010
77,4,6,0,0,0,2026-07-15T15:58:48.748773
77,4,7,0,0,0,2026-07-15T15:58:50.254576
77,4,8,0,0,0,2026-07-15T15:58:51.784837
77,4,9,0,0,0,2026-07-15T15:58:53.250610
77,4,10,0,0,0,2026-07-15T15:58:54.785031
77,5,1,3,0,3,2026-07-15T15:58:56.318992
77,5,2,3,0,3,2026-07-15T15:58:57.778995
77,5,3,3,0,3,2026-07-15T15:58:59.291986
77,5,4,3,0,3,2026-07-15T15:59:00.763830
77,5,5,3,0,3,2026-07-15T15:59:02.360879
77,5,6,3,0,3,2026-07-15T15:59:03.896753
77,5,7,3,0,3,2026-07-15T15:59:05.412781
77,5,8,3,0,3,2026-07-15T15:59:06.969073
77,5,9,3,0,3,2026-07-15T15:59:08.609818
77,5,10,3,0,3,2026-07-15T15:59:10.143556
77,6,1,0,0,0,2026-07-15T15:59:11.986816
77,6,2,0,0,0,2026-07-15T15:59:13.589823
77,6,3,0,0,0,2026-07-15T15:59:15.021635
77,6,4,0,0,0,2026-07-15T15:59:16.834442
77,6,5,0,0,0,2026-07-15T15:59:18.340473
77,6,6,0,0,0,2026-07-15T15:59:19.841687
77,6,7,0,0,0,2026-07-15T15:59:21.372446
77,6,8,0,0,0,2026-07-15T15:59:22.943792
77,6,9,0,0,0,2026-07-15T15:59:24.367183
77,6,10,0,0,0,2026-07-15T15:59:25.913301
77,7,1,4,0,4,2026-07-15T15:59:27.404689
77,7,2,4,0,4,2026-07-15T15:59:28.882040
77,7,3,4,0,4,2026-07-15T15:59:30.421558
77,7,4,4,0,4,2026-07-15T15:59:31.962307
77,7,5,4,0,4,2026-07-15T15:59:33.493192
77,7,6,4,0,4,2026-07-15T15:59:34.961577
77,7,7,4,0,4,2026-07-15T15:59:36.463905
77,7,8,4,0,4,2026-07-15T15:59:38.010002
77,7,9,4,0,4,2026-07-15T15:59:38.459407
77,7,10,4,0,4,2026-07-15T15:59:39.000071
77,8,1,2,0,2,2026-07-15T15:59:40.556658
77,8,2,2,2,2,2026-07-15T16:49:34.761623
77,8,3,2,1,2,2026-07-15T16:48:46.507884
77,8,4,2,1,2,2026-07-15T16:48:48.069225
77,8,5,2,0,2,2026-07-15T15:59:46.593637
77,8,6,2,0,2,2026-07-15T15:59:48.115399
77,8,7,2,0,2,2026-07-15T15:59:49.655217
77,8,8,2,1,2,2026-07-15T16:48:49.596888
77,8,9,2,2,2,2026-07-15T16:49:36.281217
77,8,10,2,0,2,2026-07-15T15:59:54.381965
77,9,1,5,0,5,2026-07-15T15:59:55.919534
77,9,2,5,0,5,2026-07-15T15:59:56.428524
77,9,3,5,0,5,2026-07-15T15:59:57.930792
77,9,4,5,0,5,2026-07-15T15:59:59.390924
77,9,5,5,0,5,2026-07-15T15:59:59.815442
77,9,6,5,0,5,2026-07-15T16:00:01.334471
77,9,7,5,0,5,2026-07-15T16:00:01.835994
77,9,8,5,0,5,2026-07-15T16:00:03.334056
77,9,9,5,0,5,2026-07-15T16:00:05.120529
77,9,10,5,0,5,2026-07-15T16:00:07.048297
78,1,1,4,0,4,2026-07-15T16:00:09.026673
78,1,2,4,0,4,2026-07-15T16:00:09.538665
78,1,3,4,0,4,2026-07-15T16:00:11.352270
78,1,4,4,0,4,2026-07-15T16:00:12.836344
78,1,5,4,0,4,2026-07-15T16:00:14.343183
78,1,6,4,0,4,2026-07-15T16:00:16.011708
78,1,7,4,0,4,2026-07-15T16:00:17.523735
78,1,8,4,0,4,2026-07-15T16:00:19.023719
78,1,9,4,0,4,2026-07-15T16:00:20.517677
78,1,10,4,0,4,2026-07-15T16:00:22.020888
78,2,1,2,0,2,2026-07-15T16:00:23.852895
78,2,2,2,0,2,2026-07-15T16:00:25.616016
78,2,3,2,0,2,2026-07-15T16:00:27.133784
78,2,4,2,0,2,2026-07-15T16:00:28.668402
78,2,5,2,0,2,2026-07-15T16:00:30.159207
78,2,6,2,0,2,2026-07-15T16:00:30.656560
78,2,7,2,0,2,2026-07-15T16:00:31.181978
78,2,8,2,0,2,2026-07-15T16:00:31.765889
78,2,9,2,0,2,2026-07-15T16:00:33.293710
78,2,10,2,0,2,2026-07-15T16:00:34.852132
78,3,1,2,0,2,2026-07-15T16:00:36.367876
78,3,2,2,0,2,2026-07-15T16:00:37.813861
78,3,3,2,0,2,2026-07-15T16:00:39.359776
78,3,4,2,0,2,2026-07-15T16:00:40.842353
78,3,5,2,0,2,2026-07-15T16:00:42.342232
78,3,6,2,0,2,2026-07-15T16:00:44.035897
78,3,7,2,0,2,2026-07-15T16:00:45.586166
78,3,8,2,0,2,2026-07-15T16:00:47.084203
78,3,9,2,0,2,2026-07-15T16:00:48.610308
78,3,10,2,0,2,2026-07-15T16:00:50.157000
78,4,1,0,0,0,2026-07-15T16:00:51.669896
78,4,2,0,0,0,2026-07-15T16:00:53.182809
78,4,3,0,0,0,2026-07-15T16:00:53.722166
78,4,4,0,0,0,2026-07-15T16:00:55.603388
78,4,5,0,0,0,2026-07-15T16:00:56.525942
78,4,6,0,0,0,2026-07-15T16:00:58.840142
78,4,7,0,0,0,2026-07-15T16:01:00.313923
78,4,8,0,0,0,2026-07-15T16:01:01.834684
78,4,9,0,0,0,2026-07-15T16:01:03.402603
78,4,10,0,0,0,2026-07-15T16:01:05.151543
78,5,1,3,0,3,2026-07-15T16:01:06.733951
78,5,2,3,0,3,2026-07-15T16:01:08.211847
78,5,3,3,0,3,2026-07-15T16:01:08.715558
78,5,4,3,0,3,2026-07-15T16:01:10.217624
78,5,5,3,0,3,2026-07-15T16:01:11.898547
78,5,6,3,0,3,2026-07-15T16:01:13.539939
78,5,7,3,0,3,2026-07-15T16:01:15.049665
78,5,8,3,0,3,2026-07-15T16:01:15.608647
78,5,9,3,0,3,2026-07-15T16:01:17.328422
78,5,10,3,0,3,2026-07-15T16:01:18.966666
78,6,1,0,0,0,2026-07-15T16:01:20.523406
78,6,2,0,0,0,2026-07-15T16:01:22.038630
78,6,3,0,0,0,2026-07-15T16:01:23.554645
78,6,4,0,0,0,2026-07-15T16:01:25.107915
78,6,5,0,0,0,2026-07-15T16:01:26.702799
78,6,6,0,0,0,2026-07-15T16:01:27.205962
78,6,7,0,0,0,2026-07-15T16:01:28.750971
78,6,8,0,0,0,2026-07-15T16:01:30.300198
78,6,9,0,0,0,2026-07-15T16:01:32.111205
78,6,10,0,0,0,2026-07-15T16:01:32.649023
78,7,1,4,0,4,2026-07-15T16:01:33.303238
78,7,2,4,0,4,2026-07-15T16:01:34.784494
78,7,3,4,0,4,2026-07-15T16:01:36.374970
78,7,4,4,0,4,2026-07-15T16:01:37.926739
78,7,5,4,0,4,2026-07-15T16:01:39.548551
78,7,6,4,0,4,2026-07-15T16:01:41.036113
78,7,7,4,0,4,2026-07-15T16:01:42.592607
78,7,8,4,0,4,2026-07-15T16:01:44.147549
78,7,9,4,0,4,2026-07-15T16:01:45.793255
78,7,10,4,0,4,2026-07-15T16:01:47.317498
78,8,1,0,0,0,2026-07-15T16:01:48.837120
78,8,2,0,0,0,2026-07-15T16:01:50.346877
78,8,3,0,0,0,2026-07-15T16:01:51.819331
78,8,4,0,0,0,2026-07-15T16:01:53.342289
78,8,5,0,0,0,2026-07-15T16:01:53.843281
78,8,6,0,0,0,2026-07-15T16:01:55.307552
78,8,7,0,0,0,2026-07-15T16:01:56.777941
78,8,8,0,0,0,2026-07-15T16:01:58.301404
78,8,9,0,0,0,2026-07-15T16:01:58.813015
78,8,10,0,0,0,2026-07-15T16:02:00.301495
78,9,1,4,0,4,2026-07-15T16:02:01.877805
78,9,2,4,0,4,2026-07-15T16:02:03.361074
78,9,3,4,0,4,2026-07-15T16:02:04.848979
78,9,4,4,0,4,2026-07-15T16:02:06.418579
78,9,5,4,0,4,2026-07-15T16:02:07.872946
78,9,6,4,0,4,2026-07-15T16:02:09.391289
78,9,7,4,0,4,2026-07-15T16:02:10.851126
78,9,8,4,0,4,2026-07-15T16:02:12.420284
78,9,9,4,0,4,2026-07-15T16:02:13.891553
78,9,10,4,0,4,2026-07-15T16:02:15.402492
79,1,1,3,0,3,2026-07-15T16:02:16.905577
79,1,2,3,0,3,2026-07-15T16:02:18.644024
79,1,3,3,0,3,2026-07-15T16:02:20.115052
79,1,4,3,0,3,2026-07-15T16:02:21.590229
79,1,5,3,0,3,2026-07-15T16:02:23.087015
79,1,6,3,0,3,2026-07-15T16:02:24.583438
79,1,7,3,0,3,2026-07-15T16:02:26.027532
79,1,8,3,0,3,2026-07-15T16:02:27.506449
79,1,9,3,0,3,2026-07-15T16:02:28.992943
79,1,10,3,0,3,2026-07-15T16:02:30.473247
79,2,1,2,0,2,2026-07-15T16:02:31.970950
79,2,2,2,0,2,2026-07-15T16:02:32.461105
79,2,3,2,0,2,2026-07-15T16:02:33.970209
79,2,4,2,0,2,2026-07-15T16:02:35.427625
79,2,5,2,0,2,2026-07-15T16:02:36.895055
79,2,6,2,0,2,2026-07-15T16:02:38.333235
79,2,7,2,0,2,2026-07-15T16:02:39.796628
79,2,8,2,0,2,2026-07-15T16:02:41.292244
79,2,9,2,0,2,2026-07-15T16:02:42.758338
79,2,10,2,0,2,2026-07-15T16:02:44.264374
79,3,1,3,0,3,2026-07-15T16:02:44.773286
79,3,2,3,0,3,2026-07-15T16:02:46.267402
79,3,3,3,0,3,2026-07-15T16:02:47.714417
79,3,4,3,0,3,2026-07-15T16:02:49.356637
79,3,5,3,0,3,2026-07-15T16:02:50.956894
79,3,6,3,0,3,2026-07-15T16:02:52.434160
79,3,7,3,0,3,2026-07-15T16:02:53.981371
79,3,8,3,0,3,2026-07-15T16:02:55.461339
79,3,9,3,0,3,2026-07-15T16:02:56.943289
79,3,10,3,0,3,2026-07-15T16:02:58.420506
79,4,1,0,0,0,2026-07-15T16:02:59.880190
79,4,2,0,0,0,2026-07-15T16:03:01.429886
79,4,3,0,0,0,2026-07-15T16:03:02.949612
79,4,4,0,0,0,2026-07-15T16:03:04.490476
79,4,5,0,0,0,2026-07-15T16:03:05.973308
79,4,6,0,0,0,2026-07-15T16:03:06.429035
79,4,7,0,0,0,2026-07-15T16:03:07.900272
79,4,8,0,0,0,2026-07-15T16:03:09.484990
79,4,9,0,0,0,2026-07-15T16:03:10.963581
79,4,10,0,0,0,2026-07-15T16:03:11.503064
79,5,1,2,0,2,2026-07-15T16:03:12.950787
79,5,2,2,0,2,2026-07-15T16:03:14.469730
79,5,3,2,0,2,2026-07-15T16:03:14.930236
79,5,4,2,0,2,2026-07-15T16:03:16.348035
79,5,5,2,0,2,2026-07-15T16:03:17.871696
79,5,6,2,0,2,2026-07-15T16:03:19.427147
79,5,7,2,0,2,2026-07-15T16:03:20.900071
79,5,8,2,0,2,2026-07-15T16:03:22.343483
79,5,9,2,0,2,2026-07-15T16:03:23.892225
79,5,10,2,0,2,2026-07-15T16:03:25.377794
79,6,1,0,0,0,2026-07-15T16:03:26.823189
79,6,2,0,0,0,2026-07-15T16:03:28.399360
79,6,3,0,0,0,2026-07-15T16:03:28.900385
79,6,4,0,0,0,2026-07-15T16:03:29.401587
79,6,5,0,0,0,2026-07-15T16:03:29.875862
79,6,6,0,0,0,2026-07-15T16:03:31.332062
79,6,7,0,0,0,2026-07-15T16:03:32.863121
79,6,8,0,0,0,2026-07-15T16:03:35.168298
79,6,9,0,0,0,2026-07-15T16:03:36.654639
79,6,10,0,0,0,2026-07-15T16:03:38.981368
79,7,1,4,0,4,2026-07-15T16:03:40.475847
79,7,2,4,0,4,2026-07-15T16:03:42.019801
79,7,3,4,0,4,2026-07-15T16:03:43.571374
79,7,4,4,0,4,2026-07-15T16:03:45.196514
79,7,5,4,0,4,2026-07-15T16:03:46.731429
79,7,6,4,0,4,2026-07-15T16:03:48.268434
79,7,7,4,0,4,2026-07-15T16:03:49.801122
79,7,8,4,0,4,2026-07-15T16:03:51.285131
79,7,9,4,0,4,2026-07-15T16:03:52.774222
79,7,10,4,0,4,2026-07-15T16:03:54.307981
79,8,1,2,0,2,2026-07-15T16:03:54.776417
79,8,2,2,0,2,2026-07-15T16:03:56.354474
79,8,3,2,0,2,2026-07-15T16:03:57.825920
79,8,4,2,0,2,2026-07-15T16:03:59.324305
79,8,5,2,0,2,2026-07-15T16:04:00.819416
79,8,6,2,0,2,2026-07-15T16:04:02.399152
79,8,7,2,0,2,2026-07-15T16:04:03.935222
79,8,8,2,0,2,2026-07-15T16:04:05.411318
79,8,9,2,0,2,2026-07-15T16:04:07.109095
79,8,10,2,0,2,2026-07-15T16:04:08.595652
79,9,1,4,0,4,2026-07-15T16:04:10.074983
79,9,2,4,0,4,2026-07-15T16:04:11.717820
79,9,3,4,0,4,2026-07-15T16:04:13.236915
79,9,4,4,0,4,2026-07-15T16:04:14.746427
79,9,5,4,0,4,2026-07-15T16:04:15.228381
79,9,6,4,0,4,2026-07-15T16:04:16.737356
79,9,7,4,0,4,2026-07-15T16:04:19.130344
79,9,8,4,0,4,2026-07-15T16:04:20.726781
79,9,9,4,0,4,2026-07-15T16:04:22.417830
79,9,10,4,0,4,2026-07-15T16:04:23.048700
80,1,1,3,0,3,2026-07-15T16:04:24.629939
80,1,2,3,0,3,2026-07-15T16:04:26.122323
80,1,3,3,0,3,2026-07-15T16:04:27.648085
80,1,4,3,0,3,2026-07-15T16:04:29.162244
80,1,5,3,0,3,2026-07-15T16:04:30.819014
80,1,6,3,0,3,2026-07-15T16:04:32.503211
80,1,7,3,0,3,2026-07-15T16:04:34.115739
80,1,8,3,0,3,2026-07-15T16:04:35.587419
80,1,9,3,0,3,2026-07-15T16:04:37.109801
80,1,10,3,0,3,2026-07-15T16:04:38.618757
80,2,1,0,0,0,2026-07-15T16:04:40.173617
80,2,2,0,0,0,2026-07-15T16:04:41.623920
80,2,3,0,0,0,2026-07-15T16:04:43.165880
80,2,4,0,0,0,2026-07-15T16:04:44.741951
80,2,5,0,0,0,2026-07-15T16:04:46.224273
80,2,6,0,0,0,2026-07-15T16:04:47.687630
80,2,7,0,0,0,2026-07-15T16:04:49.175835
80,2,8,0,0,0,2026-07-15T16:04:50.684676
80,2,9,0,0,0,2026-07-15T16:04:51.778161
80,2,10,0,0,0,2026-07-15T16:04:53.241059
80,3,1,2,0,2,2026-07-15T16:04:54.827795
80,3,2,2,0,2,2026-07-15T16:04:56.362927
80,3,3,2,0,2,2026-07-15T16:04:56.941575
80,3,4,3,0,3,2026-07-15T16:04:58.409715
80,3,5,2,0,2,2026-07-15T16:04:59.925993
80,3,6,2,0,2,2026-07-15T16:05:01.504451
80,3,7,2,0,2,2026-07-15T16:05:03.019828
80,3,8,2,0,2,2026-07-15T16:05:04.552421
80,3,9,2,0,2,2026-07-15T16:05:06.840235
80,3,10,2,0,2,2026-07-15T16:05:08.446958
80,4,1,0,0,0,2026-07-15T16:05:09.966100
80,4,2,0,0,0,2026-07-15T16:05:10.459311
80,4,3,0,0,0,2026-07-15T16:05:12.042341
80,4,4,0,0,0,2026-07-15T16:05:13.567914
80,4,5,0,0,0,2026-07-15T16:05:15.042484
80,4,6,0,0,0,2026-07-15T16:05:16.558148
80,4,7,0,0,0,2026-07-15T16:05:18.070837
80,4,8,0,0,0,2026-07-15T16:05:19.535298
80,4,9,0,0,0,2026-07-15T16:05:21.128181
80,4,10,0,0,0,2026-07-15T16:05:21.630867
80,5,1,5,0,5,2026-07-15T16:05:23.196856
80,5,2,5,0,5,2026-07-15T16:05:24.699981
80,5,3,5,0,5,2026-07-15T16:05:26.263290
80,5,4,5,0,5,2026-07-15T16:05:27.793778
80,5,5,5,0,5,2026-07-15T16:05:28.254286
80,5,6,5,0,5,2026-07-15T16:05:29.684626
80,5,7,5,0,5,2026-07-15T16:05:31.136066
80,5,8,5,0,5,2026-07-15T16:05:32.581130
80,5,9,5,0,5,2026-07-15T16:05:34.076188
80,5,10,5,0,5,2026-07-15T16:05:35.583310
80,6,1,0,0,0,2026-07-15T16:05:37.260191
80,6,2,0,0,0,2026-07-15T16:05:38.786763
80,6,3,0,0,0,2026-07-15T16:05:40.311610
80,6,4,0,0,0,2026-07-15T16:05:41.831156
80,6,5,0,0,0,2026-07-15T16:05:43.467830
80,6,6,0,0,0,2026-07-15T16:05:45.041355
80,6,7,0,0,0,2026-07-15T16:05:46.546341
80,6,8,0,0,0,2026-07-15T16:05:47.045260
80,6,9,0,0,0,2026-07-15T16:05:48.594255
80,6,10,0,0,0,2026-07-15T16:05:50.068060
80,7,1,4,0,4,2026-07-15T16:05:50.570196
80,7,2,4,0,4,2026-07-15T16:05:51.139593
80,7,3,4,0,4,2026-07-15T16:05:52.675767
80,7,4,4,0,4,2026-07-15T16:05:54.222034
80,7,5,4,0,4,2026-07-15T16:05:54.779968
80,7,6,4,0,4,2026-07-15T16:05:56.275695
80,7,7,4,0,4,2026-07-15T16:05:57.791843
80,7,8,4,0,4,2026-07-15T16:05:58.343427
80,7,9,4,0,4,2026-07-15T16:05:59.820414
80,7,10,4,0,4,2026-07-15T16:06:01.366667
80,8,1,0,0,0,2026-07-15T16:06:02.925639
80,8,2,0,0,0,2026-07-15T16:06:03.573869
80,8,3,0,0,0,2026-07-15T16:06:05.086477
80,8,4,0,0,0,2026-07-15T16:06:06.839954
80,8,5,0,0,0,2026-07-15T16:06:07.329398
80,8,6,0,0,0,2026-07-15T16:06:08.881320
80,8,7,0,0,0,2026-07-15T16:06:10.510568
80,8,8,0,0,0,2026-07-15T16:06:12.038961
80,8,9,0,0,0,2026-07-15T16:06:13.529353
80,8,10,0,0,0,2026-07-15T16:06:15.048579
80,9,1,5,0,5,2026-07-15T16:06:15.546487
80,9,2,5,0,5,2026-07-15T16:06:17.069778
80,9,3,5,0,5,2026-07-15T16:06:18.554851
80,9,4,5,0,5,2026-07-15T16:06:20.092639
80,9,5,5,0,5,2026-07-15T16:06:21.868337
80,9,6,5,0,5,2026-07-15T16:06:23.404217
80,9,7,5,0,5,2026-07-15T16:06:24.927426
80,9,8,5,0,5,2026-07-15T16:06:26.459093
80,9,9,5,0,5,2026-07-15T16:06:27.971528
80,9,10,5,0,5,2026-07-15T16:06:28.523253
81,1,1,2,0,2,2026-07-15T16:06:30.161220
81,1,2,2,0,2,2026-07-15T16:06:31.756682
81,1,3,2,0,2,2026-07-15T16:06:33.335748
81,1,4,2,0,2,2026-07-15T16:06:34.871340
81,1,5,2,0,2,2026-07-15T16:06:36.410744
81,1,6,2,0,2,2026-07-15T16:06:37.973143
81,1,7,2,0,2,2026-07-15T16:06:39.584007
81,1,8,2,0,2,2026-07-15T16:06:41.092195
81,1,9,2,0,2,2026-07-15T16:06:42.654886
81,1,10,2,0,2,2026-07-15T16:06:44.215591
81,2,1,0,0,0,2026-07-15T16:06:45.773286
81,2,2,0,0,0,2026-07-15T16:06:47.273624
81,2,3,0,0,0,2026-07-15T16:06:49.006756
81,2,4,0,0,0,2026-07-15T16:06:50.512996
81,2,5,0,0,0,2026-07-15T16:06:52.076520
81,2,6,0,0,0,2026-07-15T16:06:52.569496
81,2,7,0,0,0,2026-07-15T16:06:54.064173
81,2,8,0,0,0,2026-07-15T16:06:55.610067
81,2,9,0,0,0,2026-07-15T16:06:57.098595
81,2,10,0,0,0,2026-07-15T16:06:58.630925
81,3,1,2,0,2,2026-07-15T16:07:00.118100
81,3,2,2,0,2,2026-07-15T16:07:01.657888
81,3,3,2,0,2,2026-07-15T16:07:03.212941
81,3,4,2,0,2,2026-07-15T16:07:04.652774
81,3,5,2,0,2,2026-07-15T16:07:06.117777
81,3,6,2,0,2,2026-07-15T16:07:07.623788
81,3,7,2,0,2,2026-07-15T16:07:08.103067
81,3,8,2,0,2,2026-07-15T16:07:09.575295
81,3,9,2,0,2,2026-07-15T16:07:10.111144
81,3,10,2,0,2,2026-07-15T16:07:11.584776
81,4,1,0,0,0,2026-07-15T16:07:13.115347
81,4,2,0,0,0,2026-07-15T16:07:14.584537
81,4,3,0,0,0,2026-07-15T16:07:15.064396
81,4,4,0,0,0,2026-07-15T16:07:15.619798
81,4,5,0,0,0,2026-07-15T16:07:17.121238
81,4,6,0,0,0,2026-07-15T16:07:18.586126
81,4,7,0,0,0,2026-07-15T16:07:20.064683
81,4,8,0,0,0,2026-07-15T16:07:21.658801
81,4,9,0,0,0,2026-07-15T16:07:23.164634
81,4,10,0,0,0,2026-07-15T16:07:23.642573
81,5,1,2,0,2,2026-07-15T16:07:25.089737
81,5,2,2,0,2,2026-07-15T16:07:26.534524
81,5,3,2,0,2,2026-07-15T16:07:27.096547
81,5,4,2,0,2,2026-07-15T16:07:28.569394
81,5,5,2,0,2,2026-07-15T16:07:29.032948
81,5,6,2,0,2,2026-07-15T16:07:30.577202
81,5,7,2,0,2,2026-07-15T16:07:32.059680
81,5,8,2,0,2,2026-07-15T16:07:32.586561
81,5,9,2,0,2,2026-07-15T16:07:33.015775
81,5,10,2,0,2,2026-07-15T16:07:33.457124
81,6,1,0,0,0,2026-07-15T16:07:34.933934
81,6,2,0,0,0,2026-07-15T16:07:35.370634
81,6,3,0,0,0,2026-07-15T16:07:36.841048
81,6,4,0,0,0,2026-07-15T16:07:38.466800
81,6,5,0,0,0,2026-07-15T16:07:38.964514
81,6,6,0,0,0,2026-07-15T16:07:39.487029
81,6,7,0,0,0,2026-07-15T16:07:41.013392
81,6,8,0,0,0,2026-07-15T16:07:41.523615
81,6,9,0,0,0,2026-07-15T16:07:43.031747
81,6,10,0,0,0,2026-07-15T16:07:44.582841
81,7,1,2,0,2,2026-07-15T16:07:46.131654
81,7,2,2,0,2,2026-07-15T16:07:47.630816
81,7,3,2,0,2,2026-07-15T16:07:49.095128
81,7,4,2,0,2,2026-07-15T16:07:50.652711
81,7,5,2,0,2,2026-07-15T16:07:52.157528
81,7,6,2,0,2,2026-07-15T16:07:53.697357
81,7,7,2,0,2,2026-07-15T16:07:55.270725
81,7,8,2,0,2,2026-07-15T16:07:56.736136
81,7,9,2,0,2,2026-07-15T16:07:58.240537
81,7,10,2,0,2,2026-07-15T16:07:59.766958
81,8,1,0,0,0,2026-07-15T16:08:01.341604
81,8,2,0,0,0,2026-07-15T16:08:02.868703
81,8,3,0,0,0,2026-07-15T16:08:04.370266
81,8,4,0,0,0,2026-07-15T16:08:05.858529
81,8,5,0,0,0,2026-07-15T16:08:07.366989
81,8,6,0,0,0,2026-07-15T16:08:08.909491
81,8,7,0,0,0,2026-07-15T16:08:09.434841
81,8,8,0,0,0,2026-07-15T16:08:10.955580
81,8,9,0,0,0,2026-07-15T16:08:12.468047
81,8,10,0,0,0,2026-07-15T16:08:13.927316
81,9,1,3,0,3,2026-07-15T16:08:15.411767
81,9,2,3,0,3,2026-07-15T16:08:16.976952
81,9,3,3,0,3,2026-07-15T16:08:18.558246
81,9,4,3,0,3,2026-07-15T16:08:20.032753
81,9,5,3,0,3,2026-07-15T16:08:21.767946
81,9,6,3,0,3,2026-07-15T16:08:22.410156
81,9,7,3,0,3,2026-07-15T16:08:23.887984
81,9,8,3,0,3,2026-07-15T16:08:25.364572
81,9,9,3,0,3,2026-07-15T16:08:26.845379
81,9,10,3,0,3,2026-07-15T16:08:28.384858
82,1,1,3,0,3,2026-07-15T16:08:29.945946
82,1,2,3,0,3,2026-07-15T16:08:31.508797
82,1,3,3,0,3,2026-07-15T16:08:32.999346
82,1,4,3,0,3,2026-07-15T16:08:34.646986
82,1,5,3,0,3,2026-07-15T16:08:36.114985
82,1,6,3,0,3,2026-07-15T16:08:37.604957
82,1,7,3,0,3,2026-07-15T16:08:39.113242
82,1,8,3,0,3,2026-07-15T16:08:40.635097
82,1,9,3,0,3,2026-07-15T16:08:42.142627
82,1,10,3,0,3,2026-07-15T16:08:42.613695
82,2,1,0,0,0,2026-07-15T16:08:44.155620
82,2,2,0,0,0,2026-07-15T16:08:46.348004
82,2,3,0,0,0,2026-07-15T16:08:47.893558
82,2,4,0,0,0,2026-07-15T16:08:49.503454
82,2,5,0,0,0,2026-07-15T16:08:51.073233
82,2,6,0,0,0,2026-07-15T16:08:52.618452
82,2,7,0,0,0,2026-07-15T16:08:54.164941
82,2,8,0,0,0,2026-07-15T16:08:55.656461
82,2,9,0,0,0,2026-07-15T16:08:57.307091
82,2,10,0,0,0,2026-07-15T16:08:59.517107
82,3,1,2,0,2,2026-07-15T16:09:01.205957
82,3,2,2,0,2,2026-07-15T16:09:02.763193
82,3,3,2,0,2,2026-07-15T16:09:03.305078
82,3,4,2,0,2,2026-07-15T16:09:04.995146
82,3,5,2,0,2,2026-07-15T16:09:06.608310
82,3,6,2,0,2,2026-07-15T16:09:08.094558
82,3,7,2,0,2,2026-07-15T16:09:09.585620
82,3,8,2,0,2,2026-07-15T16:09:11.033557
82,3,9,2,0,2,2026-07-15T16:09:12.538924
82,3,10,2,0,2,2026-07-15T16:09:14.059430
82,4,1,0,0,0,2026-07-15T16:09:15.539709
82,4,2,0,0,0,2026-07-15T16:09:17.031616
82,4,3,0,0,0,2026-07-15T16:09:18.510946
82,4,4,0,0,0,2026-07-15T16:09:20.007730
82,4,5,0,0,0,2026-07-15T16:09:21.683063
82,4,6,0,0,0,2026-07-15T16:09:23.135815
82,4,7,0,0,0,2026-07-15T16:09:24.960885
82,4,8,0,0,0,2026-07-15T16:09:26.905776
82,4,9,0,0,0,2026-07-15T16:09:28.398766
82,4,10,0,0,0,2026-07-15T16:09:29.876977
82,5,1,3,0,3,2026-07-15T16:09:32.299833
82,5,2,3,0,3,2026-07-15T16:09:34.429547
82,5,3,3,0,3,2026-07-15T16:09:36.396325
82,5,4,3,0,3,2026-07-15T16:09:38.238802
82,5,5,3,0,3,2026-07-15T16:09:40.164625
82,5,6,3,0,3,2026-07-15T16:09:42.163964
82,5,7,3,0,3,2026-07-15T16:09:44.089292
82,5,8,3,0,3,2026-07-15T16:09:45.952723
82,5,9,3,0,3,2026-07-15T16:09:47.491278
82,5,10,3,0,3,2026-07-15T16:09:48.943020
82,6,1,0,0,0,2026-07-15T16:09:50.397815
82,6,2,0,0,0,2026-07-15T16:09:50.970195
82,6,3,0,0,0,2026-07-15T16:09:52.498185
82,6,4,0,0,0,2026-07-15T16:09:53.960855
82,6,5,0,0,0,2026-07-15T16:09:55.578116
82,6,6,0,0,0,2026-07-15T16:09:57.083099
82,6,7,0,0,0,2026-07-15T16:09:58.573149
82,6,8,0,0,0,2026-07-15T16:10:00.083883
82,6,9,0,0,0,2026-07-15T16:10:01.636268
82,6,10,0,0,0,2026-07-15T16:10:03.201705
82,7,1,3,0,3,2026-07-15T16:10:04.683201
82,7,2,3,0,3,2026-07-15T16:10:06.211576
82,7,3,3,0,3,2026-07-15T16:10:07.679231
82,7,4,3,0,3,2026-07-15T16:10:09.254762
82,7,5,3,0,3,2026-07-15T16:10:10.730633
82,7,6,3,0,3,2026-07-15T16:10:12.271981
82,7,7,3,0,3,2026-07-15T16:10:13.776160
82,7,8,3,0,3,2026-07-15T16:10:15.233164
82,7,9,3,0,3,2026-07-15T16:10:16.675759
82,7,10,3,0,3,2026-07-15T16:10:18.195334
82,8,1,0,0,0,2026-07-15T16:10:18.694814
82,8,2,0,0,0,2026-07-15T16:10:20.209277
82,8,3,0,0,0,2026-07-15T16:10:21.895178
82,8,4,0,0,0,2026-07-15T16:10:22.356577
82,8,5,0,0,0,2026-07-15T16:10:23.922418
82,8,6,0,0,0,2026-07-15T16:10:25.361121
82,8,7,0,0,0,2026-07-15T16:10:26.825703
82,8,8,0,0,0,2026-07-15T16:10:27.274076
82,8,9,0,0,0,2026-07-15T16:10:28.697160
82,8,10,0,0,0,2026-07-15T16:10:30.192823
82,9,1,4,0,4,2026-07-15T16:10:31.642207
82,9,2,4,0,4,2026-07-15T16:10:33.140164
82,9,3,4,0,4,2026-07-15T16:10:34.581567
82,9,4,5,0,5,2026-07-15T16:10:36.053499
82,9,5,5,0,5,2026-07-15T16:10:37.574613
82,9,6,4,0,4,2026-07-15T16:10:39.137832
82,9,7,4,0,4,2026-07-15T16:10:40.637170
82,9,8,5,0,5,2026-07-15T16:10:42.259220
82,9,9,4,0,4,2026-07-15T16:10:43.771861
82,9,10,4,0,4,2026-07-15T16:10:45.269167
83,1,1,5,0,5,2026-07-15T16:10:46.987064
83,1,2,5,0,5,2026-07-15T16:10:48.476345
83,1,3,5,0,5,2026-07-15T16:10:49.962609
83,1,4,5,0,5,2026-07-15T16:10:51.695667
83,1,5,5,0,5,2026-07-15T16:10:53.194220
83,1,6,5,0,5,2026-07-15T16:10:53.759476
83,1,7,5,0,5,2026-07-15T16:10:55.250061
83,1,8,5,0,5,2026-07-15T16:10:56.767217
83,1,9,5,0,5,2026-07-15T16:10:58.522836
83,1,10,5,0,5,2026-07-15T16:11:00.030086
83,2,1,0,0,0,2026-07-15T16:11:01.627030
83,2,2,0,0,0,2026-07-15T16:11:02.145291
83,2,3,0,0,0,2026-07-15T16:11:03.374482
83,2,4,0,0,0,2026-07-15T16:11:04.890877
83,2,5,0,0,0,2026-07-15T16:11:05.418278
83,2,6,0,0,0,2026-07-15T16:11:06.462451
83,2,7,0,0,0,2026-07-15T16:11:07.954565
83,2,8,0,0,0,2026-07-15T16:11:08.458065
83,2,9,0,0,0,2026-07-15T16:11:09.969799
83,2,10,0,0,0,2026-07-15T16:11:11.562729
83,3,1,2,0,2,2026-07-15T16:11:13.041525
83,3,2,2,0,2,2026-07-15T16:11:14.526840
83,3,3,2,0,2,2026-07-15T16:11:16.051019
83,3,4,2,0,2,2026-07-15T16:11:17.591866
83,3,5,2,0,2,2026-07-15T16:11:19.126630
83,3,6,2,0,2,2026-07-15T16:11:20.621317
83,3,7,2,0,2,2026-07-15T16:11:22.284206
83,3,8,2,0,2,2026-07-15T16:11:23.813312
83,3,9,2,0,2,2026-07-15T16:11:25.384550
83,3,10,2,0,2,2026-07-15T16:11:26.921283
83,4,1,0,0,0,2026-07-15T16:11:28.462228
83,4,2,0,0,0,2026-07-15T16:11:29.994198
83,4,3,0,0,0,2026-07-15T16:11:30.727281
83,4,4,0,0,0,2026-07-15T16:11:31.321634
83,4,5,0,0,0,2026-07-15T16:11:32.859656
83,4,6,0,0,0,2026-07-15T16:11:34.784827
83,4,7,0,0,0,2026-07-15T16:11:37.675131
83,4,8,0,0,0,2026-07-15T16:11:39.471805
83,4,9,0,0,0,2026-07-15T16:11:42.833360
83,4,10,0,0,0,2026-07-15T16:11:44.404445
83,5,1,3,0,3,2026-07-15T16:11:44.764689
83,5,2,3,0,3,2026-07-15T16:11:46.312801
83,5,3,3,0,3,2026-07-15T16:11:48.974554
83,5,4,3,0,3,2026-07-15T16:11:50.367831
83,5,5,3,0,3,2026-07-15T16:11:51.971839
83,5,6,3,0,3,2026-07-15T16:11:53.467020
83,5,7,3,0,3,2026-07-15T16:11:54.976333
83,5,8,3,0,3,2026-07-15T16:11:56.577045
83,5,9,3,0,3,2026-07-15T16:11:58.308520
83,5,10,3,0,3,2026-07-15T16:11:59.957749
83,6,1,0,0,0,2026-07-15T16:12:01.496023
83,6,2,0,0,0,2026-07-15T16:12:03.028525
83,6,3,0,0,0,2026-07-15T16:12:04.543544
83,6,4,0,0,0,2026-07-15T16:12:06.015795
83,6,5,0,0,0,2026-07-15T16:12:06.745757
83,6,6,0,0,0,2026-07-15T16:12:08.345629
83,6,7,0,0,0,2026-07-15T16:12:09.818328
83,6,8,0,0,0,2026-07-15T16:12:11.324290
83,6,9,0,0,0,2026-07-15T16:12:12.808591
83,6,10,0,0,0,2026-07-15T16:12:14.396833
83,7,1,4,0,4,2026-07-15T16:12:15.885360
83,7,2,4,0,4,2026-07-15T16:12:17.421754
83,7,3,4,0,4,2026-07-15T16:12:18.950928
83,7,4,4,0,4,2026-07-15T16:12:20.457573
83,7,5,4,0,4,2026-07-15T16:12:22.260427
83,7,6,4,0,4,2026-07-15T16:12:23.818564
83,7,7,4,0,4,2026-07-15T16:12:25.462675
83,7,8,4,0,4,2026-07-15T16:12:27.002514
83,7,9,4,0,4,2026-07-15T16:12:28.529811
83,7,10,4,0,4,2026-07-15T16:12:30.133691
83,8,1,0,0,0,2026-07-15T16:12:31.599245
83,8,2,0,0,0,2026-07-15T16:12:33.083681
83,8,3,0,0,0,2026-07-15T16:12:34.556352
83,8,4,0,0,0,2026-07-15T16:12:36.104038
83,8,5,0,0,0,2026-07-15T16:12:37.640093
83,8,6,0,0,0,2026-07-15T16:12:39.119990
83,8,7,0,0,0,2026-07-15T16:12:40.670096
83,8,8,0,0,0,2026-07-15T16:12:42.247716
83,8,9,0,0,0,2026-07-15T16:12:43.886279
83,8,10,0,0,0,2026-07-15T16:12:44.362843
83,9,1,4,0,4,2026-07-15T16:12:46.362310
83,9,2,4,0,4,2026-07-15T16:12:48.204217
83,9,3,4,0,4,2026-07-15T16:12:49.695550
83,9,4,4,0,4,2026-07-15T16:12:51.142993
83,9,5,4,0,4,2026-07-15T16:12:52.644994
83,9,6,4,0,4,2026-07-15T16:12:54.129026
83,9,7,4,0,4,2026-07-15T16:12:55.662744
83,9,8,4,0,4,2026-07-15T16:12:57.271335
83,9,9,4,0,4,2026-07-15T16:12:58.752215
83,9,10,4,0,4,2026-07-15T16:13:00.812856
84,1,1,3,0,3,2026-07-15T16:13:01.422416
84,1,2,3,0,3,2026-07-15T16:13:03.737152
84,1,3,3,0,3,2026-07-15T16:13:04.307768
84,1,4,3,0,3,2026-07-15T16:13:05.483287
84,1,5,3,0,3,2026-07-15T16:13:06.008474
84,1,6,3,0,3,2026-07-15T16:13:07.914548
84,1,7,3,0,3,2026-07-15T16:13:09.488738
84,1,8,3,0,3,2026-07-15T16:13:10.985535
84,1,9,3,0,3,2026-07-15T16:13:11.742194
84,1,10,3,0,3,2026-07-15T16:13:13.483373
84,2,1,0,0,0,2026-07-15T16:13:15.090351
84,2,2,0,0,0,2026-07-15T16:13:16.628151
84,2,3,0,0,0,2026-07-15T16:13:18.190796
84,2,4,0,0,0,2026-07-15T16:13:19.733788
84,2,5,0,0,0,2026-07-15T16:13:21.268888
84,2,6,0,0,0,2026-07-15T16:13:22.796262
84,2,7,0,0,0,2026-07-15T16:13:24.337479
84,2,8,0,0,0,2026-07-15T16:13:24.846621
84,2,9,0,0,0,2026-07-15T16:13:26.512495
84,2,10,0,0,0,2026-07-15T16:13:28.125498
84,3,1,3,0,3,2026-07-15T16:13:29.609310
84,3,2,3,0,3,2026-07-15T16:13:30.643704
84,3,3,3,0,3,2026-07-15T16:13:32.216276
84,3,4,3,0,3,2026-07-15T16:13:34.063197
84,3,5,3,0,3,2026-07-15T16:13:35.524861
84,3,6,3,0,3,2026-07-15T16:13:37.110291
84,3,7,3,0,3,2026-07-15T16:13:38.670811
84,3,8,3,0,3,2026-07-15T16:13:40.243777
84,3,9,3,0,3,2026-07-15T16:13:41.772907
84,3,10,3,0,3,2026-07-15T16:13:43.486883
84,4,1,0,0,0,2026-07-15T16:13:45.027442
84,4,2,0,0,0,2026-07-15T16:13:46.605468
84,4,3,0,0,0,2026-07-15T16:13:48.130080
84,4,4,0,0,0,2026-07-15T16:13:49.633050
84,4,5,0,0,0,2026-07-15T16:13:51.224157
84,4,6,0,0,0,2026-07-15T16:13:52.849477
84,4,7,0,0,0,2026-07-15T16:13:54.443601
84,4,8,0,0,0,2026-07-15T16:13:55.979928
84,4,9,0,0,0,2026-07-15T16:13:57.452724
84,4,10,0,0,0,2026-07-15T16:13:58.948902
84,5,1,3,0,3,2026-07-15T16:14:00.419562
84,5,2,3,0,3,2026-07-15T16:14:02.017434
84,5,3,3,0,3,2026-07-15T16:14:03.481177
84,5,4,3,0,3,2026-07-15T16:14:04.944149
84,5,5,3,0,3,2026-07-15T16:14:06.527430
84,5,6,3,0,3,2026-07-15T16:14:08.112576
84,5,7,3,0,3,2026-07-15T16:14:09.558861
84,5,8,3,0,3,2026-07-15T16:14:10.131773
84,5,9,3,0,3,2026-07-15T16:14:11.636027
84,5,10,3,0,3,2026-07-15T16:14:13.233081
84,6,1,0,0,0,2026-07-15T16:14:14.724566
84,6,2,0,0,0,2026-07-15T16:14:16.250094
84,6,3,0,0,0,2026-07-15T16:14:16.744216
84,6,4,0,0,0,2026-07-15T16:14:18.294494
84,6,5,0,0,0,2026-07-15T16:14:19.787045
84,6,6,0,0,0,2026-07-15T16:14:21.445556
84,6,7,0,0,0,2026-07-15T16:14:21.966322
84,6,8,0,0,0,2026-07-15T16:14:22.483877
84,6,9,0,0,0,2026-07-15T16:14:23.965168
84,6,10,0,0,0,2026-07-15T16:14:24.503051
84,7,1,3,0,3,2026-07-15T16:14:25.997760
84,7,2,3,0,3,2026-07-15T16:14:27.530867
84,7,3,3,0,3,2026-07-15T16:14:29.211707
84,7,4,3,0,3,2026-07-15T16:14:30.749689
84,7,5,3,0,3,2026-07-15T16:14:32.194169
84,7,6,3,0,3,2026-07-15T16:14:33.726149
84,7,7,3,0,3,2026-07-15T16:14:35.222876
84,7,8,3,0,3,2026-07-15T16:14:36.836756
84,7,9,3,0,3,2026-07-15T16:14:38.338097
84,7,10,3,0,3,2026-07-15T16:14:39.947194
84,8,1,0,0,0,2026-07-15T16:14:41.573483
84,8,2,0,0,0,2026-07-15T16:14:42.095248
84,8,3,0,0,0,2026-07-15T16:14:43.664698
84,8,4,0,0,0,2026-07-15T16:14:45.152250
84,8,5,0,0,0,2026-07-15T16:14:45.597627
84,8,6,0,0,0,2026-07-15T16:14:47.129385
84,8,7,0,0,0,2026-07-15T16:14:47.625591
84,8,8,0,0,0,2026-07-15T16:14:48.153114
84,8,9,0,0,0,2026-07-15T16:14:49.712993
84,8,10,0,0,0,2026-07-15T16:14:51.201162
84,9,1,4,0,4,2026-07-15T16:14:52.647770
84,9,2,4,0,4,2026-07-15T16:14:54.131981
84,9,3,4,0,4,2026-07-15T16:14:54.631625
84,9,4,4,0,4,2026-07-15T16:14:56.079978
84,9,5,4,0,4,2026-07-15T16:14:57.510109
84,9,6,4,0,4,2026-07-15T16:14:58.952464
84,9,7,4,0,4,2026-07-15T16:15:00.444567
84,9,8,4,0,4,2026-07-15T16:15:02.012870
84,9,9,4,0,4,2026-07-15T16:15:02.639368
84,9,10,4,0,4,2026-07-15T16:15:03.091818
85,1,1,4,0,4,2026-07-15T16:15:04.608249
85,1,2,3,0,3,2026-07-15T16:15:06.466783
85,1,3,3,0,3,2026-07-15T16:15:07.875396
85,1,4,3,0,3,2026-07-15T16:15:09.398902
85,1,5,3,0,3,2026-07-15T16:15:11.141900
85,1,6,3,0,3,2026-07-15T16:15:12.697419
85,1,7,4,0,4,2026-07-15T16:15:14.172078
85,1,8,4,0,4,2026-07-15T16:15:15.675793
85,1,9,3,0,3,2026-07-15T16:15:17.187017
85,1,10,4,0,4,2026-07-15T16:15:18.663889
85,2,1,2,0,2,2026-07-15T16:15:19.224619
85,2,2,2,0,2,2026-07-15T16:15:21.071818
85,2,3,2,0,2,2026-07-15T16:15:22.837460
85,2,4,2,0,2,2026-07-15T16:15:24.358093
85,2,5,2,0,2,2026-07-15T16:15:25.922840
85,2,6,2,0,2,2026-07-15T16:15:27.438199
85,2,7,2,0,2,2026-07-15T16:15:28.913226
85,2,8,2,0,2,2026-07-15T16:15:30.403524
85,2,9,2,0,2,2026-07-15T16:15:31.932142
85,2,10,2,0,2,2026-07-15T16:15:33.669416
85,3,1,3,0,3,2026-07-15T16:15:35.305908
85,3,2,3,0,3,2026-07-15T16:15:37.013597
85,3,3,3,0,3,2026-07-15T16:15:38.492126
85,3,4,3,0,3,2026-07-15T16:15:39.948423
85,3,5,3,0,3,2026-07-15T16:15:41.439932
85,3,6,3,0,3,2026-07-15T16:15:42.945820
85,3,7,3,0,3,2026-07-15T16:15:44.650439
85,3,8,3,0,3,2026-07-15T16:15:46.289082
85,3,9,3,0,3,2026-07-15T16:15:47.808228
85,3,10,3,0,3,2026-07-15T16:15:49.281044
85,4,1,0,0,0,2026-07-15T16:15:50.795130
85,4,2,0,0,0,2026-07-15T16:15:52.406704
85,4,3,0,0,0,2026-07-15T16:15:53.900353
85,4,4,0,0,0,2026-07-15T16:15:55.481831
85,4,5,0,0,0,2026-07-15T16:15:57.095113
85,4,6,0,0,0,2026-07-15T16:15:58.585017
85,4,7,0,0,0,2026-07-15T16:16:00.047040
85,4,8,0,0,0,2026-07-15T16:16:01.574477
85,4,9,0,0,0,2026-07-15T16:16:03.057077
85,4,10,0,0,0,2026-07-15T16:16:04.592818
85,5,1,3,0,3,2026-07-15T16:16:06.029073
85,5,2,3,0,3,2026-07-15T16:16:06.640696
85,5,3,3,0,3,2026-07-15T16:16:08.181721
85,5,4,3,0,3,2026-07-15T16:16:09.720650
85,5,5,3,0,3,2026-07-15T16:16:10.177922
85,5,6,3,0,3,2026-07-15T16:16:11.776061
85,5,7,3,0,3,2026-07-15T16:16:13.317871
85,5,8,3,0,3,2026-07-15T16:16:13.847722
85,5,9,3,0,3,2026-07-15T16:16:15.449545
85,5,10,3,0,3,2026-07-15T16:16:16.917826
85,6,1,0,0,0,2026-07-15T16:16:18.624875
85,6,2,0,0,0,2026-07-15T16:16:20.150440
85,6,3,0,0,0,2026-07-15T16:16:21.621106
85,6,4,0,0,0,2026-07-15T16:16:23.166392
85,6,5,0,0,0,2026-07-15T16:16:23.680776
85,6,6,0,0,0,2026-07-15T16:16:25.203177
85,6,7,0,0,0,2026-07-15T16:16:26.985230
85,6,8,0,0,0,2026-07-15T16:16:29.131979
85,6,9,0,0,0,2026-07-15T16:16:31.433370
85,6,10,0,0,0,2026-07-15T16:16:32.976550
85,7,1,4,0,4,2026-07-15T16:16:34.440558
85,7,2,4,0,4,2026-07-15T16:16:35.944850
85,7,3,4,0,4,2026-07-15T16:16:36.416449
85,7,4,4,0,4,2026-07-15T16:16:37.970552
85,7,5,4,0,4,2026-07-15T16:16:39.489925
85,7,6,4,0,4,2026-07-15T16:16:40.946284
85,7,7,4,0,4,2026-07-15T16:16:42.495692
85,7,8,4,0,4,2026-07-15T16:16:44.054379
85,7,9,4,0,4,2026-07-15T16:16:45.658475
85,7,10,4,0,4,2026-07-15T16:16:47.170584
85,8,1,2,0,2,2026-07-15T16:16:48.730539
85,8,2,2,0,2,2026-07-15T16:16:49.222302
85,8,3,2,0,2,2026-07-15T16:16:50.705763
85,8,4,2,0,2,2026-07-15T16:16:52.142830
85,8,5,2,0,2,2026-07-15T16:16:53.629403
85,8,6,2,0,2,2026-07-15T16:16:55.296678
85,8,7,2,0,2,2026-07-15T16:16:56.820261
85,8,8,2,0,2,2026-07-15T16:16:58.323583
85,8,9,2,0,2,2026-07-15T16:16:59.786476
85,8,10,2,0,2,2026-07-15T16:17:01.271881
85,9,1,4,0,4,2026-07-15T16:17:01.835618
85,9,2,4,0,4,2026-07-15T16:17:03.323628
85,9,3,4,0,4,2026-07-15T16:17:04.907329
85,9,4,4,0,4,2026-07-15T16:17:06.378780
85,9,5,4,0,4,2026-07-15T16:17:07.879551
85,9,6,4,0,4,2026-07-15T16:17:09.327233
85,9,7,4,0,4,2026-07-15T16:17:10.768722
85,9,8,4,0,4,2026-07-15T16:17:12.282947
85,9,9,4,0,4,2026-07-15T16:17:13.727646
85,9,10,4,0,4,2026-07-15T16:17:15.221049
86,1,1,3,0,3,2026-07-15T16:17:15.664228
86,1,2,3,0,3,2026-07-15T16:17:17.132222
86,1,3,3,0,3,2026-07-15T16:17:18.594564
86,1,4,3,0,3,2026-07-15T16:17:19.096729
86,1,5,3,0,3,2026-07-15T16:17:19.906955
86,1,6,3,0,3,2026-07-15T16:17:21.403702
86,1,7,3,0,3,2026-07-15T16:17:23.032301
86,1,8,3,0,3,2026-07-15T16:17:25.466861
86,1,9,3,0,3,2026-07-15T16:17:26.957701
86,1,10,3,0,3,2026-07-15T16:17:28.502528
86,2,1,0,0,0,2026-07-15T16:17:30.031452
86,2,2,0,0,0,2026-07-15T16:17:31.621509
86,2,3,0,0,0,2026-07-15T16:17:33.070364
86,2,4,0,0,0,2026-07-15T16:17:34.575182
86,2,5,0,0,0,2026-07-15T16:17:36.139312
86,2,6,0,0,0,2026-07-15T16:17:37.632367
86,2,7,0,0,0,2026-07-15T16:17:39.131135
86,2,8,0,0,0,2026-07-15T16:17:40.644142
86,2,9,0,0,0,2026-07-15T16:17:42.173463
86,2,10,0,0,0,2026-07-15T16:17:43.705138
86,3,1,2,0,2,2026-07-15T16:17:45.253067
86,3,2,2,0,2,2026-07-15T16:17:46.757914
86,3,3,2,0,2,2026-07-15T16:17:48.254874
86,3,4,2,0,2,2026-07-15T16:17:49.747316
86,3,5,2,0,2,2026-07-15T16:17:51.294680
86,3,6,2,0,2,2026-07-15T16:17:52.840903
86,3,7,2,0,2,2026-07-15T16:17:54.369163
86,3,8,2,0,2,2026-07-15T16:17:55.886941
86,3,9,2,0,2,2026-07-15T16:17:57.541804
86,3,10,2,0,2,2026-07-15T16:17:59.068713
86,4,1,0,0,0,2026-07-15T16:18:00.514181
86,4,2,0,0,0,2026-07-15T16:18:01.966259
86,4,3,0,0,0,2026-07-15T16:18:03.582806
86,4,4,0,0,0,2026-07-15T16:18:04.092049
86,4,5,0,0,0,2026-07-15T16:18:05.631494
86,4,6,0,0,0,2026-07-15T16:18:06.104747
86,4,7,0,0,0,2026-07-15T16:18:07.579518
86,4,8,0,0,0,2026-07-15T16:18:09.070497
86,4,9,0,0,0,2026-07-15T16:18:10.541440
86,4,10,0,0,0,2026-07-15T16:18:12.064762
86,5,1,3,0,3,2026-07-15T16:18:13.501372
86,5,2,3,0,3,2026-07-15T16:18:14.961214
86,5,3,3,0,3,2026-07-15T16:18:16.392134
86,5,4,3,0,3,2026-07-15T16:18:17.883725
86,5,5,3,0,3,2026-07-15T16:18:19.320250
86,5,6,3,0,3,2026-07-15T16:18:19.924057
86,5,7,3,0,3,2026-07-15T16:18:21.399562
86,5,8,3,0,3,2026-07-15T16:18:22.897543
86,5,9,3,0,3,2026-07-15T16:18:24.580942
86,5,10,3,0,3,2026-07-15T16:18:26.114402
86,6,1,0,0,0,2026-07-15T16:18:27.650642
86,6,2,0,0,0,2026-07-15T16:18:28.184425
86,6,3,0,0,0,2026-07-15T16:18:29.698905
86,6,4,0,0,0,2026-07-15T16:18:31.206086
86,6,5,0,0,0,2026-07-15T16:18:32.668587
86,6,6,0,0,0,2026-07-15T16:18:34.158135
86,6,7,0,0,0,2026-07-15T16:18:35.626847
86,6,8,0,0,0,2026-07-15T16:18:37.090481
86,6,9,0,0,0,2026-07-15T16:18:38.593667
86,6,10,0,0,0,2026-07-15T16:18:39.118379
86,7,1,3,0,3,2026-07-15T16:18:39.607029
86,7,2,3,0,3,2026-07-15T16:18:41.167395
86,7,3,3,0,3,2026-07-15T16:18:41.614182
86,7,4,3,0,3,2026-07-15T16:18:43.212623
86,7,5,3,0,3,2026-07-15T16:18:44.715877
86,7,6,3,0,3,2026-07-15T16:18:46.287377
86,7,7,3,0,3,2026-07-15T16:18:47.829708
86,7,8,3,0,3,2026-07-15T16:18:49.352746
86,7,9,3,0,3,2026-07-15T16:18:50.076618
86,7,10,3,0,3,2026-07-15T16:18:51.916405
86,8,1,0,0,0,2026-07-15T16:18:53.415125
86,8,2,0,0,0,2026-07-15T16:18:54.957959
86,8,3,0,0,0,2026-07-15T16:18:56.455203
86,8,4,0,0,0,2026-07-15T16:18:58.163327
86,8,5,0,0,0,2026-07-15T16:19:00.910199
86,8,6,0,0,0,2026-07-15T16:19:02.466877
86,8,7,0,0,0,2026-07-15T16:19:05.783083
86,8,8,0,0,0,2026-07-15T16:19:07.379891
86,8,9,0,0,0,2026-07-15T16:19:08.886072
86,8,10,0,0,0,2026-07-15T16:19:10.450889
86,9,1,3,0,3,2026-07-15T16:19:13.921103
86,9,2,3,0,3,2026-07-15T16:19:15.379563
86,9,3,3,0,3,2026-07-15T16:19:16.848420
86,9,4,3,0,3,2026-07-15T16:19:19.566998
86,9,5,3,0,3,2026-07-15T16:19:20.063066
86,9,6,3,0,3,2026-07-15T16:19:21.549120
86,9,7,3,0,3,2026-07-15T16:19:23.561009
86,9,8,3,0,3,2026-07-15T16:19:25.302054
86,9,9,3,0,3,2026-07-15T16:19:26.806007
86,9,10,3,0,3,2026-07-15T16:19:28.579119
87,1,1,5,0,5,2026-07-15T16:19:30.319639
87,1,2,5,0,5,2026-07-15T16:19:31.812561
87,1,3,5,0,5,2026-07-15T16:19:33.293536
87,1,4,5,0,5,2026-07-15T16:19:34.811417
87,1,5,5,0,5,2026-07-15T16:19:36.361276
87,1,6,5,0,5,2026-07-15T16:19:37.851864
87,1,7,5,0,5,2026-07-15T16:19:39.331727
87,1,8,5,0,5,2026-07-15T16:19:40.861659
87,1,9,4,0,4,2026-07-15T16:19:42.349047
87,1,10,5,0,5,2026-07-15T16:19:43.867455
87,2,1,2,0,2,2026-07-15T16:19:44.451567
87,2,2,2,0,2,2026-07-15T16:19:45.915036
87,2,3,2,0,2,2026-07-15T16:19:47.419448
87,2,4,2,0,2,2026-07-15T16:19:48.947380
87,2,5,2,0,2,2026-07-15T16:19:50.387138
87,2,6,2,0,2,2026-07-15T16:19:51.982899
87,2,7,2,0,2,2026-07-15T16:19:53.564452
87,2,8,2,0,2,2026-07-15T16:19:55.081551
87,2,9,2,0,2,2026-07-15T16:19:56.634137
87,2,10,2,0,2,2026-07-15T16:19:58.058880
87,3,1,2,0,2,2026-07-15T16:19:59.603831
87,3,2,2,0,2,2026-07-15T16:20:01.099590
87,3,3,2,0,2,2026-07-15T16:20:02.637385
87,3,4,2,0,2,2026-07-15T16:20:03.144833
87,3,5,2,0,2,2026-07-15T16:20:04.623735
87,3,6,2,0,2,2026-07-15T16:20:06.140874
87,3,7,2,0,2,2026-07-15T16:20:07.591245
87,3,8,2,0,2,2026-07-15T16:20:09.128100
87,3,9,2,0,2,2026-07-15T16:20:10.627309
87,3,10,2,0,2,2026-07-15T16:20:12.198644
87,4,1,0,0,0,2026-07-15T16:20:13.682318
87,4,2,0,0,0,2026-07-15T16:20:15.161319
87,4,3,0,0,0,2026-07-15T16:20:16.704673
87,4,4,0,0,0,2026-07-15T16:20:18.361328
87,4,5,0,0,0,2026-07-15T16:20:20.086479
87,4,6,0,0,0,2026-07-15T16:20:21.577430
87,4,7,0,0,0,2026-07-15T16:20:23.164029
87,4,8,0,0,0,2026-07-15T16:20:24.653722
87,4,9,0,0,0,2026-07-15T16:20:26.436100
87,4,10,0,0,0,2026-07-15T16:20:27.880027
87,5,1,2,0,2,2026-07-15T16:20:28.484259
87,5,2,2,0,2,2026-07-15T16:20:30.304418
87,5,3,2,0,2,2026-07-15T16:20:31.870337
87,5,4,2,0,2,2026-07-15T16:20:32.317514
87,5,5,2,0,2,2026-07-15T16:20:33.797393
87,5,6,2,0,2,2026-07-15T16:20:35.576142
87,5,7,2,0,2,2026-07-15T16:20:37.266630
87,5,8,2,0,2,2026-07-15T16:20:38.826721
87,5,9,2,0,2,2026-07-15T16:20:40.359529
87,5,10,2,0,2,2026-07-15T16:20:40.874027
87,6,1,0,0,0,2026-07-15T16:20:42.407286
87,6,2,0,0,0,2026-07-15T16:20:43.975843
87,6,3,0,0,0,2026-07-15T16:20:45.480398
87,6,4,0,0,0,2026-07-15T16:20:47.018690
87,6,5,0,0,0,2026-07-15T16:20:48.551326
87,6,6,0,0,0,2026-07-15T16:20:50.171692
87,6,7,0,0,0,2026-07-15T16:20:50.800526
87,6,8,0,0,0,2026-07-15T16:20:52.619720
87,6,9,0,0,0,2026-07-15T16:20:54.473752
87,6,10,0,0,0,2026-07-15T16:20:56.067979
87,7,1,4,0,4,2026-07-15T16:20:57.643030
87,7,2,4,0,4,2026-07-15T16:20:59.098840
87,7,3,4,0,4,2026-07-15T16:21:00.636037
87,7,4,4,0,4,2026-07-15T16:21:01.252575
87,7,5,4,0,4,2026-07-15T16:21:02.825691
87,7,6,4,0,4,2026-07-15T16:21:03.336178
87,7,7,4,0,4,2026-07-15T16:21:03.799623
87,7,8,4,0,4,2026-07-15T16:21:05.497007
87,7,9,4,0,4,2026-07-15T16:21:07.067748
87,7,10,4,0,4,2026-07-15T16:21:07.600059
87,8,1,2,0,2,2026-07-15T16:21:09.051097
87,8,2,2,0,2,2026-07-15T16:21:10.504362
87,8,3,2,0,2,2026-07-15T16:21:12.001593
87,8,4,2,0,2,2026-07-15T16:21:13.464226
87,8,5,2,0,2,2026-07-15T16:21:15.146715
87,8,6,2,0,2,2026-07-15T16:21:16.712965
87,8,7,2,0,2,2026-07-15T16:21:18.250324
87,8,8,2,0,2,2026-07-15T16:21:19.738677
87,8,9,2,0,2,2026-07-15T16:21:21.181562
87,8,10,2,0,2,2026-07-15T16:21:22.629743
87,9,1,5,0,5,2026-07-15T16:21:24.294228
87,9,2,5,0,5,2026-07-15T16:21:25.828693
87,9,3,5,0,5,2026-07-15T16:21:27.463380
87,9,4,5,0,5,2026-07-15T16:21:29.102463
87,9,5,5,0,5,2026-07-15T16:21:30.607412
87,9,6,5,0,5,2026-07-15T16:21:31.152366
87,9,7,5,0,5,2026-07-15T16:21:31.746820
87,9,8,5,0,5,2026-07-15T16:21:33.338446
87,9,9,5,0,5,2026-07-15T16:21:34.884656
87,9,10,5,0,5,2026-07-15T16:21:35.452500
88,1,1,5,0,5,2026-07-15T16:21:35.991846
88,1,2,5,0,5,2026-07-15T16:21:37.501953
88,1,3,5,0,5,2026-07-15T16:21:38.116878
88,1,4,5,0,5,2026-07-15T16:21:39.617655
88,1,5,5,0,5,2026-07-15T16:21:41.188705
88,1,6,5,0,5,2026-07-15T16:21:42.904147
88,1,7,5,0,5,2026-07-15T16:21:43.419244
88,1,8,5,0,5,2026-07-15T16:21:44.975869
88,1,9,5,0,5,2026-07-15T16:21:46.513244
88,1,10,5,0,5,2026-07-15T16:21:48.124464
88,2,1,0,0,0,2026-07-15T16:21:49.650873
88,2,2,0,0,0,2026-07-15T16:21:51.221019
88,2,3,0,0,0,2026-07-15T16:21:52.761090
88,2,4,0,0,0,2026-07-15T16:21:54.191568
88,2,5,0,0,0,2026-07-15T16:21:55.647448
88,2,6,0,0,0,2026-07-15T16:21:57.106307
88,2,7,0,0,0,2026-07-15T16:21:57.573318
88,2,8,0,0,0,2026-07-15T16:21:59.074681
88,2,9,0,0,0,2026-07-15T16:22:00.590254
88,2,10,0,0,0,2026-07-15T16:22:02.097444
88,3,1,3,0,3,2026-07-15T16:22:03.572808
88,3,2,3,0,3,2026-07-15T16:22:05.143699
88,3,3,3,0,3,2026-07-15T16:22:06.606294
88,3,4,3,0,3,2026-07-15T16:22:08.156564
88,3,5,3,0,3,2026-07-15T16:22:09.659386
88,3,6,3,0,3,2026-07-15T16:22:11.173995
88,3,7,3,0,3,2026-07-15T16:22:12.679365
88,3,8,3,0,3,2026-07-15T16:22:13.157199
88,3,9,3,0,3,2026-07-15T16:22:14.663844
88,3,10,3,0,3,2026-07-15T16:22:16.137249
88,4,1,0,0,0,2026-07-15T16:22:16.643602
88,4,2,0,0,0,2026-07-15T16:22:18.179392
88,4,3,0,0,0,2026-07-15T16:22:18.657876
88,4,4,0,0,0,2026-07-15T16:22:19.181971
88,4,5,0,0,0,2026-07-15T16:22:20.678158
88,4,6,0,0,0,2026-07-15T16:22:22.158464
88,4,7,0,0,0,2026-07-15T16:22:23.688145
88,4,8,0,0,0,2026-07-15T16:22:25.308868
88,4,9,0,0,0,2026-07-15T16:22:26.855395
88,4,10,0,0,0,2026-07-15T16:22:28.496036
88,5,1,2,0,2,2026-07-15T16:22:29.998719
88,5,2,2,0,2,2026-07-15T16:22:31.539856
88,5,3,2,0,2,2026-07-15T16:22:33.105850
88,5,4,2,0,2,2026-07-15T16:22:34.639145
88,5,5,3,0,3,2026-07-15T16:22:36.100358
88,5,6,3,0,3,2026-07-15T16:22:37.611142
88,5,7,2,0,2,2026-07-15T16:22:39.147975
88,5,8,3,0,3,2026-07-15T16:22:40.640593
88,5,9,3,0,3,2026-07-15T16:22:42.113050
88,5,10,2,0,2,2026-07-15T16:22:43.754391
88,6,1,0,0,0,2026-07-15T16:22:45.319700
88,6,2,0,0,0,2026-07-15T16:22:46.841739
88,6,3,0,0,0,2026-07-15T16:22:48.373410
88,6,4,0,0,0,2026-07-15T16:22:49.999131
88,6,5,0,0,0,2026-07-15T16:22:51.539632
88,6,6,0,0,0,2026-07-15T16:22:52.150373
88,6,7,0,0,0,2026-07-15T16:22:53.730414
88,6,8,0,0,0,2026-07-15T16:22:55.324281
88,6,9,0,0,0,2026-07-15T16:22:56.909878
88,6,10,0,0,0,2026-07-15T16:22:58.398889
88,7,1,4,0,4,2026-07-15T16:22:59.933359
88,7,2,4,0,4,2026-07-15T16:23:01.433082
88,7,3,4,0,4,2026-07-15T16:23:02.904496
88,7,4,4,0,4,2026-07-15T16:23:04.390364
88,7,5,4,0,4,2026-07-15T16:23:05.843693
88,7,6,4,0,4,2026-07-15T16:23:07.282602
88,7,7,4,0,4,2026-07-15T16:23:08.848485
88,7,8,4,0,4,2026-07-15T16:23:10.379582
88,7,9,4,0,4,2026-07-15T16:23:11.835850
88,7,10,4,0,4,2026-07-15T16:23:13.360022
88,8,1,0,0,0,2026-07-15T16:23:14.885743
88,8,2,0,0,0,2026-07-15T16:23:16.521101
88,8,3,0,0,0,2026-07-15T16:23:17.047336
88,8,4,0,0,0,2026-07-15T16:23:18.671691
88,8,5,0,0,0,2026-07-15T16:23:20.197344
88,8,6,0,0,0,2026-07-15T16:23:22.154955
88,8,7,0,0,0,2026-07-15T16:23:24.036772
88,8,8,0,0,0,2026-07-15T16:23:27.481614
88,8,9,0,0,0,2026-07-15T16:23:31.062286
88,8,10,0,0,0,2026-07-15T16:23:33.379551
88,9,1,5,0,5,2026-07-15T16:23:37.035542
88,9,2,5,0,5,2026-07-15T16:23:38.539852
88,9,3,5,0,5,2026-07-15T16:23:40.175586
88,9,4,5,0,5,2026-07-15T16:23:41.711995
88,9,5,5,0,5,2026-07-15T16:23:42.224255
88,9,6,5,0,5,2026-07-15T16:23:43.759783
88,9,7,5,0,5,2026-07-15T16:23:45.296071
88,9,8,5,0,5,2026-07-15T16:23:47.446493
88,9,9,5,0,5,2026-07-15T16:23:49.167301
88,9,10,5,0,5,2026-07-15T16:23:50.658805
89,1,1,3,0,3,2026-07-15T16:23:52.193091
89,1,2,3,0,3,2026-07-15T16:23:53.695609
89,1,3,3,0,3,2026-07-15T16:23:55.231463
89,1,4,3,0,3,2026-07-15T16:23:56.665039
89,1,5,3,0,3,2026-07-15T16:23:58.198715
89,1,6,3,0,3,2026-07-15T16:23:59.839805
89,1,7,3,0,3,2026-07-15T16:24:01.375722
89,1,8,3,0,3,2026-07-15T16:24:02.865600
89,1,9,3,0,3,2026-07-15T16:24:04.335031
89,1,10,3,0,3,2026-07-15T16:24:05.980854
89,2,1,0,0,0,2026-07-15T16:24:07.431402
89,2,2,0,0,0,2026-07-15T16:24:08.953155
89,2,3,0,0,0,2026-07-15T16:24:10.404181
89,2,4,0,0,0,2026-07-15T16:24:11.921770
89,2,5,0,0,0,2026-07-15T16:24:13.380792
89,2,6,0,0,0,2026-07-15T16:24:14.940968
89,2,7,0,0,0,2026-07-15T16:24:16.530888
89,2,8,0,0,0,2026-07-15T16:24:18.064410
89,2,9,0,0,0,2026-07-15T16:24:19.603108
89,2,10,0,0,0,2026-07-15T16:24:21.138782
89,3,1,2,0,2,2026-07-15T16:24:22.672785
89,3,2,2,0,2,2026-07-15T16:24:24.208870
89,3,3,2,0,2,2026-07-15T16:24:25.747067
89,3,4,2,0,2,2026-07-15T16:24:27.280604
89,3,5,2,0,2,2026-07-15T16:24:28.817151
89,3,6,2,0,2,2026-07-15T16:24:30.355259
89,3,7,2,0,2,2026-07-15T16:24:31.868797
89,3,8,2,0,2,2026-07-15T16:24:33.319597
89,3,9,2,0,2,2026-07-15T16:24:34.915730
89,3,10,2,0,2,2026-07-15T16:24:36.349323
89,4,1,0,0,0,2026-07-15T16:24:37.819931
89,4,2,0,0,0,2026-07-15T16:24:38.247612
89,4,3,0,0,0,2026-07-15T16:24:39.739491
89,4,4,0,0,0,2026-07-15T16:24:41.204402
89,4,5,0,0,0,2026-07-15T16:24:42.743196
89,4,6,0,0,0,2026-07-15T16:24:44.280817
89,4,7,0,0,0,2026-07-15T16:24:45.920234
89,4,8,0,0,0,2026-07-15T16:24:46.431535
89,4,9,0,0,0,2026-07-15T16:24:47.968147
89,4,10,0,0,0,2026-07-15T16:24:49.503715
89,5,1,3,0,3,2026-07-15T16:24:51.040340
89,5,2,3,0,3,2026-07-15T16:24:52.573347
89,5,3,3,0,3,2026-07-15T16:24:54.111849
89,5,4,3,0,3,2026-07-15T16:24:55.647950
89,5,5,3,0,3,2026-07-15T16:24:57.183783
89,5,6,3,0,3,2026-07-15T16:24:58.666131
89,5,7,3,0,3,2026-07-15T16:25:00.127446
89,5,8,3,0,3,2026-07-15T16:25:01.640291
89,5,9,3,0,3,2026-07-15T16:25:03.154344
89,5,10,3,0,3,2026-07-15T16:25:03.677508
89,6,1,0,0,0,2026-07-15T16:25:04.136146
89,6,2,0,0,0,2026-07-15T16:25:05.651026
89,6,3,0,0,0,2026-07-15T16:25:07.156938
89,6,4,0,0,0,2026-07-15T16:25:08.753700
89,6,5,0,0,0,2026-07-15T16:25:10.226648
89,6,6,0,0,0,2026-07-15T16:25:11.725209
89,6,7,0,0,0,2026-07-15T16:25:13.218984
89,6,8,0,0,0,2026-07-15T16:25:14.728798
89,6,9,0,0,0,2026-07-15T16:25:16.330742
89,6,10,0,0,0,2026-07-15T16:25:17.827316
89,7,1,4,0,4,2026-07-15T16:25:19.405441
89,7,2,4,0,4,2026-07-15T16:25:20.858582
89,7,3,4,0,4,2026-07-15T16:25:22.375616
89,7,4,4,0,4,2026-07-15T16:25:24.013950
89,7,5,4,0,4,2026-07-15T16:25:25.523937
89,7,6,4,0,4,2026-07-15T16:25:27.053440
89,7,7,4,0,4,2026-07-15T16:25:28.619986
89,7,8,4,0,4,2026-07-15T16:25:30.375451
89,7,9,4,0,4,2026-07-15T16:25:32.265794
89,7,10,4,0,4,2026-07-15T16:25:33.844218
89,8,1,0,0,0,2026-07-15T16:25:35.377648
89,8,2,0,0,0,2026-07-15T16:25:36.914320
89,8,3,0,0,0,2026-07-15T16:25:38.449247
89,8,4,0,0,0,2026-07-15T16:25:39.985616
89,8,5,0,0,0,2026-07-15T16:25:41.521101
89,8,6,0,0,0,2026-07-15T16:25:43.059305
89,8,7,0,0,0,2026-07-15T16:25:44.800770
89,8,8,0,0,0,2026-07-15T16:25:46.284210
89,8,9,0,0,0,2026-07-15T16:25:47.824680
89,8,10,0,0,0,2026-07-15T16:25:49.493614
89,9,1,5,0,5,2026-07-15T16:25:50.024540
89,9,2,5,0,5,2026-07-15T16:25:51.475280
89,9,3,5,0,5,2026-07-15T16:25:51.932443
89,9,4,5,0,5,2026-07-15T16:25:52.385515
89,9,5,5,0,5,2026-07-15T16:25:53.824217
89,9,6,5,0,5,2026-07-15T16:25:55.450621
89,9,7,5,0,5,2026-07-15T16:25:56.897848
89,9,8,5,0,5,2026-07-15T16:25:58.420606
89,9,9,5,0,5,2026-07-15T16:25:59.956595
89,9,10,5,0,5,2026-07-15T16:26:01.591763
90,1,1,3,0,3,2026-07-15T16:26:03.079392
90,1,2,3,0,3,2026-07-15T16:26:04.664597
90,1,3,3,0,3,2026-07-15T16:26:06.167605
90,1,4,3,0,3,2026-07-15T16:26:07.736338
90,1,5,3,0,3,2026-07-15T16:26:09.198385
90,1,6,3,0,3,2026-07-15T16:26:10.697093
90,1,7,3,0,3,2026-07-15T16:26:12.244249
90,1,8,3,0,3,2026-07-15T16:26:13.714062
90,1,9,3,0,3,2026-07-15T16:26:15.184108
90,1,10,3,0,3,2026-07-15T16:26:16.747699
90,2,1,2,0,2,2026-07-15T16:26:17.260598
90,2,2,2,0,2,2026-07-15T16:26:18.795289
90,2,3,2,0,2,2026-07-15T16:26:20.225297
90,2,4,2,0,2,2026-07-15T16:26:21.658834
90,2,5,2,0,2,2026-07-15T16:26:23.244267
90,2,6,2,0,2,2026-07-15T16:26:24.727433
90,2,7,2,0,2,2026-07-15T16:26:26.434337
90,2,8,2,0,2,2026-07-15T16:26:26.922871
90,2,9,2,0,2,2026-07-15T16:26:28.499714
90,2,10,2,0,2,2026-07-15T16:26:30.015370
90,3,1,2,0,2,2026-07-15T16:26:31.821471
90,3,2,2,0,2,2026-07-15T16:26:33.322290
90,3,3,2,0,2,2026-07-15T16:26:34.976220
90,3,4,2,0,2,2026-07-15T16:26:36.504300
90,3,5,2,0,2,2026-07-15T16:26:37.230332
90,3,6,2,0,2,2026-07-15T16:26:38.869011
90,3,7,2,0,2,2026-07-15T16:26:40.402388
90,3,8,2,0,2,2026-07-15T16:26:41.940174
90,3,9,2,0,2,2026-07-15T16:26:43.579454
90,3,10,2,0,2,2026-07-15T16:26:45.131053
90,4,1,0,0,0,2026-07-15T16:26:46.750878
90,4,2,0,0,0,2026-07-15T16:26:49.208561
90,4,3,0,0,0,2026-07-15T16:26:51.259564
90,4,4,0,0,0,2026-07-15T16:26:53.048566
90,4,5,0,0,0,2026-07-15T16:26:53.611460
90,4,6,0,0,0,2026-07-15T16:26:55.168969
90,4,7,0,0,0,2026-07-15T16:26:55.746094
90,4,8,0,0,0,2026-07-15T16:26:57.236801
90,4,9,0,0,0,2026-07-15T16:26:58.740628
90,4,10,0,0,0,2026-07-15T16:27:00.582092
90,5,1,3,0,3,2026-07-15T16:27:02.890793
90,5,2,3,0,3,2026-07-15T16:27:03.442225
90,5,3,3,0,3,2026-07-15T16:27:04.096627
90,5,4,3,0,3,2026-07-15T16:27:05.695818
90,5,5,3,0,3,2026-07-15T16:27:07.260037
90,5,6,3,0,3,2026-07-15T16:27:08.692025
90,5,7,3,0,3,2026-07-15T16:27:10.190049
90,5,8,3,0,3,2026-07-15T16:27:11.670773
90,5,9,3,0,3,2026-07-15T16:27:13.200682
90,5,10,3,0,3,2026-07-15T16:27:14.709438
90,6,1,0,0,0,2026-07-15T16:27:16.161449
90,6,2,0,0,0,2026-07-15T16:27:17.634986
90,6,3,0,0,0,2026-07-15T16:27:19.163798
90,6,4,0,0,0,2026-07-15T16:27:20.678883
90,6,5,0,0,0,2026-07-15T16:27:22.133193
90,6,6,0,0,0,2026-07-15T16:27:23.904464
90,6,7,0,0,0,2026-07-15T16:27:25.855506
90,6,8,0,0,0,2026-07-15T16:27:27.573386
90,6,9,0,0,0,2026-07-15T16:27:28.070512
90,6,10,0,0,0,2026-07-15T16:27:28.737834
90,7,1,3,0,3,2026-07-15T16:27:30.225209
90,7,2,4,0,4,2026-07-15T16:27:31.967472
90,7,3,3,0,3,2026-07-15T16:27:33.470177
90,7,4,3,0,3,2026-07-15T16:27:35.038367
90,7,5,4,0,4,2026-07-15T16:27:36.539441
90,7,6,3,0,3,2026-07-15T16:27:38.024702
90,7,7,3,0,3,2026-07-15T16:27:39.593732
90,7,8,3,0,3,2026-07-15T16:27:41.117826
90,7,9,3,0,3,2026-07-15T16:27:42.664471
90,7,10,3,0,3,2026-07-15T16:27:44.265241
90,8,1,0,0,0,2026-07-15T16:27:45.827052
90,8,2,0,0,0,2026-07-15T16:27:47.372149
90,8,3,0,0,0,2026-07-15T16:27:48.910632
90,8,4,0,0,0,2026-07-15T16:27:50.443610
90,8,5,0,0,0,2026-07-15T16:27:51.960273
90,8,6,0,0,0,2026-07-15T16:27:53.621579
90,8,7,0,0,0,2026-07-15T16:27:55.362863
90,8,8,0,0,0,2026-07-15T16:27:57.103868
90,8,9,0,0,0,2026-07-15T16:27:58.639281
90,8,10,0,0,0,2026-07-15T16:28:00.377294
90,9,1,4,0,4,2026-07-15T16:28:00.891167
90,9,2,4,0,4,2026-07-15T16:28:03.007970
90,9,3,4,0,4,2026-07-15T16:28:04.577135
90,9,4,4,0,4,2026-07-15T16:28:06.113556
90,9,5,4,0,4,2026-07-15T16:28:08.106558
90,9,6,4,0,4,2026-07-15T16:28:09.611939
90,9,7,4,0,4,2026-07-15T16:28:11.377732
90,9,8,4,0,4,2026-07-15T16:28:12.907124
90,9,9,4,0,4,2026-07-15T16:28:14.614098
90,9,10,4,0,4,2026-07-15T16:28:15.104497
91,1,1,3,0,3,2026-07-15T16:28:16.625840
91,1,2,3,0,3,2026-07-15T16:28:18.104811
91,1,3,3,0,3,2026-07-15T16:28:19.938653
91,1,4,3,0,3,2026-07-15T16:28:21.436173
91,1,5,3,0,3,2026-07-15T16:28:22.967558
91,1,6,3,0,3,2026-07-15T16:28:24.465450
91,1,7,3,0,3,2026-07-15T16:28:26.008680
91,1,8,3,0,3,2026-07-15T16:28:27.518252
91,1,9,3,0,3,2026-07-15T16:28:28.969515
91,1,10,3,0,3,2026-07-15T16:28:30.586053
91,2,1,2,0,2,2026-07-15T16:28:32.160411
91,2,2,2,0,2,2026-07-15T16:28:33.784243
91,2,3,2,0,2,2026-07-15T16:28:35.400336
91,2,4,2,0,2,2026-07-15T16:28:36.914908
91,2,5,2,0,2,2026-07-15T16:28:38.573073
91,2,6,2,0,2,2026-07-15T16:28:40.077933
91,2,7,2,0,2,2026-07-15T16:28:41.546046
91,2,8,2,0,2,2026-07-15T16:28:43.146775
91,2,9,2,0,2,2026-07-15T16:28:44.818836
91,2,10,2,0,2,2026-07-15T16:28:46.270408
91,3,1,3,0,3,2026-07-15T16:28:47.729870
91,3,2,3,0,3,2026-07-15T16:28:49.325230
91,3,3,3,0,3,2026-07-15T16:28:50.799440
91,3,4,3,0,3,2026-07-15T16:28:52.259712
91,3,5,3,0,3,2026-07-15T16:28:53.728574
91,3,6,3,0,3,2026-07-15T16:28:55.266224
91,3,7,3,0,3,2026-07-15T16:28:56.800866
91,3,8,3,0,3,2026-07-15T16:28:58.259152
91,3,9,3,0,3,2026-07-15T16:28:59.790245
91,3,10,3,0,3,2026-07-15T16:29:01.276188
91,4,1,0,0,0,2026-07-15T16:29:02.842190
91,4,2,0,0,0,2026-07-15T16:29:04.378422
91,4,3,0,0,0,2026-07-15T16:29:05.914018
91,4,4,0,0,0,2026-07-15T16:29:07.450714
91,4,5,0,0,0,2026-07-15T16:29:07.965403
91,4,6,0,0,0,2026-07-15T16:29:08.577107
91,4,7,0,0,0,2026-07-15T16:29:10.112693
91,4,8,0,0,0,2026-07-15T16:29:11.754556
91,4,9,0,0,0,2026-07-15T16:29:12.266712
91,4,10,0,0,0,2026-07-15T16:29:13.800821
91,5,1,3,0,3,2026-07-15T16:29:14.299591
91,5,2,3,0,3,2026-07-15T16:29:15.769901
91,5,3,3,0,3,2026-07-15T16:29:16.256494
91,5,4,3,0,3,2026-07-15T16:29:17.792910
91,5,5,3,0,3,2026-07-15T16:29:18.306636
91,5,6,3,0,3,2026-07-15T16:29:19.947798
91,5,7,3,0,3,2026-07-15T16:29:21.479116
91,5,8,3,0,3,2026-07-15T16:29:23.002238
91,5,9,3,0,3,2026-07-15T16:29:24.552332
91,5,10,3,0,3,2026-07-15T16:29:25.022660
91,6,1,0,0,0,2026-07-15T16:29:26.601870
91,6,2,0,0,0,2026-07-15T16:29:28.237676
91,6,3,0,0,0,2026-07-15T16:29:29.774254
91,6,4,0,0,0,2026-07-15T16:29:31.309854
91,6,5,0,0,0,2026-07-15T16:29:32.864826
91,6,6,0,0,0,2026-07-15T16:29:34.384256
91,6,7,0,0,0,2026-07-15T16:29:35.920532
91,6,8,0,0,0,2026-07-15T16:29:37.453009
91,6,9,0,0,0,2026-07-15T16:29:38.991699
91,6,10,0,0,0,2026-07-15T16:29:40.445938
91,7,1,4,0,4,2026-07-15T16:29:41.922312
91,7,2,4,0,4,2026-07-15T16:29:43.499316
91,7,3,4,0,4,2026-07-15T16:29:45.013771
91,7,4,4,0,4,2026-07-15T16:29:45.546814
91,7,5,4,0,4,2026-07-15T16:29:47.081243
91,7,6,4,0,4,2026-07-15T16:29:48.618962
91,7,7,4,0,4,2026-07-15T16:29:50.151828
91,7,8,4,0,4,2026-07-15T16:29:51.691076
91,7,9,4,0,4,2026-07-15T16:29:53.226442
91,7,10,4,0,4,2026-07-15T16:29:54.835515
91,8,1,2,0,2,2026-07-15T16:29:56.398069
91,8,2,2,0,2,2026-07-15T16:29:57.847735
91,8,3,2,0,2,2026-07-15T16:29:59.368842
91,8,4,2,0,2,2026-07-15T16:30:00.833096
91,8,5,2,0,2,2026-07-15T16:30:02.279035
91,8,6,2,0,2,2026-07-15T16:30:03.721110
91,8,7,2,0,2,2026-07-15T16:30:04.296235
91,8,8,2,0,2,2026-07-15T16:30:06.027458
91,8,9,2,0,2,2026-07-15T16:30:08.209640
91,8,10,2,0,2,2026-07-15T16:30:09.719672
91,9,1,5,0,5,2026-07-15T16:30:11.202312
91,9,2,5,0,5,2026-07-15T16:30:12.669860
91,9,3,5,0,5,2026-07-15T16:30:14.132176
91,9,4,5,0,5,2026-07-15T16:30:15.805184
91,9,5,5,0,5,2026-07-15T16:30:17.493628
91,9,6,5,0,5,2026-07-15T16:30:18.968406
91,9,7,5,0,5,2026-07-15T16:30:20.463529
91,9,8,5,0,5,2026-07-15T16:30:21.998524
91,9,9,5,0,5,2026-07-15T16:30:23.537307
91,9,10,5,0,5,2026-07-15T16:30:23.990360
92,1,1,4,0,4,2026-07-15T16:30:24.473142
92,1,2,4,0,4,2026-07-15T16:30:24.932681
92,1,3,4,0,4,2026-07-15T16:30:25.483678
92,1,4,4,0,4,2026-07-15T16:30:27.017190
92,1,5,5,0,5,2026-07-15T16:30:28.555326
92,1,6,4,0,4,2026-07-15T16:30:30.047534
92,1,7,4,0,4,2026-07-15T16:30:31.523211
92,1,8,4,0,4,2026-07-15T16:30:32.343577
92,1,9,4,0,4,2026-07-15T16:30:33.798104
92,1,10,4,0,4,2026-07-15T16:30:35.313561
92,2,1,0,0,0,2026-07-15T16:30:36.951668
92,2,2,0,0,0,2026-07-15T16:30:38.534412
92,2,3,0,0,0,2026-07-15T16:30:40.195507
92,2,4,0,0,0,2026-07-15T16:30:41.969776
92,2,5,0,0,0,2026-07-15T16:30:43.604975
92,2,6,0,0,0,2026-07-15T16:30:45.163368
92,2,7,0,0,0,2026-07-15T16:30:46.884761
92,2,8,0,0,0,2026-07-15T16:30:48.418153
92,2,9,0,0,0,2026-07-15T16:30:50.261595
92,2,10,0,0,0,2026-07-15T16:30:50.775908
92,3,1,3,0,3,2026-07-15T16:30:52.312441
92,3,2,3,0,3,2026-07-15T16:30:53.848688
92,3,3,3,0,3,2026-07-15T16:30:55.381365
92,3,4,3,0,3,2026-07-15T16:30:55.995829
92,3,5,3,0,3,2026-07-15T16:30:57.635522
92,3,6,3,0,3,2026-07-15T16:30:59.132577
92,3,7,3,0,3,2026-07-15T16:31:00.711822
92,3,8,3,0,3,2026-07-15T16:31:02.242943
92,3,9,3,0,3,2026-07-15T16:31:02.791517
92,3,10,3,0,3,2026-07-15T16:31:04.292333
92,4,1,0,0,0,2026-07-15T16:31:05.829095
92,4,2,0,0,0,2026-07-15T16:31:07.363851
92,4,3,0,0,0,2026-07-15T16:31:09.002203
92,4,4,0,0,0,2026-07-15T16:31:10.540329
92,4,5,0,0,0,2026-07-15T16:31:12.174978
92,4,6,0,0,0,2026-07-15T16:31:13.712852
92,4,7,0,0,0,2026-07-15T16:31:15.234388
92,4,8,0,0,0,2026-07-15T16:31:16.697581
92,4,9,0,0,0,2026-07-15T16:31:18.319000
92,4,10,0,0,0,2026-07-15T16:31:19.857882
92,5,1,3,0,3,2026-07-15T16:31:21.381175
92,5,2,3,0,3,2026-07-15T16:31:22.927205
92,5,3,3,0,3,2026-07-15T16:31:24.443973
92,5,4,3,0,3,2026-07-15T16:31:25.999875
92,5,5,3,0,3,2026-07-15T16:31:27.497390
92,5,6,3,0,3,2026-07-15T16:31:28.970915
92,5,7,3,0,3,2026-07-15T16:31:30.507806
92,5,8,3,0,3,2026-07-15T16:31:32.022081
92,5,9,3,0,3,2026-07-15T16:31:33.578532
92,5,10,3,0,3,2026-07-15T16:31:35.116354
92,6,1,0,0,0,2026-07-15T16:31:36.585486
92,6,2,0,0,0,2026-07-15T16:31:38.063460
92,6,3,0,0,0,2026-07-15T16:31:39.618608
92,6,4,0,0,0,2026-07-15T16:31:41.124627
92,6,5,0,0,0,2026-07-15T16:31:42.690887
92,6,6,0,0,0,2026-07-15T16:31:44.332534
92,6,7,0,0,0,2026-07-15T16:31:44.944284
92,6,8,0,0,0,2026-07-15T16:31:46.479755
92,6,9,0,0,0,2026-07-15T16:31:48.021572
92,6,10,0,0,0,2026-07-15T16:31:49.514279
92,7,1,4,0,4,2026-07-15T16:31:50.987947
92,7,2,4,0,4,2026-07-15T16:31:52.524557
92,7,3,4,0,4,2026-07-15T16:31:53.998180
92,7,4,4,0,4,2026-07-15T16:31:56.313952
92,7,5,4,0,4,2026-07-15T16:31:56.924432
92,7,6,4,0,4,2026-07-15T16:31:58.562925
92,7,7,4,0,4,2026-07-15T16:32:00.919657
92,7,8,4,0,4,2026-07-15T16:32:02.454130
92,7,9,4,0,4,2026-07-15T16:32:03.990525
92,7,10,4,0,4,2026-07-15T16:32:09.522296
92,8,1,0,0,0,2026-07-15T16:32:10.997627
92,8,2,0,0,0,2026-07-15T16:32:12.490868
92,8,3,0,0,0,2026-07-15T16:32:13.948901
92,8,4,0,0,0,2026-07-15T16:32:14.421543
92,8,5,0,0,0,2026-07-15T16:32:15.918410
92,8,6,0,0,0,2026-07-15T16:32:18.865703
92,8,7,0,0,0,2026-07-15T16:32:20.343703
92,8,8,0,0,0,2026-07-15T16:32:21.863463
92,8,9,0,0,0,2026-07-15T16:32:23.962031
92,8,10,0,0,0,2026-07-15T16:32:25.555752
92,9,1,5,0,5,2026-07-15T16:32:27.110053
92,9,2,5,0,5,2026-07-15T16:32:28.536129
92,9,3,5,0,5,2026-07-15T16:32:30.083355
92,9,4,5,0,5,2026-07-15T16:32:30.645332
92,9,5,5,0,5,2026-07-15T16:32:32.173940
92,9,6,5,0,5,2026-07-15T16:32:33.870717
92,9,7,5,0,5,2026-07-15T16:32:35.431394
92,9,8,5,0,5,2026-07-15T16:32:36.955117
92,9,9,5,0,5,2026-07-15T16:32:37.478551
92,9,10,5,0,5,2026-07-15T16:32:39.011925
93,1,1,4,0,4,2026-07-15T16:32:40.464066
93,1,2,4,0,4,2026-07-15T16:32:41.967787
93,1,3,4,0,4,2026-07-15T16:32:43.517433
93,1,4,4,0,4,2026-07-15T16:32:45.065996
93,1,5,4,0,4,2026-07-15T16:32:46.529357
93,1,6,4,0,4,2026-07-15T16:32:47.101144
93,1,7,4,0,4,2026-07-15T16:32:48.637296
93,1,8,4,0,4,2026-07-15T16:32:49.151690
93,1,9,4,0,4,2026-07-15T16:32:50.762318
93,1,10,4,0,4,2026-07-15T16:32:52.222385
93,2,1,2,0,2,2026-07-15T16:32:53.677576
93,2,2,2,0,2,2026-07-15T16:32:55.190916
93,2,3,2,0,2,2026-07-15T16:32:56.707041
93,2,4,2,0,2,2026-07-15T16:32:58.257031
93,2,5,2,0,2,2026-07-15T16:32:59.851861
93,2,6,2,0,2,2026-07-15T16:33:00.619658
93,2,7,2,0,2,2026-07-15T16:33:02.157469
93,2,8,2,0,2,2026-07-15T16:33:04.203952
93,2,9,2,0,2,2026-07-15T16:33:05.738095
93,2,10,2,0,2,2026-07-15T16:33:07.315163
93,3,1,2,0,2,2026-07-15T16:33:09.427660
93,3,2,2,0,2,2026-07-15T16:33:10.963363
93,3,3,3,0,3,2026-07-15T16:33:12.417108
93,3,4,2,0,2,2026-07-15T16:33:14.032774
93,3,5,3,0,3,2026-07-15T16:33:15.593141
93,3,6,2,0,2,2026-07-15T16:33:17.079939
93,3,7,2,0,2,2026-07-15T16:33:18.579028
93,3,8,2,0,2,2026-07-15T16:33:19.014293
93,3,9,2,0,2,2026-07-15T16:33:19.487511
93,3,10,2,0,2,2026-07-15T16:33:19.986574
93,4,1,0,0,0,2026-07-15T16:33:21.515215
93,4,2,0,0,0,2026-07-15T16:33:23.011781
93,4,3,0,0,0,2026-07-15T16:33:24.579924
93,4,4,0,0,0,2026-07-15T16:33:26.115898
93,4,5,0,0,0,2026-07-15T16:33:27.655045
93,4,6,0,0,0,2026-07-15T16:33:29.118977
93,4,7,0,0,0,2026-07-15T16:33:30.613345
93,4,8,0,0,0,2026-07-15T16:33:32.190602
93,4,9,0,0,0,2026-07-15T16:33:33.865154
93,4,10,0,0,0,2026-07-15T16:33:35.354202
93,5,1,3,0,3,2026-07-15T16:33:36.868436
93,5,2,3,0,3,2026-07-15T16:33:38.341952
93,5,3,3,0,3,2026-07-15T16:33:39.825615
93,5,4,3,0,3,2026-07-15T16:33:41.288878
93,5,5,3,0,3,2026-07-15T16:33:42.809821
93,5,6,3,0,3,2026-07-15T16:33:44.344769
93,5,7,3,0,3,2026-07-15T16:33:45.813546
93,5,8,3,0,3,2026-07-15T16:33:47.340027
93,5,9,3,0,3,2026-07-15T16:33:48.951406
93,5,10,3,0,3,2026-07-15T16:33:50.421884
93,6,1,0,0,0,2026-07-15T16:33:51.876038
93,6,2,0,0,0,2026-07-15T16:33:53.411726
93,6,3,0,0,0,2026-07-15T16:33:54.883615
93,6,4,0,0,0,2026-07-15T16:33:56.430038
93,6,5,0,0,0,2026-07-15T16:33:57.962656
93,6,6,0,0,0,2026-07-15T16:33:59.502099
93,6,7,0,0,0,2026-07-15T16:34:00.993061
93,6,8,0,0,0,2026-07-15T16:34:02.717190
93,6,9,0,0,0,2026-07-15T16:34:03.192812
93,6,10,0,0,0,2026-07-15T16:34:04.823527
93,7,1,4,0,4,2026-07-15T16:34:06.582011
93,7,2,4,0,4,2026-07-15T16:34:08.015717
93,7,3,4,0,4,2026-07-15T16:34:09.537109
93,7,4,4,0,4,2026-07-15T16:34:11.018129
93,7,5,4,0,4,2026-07-15T16:34:11.497724
93,7,6,4,0,4,2026-07-15T16:34:11.991603
93,7,7,4,0,4,2026-07-15T16:34:13.593847
93,7,8,4,0,4,2026-07-15T16:34:15.096612
93,7,9,4,0,4,2026-07-15T16:34:16.600087
93,7,10,4,0,4,2026-07-15T16:34:18.136415
93,8,1,2,0,2,2026-07-15T16:34:19.652942
93,8,2,2,0,2,2026-07-15T16:34:21.154965
93,8,3,2,0,2,2026-07-15T16:34:21.820477
93,8,4,2,0,2,2026-07-15T16:34:23.265490
93,8,5,2,0,2,2026-07-15T16:34:24.791984
93,8,6,2,0,2,2026-07-15T16:34:26.327864
93,8,7,2,0,2,2026-07-15T16:34:27.864156
93,8,8,2,0,2,2026-07-15T16:34:29.392690
93,8,9,2,0,2,2026-07-15T16:34:30.938946
93,8,10,2,0,2,2026-07-15T16:34:32.474771
93,9,1,5,0,5,2026-07-15T16:34:32.957615
93,9,2,5,0,5,2026-07-15T16:34:34.525510
93,9,3,5,0,5,2026-07-15T16:34:36.056074
93,9,4,5,0,5,2026-07-15T16:34:37.592671
93,9,5,5,0,5,2026-07-15T16:34:39.121107
93,9,6,5,0,5,2026-07-15T16:34:40.664442
93,9,7,5,0,5,2026-07-15T16:34:42.100708
93,9,8,5,0,5,2026-07-15T16:34:43.736505
93,9,9,5,0,5,2026-07-15T16:34:45.175199
93,9,10,5,0,5,2026-07-15T16:34:46.808176
94,1,1,3,0,3,2026-07-15T16:34:48.344578
94,1,2,3,0,3,2026-07-15T16:34:49.880417
94,1,3,3,0,3,2026-07-15T16:34:51.419842
94,1,4,3,0,3,2026-07-15T16:34:52.921955
94,1,5,3,0,3,2026-07-15T16:34:54.488503
94,1,6,3,0,3,2026-07-15T16:34:56.024142
94,1,7,3,0,3,2026-07-15T16:34:57.461544
94,1,8,3,0,3,2026-07-15T16:34:58.898475
94,1,9,3,0,3,2026-07-15T16:35:00.341954
94,1,10,3,0,3,2026-07-15T16:35:01.864039
94,2,1,0,0,0,2026-07-15T16:35:03.316411
94,2,2,0,0,0,2026-07-15T16:35:04.792450
94,2,3,0,0,0,2026-07-15T16:35:06.357728
94,2,4,0,0,0,2026-07-15T16:35:06.881307
94,2,5,0,0,0,2026-07-15T16:35:08.417893
94,2,6,0,0,0,2026-07-15T16:35:09.950724
94,2,7,0,0,0,2026-07-15T16:35:11.496477
94,2,8,0,0,0,2026-07-15T16:35:12.978104
94,2,9,0,0,0,2026-07-15T16:35:14.434350
94,2,10,0,0,0,2026-07-15T16:35:14.970079
94,3,1,3,0,3,2026-07-15T16:35:16.517993
94,3,2,3,0,3,2026-07-15T16:35:18.143069
94,3,3,3,0,3,2026-07-15T16:35:19.602867
94,3,4,3,0,3,2026-07-15T16:35:21.115133
94,3,5,3,0,3,2026-07-15T16:35:22.546373
94,3,6,3,0,3,2026-07-15T16:35:24.083867
94,3,7,3,0,3,2026-07-15T16:35:25.620840
94,3,8,3,0,3,2026-07-15T16:35:26.080813
94,3,9,3,0,3,2026-07-15T16:35:27.586938
94,3,10,3,0,3,2026-07-15T16:35:29.053206
94,4,1,0,0,0,2026-07-15T16:35:30.535740
94,4,2,0,0,0,2026-07-15T16:35:32.032604
94,4,3,0,0,0,2026-07-15T16:35:33.605487
94,4,4,0,0,0,2026-07-15T16:35:35.363646
94,4,5,0,0,0,2026-07-15T16:35:37.496474
94,4,6,0,0,0,2026-07-15T16:35:37.953840
94,4,7,0,0,0,2026-07-15T16:35:39.411576
94,4,8,0,0,0,2026-07-15T16:35:40.879350
94,4,9,0,0,0,2026-07-15T16:35:42.411803
94,4,10,0,0,0,2026-07-15T16:35:44.009625
94,5,1,3,0,3,2026-07-15T16:35:45.586693
94,5,2,3,0,3,2026-07-15T16:35:47.104984
94,5,3,3,0,3,2026-07-15T16:35:48.661615
94,5,4,3,0,3,2026-07-15T16:35:50.299290
94,5,5,3,0,3,2026-07-15T16:35:50.788632
94,5,6,3,0,3,2026-07-15T16:35:51.311675
94,5,7,3,0,3,2026-07-15T16:35:52.858441
94,5,8,3,0,3,2026-07-15T16:35:54.393390
94,5,9,3,0,3,2026-07-15T16:35:55.852020
94,5,10,3,0,3,2026-07-15T16:35:57.364735
94,6,1,0,0,0,2026-07-15T16:35:57.877082
94,6,2,0,0,0,2026-07-15T16:35:59.343125
94,6,3,0,0,0,2026-07-15T16:36:00.827941
94,6,4,0,0,0,2026-07-15T16:36:02.358845
94,6,5,0,0,0,2026-07-15T16:36:02.843421
94,6,6,0,0,0,2026-07-15T16:36:03.366849
94,6,7,0,0,0,2026-07-15T16:36:04.884848
94,6,8,0,0,0,2026-07-15T16:36:06.365800
94,6,9,0,0,0,2026-07-15T16:36:07.910105
94,6,10,0,0,0,2026-07-15T16:36:09.389267
94,7,1,4,0,4,2026-07-15T16:36:09.899641
94,7,2,4,0,4,2026-07-15T16:36:11.392088
94,7,3,4,0,4,2026-07-15T16:36:11.905517
94,7,4,4,0,4,2026-07-15T16:36:13.442351
94,7,5,4,0,4,2026-07-15T16:36:14.915967
94,7,6,4,0,4,2026-07-15T16:36:16.476814
94,7,7,4,0,4,2026-07-15T16:36:17.948632
94,7,8,4,0,4,2026-07-15T16:36:19.484559
94,7,9,4,0,4,2026-07-15T16:36:20.936321
94,7,10,4,0,4,2026-07-15T16:36:21.395979
94,8,1,0,0,0,2026-07-15T16:36:22.879479
94,8,2,0,0,0,2026-07-15T16:36:24.315880
94,8,3,0,0,0,2026-07-15T16:36:25.827729
94,8,4,0,0,0,2026-07-15T16:36:27.280283
94,8,5,0,0,0,2026-07-15T16:36:28.801106
94,8,6,0,0,0,2026-07-15T16:36:29.265916
94,8,7,0,0,0,2026-07-15T16:36:30.847891
94,8,8,0,0,0,2026-07-15T16:36:32.384240
94,8,9,0,0,0,2026-07-15T16:36:33.853978
94,8,10,0,0,0,2026-07-15T16:36:35.455943
94,9,1,5,0,5,2026-07-15T16:36:36.992305
94,9,2,5,0,5,2026-07-15T16:36:37.506523
94,9,3,5,0,5,2026-07-15T16:36:38.998183
94,9,4,5,0,5,2026-07-15T16:36:40.578680
94,9,5,5,0,5,2026-07-15T16:36:42.015042
94,9,6,5,0,5,2026-07-15T16:36:43.648315
94,9,7,5,0,5,2026-07-15T16:36:45.102192
94,9,8,5,0,5,2026-07-15T16:36:46.720522
94,9,9,5,0,5,2026-07-15T16:36:48.200973
94,9,10,5,0,5,2026-07-15T16:36:48.732434
95,1,1,3,0,3,2026-07-15T16:36:50.329665
95,1,2,3,0,3,2026-07-15T16:36:51.809322
95,1,3,3,0,3,2026-07-15T16:36:53.265671
95,1,4,3,0,3,2026-07-15T16:36:54.809872
95,1,5,3,0,3,2026-07-15T16:36:56.336662
95,1,6,3,0,3,2026-07-15T16:36:57.818005
95,1,7,3,0,3,2026-07-15T16:36:59.318140
95,1,8,3,0,3,2026-07-15T16:37:00.767169
95,1,9,3,0,3,2026-07-15T16:37:02.247842
95,1,10,3,0,3,2026-07-15T16:37:03.905638
95,2,1,0,0,0,2026-07-15T16:37:05.562124
95,2,2,0,0,0,2026-07-15T16:37:07.072990
95,2,3,0,0,0,2026-07-15T16:37:08.586789
95,2,4,0,0,0,2026-07-15T16:37:10.170092
95,2,5,0,0,0,2026-07-15T16:37:12.100198
95,2,6,0,0,0,2026-07-15T16:37:13.571362
95,2,7,0,0,0,2026-07-15T16:37:15.052963
95,2,8,0,0,0,2026-07-15T16:37:16.511780
95,2,9,0,0,0,2026-07-15T16:37:17.057657
95,2,10,0,0,0,2026-07-15T16:37:18.528697
95,3,1,3,0,3,2026-07-15T16:37:20.102955
95,3,2,3,0,3,2026-07-15T16:37:21.589321
95,3,3,3,0,3,2026-07-15T16:37:23.070984
95,3,4,3,0,3,2026-07-15T16:37:24.555518
95,3,5,3,0,3,2026-07-15T16:37:25.018936
95,3,6,3,0,3,2026-07-15T16:37:25.507830
95,3,7,3,0,3,2026-07-15T16:37:26.974343
95,3,8,3,0,3,2026-07-15T16:37:27.429923
95,3,9,3,0,3,2026-07-15T16:37:28.912194
95,3,10,3,0,3,2026-07-15T16:37:29.392860
95,4,1,0,0,0,2026-07-15T16:37:29.881882
95,4,2,0,0,0,2026-07-15T16:37:31.369582
95,4,3,0,0,0,2026-07-15T16:37:32.904226
95,4,4,0,0,0,2026-07-15T16:37:34.347829
95,4,5,0,0,0,2026-07-15T16:37:35.978331
95,4,6,0,0,0,2026-07-15T16:37:36.486376
95,4,7,0,0,0,2026-07-15T16:37:38.024431
95,4,8,0,0,0,2026-07-15T16:37:39.532843
95,4,9,0,0,0,2026-07-15T16:37:41.202309
95,4,10,0,0,0,2026-07-15T16:37:42.723192
95,5,1,5,0,5,2026-07-15T16:37:44.317799
95,5,2,5,0,5,2026-07-15T16:37:45.907967
95,5,3,5,0,5,2026-07-15T16:37:47.455964
95,5,4,5,0,5,2026-07-15T16:37:48.978366
95,5,5,5,0,5,2026-07-15T16:37:50.518864
95,5,6,5,0,5,2026-07-15T16:37:51.991113
95,5,7,5,0,5,2026-07-15T16:37:53.487231
95,5,8,5,0,5,2026-07-15T16:37:54.917199
95,5,9,5,0,5,2026-07-15T16:37:56.382629
95,5,10,5,0,5,2026-07-15T16:37:57.841120
95,6,1,0,0,0,2026-07-15T16:37:59.323971
95,6,2,0,0,0,2026-07-15T16:38:00.770492
95,6,3,0,0,0,2026-07-15T16:38:02.209733
95,6,4,0,0,0,2026-07-15T16:38:03.701365
95,6,5,0,0,0,2026-07-15T16:38:05.265152
95,6,6,0,0,0,2026-07-15T16:38:06.757496
95,6,7,0,0,0,2026-07-15T16:38:08.270903
95,6,8,0,0,0,2026-07-15T16:38:08.844991
95,6,9,0,0,0,2026-07-15T16:38:09.299261
95,6,10,0,0,0,2026-07-15T16:38:10.791998
95,7,1,4,0,4,2026-07-15T16:38:12.764228
95,7,2,4,0,4,2026-07-15T16:38:14.583083
95,7,3,4,0,4,2026-07-15T16:38:15.115510
95,7,4,4,0,4,2026-07-15T16:38:16.550654
95,7,5,4,0,4,2026-07-15T16:38:18.039585
95,7,6,4,0,4,2026-07-15T16:38:19.525588
95,7,7,4,0,4,2026-07-15T16:38:21.034479
95,7,8,4,0,4,2026-07-15T16:38:22.482630
95,7,9,4,0,4,2026-07-15T16:38:23.932083
95,7,10,4,0,4,2026-07-15T16:38:25.412983
95,8,1,0,0,0,2026-07-15T16:38:25.861248
95,8,2,0,0,0,2026-07-15T16:38:27.341959
95,8,3,0,0,0,2026-07-15T16:38:28.819633
95,8,4,0,0,0,2026-07-15T16:38:30.350409
95,8,5,0,0,0,2026-07-15T16:38:31.795007
95,8,6,0,0,0,2026-07-15T16:38:33.279035
95,8,7,0,0,0,2026-07-15T16:38:34.836658
95,8,8,0,0,0,2026-07-15T16:38:36.433835
95,8,9,0,0,0,2026-07-15T16:38:37.912942
95,8,10,0,0,0,2026-07-15T16:38:39.377763
95,9,1,5,0,5,2026-07-15T16:38:40.830905
95,9,2,5,0,5,2026-07-15T16:38:42.259129
95,9,3,5,0,5,2026-07-15T16:38:43.867360
95,9,4,5,0,5,2026-07-15T16:38:45.387235
95,9,5,5,0,5,2026-07-15T16:38:46.878816
95,9,6,5,0,5,2026-07-15T16:38:48.390775
95,9,7,5,0,5,2026-07-15T16:38:49.865133
95,9,8,5,0,5,2026-07-15T16:38:51.329828
95,9,9,5,0,5,2026-07-15T16:38:52.901742
95,9,10,5,0,5,2026-07-15T16:38:54.395774
96,1,1,4,0,4,2026-07-15T16:38:55.856945
96,1,2,4,0,4,2026-07-15T16:38:57.401126
96,1,3,4,0,4,2026-07-15T16:38:58.923207
96,1,4,4,0,4,2026-07-15T16:39:00.562106
96,1,5,4,0,4,2026-07-15T16:39:02.094689
96,1,6,4,0,4,2026-07-15T16:39:02.678651
96,1,7,4,0,4,2026-07-15T16:39:04.143569
96,1,8,4,0,4,2026-07-15T16:39:05.681843
96,1,9,4,0,4,2026-07-15T16:39:07.132856
96,1,10,4,0,4,2026-07-15T16:39:08.651612
96,2,1,2,0,2,2026-07-15T16:39:10.123809
96,2,2,2,0,2,2026-07-15T16:39:10.591140
96,2,3,2,0,2,2026-07-15T16:39:12.131060
96,2,4,2,0,2,2026-07-15T16:39:13.594539
96,2,5,2,0,2,2026-07-15T16:39:15.071761
96,2,6,2,0,2,2026-07-15T16:39:16.638730
96,2,7,2,0,2,2026-07-15T16:39:18.084308
96,2,8,2,0,2,2026-07-15T16:39:19.579580
96,2,9,2,0,2,2026-07-15T16:39:21.141140
96,2,10,2,0,2,2026-07-15T16:39:22.610109
96,3,1,3,0,3,2026-07-15T16:39:24.114099
96,3,2,3,0,3,2026-07-15T16:39:25.558642
96,3,3,3,0,3,2026-07-15T16:39:27.082967
96,3,4,3,0,3,2026-07-15T16:39:28.545640
96,3,5,3,0,3,2026-07-15T16:39:30.030892
96,3,6,3,0,3,2026-07-15T16:39:31.589188
96,3,7,3,0,3,2026-07-15T16:39:33.035284
96,3,8,3,0,3,2026-07-15T16:39:34.556143
96,3,9,3,0,3,2026-07-15T16:39:36.079195
96,3,10,3,0,3,2026-07-15T16:39:37.563260
96,4,1,2,0,2,2026-07-15T16:39:39.084231
96,4,2,2,0,2,2026-07-15T16:39:40.510875
96,4,3,2,0,2,2026-07-15T16:39:42.033877
96,4,4,2,0,2,2026-07-15T16:39:43.672134
96,4,5,2,0,2,2026-07-15T16:39:45.117424
96,4,6,2,0,2,2026-07-15T16:39:46.645448
96,4,7,2,0,2,2026-07-15T16:39:48.178272
96,4,8,2,0,2,2026-07-15T16:39:49.714766
96,4,9,2,0,2,2026-07-15T16:39:51.249573
96,4,10,2,0,2,2026-07-15T16:39:52.786696
96,5,1,3,0,3,2026-07-15T16:39:54.253756
96,5,2,3,0,3,2026-07-15T16:39:55.858549
96,5,3,3,0,3,2026-07-15T16:39:57.331838
96,5,4,3,0,3,2026-07-15T16:39:58.823685
96,5,5,3,0,3,2026-07-15T16:40:00.346521
96,5,6,2,0,2,2026-07-15T16:40:01.832025
96,5,7,3,0,3,2026-07-15T16:40:03.436171
96,5,8,3,0,3,2026-07-15T16:40:04.954287
96,5,9,3,0,3,2026-07-15T16:40:06.505440
96,5,10,3,0,3,2026-07-15T16:40:08.041230
96,6,1,0,0,0,2026-07-15T16:40:09.580225
96,6,2,0,0,0,2026-07-15T16:40:11.038626
96,6,3,0,0,0,2026-07-15T16:40:12.497747
96,6,4,0,0,0,2026-07-15T16:40:13.964139
96,6,5,0,0,0,2026-07-15T16:40:15.399390
96,6,6,0,0,0,2026-07-15T16:40:16.920850
96,6,7,0,0,0,2026-07-15T16:40:18.487242
96,6,8,0,0,0,2026-07-15T16:40:19.981288
96,6,9,0,0,0,2026-07-15T16:40:21.507000
96,6,10,0,0,0,2026-07-15T16:40:21.960648
96,7,1,4,0,4,2026-07-15T16:40:23.608634
96,7,2,4,0,4,2026-07-15T16:40:25.038478
96,7,3,4,0,4,2026-07-15T16:40:26.646801
96,7,4,4,0,4,2026-07-15T16:40:27.169426
96,7,5,4,0,4,2026-07-15T16:40:28.729014
96,7,6,4,0,4,2026-07-15T16:40:30.264878
96,7,7,4,0,4,2026-07-15T16:40:30.729739
96,7,8,4,0,4,2026-07-15T16:40:32.180035
96,7,9,4,0,4,2026-07-15T16:40:33.710422
96,7,10,4,0,4,2026-07-15T16:40:35.237986
96,8,1,3,0,3,2026-07-15T16:40:36.763128
96,8,2,3,0,3,2026-07-15T16:40:38.251874
96,8,3,3,0,3,2026-07-15T16:40:39.889444
96,8,4,3,0,3,2026-07-15T16:40:41.315528
96,8,5,3,0,3,2026-07-15T16:40:41.776121
96,8,6,3,0,3,2026-07-15T16:40:43.339255
96,8,7,3,0,3,2026-07-15T16:40:44.908473
96,8,8,3,0,3,2026-07-15T16:40:46.425505
96,8,9,3,0,3,2026-07-15T16:40:48.064446
96,8,10,3,0,3,2026-07-15T16:40:49.535591
96,9,1,5,0,5,2026-07-15T16:40:51.052277
96,9,2,5,0,5,2026-07-15T16:40:52.534827
96,9,3,5,0,5,2026-07-15T16:40:54.021884
96,9,4,5,0,5,2026-07-15T16:40:55.546632
96,9,5,5,0,5,2026-07-15T16:40:57.299557
96,9,6,5,0,5,2026-07-15T16:40:58.933504
96,9,7,5,0,5,2026-07-15T16:41:00.470202
96,9,8,5,0,5,2026-07-15T16:41:01.920328
96,9,9,5,0,5,2026-07-15T16:41:03.443342
96,9,10,5,0,5,2026-07-15T16:41:04.977929
97,1,1,4,0,4,2026-07-15T16:41:06.515372
97,1,2,4,0,4,2026-07-15T16:41:08.048558
97,1,3,4,0,4,2026-07-15T16:41:09.587303
97,1,4,4,0,4,2026-07-15T16:41:11.119875
97,1,5,4,0,4,2026-07-15T16:41:12.642070
97,1,6,4,0,4,2026-07-15T16:41:14.192164
97,1,7,4,0,4,2026-07-15T16:41:15.675062
97,1,8,4,0,4,2026-07-15T16:41:17.264208
97,1,9,4,0,4,2026-07-15T16:41:18.803165
97,1,10,4,0,4,2026-07-15T16:41:20.438866
97,2,1,2,0,2,2026-07-15T16:41:20.900083
97,2,2,2,0,2,2026-07-15T16:41:22.386954
97,2,3,2,0,2,2026-07-15T16:41:23.923550
97,2,4,2,0,2,2026-07-15T16:41:25.557922
97,2,5,2,0,2,2026-07-15T16:41:26.036739
97,2,6,2,0,2,2026-07-15T16:41:27.608203
97,2,7,2,0,2,2026-07-15T16:41:29.144082
97,2,8,2,0,2,2026-07-15T16:41:30.678504
97,2,9,2,0,2,2026-07-15T16:41:32.123156
97,2,10,2,0,2,2026-07-15T16:41:33.576626
97,3,1,2,0,2,2026-07-15T16:41:35.084765
97,3,2,2,0,2,2026-07-15T16:41:36.692758
97,3,3,2,0,2,2026-07-15T16:41:37.220634
97,3,4,2,0,2,2026-07-15T16:41:38.768469
97,3,5,2,0,2,2026-07-15T16:41:39.283781
97,3,6,2,0,2,2026-07-15T16:41:40.819736
97,3,7,2,0,2,2026-07-15T16:41:42.356015
97,3,8,2,0,2,2026-07-15T16:41:43.991002
97,3,9,2,0,2,2026-07-15T16:41:45.529432
97,3,10,2,0,2,2026-07-15T16:41:47.308313
97,4,1,0,0,0,2026-07-15T16:41:48.763745
97,4,2,0,0,0,2026-07-15T16:41:50.238984
97,4,3,0,0,0,2026-07-15T16:41:51.773910
97,4,4,0,0,0,2026-07-15T16:41:53.423448
97,4,5,0,0,0,2026-07-15T16:41:54.948308
97,4,6,0,0,0,2026-07-15T16:41:56.410700
97,4,7,0,0,0,2026-07-15T16:41:57.961947
97,4,8,0,0,0,2026-07-15T16:41:59.650581
97,4,9,0,0,0,2026-07-15T16:42:00.136959
97,4,10,0,0,0,2026-07-15T16:42:01.709294
97,5,1,2,0,2,2026-07-15T16:42:03.245075
97,5,2,2,0,2,2026-07-15T16:42:04.779010
97,5,3,2,0,2,2026-07-15T16:42:06.314213
97,5,4,3,0,3,2026-07-15T16:42:07.767857
97,5,5,3,0,3,2026-07-15T16:42:08.365178
97,5,6,3,0,3,2026-07-15T16:42:09.900862
97,5,7,3,0,3,2026-07-15T16:42:11.539226
97,5,8,3,0,3,2026-07-15T16:42:13.075412
97,5,9,3,0,3,2026-07-15T16:42:14.608153
97,5,10,3,0,3,2026-07-15T16:42:15.232352
97,6,1,0,0,0,2026-07-15T16:42:16.860672
97,6,2,0,0,0,2026-07-15T16:42:18.381396
97,6,3,0,0,0,2026-07-15T16:42:19.855181
97,6,4,0,0,0,2026-07-15T16:42:21.292862
97,6,5,0,0,0,2026-07-15T16:42:22.746962
97,6,6,0,0,0,2026-07-15T16:42:24.544537
97,6,7,0,0,0,2026-07-15T16:42:26.079648
97,6,8,0,0,0,2026-07-15T16:42:27.550411
97,6,9,0,0,0,2026-07-15T16:42:29.049720
97,6,10,0,0,0,2026-07-15T16:42:30.583169
97,7,1,4,0,4,2026-07-15T16:42:32.017265
97,7,2,4,0,4,2026-07-15T16:42:33.556582
97,7,3,4,0,4,2026-07-15T16:42:35.028303
97,7,4,4,0,4,2026-07-15T16:42:35.587340
97,7,5,4,0,4,2026-07-15T16:42:37.137013
97,7,6,4,0,4,2026-07-15T16:42:38.676596
97,7,7,4,0,4,2026-07-15T16:42:40.211226
97,7,8,4,0,4,2026-07-15T16:42:41.748608
97,7,9,4,0,4,2026-07-15T16:42:42.341100
97,7,10,4,0,4,2026-07-15T16:42:43.895695
97,8,1,0,0,0,2026-07-15T16:42:45.434927
97,8,2,0,0,0,2026-07-15T16:42:46.882512
97,8,3,0,0,0,2026-07-15T16:42:48.506252
97,8,4,0,0,0,2026-07-15T16:42:50.043118
97,8,5,0,0,0,2026-07-15T16:42:51.578285
97,8,6,0,0,0,2026-07-15T16:42:53.217655
97,8,7,0,0,0,2026-07-15T16:42:54.753496
97,8,8,0,0,0,2026-07-15T16:42:56.286199
97,8,9,0,0,0,2026-07-15T16:42:57.898587
97,8,10,0,0,0,2026-07-15T16:42:59.387840
97,9,1,4,0,4,2026-07-15T16:43:00.897682
97,9,2,4,0,4,2026-07-15T16:43:02.433209
97,9,3,4,0,4,2026-07-15T16:43:02.879300
97,9,4,4,0,4,2026-07-15T16:43:04.478174
97,9,5,4,0,4,2026-07-15T16:43:06.014806
97,9,6,4,0,4,2026-07-15T16:43:07.537103
97,9,7,4,0,4,2026-07-15T16:43:07.976821
97,9,8,4,0,4,2026-07-15T16:43:09.496468
97,9,9,4,0,4,2026-07-15T16:43:10.980594
97,9,10,4,0,4,2026-07-15T16:43:12.486875
98,1,1,3,0,3,2026-07-15T16:43:13.982606
98,1,2,3,0,3,2026-07-15T16:43:15.420548
98,1,3,3,0,3,2026-07-15T16:43:16.854423
98,1,4,3,0,3,2026-07-15T16:43:18.416778
98,1,5,3,0,3,2026-07-15T16:43:19.943315
98,1,6,3,0,3,2026-07-15T16:43:21.477198
98,1,7,3,0,3,2026-07-15T16:43:23.111100
98,1,8,3,0,3,2026-07-15T16:43:24.651539
98,1,9,3,0,3,2026-07-15T16:43:26.190374
98,1,10,3,0,3,2026-07-15T16:43:27.726230
98,2,1,2,0,2,2026-07-15T16:43:29.259848
98,2,2,2,0,2,2026-07-15T16:43:30.798410
98,2,3,2,0,2,2026-07-15T16:43:32.521255
98,2,4,2,0,2,2026-07-15T16:43:34.014323
98,2,5,2,0,2,2026-07-15T16:43:35.507046
98,2,6,2,0,2,2026-07-15T16:43:37.043583
98,2,7,2,0,2,2026-07-15T16:43:38.580727
98,2,8,2,0,2,2026-07-15T16:43:40.117590
98,2,9,2,0,2,2026-07-15T16:43:41.619751
98,2,10,2,0,2,2026-07-15T16:43:43.189361
98,3,1,2,0,2,2026-07-15T16:43:43.687775
98,3,2,2,0,2,2026-07-15T16:43:45.144099
98,3,3,2,0,2,2026-07-15T16:43:46.670557
98,3,4,2,0,2,2026-07-15T16:43:48.380372
98,3,5,2,0,2,2026-07-15T16:43:49.049459
98,3,6,2,0,2,2026-07-15T16:43:49.659568
98,3,7,2,0,2,2026-07-15T16:43:51.197572
98,3,8,2,0,2,2026-07-15T16:43:52.940547
98,3,9,2,0,2,2026-07-15T16:43:53.434725
98,3,10,2,0,2,2026-07-15T16:43:54.971502
98,4,1,0,0,0,2026-07-15T16:43:56.523499
98,4,2,0,0,0,2026-07-15T16:43:58.034930
98,4,3,0,0,0,2026-07-15T16:43:59.593379
98,4,4,0,0,0,2026-07-15T16:44:01.062188
98,4,5,0,0,0,2026-07-15T16:44:02.537947
98,4,6,0,0,0,2026-07-15T16:44:04.099083
98,4,7,0,0,0,2026-07-15T16:44:05.675324
98,4,8,0,0,0,2026-07-15T16:44:07.273533
98,4,9,0,0,0,2026-07-15T16:44:08.809584
98,4,10,0,0,0,2026-07-15T16:44:10.304301
98,5,1,3,0,3,2026-07-15T16:44:10.748839
98,5,2,3,0,3,2026-07-15T16:44:12.294080
98,5,3,3,0,3,2026-07-15T16:44:13.830336
98,5,4,3,0,3,2026-07-15T16:44:15.354606
98,5,5,3,0,3,2026-07-15T16:44:16.795896
98,5,6,3,0,3,2026-07-15T16:44:18.281135
98,5,7,3,0,3,2026-07-15T16:44:19.768230
98,5,8,3,0,3,2026-07-15T16:44:21.325053
98,5,9,3,0,3,2026-07-15T16:44:22.816473
98,5,10,3,0,3,2026-07-15T16:44:24.453484
98,6,1,0,0,0,2026-07-15T16:44:25.913940
98,6,2,0,0,0,2026-07-15T16:44:27.434711
98,6,3,0,0,0,2026-07-15T16:44:28.926693
98,6,4,0,0,0,2026-07-15T16:44:30.416723
98,6,5,0,0,0,2026-07-15T16:44:31.859973
98,6,6,0,0,0,2026-07-15T16:44:33.335164
98,6,7,0,0,0,2026-07-15T16:44:34.924747
98,6,8,0,0,0,2026-07-15T16:44:36.408064
98,6,9,0,0,0,2026-07-15T16:44:38.100778
98,6,10,0,0,0,2026-07-15T16:44:39.636273
98,7,1,3,0,3,2026-07-15T16:44:41.169672
98,7,2,3,0,3,2026-07-15T16:44:42.769803
98,7,3,3,0,3,2026-07-15T16:44:44.378028
98,7,4,3,0,3,2026-07-15T16:44:45.851850
98,7,5,3,0,3,2026-07-15T16:44:46.318128
98,7,6,3,0,3,2026-07-15T16:44:47.931534
98,7,7,3,0,3,2026-07-15T16:44:49.569784
98,7,8,3,0,3,2026-07-15T16:44:51.103143
98,7,9,3,0,3,2026-07-15T16:44:52.638815
98,7,10,3,0,3,2026-07-15T16:44:54.100354
98,8,1,0,0,0,2026-07-15T16:44:55.560029
98,8,2,0,0,0,2026-07-15T16:44:57.043340
98,8,3,0,0,0,2026-07-15T16:44:58.578603
98,8,4,0,0,0,2026-07-15T16:45:00.081775
98,8,5,0,0,0,2026-07-15T16:45:01.650596
98,8,6,0,0,0,2026-07-15T16:45:03.186584
98,8,7,0,0,0,2026-07-15T16:45:04.724075
98,8,8,0,0,0,2026-07-15T16:45:06.261282
98,8,9,0,0,0,2026-07-15T16:45:06.791637
98,8,10,0,0,0,2026-07-15T16:45:08.412273
98,9,1,4,0,4,2026-07-15T16:45:10.003018
98,9,2,4,0,4,2026-07-15T16:45:11.583615
98,9,3,4,0,4,2026-07-15T16:45:13.120809
98,9,4,4,0,4,2026-07-15T16:45:14.596653
98,9,5,4,0,4,2026-07-15T16:45:16.132605
98,9,6,4,0,4,2026-07-15T16:45:17.632665
98,9,7,4,0,4,2026-07-15T16:45:19.260655
98,9,8,4,0,4,2026-07-15T16:45:20.689842
98,9,9,4,0,4,2026-07-15T16:45:22.199075
98,9,10,4,0,4,2026-07-15T16:45:23.636915
99,1,1,4,0,4,2026-07-15T16:45:25.094786
99,1,2,4,0,4,2026-07-15T16:45:26.560941
99,1,3,4,0,4,2026-07-15T16:45:28.035337
99,1,4,4,0,4,2026-07-15T16:45:28.456502
99,1,5,4,0,4,2026-07-15T16:45:28.988924
99,1,6,4,0,4,2026-07-15T16:45:30.454162
99,1,7,4,0,4,2026-07-15T16:45:32.022317
99,1,8,4,0,4,2026-07-15T16:45:33.487069
99,1,9,4,0,4,2026-07-15T16:45:35.000851
99,1,10,4,0,4,2026-07-15T16:45:36.570364
99,2,1,2,0,2,2026-07-15T16:45:38.187749
99,2,2,2,0,2,2026-07-15T16:45:39.693081
99,2,3,2,0,2,2026-07-15T16:45:41.198102
99,2,4,2,0,2,2026-07-15T16:45:41.777055
99,2,5,2,0,2,2026-07-15T16:45:43.258796
99,2,6,2,0,2,2026-07-15T16:45:44.832207
99,2,7,2,0,2,2026-07-15T16:45:46.401294
99,2,8,2,0,2,2026-07-15T16:45:48.145115
99,2,9,2,0,2,2026-07-15T16:45:49.670740
99,2,10,2,0,2,2026-07-15T16:45:51.169224
99,3,1,3,0,3,2026-07-15T16:45:52.750650
99,3,2,3,0,3,2026-07-15T16:45:54.253911
99,3,3,3,0,3,2026-07-15T16:45:55.722945
99,3,4,3,0,3,2026-07-15T16:45:57.361117
99,3,5,3,0,3,2026-07-15T16:45:57.817351
99,3,6,3,0,3,2026-07-15T16:45:59.408931
99,3,7,3,0,3,2026-07-15T16:45:59.921144
99,3,8,3,0,3,2026-07-15T16:46:01.401414
99,3,9,3,0,3,2026-07-15T16:46:01.856533
99,3,10,3,0,3,2026-07-15T16:46:02.303224
99,4,1,0,0,0,2026-07-15T16:46:02.778497
99,4,2,0,0,0,2026-07-15T16:46:04.230717
99,4,3,0,0,0,2026-07-15T16:46:05.722960
99,4,4,0,0,0,2026-07-15T16:46:07.294124
99,4,5,0,0,0,2026-07-15T16:46:07.806942
99,4,6,0,0,0,2026-07-15T16:46:08.315301
99,4,7,0,0,0,2026-07-15T16:46:09.855163
99,4,8,0,0,0,2026-07-15T16:46:11.367031
99,4,9,0,0,0,2026-07-15T16:46:12.825369
99,4,10,0,0,0,2026-07-15T16:46:14.360047
99,5,1,3,0,3,2026-07-15T16:46:15.854294
99,5,2,3,0,3,2026-07-15T16:46:16.290364
99,5,3,3,0,3,2026-07-15T16:46:17.838927
99,5,4,3,0,3,2026-07-15T16:46:19.488134
99,5,5,3,0,3,2026-07-15T16:46:21.016448
99,5,6,3,0,3,2026-07-15T16:46:22.464879
99,5,7,3,0,3,2026-07-15T16:46:23.916070
99,5,8,3,0,3,2026-07-15T16:46:25.385070
99,5,9,3,0,3,2026-07-15T16:46:26.852008
99,5,10,3,0,3,2026-07-15T16:46:28.314287
99,6,1,0,0,0,2026-07-15T16:46:29.822855
99,6,2,0,0,0,2026-07-15T16:46:31.429640
99,6,3,0,0,0,2026-07-15T16:46:32.875993
99,6,4,0,0,0,2026-07-15T16:46:33.408254
99,6,5,0,0,0,2026-07-15T16:46:35.012050
99,6,6,0,0,0,2026-07-15T16:46:36.508803
99,6,7,0,0,0,2026-07-15T16:46:38.025260
99,6,8,0,0,0,2026-07-15T16:46:38.501819
99,6,9,0,0,0,2026-07-15T16:46:38.956268
99,6,10,0,0,0,2026-07-15T16:46:40.391130
99,7,1,4,0,4,2026-07-15T16:46:40.883074
99,7,2,4,0,4,2026-07-15T16:46:41.375137
99,7,3,4,0,4,2026-07-15T16:46:42.928352
99,7,4,4,0,4,2026-07-15T16:46:44.566674
99,7,5,4,0,4,2026-07-15T16:46:46.105350
99,7,6,4,0,4,2026-07-15T16:46:47.641134
99,7,7,4,0,4,2026-07-15T16:46:49.177209
99,7,8,4,0,4,2026-07-15T16:46:50.710769
99,7,9,4,0,4,2026-07-15T16:46:52.246936
99,7,10,4,0,4,2026-07-15T16:46:52.761880
99,8,1,2,0,2,2026-07-15T16:46:54.226650
99,8,2,2,0,2,2026-07-15T16:46:54.706462
99,8,3,2,0,2,2026-07-15T16:46:56.243508
99,8,4,2,0,2,2026-07-15T16:46:57.777676
99,8,5,2,0,2,2026-07-15T16:46:59.312938
99,8,6,2,0,2,2026-07-15T16:47:00.767029
99,8,7,2,0,2,2026-07-15T16:47:02.385048
99,8,8,2,0,2,2026-07-15T16:47:03.899769
99,8,9,2,0,2,2026-07-15T16:47:04.433596
99,8,10,2,0,2,2026-07-15T16:47:05.971097
99,9,1,5,0,5,2026-07-15T16:47:07.607417
99,9,2,5,0,5,2026-07-15T16:47:08.121473
99,9,3,5,0,5,2026-07-15T16:47:09.655902
99,9,4,5,0,5,2026-07-15T16:47:11.192046
99,9,5,5,0,5,2026-07-15T16:47:12.833614
99,9,6,5,0,5,2026-07-15T16:47:13.447976
99,9,7,5,0,5,2026-07-15T16:47:14.983408
99,9,8,5,0,5,2026-07-15T16:47:16.454300
99,9,9,5,0,5,2026-07-15T16:47:17.950387
99,9,10,5,0,5,2026-07-15T16:47:19.392664
