persona_id,question_id,run_index,rating,failures,response,collected_at
0,1,1,3,0,3,2026-07-15T08:49:52.003885
0,1,2,3,0,3,2026-07-15T08:49:52.557644
0,1,3,3,0,3,2026-07-15T08:49:53.490112
0,1,4,3,0,3,2026-07-15T08:49:54.222284
0,1,5,3,0,3,2026-07-15T08:49:54.782389
0,1,6,3,0,3,2026-07-15T08:49:55.590737
0,1,7,3,0,3,2026-07-15T08:49:56.207187
0,1,8,3,0,3,2026-07-15T08:49:56.812379
0,1,9,3,0,3,2026-07-15T08:49:57.490419
0,1,10,3,0,3,2026-07-15T08:49:58.090388
0,2,1,1,0,1,2026-07-15T08:49:59.134149
0,2,2,1,0,1,2026-07-15T08:49:59.768987
0,2,3,2,0,2,2026-07-15T08:50:00.562731
0,2,4,2,0,2,2026-07-15T08:50:01.246270
0,2,5,2,0,2,2026-07-15T08:50:01.990312
0,2,6,2,0,2,2026-07-15T08:50:02.698982
0,2,7,1,0,1,2026-07-15T08:50:03.427149
0,2,8,2,0,2,2026-07-15T08:50:04.113679
0,2,9,2,0,2,2026-07-15T08:50:04.830986
0,2,10,1,0,1,2026-07-15T08:50:05.505789
0,3,1,2,0,2,2026-07-15T08:50:06.339982
0,3,2,2,0,2,2026-07-15T08:50:06.883582
0,3,3,2,0,2,2026-07-15T08:50:07.676122
0,3,4,2,0,2,2026-07-15T08:50:08.304622
0,3,5,2,0,2,2026-07-15T08:50:08.830126
0,3,6,2,0,2,2026-07-15T08:50:09.373452
0,3,7,2,0,2,2026-07-15T08:50:09.926495
0,3,8,2,0,2,2026-07-15T08:50:10.449505
0,3,9,2,0,2,2026-07-15T08:50:11.019479
0,3,10,2,0,2,2026-07-15T08:50:11.597934
0,4,1,0,0,0,2026-07-15T08:50:12.171075
0,4,2,0,0,0,2026-07-15T08:50:12.801615
0,4,3,0,0,0,2026-07-15T08:50:13.442236
0,4,4,0,0,0,2026-07-15T08:50:13.989718
0,4,5,0,0,0,2026-07-15T08:50:14.999758
0,4,6,0,0,0,2026-07-15T08:50:15.659582
0,4,7,0,0,0,2026-07-15T08:50:16.400424
0,4,8,0,0,0,2026-07-15T08:50:17.216933
0,4,9,0,0,0,2026-07-15T08:50:18.018688
0,4,10,0,0,0,2026-07-15T08:50:18.628542
0,5,1,4,0,4,2026-07-15T08:50:19.164501
0,5,2,4,0,4,2026-07-15T08:50:19.671195
0,5,3,4,0,4,2026-07-15T08:50:20.207463
0,5,4,4,0,4,2026-07-15T08:50:20.910411
0,5,5,3,0,3,2026-07-15T08:50:21.590421
0,5,6,3,0,3,2026-07-15T08:50:22.212677
0,5,7,3,0,3,2026-07-15T08:50:22.821559
0,5,8,3,0,3,2026-07-15T08:50:23.334790
0,5,9,3,0,3,2026-07-15T08:50:23.938245
0,5,10,4,0,4,2026-07-15T08:50:24.507287
0,6,1,0,0,0,2026-07-15T08:50:25.059183
0,6,2,0,0,0,2026-07-15T08:50:25.684325
0,6,3,0,0,0,2026-07-15T08:50:26.373317
0,6,4,0,0,0,2026-07-15T08:50:26.853136
0,6,5,0,0,0,2026-07-15T08:50:27.452120
0,6,6,0,0,0,2026-07-15T08:50:27.999495
0,6,7,0,0,0,2026-07-15T08:50:28.677815
0,6,8,0,0,0,2026-07-15T08:50:29.274904
0,6,9,0,0,0,2026-07-15T08:50:29.888939
0,6,10,0,0,0,2026-07-15T08:50:30.592875
0,7,1,4,0,4,2026-07-15T08:50:31.130176
0,7,2,4,0,4,2026-07-15T08:50:31.659920
0,7,3,4,0,4,2026-07-15T08:50:32.245653
0,7,4,4,0,4,2026-07-15T08:50:33.057262
0,7,5,4,0,4,2026-07-15T08:50:33.635947
0,7,6,4,0,4,2026-07-15T08:50:34.224075
0,7,7,4,0,4,2026-07-15T08:50:34.920788
0,7,8,4,0,4,2026-07-15T08:50:35.446805
0,7,9,4,0,4,2026-07-15T08:50:36.128020
0,7,10,4,0,4,2026-07-15T08:50:36.721531
0,8,1,1,0,1,2026-07-15T08:50:38.324783
0,8,2,1,0,1,2026-07-15T08:50:39.214337
0,8,3,0,0,0,2026-07-15T08:50:39.787726
0,8,4,1,0,1,2026-07-15T08:50:40.363625
0,8,5,1,0,1,2026-07-15T08:50:41.008803
0,8,6,1,0,1,2026-07-15T08:50:41.597572
0,8,7,1,0,1,2026-07-15T08:50:42.135788
0,8,8,1,0,1,2026-07-15T08:50:42.980153
0,8,9,0,0,0,2026-07-15T08:50:43.548665
0,8,10,1,0,1,2026-07-15T08:50:44.122978
0,9,1,4,0,4,2026-07-15T08:50:44.890531
0,9,2,4,0,4,2026-07-15T08:50:45.542951
0,9,3,4,0,4,2026-07-15T08:50:46.230570
0,9,4,4,0,4,2026-07-15T08:50:46.849646
0,9,5,4,0,4,2026-07-15T08:50:47.613083
0,9,6,4,0,4,2026-07-15T08:50:48.199596
0,9,7,4,0,4,2026-07-15T08:50:48.742395
0,9,8,4,0,4,2026-07-15T08:50:49.404877
0,9,9,4,0,4,2026-07-15T08:50:50.125969
0,9,10,4,0,4,2026-07-15T08:50:50.806093
1,1,1,4,0,4,2026-07-15T08:50:51.774112
1,1,2,4,0,4,2026-07-15T08:50:52.400346
1,1,3,4,0,4,2026-07-15T08:50:52.973336
1,1,4,4,0,4,2026-07-15T08:50:53.574639
1,1,5,4,0,4,2026-07-15T08:50:56.186875
1,1,6,4,0,4,2026-07-15T08:50:56.903133
1,1,7,4,0,4,2026-07-15T08:50:57.518045
1,1,8,4,0,4,2026-07-15T08:50:58.186256
1,1,9,4,0,4,2026-07-15T08:50:58.878615
1,1,10,4,0,4,2026-07-15T08:50:59.419831
1,2,1,2,0,2,2026-07-15T08:51:00.124519
1,2,2,2,0,2,2026-07-15T08:51:00.841096
1,2,3,2,0,2,2026-07-15T08:51:01.571660
1,2,4,2,0,2,2026-07-15T08:51:02.199147
1,2,5,2,0,2,2026-07-15T08:51:02.893798
1,2,6,2,0,2,2026-07-15T08:51:03.709052
1,2,7,2,0,2,2026-07-15T08:51:04.440332
1,2,8,2,0,2,2026-07-15T08:51:05.171566
1,2,9,2,0,2,2026-07-15T08:51:06.191861
1,2,10,2,0,2,2026-07-15T08:51:06.928402
1,3,1,3,0,3,2026-07-15T08:51:07.486568
1,3,2,2,0,2,2026-07-15T08:51:08.131102
1,3,3,3,0,3,2026-07-15T08:51:08.661292
1,3,4,2,0,2,2026-07-15T08:51:09.194558
1,3,5,2,0,2,2026-07-15T08:51:09.804443
1,3,6,3,0,3,2026-07-15T08:51:10.376949
1,3,7,2,0,2,2026-07-15T08:51:10.948188
1,3,8,2,0,2,2026-07-15T08:51:11.449392
1,3,9,2,0,2,2026-07-15T08:51:12.141357
1,3,10,2,0,2,2026-07-15T08:51:12.884643
1,4,1,0,0,0,2026-07-15T08:51:13.442305
1,4,2,0,0,0,2026-07-15T08:51:13.950525
1,4,3,0,0,0,2026-07-15T08:51:14.719663
1,4,4,0,0,0,2026-07-15T08:51:15.306720
1,4,5,0,0,0,2026-07-15T08:51:15.814803
1,4,6,0,0,0,2026-07-15T08:51:16.516676
1,4,7,0,0,0,2026-07-15T08:51:17.307754
1,4,8,0,0,0,2026-07-15T08:51:18.718374
1,4,9,0,0,0,2026-07-15T08:51:19.384219
1,4,10,0,0,0,2026-07-15T08:51:19.931804
1,5,1,3,0,3,2026-07-15T08:51:20.600237
1,5,2,3,0,3,2026-07-15T08:51:21.144368
1,5,3,3,0,3,2026-07-15T08:51:21.657285
1,5,4,2,0,2,2026-07-15T08:51:22.239086
1,5,5,3,0,3,2026-07-15T08:51:22.909787
1,5,6,2,0,2,2026-07-15T08:51:23.482611
1,5,7,2,0,2,2026-07-15T08:51:23.983446
1,5,8,2,0,2,2026-07-15T08:51:24.459991
1,5,9,3,0,3,2026-07-15T08:51:25.073531
1,5,10,3,0,3,2026-07-15T08:51:25.631535
1,6,1,0,0,0,2026-07-15T08:51:26.122471
1,6,2,2,0,2,2026-07-15T08:51:26.713900
1,6,3,0,0,0,2026-07-15T08:51:27.256206
1,6,4,0,0,0,2026-07-15T08:51:27.809994
1,6,5,2,0,2,2026-07-15T08:51:28.298147
1,6,6,2,0,2,2026-07-15T08:51:28.796704
1,6,7,0,0,0,2026-07-15T08:51:29.488828
1,6,8,2,0,2,2026-07-15T08:51:30.026938
1,6,9,0,0,0,2026-07-15T08:51:30.561911
1,6,10,2,0,2,2026-07-15T08:51:31.129917
1,7,1,4,0,4,2026-07-15T08:51:31.822782
1,7,2,4,0,4,2026-07-15T08:51:32.491264
1,7,3,4,0,4,2026-07-15T08:51:33.374410
1,7,4,4,0,4,2026-07-15T08:51:34.160459
1,7,5,4,0,4,2026-07-15T08:51:35.071794
1,7,6,4,0,4,2026-07-15T08:51:35.969567
1,7,7,4,0,4,2026-07-15T08:51:36.669531
1,7,8,4,0,4,2026-07-15T08:51:37.335744
1,7,9,4,0,4,2026-07-15T08:51:38.071617
1,7,10,4,0,4,2026-07-15T08:51:38.805680
1,8,1,3,0,3,2026-07-15T08:51:39.364245
1,8,2,3,0,3,2026-07-15T08:51:39.941767
1,8,3,3,0,3,2026-07-15T08:51:40.477543
1,8,4,3,0,3,2026-07-15T08:51:41.053926
1,8,5,3,0,3,2026-07-15T08:51:41.575149
1,8,6,3,0,3,2026-07-15T08:51:42.129775
1,8,7,3,0,3,2026-07-15T08:51:42.982901
1,8,8,3,0,3,2026-07-15T08:51:43.529826
1,8,9,3,0,3,2026-07-15T08:51:44.108938
1,8,10,3,0,3,2026-07-15T08:51:44.657714
1,9,1,5,0,5,2026-07-15T08:51:45.273876
1,9,2,5,0,5,2026-07-15T08:51:46.025955
1,9,3,5,0,5,2026-07-15T08:51:47.104340
1,9,4,5,0,5,2026-07-15T08:51:47.692797
1,9,5,5,0,5,2026-07-15T08:51:48.231129
1,9,6,5,0,5,2026-07-15T08:51:48.900895
1,9,7,5,0,5,2026-07-15T08:51:50.485768
1,9,8,5,0,5,2026-07-15T08:51:51.054404
1,9,9,5,0,5,2026-07-15T08:51:51.624922
1,9,10,5,0,5,2026-07-15T08:51:52.265963
2,1,1,3,0,3,2026-07-15T08:51:52.884601
2,1,2,3,0,3,2026-07-15T08:51:53.456618
2,1,3,3,0,3,2026-07-15T08:51:54.415731
2,1,4,3,0,3,2026-07-15T08:51:54.953600
2,1,5,3,0,3,2026-07-15T08:51:55.565925
2,1,6,3,0,3,2026-07-15T08:51:56.136496
2,1,7,3,0,3,2026-07-15T08:51:56.674369
2,1,8,3,0,3,2026-07-15T08:51:57.230192
2,1,9,3,0,3,2026-07-15T08:51:57.846625
2,1,10,3,0,3,2026-07-15T08:51:58.410085
2,2,1,1,0,1,2026-07-15T08:51:59.130893
2,2,2,1,0,1,2026-07-15T08:51:59.739540
2,2,3,1,0,1,2026-07-15T08:52:00.305249
2,2,4,1,0,1,2026-07-15T08:52:01.031513
2,2,5,1,0,1,2026-07-15T08:52:01.639075
2,2,6,1,0,1,2026-07-15T08:52:02.241625
2,2,7,1,0,1,2026-07-15T08:52:03.022543
2,2,8,1,0,1,2026-07-15T08:52:03.634681
2,2,9,1,0,1,2026-07-15T08:52:04.469601
2,2,10,1,0,1,2026-07-15T08:52:05.210684
2,3,1,2,0,2,2026-07-15T08:52:05.957943
2,3,2,2,0,2,2026-07-15T08:52:06.706877
2,3,3,2,0,2,2026-07-15T08:52:07.362625
2,3,4,2,0,2,2026-07-15T08:52:08.154367
2,3,5,2,0,2,2026-07-15T08:52:08.947937
2,3,6,3,0,3,2026-07-15T08:52:14.065916
2,3,7,2,0,2,2026-07-15T08:52:14.938588
2,3,8,2,0,2,2026-07-15T08:52:15.646790
2,3,9,2,0,2,2026-07-15T08:52:16.359669
2,3,10,2,0,2,2026-07-15T08:52:17.100302
2,4,1,0,0,0,2026-07-15T08:52:17.862387
2,4,2,0,0,0,2026-07-15T08:52:18.400604
2,4,3,0,0,0,2026-07-15T08:52:19.093911
2,4,4,0,0,0,2026-07-15T08:52:19.710796
2,4,5,0,0,0,2026-07-15T08:52:20.368096
2,4,6,0,0,0,2026-07-15T08:52:20.956953
2,4,7,0,0,0,2026-07-15T08:52:21.527266
2,4,8,0,0,0,2026-07-15T08:52:22.134306
2,4,9,0,0,0,2026-07-15T08:52:22.729117
2,4,10,0,0,0,2026-07-15T08:52:23.276450
2,5,1,3,0,3,2026-07-15T08:52:23.859772
2,5,2,3,0,3,2026-07-15T08:52:24.414612
2,5,3,3,0,3,2026-07-15T08:52:24.911899
2,5,4,3,0,3,2026-07-15T08:52:25.465756
2,5,5,3,0,3,2026-07-15T08:52:25.987087
2,5,6,3,0,3,2026-07-15T08:52:26.510541
2,5,7,3,0,3,2026-07-15T08:52:27.093807
2,5,8,3,0,3,2026-07-15T08:52:27.576900
2,5,9,3,0,3,2026-07-15T08:52:28.219348
2,5,10,3,0,3,2026-07-15T08:52:28.797965
2,6,1,0,0,0,2026-07-15T08:52:29.519643
2,6,2,0,0,0,2026-07-15T08:52:30.156642
2,6,3,0,0,0,2026-07-15T08:52:30.890634
2,6,4,0,0,0,2026-07-15T08:52:31.549299
2,6,5,0,0,0,2026-07-15T08:52:32.450196
2,6,6,0,0,0,2026-07-15T08:52:33.804312
2,6,7,0,0,0,2026-07-15T08:52:34.487925
2,6,8,0,0,0,2026-07-15T08:52:35.167693
2,6,9,0,0,0,2026-07-15T08:52:35.965024
2,6,10,0,0,0,2026-07-15T08:52:38.474305
2,7,1,4,0,4,2026-07-15T08:52:40.195460
2,7,2,4,0,4,2026-07-15T08:52:41.841565
2,7,3,4,0,4,2026-07-15T08:52:43.431888
2,7,4,4,0,4,2026-07-15T08:52:44.811510
2,7,5,4,0,4,2026-07-15T08:52:46.822028
2,7,6,4,0,4,2026-07-15T08:52:48.980822
2,7,7,4,0,4,2026-07-15T08:52:52.206406
2,7,8,4,0,4,2026-07-15T08:52:55.832748
2,7,9,4,0,4,2026-07-15T08:52:59.529931
2,7,10,4,0,4,2026-07-15T08:53:03.698213
2,8,1,0,0,0,2026-07-15T08:53:04.324731
2,8,2,0,0,0,2026-07-15T08:53:04.888811
2,8,3,0,0,0,2026-07-15T08:53:05.379536
2,8,4,0,0,0,2026-07-15T08:53:05.874864
2,8,5,0,0,0,2026-07-15T08:53:06.340469
2,8,6,0,0,0,2026-07-15T08:53:06.852702
2,8,7,0,0,0,2026-07-15T08:53:07.426373
2,8,8,0,0,0,2026-07-15T08:53:07.943836
2,8,9,0,0,0,2026-07-15T08:53:08.498966
2,8,10,2,0,2,2026-07-15T08:53:08.969940
2,9,1,4,0,4,2026-07-15T08:53:09.555674
2,9,2,4,0,4,2026-07-15T08:53:10.099868
2,9,3,4,0,4,2026-07-15T08:53:10.612389
2,9,4,4,0,4,2026-07-15T08:53:11.197662
2,9,5,4,0,4,2026-07-15T08:53:11.773816
2,9,6,4,0,4,2026-07-15T08:53:12.273432
2,9,7,4,0,4,2026-07-15T08:53:12.832309
2,9,8,4,0,4,2026-07-15T08:53:13.590997
2,9,9,4,0,4,2026-07-15T08:53:14.060962
2,9,10,4,0,4,2026-07-15T08:53:14.626853
3,1,1,2,0,2,2026-07-15T08:53:15.372294
3,1,2,2,0,2,2026-07-15T08:53:16.089880
3,1,3,2,0,2,2026-07-15T08:53:16.766986
3,1,4,2,0,2,2026-07-15T08:53:17.402695
3,1,5,2,0,2,2026-07-15T08:53:17.907819
3,1,6,3,0,3,2026-07-15T08:53:18.403113
3,1,7,2,0,2,2026-07-15T08:53:19.104665
3,1,8,2,0,2,2026-07-15T08:53:19.738825
3,1,9,2,0,2,2026-07-15T08:53:20.447510
3,1,10,3,0,3,2026-07-15T08:53:21.968749
3,2,1,2,0,2,2026-07-15T08:53:26.766532
3,2,2,2,0,2,2026-07-15T08:53:30.602298
3,2,3,2,0,2,2026-07-15T08:53:33.285050
3,2,4,2,0,2,2026-07-15T08:53:35.201507
3,2,5,2,0,2,2026-07-15T08:53:37.379654
3,2,6,2,0,2,2026-07-15T08:53:38.463047
3,2,7,2,0,2,2026-07-15T08:53:39.292498
3,2,8,2,0,2,2026-07-15T08:53:39.769288
3,2,9,2,0,2,2026-07-15T08:53:40.483322
3,2,10,2,0,2,2026-07-15T08:53:40.977594
3,3,1,2,0,2,2026-07-15T08:53:41.567393
3,3,2,2,0,2,2026-07-15T08:53:43.243811
3,3,3,2,0,2,2026-07-15T08:53:44.363568
3,3,4,2,0,2,2026-07-15T08:53:44.907521
3,3,5,2,0,2,2026-07-15T08:53:45.504746
3,3,6,2,0,2,2026-07-15T08:53:46.059179
3,3,7,2,0,2,2026-07-15T08:53:46.677663
3,3,8,2,0,2,2026-07-15T08:53:47.308410
3,3,9,2,0,2,2026-07-15T08:53:47.896117
3,3,10,2,0,2,2026-07-15T08:53:48.484049
3,4,1,1,0,1,2026-07-15T08:53:49.110270
3,4,2,0,0,0,2026-07-15T08:53:49.676185
3,4,3,0,0,0,2026-07-15T08:53:50.366628
3,4,4,1,0,1,2026-07-15T08:53:50.892514
3,4,5,0,0,0,2026-07-15T08:53:51.740738
3,4,6,1,0,1,2026-07-15T08:53:52.366560
3,4,7,1,0,1,2026-07-15T08:53:52.951368
3,4,8,0,0,0,2026-07-15T08:53:53.494682
3,4,9,1,0,1,2026-07-15T08:53:54.069785
3,4,10,1,0,1,2026-07-15T08:53:54.730861
3,5,1,3,0,3,2026-07-15T08:53:55.615799
3,5,2,3,0,3,2026-07-15T08:53:56.323932
3,5,3,3,0,3,2026-07-15T08:53:57.046255
3,5,4,3,0,3,2026-07-15T08:53:57.684820
3,5,5,3,0,3,2026-07-15T08:53:58.360333
3,5,6,3,0,3,2026-07-15T08:53:59.274340
3,5,7,3,0,3,2026-07-15T08:53:59.920404
3,5,8,3,0,3,2026-07-15T08:54:00.581858
3,5,9,3,0,3,2026-07-15T08:54:01.490365
3,5,10,3,0,3,2026-07-15T08:54:02.179026
3,6,1,0,0,0,2026-07-15T08:54:02.775587
3,6,2,0,0,0,2026-07-15T08:54:03.328256
3,6,3,0,0,0,2026-07-15T08:54:03.886135
3,6,4,0,0,0,2026-07-15T08:54:04.722386
3,6,5,0,0,0,2026-07-15T08:54:05.290877
3,6,6,0,0,0,2026-07-15T08:54:05.967412
3,6,7,0,0,0,2026-07-15T08:54:06.534235
3,6,8,0,0,0,2026-07-15T08:54:07.242922
3,6,9,0,0,0,2026-07-15T08:54:07.873961
3,6,10,0,0,0,2026-07-15T08:54:10.976567
3,7,1,4,0,4,2026-07-15T08:54:11.521070
3,7,2,4,0,4,2026-07-15T08:54:12.033503
3,7,3,4,0,4,2026-07-15T08:54:12.516492
3,7,4,4,0,4,2026-07-15T08:54:12.977056
3,7,5,4,0,4,2026-07-15T08:54:13.497338
3,7,6,4,0,4,2026-07-15T08:54:14.068428
3,7,7,4,0,4,2026-07-15T08:54:14.620261
3,7,8,4,0,4,2026-07-15T08:54:15.079905
3,7,9,4,0,4,2026-07-15T08:54:15.556427
3,7,10,4,0,4,2026-07-15T08:54:16.787133
3,8,1,1,0,1,2026-07-15T08:54:17.457012
3,8,2,2,0,2,2026-07-15T08:54:18.199782
3,8,3,1,0,1,2026-07-15T08:54:19.030907
3,8,4,1,0,1,2026-07-15T08:54:19.728561
3,8,5,1,0,1,2026-07-15T08:54:20.815265
3,8,6,1,0,1,2026-07-15T08:54:21.527192
3,8,7,0,0,0,2026-07-15T08:54:22.311620
3,8,8,0,0,0,2026-07-15T08:54:23.110863
3,8,9,1,0,1,2026-07-15T08:54:23.961572
3,8,10,1,0,1,2026-07-15T08:54:24.650012
3,9,1,4,0,4,2026-07-15T08:54:25.540305
3,9,2,4,0,4,2026-07-15T08:54:26.310794
3,9,3,4,0,4,2026-07-15T08:54:26.929732
3,9,4,4,0,4,2026-07-15T08:54:27.452711
3,9,5,4,0,4,2026-07-15T08:54:28.134547
3,9,6,4,0,4,2026-07-15T08:54:28.948172
3,9,7,4,0,4,2026-07-15T08:54:29.627739
3,9,8,4,0,4,2026-07-15T08:54:30.216152
3,9,9,4,0,4,2026-07-15T08:54:30.842638
3,9,10,4,0,4,2026-07-15T08:54:31.353212
4,1,1,3,0,3,2026-07-15T08:54:32.036184
4,1,2,3,0,3,2026-07-15T08:54:32.683209
4,1,3,3,0,3,2026-07-15T08:54:33.183413
4,1,4,3,0,3,2026-07-15T08:54:33.829951
4,1,5,3,0,3,2026-07-15T08:54:34.386198
4,1,6,3,0,3,2026-07-15T08:54:34.941098
4,1,7,3,0,3,2026-07-15T08:54:35.656015
4,1,8,3,0,3,2026-07-15T08:54:36.167048
4,1,9,3,0,3,2026-07-15T08:54:36.688453
4,1,10,3,0,3,2026-07-15T08:54:37.316339
4,2,1,2,0,2,2026-07-15T08:54:37.884885
4,2,2,2,0,2,2026-07-15T08:54:38.411929
4,2,3,2,0,2,2026-07-15T08:54:38.989660
4,2,4,2,0,2,2026-07-15T08:54:39.521185
4,2,5,2,0,2,2026-07-15T08:54:40.816490
4,2,6,2,0,2,2026-07-15T08:54:41.439625
4,2,7,2,0,2,2026-07-15T08:54:42.078685
4,2,8,2,0,2,2026-07-15T08:54:42.588428
4,2,9,2,0,2,2026-07-15T08:54:43.187698
4,2,10,2,0,2,2026-07-15T08:54:43.737875
4,3,1,2,0,2,2026-07-15T08:54:44.501006
4,3,2,2,0,2,2026-07-15T08:54:45.209212
4,3,3,2,0,2,2026-07-15T08:54:46.021924
4,3,4,2,0,2,2026-07-15T08:54:46.654731
4,3,5,2,0,2,2026-07-15T08:54:47.265800
4,3,6,2,0,2,2026-07-15T08:54:47.939014
4,3,7,2,0,2,2026-07-15T08:54:48.563192
4,3,8,2,0,2,2026-07-15T08:54:49.205309
4,3,9,2,0,2,2026-07-15T08:54:49.945643
4,3,10,2,0,2,2026-07-15T08:54:50.649769
4,4,1,2,0,2,2026-07-15T08:54:51.313114
4,4,2,2,0,2,2026-07-15T08:54:51.979726
4,4,3,2,0,2,2026-07-15T08:54:52.642704
4,4,4,2,0,2,2026-07-15T08:54:53.387935
4,4,5,2,0,2,2026-07-15T08:54:54.122771
4,4,6,2,0,2,2026-07-15T08:54:54.998626
4,4,7,2,0,2,2026-07-15T08:54:55.668118
4,4,8,1,0,1,2026-07-15T08:54:56.544123
4,4,9,2,0,2,2026-07-15T08:54:58.206564
4,4,10,2,0,2,2026-07-15T08:54:59.074299
4,5,1,3,0,3,2026-07-15T08:54:59.657090
4,5,2,3,0,3,2026-07-15T08:55:00.144623
4,5,3,3,0,3,2026-07-15T08:55:00.769234
4,5,4,3,0,3,2026-07-15T08:55:01.660865
4,5,5,3,0,3,2026-07-15T08:55:02.277690
4,5,6,3,0,3,2026-07-15T08:55:02.997811
4,5,7,3,0,3,2026-07-15T08:55:03.726560
4,5,8,3,0,3,2026-07-15T08:55:04.447191
4,5,9,3,0,3,2026-07-15T08:55:05.683681
4,5,10,3,0,3,2026-07-15T08:55:06.240601
4,6,1,1,0,1,2026-07-15T08:55:06.786608
4,6,2,1,0,1,2026-07-15T08:55:07.385688
4,6,3,0,0,0,2026-07-15T08:55:07.980339
4,6,4,0,0,0,2026-07-15T08:55:08.564782
4,6,5,0,0,0,2026-07-15T08:55:09.158666
4,6,6,0,0,0,2026-07-15T08:55:10.008166
4,6,7,0,0,0,2026-07-15T08:55:10.587257
4,6,8,1,0,1,2026-07-15T08:55:11.122010
4,6,9,1,0,1,2026-07-15T08:55:11.722663
4,6,10,0,0,0,2026-07-15T08:55:12.277180
4,7,1,4,0,4,2026-07-15T08:55:12.865665
4,7,2,4,0,4,2026-07-15T08:55:13.505883
4,7,3,4,0,4,2026-07-15T08:55:14.240259
4,7,4,4,0,4,2026-07-15T08:55:14.799115
4,7,5,4,0,4,2026-07-15T08:55:15.427444
4,7,6,4,0,4,2026-07-15T08:55:16.048761
4,7,7,4,0,4,2026-07-15T08:55:16.714973
4,7,8,4,0,4,2026-07-15T08:55:17.291615
4,7,9,4,0,4,2026-07-15T08:55:17.851561
4,7,10,4,0,4,2026-07-15T08:55:18.895595
4,8,1,2,0,2,2026-07-15T08:55:19.477500
4,8,2,2,0,2,2026-07-15T08:55:20.182884
4,8,3,2,0,2,2026-07-15T08:55:20.795636
4,8,4,2,0,2,2026-07-15T08:55:21.338912
4,8,5,2,0,2,2026-07-15T08:55:21.901821
4,8,6,2,0,2,2026-07-15T08:55:22.397514
4,8,7,2,0,2,2026-07-15T08:55:23.423089
4,8,8,2,0,2,2026-07-15T08:55:24.043917
4,8,9,2,0,2,2026-07-15T08:55:24.690005
4,8,10,2,0,2,2026-07-15T08:55:25.396683
4,9,1,4,0,4,2026-07-15T08:55:26.052457
4,9,2,4,0,4,2026-07-15T08:55:26.725668
4,9,3,4,0,4,2026-07-15T08:55:27.440798
4,9,4,4,0,4,2026-07-15T08:55:28.144982
4,9,5,4,0,4,2026-07-15T08:55:28.974468
4,9,6,4,0,4,2026-07-15T08:55:29.647510
4,9,7,4,0,4,2026-07-15T08:55:30.282525
4,9,8,4,0,4,2026-07-15T08:55:30.939751
4,9,9,4,0,4,2026-07-15T08:55:31.739249
4,9,10,4,0,4,2026-07-15T08:55:32.371424
5,1,1,3,0,3,2026-07-15T08:55:32.994126
5,1,2,3,0,3,2026-07-15T08:55:33.556432
5,1,3,3,0,3,2026-07-15T08:55:34.087966
5,1,4,3,0,3,2026-07-15T08:55:34.854838
5,1,5,3,0,3,2026-07-15T08:55:35.460930
5,1,6,3,0,3,2026-07-15T08:55:36.002293
5,1,7,3,0,3,2026-07-15T08:55:36.499080
5,1,8,3,0,3,2026-07-15T08:55:37.077750
5,1,9,3,0,3,2026-07-15T08:55:37.558310
5,1,10,3,0,3,2026-07-15T08:55:38.012517
5,2,1,2,0,2,2026-07-15T08:55:38.597076
5,2,2,2,0,2,2026-07-15T08:55:39.156375
5,2,3,2,0,2,2026-07-15T08:55:39.708686
5,2,4,2,0,2,2026-07-15T08:55:40.277932
5,2,5,2,0,2,2026-07-15T08:55:40.820481
5,2,6,2,0,2,2026-07-15T08:55:41.404870
5,2,7,2,0,2,2026-07-15T08:55:41.935083
5,2,8,2,0,2,2026-07-15T08:55:42.458829
5,2,9,2,0,2,2026-07-15T08:55:42.980897
5,2,10,2,0,2,2026-07-15T08:55:43.514614
5,3,1,2,0,2,2026-07-15T08:55:44.157762
5,3,2,2,0,2,2026-07-15T08:55:44.828773
5,3,3,2,0,2,2026-07-15T08:55:45.524346
5,3,4,2,0,2,2026-07-15T08:55:46.252908
5,3,5,2,0,2,2026-07-15T08:55:46.931394
5,3,6,2,0,2,2026-07-15T08:55:47.634355
5,3,7,2,0,2,2026-07-15T08:55:48.387927
5,3,8,2,0,2,2026-07-15T08:55:49.659035
5,3,9,2,0,2,2026-07-15T08:55:50.181385
5,3,10,2,0,2,2026-07-15T08:55:51.129678
5,4,1,0,0,0,2026-07-15T08:55:51.675569
5,4,2,0,0,0,2026-07-15T08:55:52.204297
5,4,3,0,0,0,2026-07-15T08:55:52.895937
5,4,4,0,0,0,2026-07-15T08:55:53.422782
5,4,5,1,0,1,2026-07-15T08:55:54.018715
5,4,6,0,0,0,2026-07-15T08:55:54.542501
5,4,7,0,0,0,2026-07-15T08:55:55.116116
5,4,8,0,0,0,2026-07-15T08:55:55.650517
5,4,9,0,0,0,2026-07-15T08:55:56.223648
5,4,10,0,0,0,2026-07-15T08:55:56.771205
5,5,1,3,0,3,2026-07-15T08:55:57.341430
5,5,2,3,0,3,2026-07-15T08:55:58.055207
5,5,3,3,0,3,2026-07-15T08:55:58.698654
5,5,4,3,0,3,2026-07-15T08:55:59.249640
5,5,5,3,0,3,2026-07-15T08:55:59.807114
5,5,6,3,0,3,2026-07-15T08:56:00.338754
5,5,7,3,0,3,2026-07-15T08:56:01.314391
5,5,8,3,0,3,2026-07-15T08:56:01.995926
5,5,9,3,0,3,2026-07-15T08:56:02.618315
5,5,10,3,0,3,2026-07-15T08:56:03.224367
5,6,1,0,0,0,2026-07-15T08:56:03.741474
5,6,2,0,0,0,2026-07-15T08:56:04.231819
5,6,3,0,0,0,2026-07-15T08:56:04.751725
5,6,4,0,0,0,2026-07-15T08:56:05.429753
5,6,5,0,0,0,2026-07-15T08:56:05.938510
5,6,6,0,0,0,2026-07-15T08:56:06.451874
5,6,7,0,0,0,2026-07-15T08:56:06.951242
5,6,8,0,0,0,2026-07-15T08:56:07.477792
5,6,9,0,0,0,2026-07-15T08:56:08.208384
5,6,10,0,0,0,2026-07-15T08:56:08.699455
5,7,1,3,0,3,2026-07-15T08:56:09.468569
5,7,2,3,0,3,2026-07-15T08:56:10.088526
5,7,3,3,0,3,2026-07-15T08:56:10.671351
5,7,4,3,0,3,2026-07-15T08:56:11.280345
5,7,5,3,0,3,2026-07-15T08:56:16.724301
5,7,6,3,0,3,2026-07-15T08:56:17.404424
5,7,7,3,0,3,2026-07-15T08:56:18.019778
5,7,8,3,0,3,2026-07-15T08:56:18.641380
5,7,9,3,0,3,2026-07-15T08:56:19.190135
5,7,10,3,0,3,2026-07-15T08:56:19.801562
5,8,1,2,0,2,2026-07-15T08:56:20.501598
5,8,2,2,0,2,2026-07-15T08:56:21.215596
5,8,3,2,0,2,2026-07-15T08:56:21.968422
5,8,4,2,0,2,2026-07-15T08:56:22.745705
5,8,5,2,0,2,2026-07-15T08:56:23.440092
5,8,6,2,0,2,2026-07-15T08:56:24.218433
5,8,7,2,0,2,2026-07-15T08:56:24.907895
5,8,8,2,0,2,2026-07-15T08:56:25.640890
5,8,9,2,0,2,2026-07-15T08:56:26.315702
5,8,10,2,0,2,2026-07-15T08:56:26.944057
5,9,1,4,0,4,2026-07-15T08:56:27.677852
5,9,2,4,0,4,2026-07-15T08:56:28.417422
5,9,3,4,0,4,2026-07-15T08:56:29.130209
5,9,4,4,0,4,2026-07-15T08:56:29.985932
5,9,5,4,0,4,2026-07-15T08:56:31.199698
5,9,6,4,0,4,2026-07-15T08:56:31.944529
5,9,7,4,0,4,2026-07-15T08:56:32.618685
5,9,8,4,0,4,2026-07-15T08:56:33.350770
5,9,9,4,0,4,2026-07-15T08:56:34.063304
5,9,10,4,0,4,2026-07-15T08:56:34.822448
6,1,1,3,0,3,2026-07-15T08:56:36.060323
6,1,2,3,0,3,2026-07-15T08:56:36.765927
6,1,3,3,0,3,2026-07-15T08:56:37.659288
6,1,4,3,0,3,2026-07-15T08:56:38.323552
6,1,5,3,0,3,2026-07-15T08:56:38.996501
6,1,6,4,0,4,2026-07-15T08:56:39.809677
6,1,7,3,0,3,2026-07-15T08:56:40.594857
6,1,8,3,0,3,2026-07-15T08:56:41.333147
6,1,9,3,0,3,2026-07-15T08:56:41.967187
6,1,10,3,0,3,2026-07-15T08:56:42.700525
6,2,1,2,0,2,2026-07-15T08:56:43.305710
6,2,2,2,0,2,2026-07-15T08:56:43.951228
6,2,3,2,0,2,2026-07-15T08:56:44.475323
6,2,4,2,0,2,2026-07-15T08:56:45.133246
6,2,5,2,0,2,2026-07-15T08:56:45.690155
6,2,6,2,0,2,2026-07-15T08:56:46.433864
6,2,7,2,0,2,2026-07-15T08:56:47.007809
6,2,8,2,0,2,2026-07-15T08:56:47.583268
6,2,9,0,0,0,2026-07-15T08:56:48.094259
6,2,10,2,0,2,2026-07-15T08:56:48.681875
6,3,1,2,0,2,2026-07-15T08:56:49.160519
6,3,2,2,0,2,2026-07-15T08:56:49.677328
6,3,3,2,0,2,2026-07-15T08:56:50.253842
6,3,4,2,0,2,2026-07-15T08:56:50.855158
6,3,5,2,0,2,2026-07-15T08:56:51.402990
6,3,6,2,0,2,2026-07-15T08:56:51.894974
6,3,7,2,0,2,2026-07-15T08:56:52.478457
6,3,8,2,0,2,2026-07-15T08:56:52.946075
6,3,9,2,0,2,2026-07-15T08:56:53.785005
6,3,10,2,0,2,2026-07-15T08:56:54.563247
6,4,1,0,0,0,2026-07-15T08:56:55.259075
6,4,2,0,0,0,2026-07-15T08:56:55.960806
6,4,3,0,0,0,2026-07-15T08:56:56.524879
6,4,4,0,0,0,2026-07-15T08:56:57.234735
6,4,5,0,0,0,2026-07-15T08:56:57.840027
6,4,6,0,0,0,2026-07-15T08:56:58.418248
6,4,7,0,0,0,2026-07-15T08:57:00.546665
6,4,8,0,0,0,2026-07-15T08:57:01.201827
6,4,9,0,0,0,2026-07-15T08:57:02.122415
6,4,10,0,0,0,2026-07-15T08:57:02.792198
6,5,1,3,0,3,2026-07-15T08:57:03.817758
6,5,2,3,0,3,2026-07-15T08:57:04.490261
6,5,3,3,0,3,2026-07-15T08:57:05.014615
6,5,4,3,0,3,2026-07-15T08:57:05.859150
6,5,5,3,0,3,2026-07-15T08:57:06.771585
6,5,6,3,0,3,2026-07-15T08:57:07.307462
6,5,7,3,0,3,2026-07-15T08:57:07.888028
6,5,8,3,0,3,2026-07-15T08:57:08.501662
6,5,9,3,0,3,2026-07-15T08:57:09.026840
6,5,10,3,0,3,2026-07-15T08:57:09.629102
6,6,1,0,0,0,2026-07-15T08:57:10.312213
6,6,2,0,0,0,2026-07-15T08:57:11.090259
6,6,3,0,0,0,2026-07-15T08:57:11.814465
6,6,4,0,0,0,2026-07-15T08:57:12.527808
6,6,5,0,0,0,2026-07-15T08:57:13.203937
6,6,6,0,0,0,2026-07-15T08:57:13.986932
6,6,7,0,0,0,2026-07-15T08:57:14.923357
6,6,8,0,0,0,2026-07-15T08:57:15.614941
6,6,9,0,0,0,2026-07-15T08:57:16.357657
6,6,10,0,0,0,2026-07-15T08:57:17.094170
6,7,1,4,0,4,2026-07-15T08:57:17.684558
6,7,2,4,0,4,2026-07-15T08:57:18.290316
6,7,3,4,0,4,2026-07-15T08:57:18.902092
6,7,4,4,0,4,2026-07-15T08:57:19.501164
6,7,5,4,0,4,2026-07-15T08:57:20.034702
6,7,6,4,0,4,2026-07-15T08:57:20.787911
6,7,7,4,0,4,2026-07-15T08:57:21.384397
6,7,8,4,0,4,2026-07-15T08:57:21.967453
6,7,9,4,0,4,2026-07-15T08:57:22.548586
6,7,10,4,0,4,2026-07-15T08:57:23.116051
6,8,1,0,0,0,2026-07-15T08:57:23.688395
6,8,2,0,0,0,2026-07-15T08:57:24.196562
6,8,3,0,0,0,2026-07-15T08:57:24.788596
6,8,4,0,0,0,2026-07-15T08:57:25.514952
6,8,5,2,0,2,2026-07-15T08:57:26.110118
6,8,6,0,0,0,2026-07-15T08:57:26.676117
6,8,7,0,0,0,2026-07-15T08:57:27.486190
6,8,8,0,0,0,2026-07-15T08:57:28.022925
6,8,9,0,0,0,2026-07-15T08:57:28.566739
6,8,10,0,0,0,2026-07-15T08:57:29.135532
6,9,1,4,0,4,2026-07-15T08:57:29.697017
6,9,2,5,0,5,2026-07-15T08:57:30.351856
6,9,3,5,0,5,2026-07-15T08:57:30.950546
6,9,4,5,0,5,2026-07-15T08:57:31.474712
6,9,5,4,0,4,2026-07-15T08:57:32.044279
6,9,6,4,0,4,2026-07-15T08:57:32.692879
6,9,7,5,0,5,2026-07-15T08:57:33.212534
6,9,8,5,0,5,2026-07-15T08:57:33.934061
6,9,9,4,0,4,2026-07-15T08:57:34.485649
6,9,10,4,0,4,2026-07-15T08:57:35.079677
7,1,1,3,0,3,2026-07-15T08:57:35.527182
7,1,2,3,0,3,2026-07-15T08:57:36.082471
7,1,3,3,0,3,2026-07-15T08:57:36.757550
7,1,4,3,0,3,2026-07-15T08:57:37.234879
7,1,5,3,0,3,2026-07-15T08:57:37.972508
7,1,6,3,0,3,2026-07-15T08:57:38.479878
7,1,7,4,0,4,2026-07-15T08:57:38.980577
7,1,8,3,0,3,2026-07-15T08:57:39.453076
7,1,9,3,0,3,2026-07-15T08:57:40.110838
7,1,10,4,0,4,2026-07-15T08:57:40.652175
7,2,1,2,0,2,2026-07-15T08:57:41.529840
7,2,2,2,0,2,2026-07-15T08:57:42.222207
7,2,3,2,0,2,2026-07-15T08:57:42.946422
7,2,4,2,0,2,2026-07-15T08:57:43.523068
7,2,5,2,0,2,2026-07-15T08:57:44.086112
7,2,6,2,0,2,2026-07-15T08:57:46.281979
7,2,7,2,0,2,2026-07-15T08:57:46.897481
7,2,8,2,0,2,2026-07-15T08:57:47.422723
7,2,9,2,0,2,2026-07-15T08:57:47.988339
7,2,10,2,0,2,2026-07-15T08:57:48.699561
7,3,1,3,0,3,2026-07-15T08:57:49.282548
7,3,2,3,0,3,2026-07-15T08:57:49.804998
7,3,3,3,0,3,2026-07-15T08:57:50.447060
7,3,4,3,0,3,2026-07-15T08:57:50.995989
7,3,5,3,0,3,2026-07-15T08:57:51.550123
7,3,6,3,0,3,2026-07-15T08:57:52.121417
7,3,7,3,0,3,2026-07-15T08:57:52.666969
7,3,8,3,0,3,2026-07-15T08:57:53.278599
7,3,9,3,0,3,2026-07-15T08:57:53.847522
7,3,10,3,0,3,2026-07-15T08:57:54.559844
7,4,1,1,0,1,2026-07-15T08:57:55.261237
7,4,2,1,0,1,2026-07-15T08:57:55.978877
7,4,3,1,0,1,2026-07-15T08:57:56.666979
7,4,4,1,0,1,2026-07-15T08:57:57.323618
7,4,5,1,0,1,2026-07-15T08:57:58.173531
7,4,6,1,0,1,2026-07-15T08:57:58.862590
7,4,7,1,0,1,2026-07-15T08:57:59.505872
7,4,8,1,0,1,2026-07-15T08:58:00.785709
7,4,9,1,0,1,2026-07-15T08:58:01.435188
7,4,10,1,0,1,2026-07-15T08:58:02.232672
7,5,1,3,0,3,2026-07-15T08:58:02.730960
7,5,2,3,0,3,2026-07-15T08:58:03.416519
7,5,3,3,0,3,2026-07-15T08:58:04.042808
7,5,4,3,0,3,2026-07-15T08:58:04.700222
7,5,5,3,0,3,2026-07-15T08:58:05.276120
7,5,6,3,0,3,2026-07-15T08:58:05.863005
7,5,7,3,0,3,2026-07-15T08:58:06.416376
7,5,8,3,0,3,2026-07-15T08:58:07.001955
7,5,9,3,0,3,2026-07-15T08:58:07.608910
7,5,10,3,0,3,2026-07-15T08:58:08.227307
7,6,1,2,0,2,2026-07-15T08:58:08.756158
7,6,2,2,0,2,2026-07-15T08:58:09.316467
7,6,3,1,0,1,2026-07-15T08:58:09.836915
7,6,4,1,0,1,2026-07-15T08:58:10.467348
7,6,5,1,0,1,2026-07-15T08:58:11.040996
7,6,6,2,0,2,2026-07-15T08:58:11.650006
7,6,7,1,0,1,2026-07-15T08:58:12.203173
7,6,8,1,0,1,2026-07-15T08:58:12.912751
7,6,9,1,0,1,2026-07-15T08:58:13.435740
7,6,10,2,0,2,2026-07-15T08:58:13.996521
7,7,1,4,0,4,2026-07-15T08:58:16.092734
7,7,2,4,0,4,2026-07-15T08:58:16.794099
7,7,3,4,0,4,2026-07-15T08:58:17.461135
7,7,4,4,0,4,2026-07-15T08:58:18.186339
7,7,5,4,0,4,2026-07-15T08:58:18.920921
7,7,6,4,0,4,2026-07-15T08:58:19.672748
7,7,7,4,0,4,2026-07-15T08:58:20.383454
7,7,8,4,0,4,2026-07-15T08:58:21.117204
7,7,9,4,0,4,2026-07-15T08:58:21.865072
7,7,10,4,0,4,2026-07-15T08:58:22.692739
7,8,1,2,0,2,2026-07-15T08:58:24.167189
7,8,2,2,0,2,2026-07-15T08:58:25.529408
7,8,3,2,0,2,2026-07-15T08:58:26.696373
7,8,4,2,0,2,2026-07-15T08:58:27.444472
7,8,5,2,0,2,2026-07-15T08:58:28.048304
7,8,6,2,0,2,2026-07-15T08:58:28.699010
7,8,7,2,0,2,2026-07-15T08:58:29.261740
7,8,8,2,0,2,2026-07-15T08:58:29.992871
7,8,9,2,0,2,2026-07-15T08:58:30.894310
7,8,10,2,0,2,2026-07-15T08:58:31.992998
7,9,1,5,0,5,2026-07-15T08:58:32.704345
7,9,2,4,0,4,2026-07-15T08:58:33.394839
7,9,3,4,0,4,2026-07-15T08:58:34.213556
7,9,4,4,0,4,2026-07-15T08:58:34.885686
7,9,5,5,0,5,2026-07-15T08:58:35.566311
7,9,6,5,0,5,2026-07-15T08:58:36.349897
7,9,7,5,0,5,2026-07-15T08:58:37.092263
7,9,8,4,0,4,2026-07-15T08:58:37.834344
7,9,9,5,0,5,2026-07-15T08:58:38.479093
7,9,10,5,0,5,2026-07-15T08:58:39.121171
8,1,1,4,0,4,2026-07-15T08:58:39.776262
8,1,2,3,0,3,2026-07-15T08:58:40.622937
8,1,3,3,0,3,2026-07-15T08:58:41.317420
8,1,4,3,0,3,2026-07-15T08:58:42.049581
8,1,5,3,0,3,2026-07-15T08:58:42.811464
8,1,6,4,0,4,2026-07-15T08:58:43.737149
8,1,7,3,0,3,2026-07-15T08:58:44.386760
8,1,8,3,0,3,2026-07-15T08:58:45.330227
8,1,9,4,0,4,2026-07-15T08:58:46.266027
8,1,10,4,0,4,2026-07-15T08:58:46.926928
8,2,1,2,0,2,2026-07-15T08:58:47.885469
8,2,2,2,0,2,2026-07-15T08:58:48.672509
8,2,3,2,0,2,2026-07-15T08:58:49.343961
8,2,4,2,0,2,2026-07-15T08:58:50.053549
8,2,5,2,0,2,2026-07-15T08:58:50.862371
8,2,6,2,0,2,2026-07-15T08:58:51.532898
8,2,7,2,0,2,2026-07-15T08:58:52.213385
8,2,8,2,0,2,2026-07-15T08:58:52.924456
8,2,9,2,0,2,2026-07-15T08:58:53.585696
8,2,10,2,0,2,2026-07-15T08:58:54.256725
8,3,1,2,0,2,2026-07-15T08:58:54.922305
8,3,2,2,0,2,2026-07-15T08:58:55.576018
8,3,3,2,0,2,2026-07-15T08:58:56.251701
8,3,4,2,0,2,2026-07-15T08:58:57.055794
8,3,5,2,0,2,2026-07-15T08:58:57.793533
8,3,6,2,0,2,2026-07-15T08:58:58.449690
8,3,7,2,0,2,2026-07-15T08:58:59.165618
8,3,8,2,0,2,2026-07-15T08:58:59.828474
8,3,9,2,0,2,2026-07-15T08:59:00.501891
8,3,10,2,0,2,2026-07-15T08:59:01.246375
8,4,1,0,0,0,2026-07-15T08:59:01.882026
8,4,2,0,0,0,2026-07-15T08:59:02.835649
8,4,3,0,0,0,2026-07-15T08:59:03.592464
8,4,4,0,0,0,2026-07-15T08:59:04.250218
8,4,5,0,0,0,2026-07-15T08:59:07.126289
8,4,6,0,0,0,2026-07-15T08:59:07.908017
8,4,7,0,0,0,2026-07-15T08:59:08.629109
8,4,8,0,0,0,2026-07-15T08:59:10.283549
8,4,9,0,0,0,2026-07-15T08:59:10.939360
8,4,10,0,0,0,2026-07-15T08:59:11.708274
8,5,1,2,0,2,2026-07-15T08:59:12.298440
8,5,2,2,0,2,2026-07-15T08:59:15.921629
8,5,3,2,0,2,2026-07-15T08:59:18.655649
8,5,4,2,0,2,2026-07-15T08:59:19.200749
8,5,5,2,0,2,2026-07-15T08:59:19.787348
8,5,6,2,0,2,2026-07-15T08:59:20.842158
8,5,7,2,0,2,2026-07-15T08:59:21.545716
8,5,8,2,0,2,2026-07-15T08:59:22.085504
8,5,9,2,0,2,2026-07-15T08:59:22.707620
8,5,10,2,0,2,2026-07-15T08:59:23.449567
8,6,1,1,0,1,2026-07-15T08:59:24.145215
8,6,2,1,0,1,2026-07-15T08:59:24.880114
8,6,3,1,0,1,2026-07-15T08:59:25.480012
8,6,4,1,0,1,2026-07-15T08:59:26.170194
8,6,5,1,0,1,2026-07-15T08:59:26.822349
8,6,6,1,0,1,2026-07-15T08:59:27.509908
8,6,7,1,0,1,2026-07-15T08:59:28.287511
8,6,8,1,0,1,2026-07-15T08:59:28.957424
8,6,9,1,0,1,2026-07-15T08:59:29.887296
8,6,10,1,0,1,2026-07-15T08:59:30.603102
8,7,1,4,0,4,2026-07-15T08:59:31.239490
8,7,2,4,0,4,2026-07-15T08:59:31.783970
8,7,3,4,0,4,2026-07-15T08:59:32.317756
8,7,4,4,0,4,2026-07-15T08:59:32.865924
8,7,5,4,0,4,2026-07-15T08:59:33.511249
8,7,6,4,0,4,2026-07-15T08:59:38.116517
8,7,7,4,0,4,2026-07-15T08:59:38.643012
8,7,8,4,0,4,2026-07-15T08:59:39.286314
8,7,9,4,0,4,2026-07-15T08:59:39.893191
8,7,10,4,0,4,2026-07-15T08:59:40.442912
8,8,1,1,0,1,2026-07-15T08:59:41.052372
8,8,2,1,0,1,2026-07-15T08:59:41.585059
8,8,3,1,0,1,2026-07-15T08:59:42.186376
8,8,4,1,0,1,2026-07-15T08:59:42.726069
8,8,5,1,0,1,2026-07-15T08:59:43.732620
8,8,6,1,0,1,2026-07-15T08:59:44.254533
8,8,7,1,0,1,2026-07-15T08:59:44.787832
8,8,8,1,0,1,2026-07-15T08:59:45.388202
8,8,9,1,0,1,2026-07-15T08:59:45.924463
8,8,10,1,0,1,2026-07-15T08:59:46.509052
8,9,1,4,0,4,2026-07-15T08:59:47.163981
8,9,2,4,0,4,2026-07-15T08:59:47.708797
8,9,3,4,0,4,2026-07-15T08:59:48.212744
8,9,4,4,0,4,2026-07-15T08:59:48.957572
8,9,5,4,0,4,2026-07-15T08:59:49.516795
8,9,6,4,0,4,2026-07-15T08:59:50.119787
8,9,7,4,0,4,2026-07-15T08:59:50.684213
8,9,8,4,0,4,2026-07-15T08:59:51.256070
8,9,9,4,0,4,2026-07-15T08:59:52.109703
8,9,10,4,0,4,2026-07-15T08:59:52.670690
9,1,1,2,0,2,2026-07-15T08:59:53.326148
9,1,2,2,0,2,2026-07-15T08:59:53.849805
9,1,3,2,0,2,2026-07-15T08:59:54.789222
9,1,4,2,0,2,2026-07-15T08:59:55.317516
9,1,5,2,0,2,2026-07-15T08:59:55.748481
9,1,6,2,0,2,2026-07-15T08:59:56.299396
9,1,7,2,0,2,2026-07-15T08:59:56.824120
9,1,8,2,0,2,2026-07-15T08:59:57.292695
9,1,9,2,0,2,2026-07-15T08:59:57.896929
9,1,10,2,0,2,2026-07-15T08:59:58.546694
9,2,1,2,0,2,2026-07-15T08:59:59.420370
9,2,2,2,0,2,2026-07-15T09:00:00.108288
9,2,3,2,0,2,2026-07-15T09:00:01.100894
9,2,4,1,0,1,2026-07-15T09:00:01.891780
9,2,5,2,0,2,2026-07-15T09:00:02.654926
9,2,6,2,0,2,2026-07-15T09:00:03.364081
9,2,7,1,0,1,2026-07-15T09:00:04.024721
9,2,8,2,0,2,2026-07-15T09:00:04.814319
9,2,9,1,0,1,2026-07-15T09:00:05.996666
9,2,10,2,0,2,2026-07-15T09:00:06.714700
9,3,1,2,0,2,2026-07-15T09:00:07.332158
9,3,2,2,0,2,2026-07-15T09:00:07.979118
9,3,3,2,0,2,2026-07-15T09:00:08.540722
9,3,4,2,0,2,2026-07-15T09:00:09.151645
9,3,5,2,0,2,2026-07-15T09:00:09.663882
9,3,6,2,0,2,2026-07-15T09:00:10.275350
9,3,7,2,0,2,2026-07-15T09:00:10.798082
9,3,8,2,0,2,2026-07-15T09:00:11.448477
9,3,9,2,0,2,2026-07-15T09:00:12.157449
9,3,10,2,0,2,2026-07-15T09:00:12.668125
9,4,1,1,0,1,2026-07-15T09:00:13.338902
9,4,2,1,0,1,2026-07-15T09:00:13.931003
9,4,3,1,0,1,2026-07-15T09:00:14.546797
9,4,4,1,0,1,2026-07-15T09:00:15.035394
9,4,5,1,0,1,2026-07-15T09:00:15.758894
9,4,6,1,0,1,2026-07-15T09:00:16.399742
9,4,7,1,0,1,2026-07-15T09:00:16.942640
9,4,8,1,0,1,2026-07-15T09:00:17.521268
9,4,9,1,0,1,2026-07-15T09:00:18.233957
9,4,10,1,0,1,2026-07-15T09:00:19.024737
9,5,1,2,0,2,2026-07-15T09:00:19.682670
9,5,2,2,0,2,2026-07-15T09:00:20.695617
9,5,3,2,0,2,2026-07-15T09:00:21.675776
9,5,4,2,0,2,2026-07-15T09:00:22.486880
9,5,5,2,0,2,2026-07-15T09:00:23.210602
9,5,6,2,0,2,2026-07-15T09:00:23.857237
9,5,7,2,0,2,2026-07-15T09:00:24.592635
9,5,8,2,0,2,2026-07-15T09:00:25.348262
9,5,9,2,0,2,2026-07-15T09:00:26.298029
9,5,10,2,0,2,2026-07-15T09:00:27.029290
9,6,1,1,0,1,2026-07-15T09:00:27.578939
9,6,2,1,0,1,2026-07-15T09:00:28.153695
9,6,3,1,0,1,2026-07-15T09:00:28.697436
9,6,4,1,0,1,2026-07-15T09:00:29.297198
9,6,5,1,0,1,2026-07-15T09:00:30.055203
9,6,6,1,0,1,2026-07-15T09:00:30.963125
9,6,7,1,0,1,2026-07-15T09:00:31.797742
9,6,8,1,0,1,2026-07-15T09:00:32.988057
9,6,9,1,0,1,2026-07-15T09:00:34.183276
9,6,10,1,0,1,2026-07-15T09:00:35.654204
9,7,1,4,0,4,2026-07-15T09:00:36.345334
9,7,2,4,0,4,2026-07-15T09:00:37.294295
9,7,3,4,0,4,2026-07-15T09:00:38.064176
9,7,4,4,0,4,2026-07-15T09:00:38.743695
9,7,5,4,0,4,2026-07-15T09:00:39.311404
9,7,6,4,0,4,2026-07-15T09:00:39.914792
9,7,7,4,0,4,2026-07-15T09:00:40.436932
9,7,8,4,0,4,2026-07-15T09:00:41.042596
9,7,9,4,0,4,2026-07-15T09:00:41.650192
9,7,10,4,0,4,2026-07-15T09:00:42.203726
9,8,1,2,0,2,2026-07-15T09:00:43.342985
9,8,2,2,0,2,2026-07-15T09:00:44.118095
9,8,3,2,0,2,2026-07-15T09:00:44.826726
9,8,4,2,0,2,2026-07-15T09:00:45.819684
9,8,5,2,0,2,2026-07-15T09:00:46.571113
9,8,6,2,0,2,2026-07-15T09:00:47.301829
9,8,7,2,0,2,2026-07-15T09:00:47.966220
9,8,8,2,0,2,2026-07-15T09:00:48.702373
9,8,9,2,0,2,2026-07-15T09:00:49.544481
9,8,10,2,0,2,2026-07-15T09:00:50.223860
9,9,1,4,0,4,2026-07-15T09:00:51.129678
9,9,2,4,0,4,2026-07-15T09:00:51.704873
9,9,3,4,0,4,2026-07-15T09:00:52.492898
9,9,4,4,0,4,2026-07-15T09:00:53.022754
9,9,5,4,0,4,2026-07-15T09:00:53.624371
9,9,6,4,0,4,2026-07-15T09:00:54.113900
9,9,7,4,0,4,2026-07-15T09:00:54.883819
9,9,8,4,0,4,2026-07-15T09:00:55.385962
9,9,9,4,0,4,2026-07-15T09:00:56.002520
9,9,10,4,0,4,2026-07-15T09:00:56.552772
10,1,1,4,0,4,2026-07-15T09:00:57.375879
10,1,2,3,0,3,2026-07-15T09:00:58.036154
10,1,3,3,0,3,2026-07-15T09:00:58.821353
10,1,4,3,0,3,2026-07-15T09:00:59.688072
10,1,5,4,0,4,2026-07-15T09:01:00.454549
10,1,6,4,0,4,2026-07-15T09:01:01.369749
10,1,7,4,0,4,2026-07-15T09:01:02.042996
10,1,8,4,0,4,2026-07-15T09:01:02.812629
10,1,9,4,0,4,2026-07-15T09:01:03.997388
10,1,10,4,0,4,2026-07-15T09:01:04.628720
10,2,1,2,0,2,2026-07-15T09:01:05.444834
10,2,2,1,0,1,2026-07-15T09:01:06.110900
10,2,3,1,0,1,2026-07-15T09:01:06.763793
10,2,4,1,0,1,2026-07-15T09:01:07.647309
10,2,5,1,0,1,2026-07-15T09:01:08.382648
10,2,6,1,0,1,2026-07-15T09:01:09.057285
10,2,7,1,0,1,2026-07-15T09:01:09.713996
10,2,8,1,0,1,2026-07-15T09:01:10.558229
10,2,9,1,0,1,2026-07-15T09:01:11.234298
10,2,10,2,0,2,2026-07-15T09:01:12.097377
10,3,1,2,0,2,2026-07-15T09:01:12.715704
10,3,2,2,0,2,2026-07-15T09:01:13.410121
10,3,3,3,0,3,2026-07-15T09:01:14.109395
10,3,4,2,0,2,2026-07-15T09:01:14.710147
10,3,5,3,0,3,2026-07-15T09:01:15.261904
10,3,6,3,0,3,2026-07-15T09:01:15.842085
10,3,7,3,0,3,2026-07-15T09:01:17.550097
10,3,8,3,0,3,2026-07-15T09:01:18.096461
10,3,9,3,0,3,2026-07-15T09:01:18.637094
10,3,10,2,0,2,2026-07-15T09:01:19.203981
10,4,1,1,0,1,2026-07-15T09:01:20.016785
10,4,2,1,0,1,2026-07-15T09:01:20.548655
10,4,3,1,0,1,2026-07-15T09:01:21.274535
10,4,4,0,0,0,2026-07-15T09:01:21.988364
10,4,5,0,0,0,2026-07-15T09:01:22.689956
10,4,6,1,0,1,2026-07-15T09:01:23.447777
10,4,7,1,0,1,2026-07-15T09:01:23.991454
10,4,8,1,0,1,2026-07-15T09:01:24.525379
10,4,9,1,0,1,2026-07-15T09:01:25.453217
10,4,10,1,0,1,2026-07-15T09:01:26.065188
10,5,1,3,0,3,2026-07-15T09:01:26.596624
10,5,2,3,0,3,2026-07-15T09:01:27.093036
10,5,3,3,0,3,2026-07-15T09:01:27.567748
10,5,4,3,0,3,2026-07-15T09:01:28.007379
10,5,5,3,0,3,2026-07-15T09:01:28.658943
10,5,6,3,0,3,2026-07-15T09:01:29.201659
10,5,7,3,0,3,2026-07-15T09:01:29.691615
10,5,8,3,0,3,2026-07-15T09:01:30.178982
10,5,9,3,0,3,2026-07-15T09:01:30.684966
10,5,10,3,0,3,2026-07-15T09:01:31.197877
10,6,1,1,0,1,2026-07-15T09:01:31.789009
10,6,2,1,0,1,2026-07-15T09:01:32.371500
10,6,3,1,0,1,2026-07-15T09:01:33.102114
10,6,4,1,0,1,2026-07-15T09:01:33.668975
10,6,5,1,0,1,2026-07-15T09:01:34.197433
10,6,6,1,0,1,2026-07-15T09:01:35.036053
10,6,7,1,0,1,2026-07-15T09:01:35.683240
10,6,8,1,0,1,2026-07-15T09:01:36.390377
10,6,9,1,0,1,2026-07-15T09:01:37.120022
10,6,10,1,0,1,2026-07-15T09:01:37.700787
10,7,1,4,0,4,2026-07-15T09:01:38.634749
10,7,2,4,0,4,2026-07-15T09:01:39.443801
10,7,3,4,0,4,2026-07-15T09:01:40.140527
10,7,4,4,0,4,2026-07-15T09:01:40.666105
10,7,5,4,0,4,2026-07-15T09:01:41.321262
10,7,6,4,0,4,2026-07-15T09:01:41.912245
10,7,7,4,0,4,2026-07-15T09:01:42.526424
10,7,8,4,0,4,2026-07-15T09:01:43.075769
10,7,9,4,0,4,2026-07-15T09:01:43.694269
10,7,10,4,0,4,2026-07-15T09:01:44.308756
10,8,1,2,0,2,2026-07-15T09:01:45.014567
10,8,2,1,0,1,2026-07-15T09:01:45.690547
10,8,3,1,0,1,2026-07-15T09:01:47.284982
10,8,4,2,0,2,2026-07-15T09:01:48.249822
10,8,5,2,0,2,2026-07-15T09:01:48.946488
10,8,6,2,0,2,2026-07-15T09:01:49.842305
10,8,7,2,0,2,2026-07-15T09:01:50.980622
10,8,8,2,0,2,2026-07-15T09:01:51.784817
10,8,9,1,0,1,2026-07-15T09:01:52.507968
10,8,10,2,0,2,2026-07-15T09:01:53.198897
10,9,1,4,0,4,2026-07-15T09:01:54.944454
10,9,2,4,0,4,2026-07-15T09:01:55.588389
10,9,3,5,0,5,2026-07-15T09:01:56.226123
10,9,4,4,0,4,2026-07-15T09:01:56.779574
10,9,5,4,0,4,2026-07-15T09:01:57.325660
10,9,6,4,0,4,2026-07-15T09:01:57.886289
10,9,7,4,0,4,2026-07-15T09:01:58.432765
10,9,8,4,0,4,2026-07-15T09:01:58.981836
10,9,9,5,0,5,2026-07-15T09:01:59.756187
10,9,10,5,0,5,2026-07-15T09:02:00.266174
11,1,1,4,0,4,2026-07-15T09:02:00.844456
11,1,2,4,0,4,2026-07-15T09:02:01.418900
11,1,3,4,0,4,2026-07-15T09:02:01.960146
11,1,4,4,0,4,2026-07-15T09:02:02.797981
11,1,5,4,0,4,2026-07-15T09:02:03.520478
11,1,6,4,0,4,2026-07-15T09:02:04.106908
11,1,7,4,0,4,2026-07-15T09:02:04.748959
11,1,8,4,0,4,2026-07-15T09:02:05.404450
11,1,9,4,0,4,2026-07-15T09:02:06.011543
11,1,10,4,0,4,2026-07-15T09:02:06.564895
11,2,1,2,0,2,2026-07-15T09:02:10.869892
11,2,2,2,0,2,2026-07-15T09:02:11.630680
11,2,3,2,0,2,2026-07-15T09:02:12.392573
11,2,4,2,0,2,2026-07-15T09:02:13.119444
11,2,5,2,0,2,2026-07-15T09:02:13.725345
11,2,6,2,0,2,2026-07-15T09:02:14.273306
11,2,7,2,0,2,2026-07-15T09:02:14.936137
11,2,8,2,0,2,2026-07-15T09:02:15.464786
11,2,9,2,0,2,2026-07-15T09:02:15.962828
11,2,10,2,0,2,2026-07-15T09:02:16.503617
11,3,1,3,0,3,2026-07-15T09:02:17.137210
11,3,2,3,0,3,2026-07-15T09:02:17.739970
11,3,3,3,0,3,2026-07-15T09:02:18.260387
11,3,4,3,0,3,2026-07-15T09:02:18.849500
11,3,5,3,0,3,2026-07-15T09:02:19.554071
11,3,6,3,0,3,2026-07-15T09:02:20.290752
11,3,7,3,0,3,2026-07-15T09:02:20.867107
11,3,8,3,0,3,2026-07-15T09:02:21.470324
11,3,9,3,0,3,2026-07-15T09:02:22.212762
11,3,10,3,0,3,2026-07-15T09:02:23.070438
11,4,1,1,0,1,2026-07-15T09:02:23.942328
11,4,2,1,0,1,2026-07-15T09:02:29.829355
11,4,3,1,0,1,2026-07-15T09:02:30.766081
11,4,4,1,0,1,2026-07-15T09:02:31.431466
11,4,5,1,0,1,2026-07-15T09:02:32.401375
11,4,6,1,0,1,2026-07-15T09:02:33.054316
11,4,7,1,0,1,2026-07-15T09:02:33.788624
11,4,8,1,0,1,2026-07-15T09:02:34.602264
11,4,9,1,0,1,2026-07-15T09:02:35.252509
11,4,10,1,0,1,2026-07-15T09:02:36.094693
11,5,1,3,0,3,2026-07-15T09:02:36.700844
11,5,2,3,0,3,2026-07-15T09:02:37.395286
11,5,3,3,0,3,2026-07-15T09:02:38.291295
11,5,4,3,0,3,2026-07-15T09:02:38.936192
11,5,5,3,0,3,2026-07-15T09:02:39.716561
11,5,6,3,0,3,2026-07-15T09:02:40.259263
11,5,7,3,0,3,2026-07-15T09:02:40.950551
11,5,8,3,0,3,2026-07-15T09:02:41.559195
11,5,9,3,0,3,2026-07-15T09:02:42.109925
11,5,10,3,0,3,2026-07-15T09:02:42.822340
11,6,1,1,0,1,2026-07-15T09:02:43.524256
11,6,2,1,0,1,2026-07-15T09:02:44.333301
11,6,3,1,0,1,2026-07-15T09:02:45.300991
11,6,4,1,0,1,2026-07-15T09:02:46.142409
11,6,5,1,0,1,2026-07-15T09:02:47.091120
11,6,6,1,0,1,2026-07-15T09:02:47.889423
11,6,7,0,0,0,2026-07-15T09:02:48.709365
11,6,8,1,0,1,2026-07-15T09:02:49.382099
11,6,9,1,0,1,2026-07-15T09:02:50.170853
11,6,10,1,0,1,2026-07-15T09:02:50.901096
11,7,1,4,0,4,2026-07-15T09:02:51.587345
11,7,2,4,0,4,2026-07-15T09:02:52.175516
11,7,3,4,0,4,2026-07-15T09:02:52.694688
11,7,4,4,0,4,2026-07-15T09:02:53.169623
11,7,5,4,0,4,2026-07-15T09:02:53.703950
11,7,6,4,0,4,2026-07-15T09:02:54.210243
11,7,7,4,0,4,2026-07-15T09:02:54.887455
11,7,8,4,0,4,2026-07-15T09:03:00.091625
11,7,9,4,0,4,2026-07-15T09:03:00.636582
11,7,10,4,0,4,2026-07-15T09:03:01.324166
11,8,1,3,0,3,2026-07-15T09:03:01.897139
11,8,2,3,0,3,2026-07-15T09:03:02.470039
11,8,3,3,0,3,2026-07-15T09:03:02.999117
11,8,4,3,0,3,2026-07-15T09:03:03.591163
11,8,5,2,0,2,2026-07-15T09:03:04.198235
11,8,6,3,0,3,2026-07-15T09:03:04.827896
11,8,7,3,0,3,2026-07-15T09:03:05.435009
11,8,8,3,0,3,2026-07-15T09:03:06.151737
11,8,9,3,0,3,2026-07-15T09:03:07.096067
11,8,10,3,0,3,2026-07-15T09:03:07.908939
11,9,1,4,0,4,2026-07-15T09:03:08.606037
11,9,2,4,0,4,2026-07-15T09:03:09.157495
11,9,3,4,0,4,2026-07-15T09:03:09.710673
11,9,4,4,0,4,2026-07-15T09:03:10.295975
11,9,5,4,0,4,2026-07-15T09:03:11.001275
11,9,6,4,0,4,2026-07-15T09:03:16.621862
11,9,7,4,0,4,2026-07-15T09:03:17.217087
11,9,8,4,0,4,2026-07-15T09:03:17.847534
11,9,9,4,0,4,2026-07-15T09:03:18.431348
11,9,10,4,0,4,2026-07-15T09:03:19.016813
12,1,1,3,0,3,2026-07-15T09:03:19.755057
12,1,2,3,0,3,2026-07-15T09:03:20.418352
12,1,3,3,0,3,2026-07-15T09:03:21.031587
12,1,4,3,0,3,2026-07-15T09:03:21.903878
12,1,5,3,0,3,2026-07-15T09:03:22.605101
12,1,6,3,0,3,2026-07-15T09:03:23.711202
12,1,7,3,0,3,2026-07-15T09:03:24.402133
12,1,8,3,0,3,2026-07-15T09:03:25.183994
12,1,9,3,0,3,2026-07-15T09:03:25.918154
12,1,10,3,0,3,2026-07-15T09:03:26.572531
12,2,1,1,0,1,2026-07-15T09:03:27.546578
12,2,2,1,0,1,2026-07-15T09:03:28.239384
12,2,3,1,0,1,2026-07-15T09:03:38.787969
12,2,4,0,0,0,2026-07-15T09:03:39.512222
12,2,5,1,0,1,2026-07-15T09:03:40.156301
12,2,6,0,0,0,2026-07-15T09:03:40.733154
12,2,7,0,0,0,2026-07-15T09:03:41.268344
12,2,8,0,0,0,2026-07-15T09:03:42.126485
12,2,9,0,0,0,2026-07-15T09:03:42.678929
12,2,10,1,0,1,2026-07-15T09:03:43.269599
12,3,1,4,0,4,2026-07-15T09:03:43.870631
12,3,2,4,0,4,2026-07-15T09:03:44.460614
12,3,3,4,0,4,2026-07-15T09:03:45.068191
12,3,4,4,0,4,2026-07-15T09:03:45.688142
12,3,5,4,0,4,2026-07-15T09:03:46.470805
12,3,6,4,0,4,2026-07-15T09:03:46.976010
12,3,7,4,0,4,2026-07-15T09:03:47.544580
12,3,8,4,0,4,2026-07-15T09:03:48.136265
12,3,9,4,0,4,2026-07-15T09:03:48.732259
12,3,10,4,0,4,2026-07-15T09:03:49.850991
12,4,1,0,0,0,2026-07-15T09:03:50.405689
12,4,2,0,0,0,2026-07-15T09:03:50.954036
12,4,3,0,0,0,2026-07-15T09:03:51.738720
12,4,4,0,0,0,2026-07-15T09:03:52.494050
12,4,5,0,0,0,2026-07-15T09:03:53.091456
12,4,6,0,0,0,2026-07-15T09:03:53.771210
12,4,7,0,0,0,2026-07-15T09:03:54.361546
12,4,8,0,0,0,2026-07-15T09:03:54.923502
12,4,9,0,0,0,2026-07-15T09:03:55.517493
12,4,10,0,0,0,2026-07-15T09:03:56.134627
12,5,1,3,0,3,2026-07-15T09:03:56.746282
12,5,2,4,0,4,2026-07-15T09:03:57.337969
12,5,3,4,0,4,2026-07-15T09:03:58.623110
12,5,4,4,0,4,2026-07-15T09:03:59.152777
12,5,5,3,0,3,2026-07-15T09:03:59.768801
12,5,6,4,0,4,2026-07-15T09:04:00.409119
12,5,7,4,0,4,2026-07-15T09:04:01.508775
12,5,8,4,0,4,2026-07-15T09:04:02.087512
12,5,9,4,0,4,2026-07-15T09:04:02.637809
12,5,10,4,0,4,2026-07-15T09:04:03.229460
12,6,1,1,0,1,2026-07-15T09:04:03.898103
12,6,2,0,0,0,2026-07-15T09:04:11.276716
12,6,3,0,0,0,2026-07-15T09:04:12.020686
12,6,4,0,0,0,2026-07-15T09:04:12.924212
12,6,5,0,0,0,2026-07-15T09:04:13.739891
12,6,6,1,0,1,2026-07-15T09:04:14.598169
12,6,7,0,0,0,2026-07-15T09:04:15.548990
12,6,8,0,0,0,2026-07-15T09:04:24.604123
12,6,9,0,0,0,2026-07-15T09:04:25.270620
12,6,10,0,0,0,2026-07-15T09:04:26.221748
12,7,1,5,0,5,2026-07-15T09:04:26.749881
12,7,2,5,0,5,2026-07-15T09:04:28.251899
12,7,3,5,0,5,2026-07-15T09:04:28.963552
12,7,4,5,0,5,2026-07-15T09:04:29.536328
12,7,5,5,0,5,2026-07-15T09:04:30.113362
12,7,6,5,0,5,2026-07-15T09:04:30.736080
12,7,7,5,0,5,2026-07-15T09:04:31.462731
12,7,8,5,0,5,2026-07-15T09:04:31.958210
12,7,9,5,0,5,2026-07-15T09:04:32.457059
12,7,10,5,0,5,2026-07-15T09:04:34.525955
12,8,1,0,0,0,2026-07-15T09:04:35.158492
12,8,2,0,0,0,2026-07-15T09:04:36.151476
12,8,3,0,0,0,2026-07-15T09:04:36.935089
12,8,4,0,0,0,2026-07-15T09:04:37.457370
12,8,5,0,0,0,2026-07-15T09:04:39.222756
12,8,6,0,0,0,2026-07-15T09:04:39.820984
12,8,7,0,0,0,2026-07-15T09:04:40.348057
12,8,8,0,0,0,2026-07-15T09:04:41.036692
12,8,9,0,0,0,2026-07-15T09:04:41.821757
12,8,10,0,0,0,2026-07-15T09:04:42.748182
12,9,1,5,0,5,2026-07-15T09:04:43.336083
12,9,2,5,0,5,2026-07-15T09:04:43.991552
12,9,3,5,0,5,2026-07-15T09:04:44.565499
12,9,4,5,0,5,2026-07-15T09:04:45.145272
12,9,5,5,0,5,2026-07-15T09:04:45.699106
12,9,6,5,0,5,2026-07-15T09:04:46.417193
12,9,7,5,0,5,2026-07-15T09:04:47.027360
12,9,8,5,0,5,2026-07-15T09:04:47.705491
12,9,9,5,0,5,2026-07-15T09:04:48.273580
12,9,10,5,0,5,2026-07-15T09:04:48.951412
13,1,1,4,0,4,2026-07-15T09:04:49.557716
13,1,2,4,0,4,2026-07-15T09:04:50.246722
13,1,3,3,0,3,2026-07-15T09:04:50.853011
13,1,4,3,0,3,2026-07-15T09:04:51.463935
13,1,5,4,0,4,2026-07-15T09:04:52.091974
13,1,6,3,0,3,2026-07-15T09:04:52.640846
13,1,7,4,0,4,2026-07-15T09:04:53.232007
13,1,8,4,0,4,2026-07-15T09:04:53.993083
13,1,9,4,0,4,2026-07-15T09:04:54.589203
13,1,10,4,0,4,2026-07-15T09:04:55.198423
13,2,1,1,0,1,2026-07-15T09:04:55.719115
13,2,2,1,0,1,2026-07-15T09:04:56.202606
13,2,3,1,0,1,2026-07-15T09:04:56.815789
13,2,4,2,0,2,2026-07-15T09:04:57.340048
13,2,5,1,0,1,2026-07-15T09:04:57.874490
13,2,6,1,0,1,2026-07-15T09:04:58.501653
13,2,7,1,0,1,2026-07-15T09:04:59.065549
13,2,8,1,0,1,2026-07-15T09:04:59.642681
13,2,9,1,0,1,2026-07-15T09:05:00.366176
13,2,10,1,0,1,2026-07-15T09:05:00.916022
13,3,1,3,0,3,2026-07-15T09:05:01.571610
13,3,2,3,0,3,2026-07-15T09:05:02.205045
13,3,3,3,0,3,2026-07-15T09:05:02.797528
13,3,4,3,0,3,2026-07-15T09:05:03.400057
13,3,5,3,0,3,2026-07-15T09:05:03.958854
13,3,6,3,0,3,2026-07-15T09:05:04.609998
13,3,7,3,0,3,2026-07-15T09:05:08.934620
13,3,8,3,0,3,2026-07-15T09:05:09.658901
13,3,9,3,0,3,2026-07-15T09:05:10.151764
13,3,10,3,0,3,2026-07-15T09:05:13.476375
13,4,1,0,0,0,2026-07-15T09:05:14.070142
13,4,2,0,0,0,2026-07-15T09:05:14.682868
13,4,3,0,0,0,2026-07-15T09:05:15.375075
13,4,4,0,0,0,2026-07-15T09:05:16.022619
13,4,5,0,0,0,2026-07-15T09:05:16.957244
13,4,6,0,0,0,2026-07-15T09:05:17.514721
13,4,7,0,0,0,2026-07-15T09:05:18.097664
13,4,8,0,0,0,2026-07-15T09:05:18.615485
13,4,9,0,0,0,2026-07-15T09:05:19.137564
13,4,10,0,0,0,2026-07-15T09:05:20.016961
13,5,1,4,0,4,2026-07-15T09:05:20.790617
13,5,2,4,0,4,2026-07-15T09:05:31.965300
13,5,3,4,0,4,2026-07-15T09:05:32.617497
13,5,4,4,0,4,2026-07-15T09:05:33.401650
13,5,5,4,0,4,2026-07-15T09:05:34.161476
13,5,6,4,0,4,2026-07-15T09:05:34.839842
13,5,7,4,0,4,2026-07-15T09:05:35.553758
13,5,8,4,0,4,2026-07-15T09:05:36.197180
13,5,9,4,0,4,2026-07-15T09:05:36.913432
13,5,10,4,0,4,2026-07-15T09:05:37.657582
13,6,1,1,0,1,2026-07-15T09:05:38.236167
13,6,2,1,0,1,2026-07-15T09:05:38.934612
13,6,3,1,0,1,2026-07-15T09:05:39.659227
13,6,4,1,0,1,2026-07-15T09:05:40.232176
13,6,5,1,0,1,2026-07-15T09:05:40.741768
13,6,6,1,0,1,2026-07-15T09:05:41.335188
13,6,7,1,0,1,2026-07-15T09:05:41.905413
13,6,8,1,0,1,2026-07-15T09:05:42.606195
13,6,9,1,0,1,2026-07-15T09:05:43.162142
13,6,10,1,0,1,2026-07-15T09:05:43.717626
13,7,1,4,0,4,2026-07-15T09:05:44.409320
13,7,2,4,0,4,2026-07-15T09:05:45.307237
13,7,3,4,0,4,2026-07-15T09:05:46.003168
13,7,4,4,0,4,2026-07-15T09:05:46.683689
13,7,5,4,0,4,2026-07-15T09:05:47.376186
13,7,6,4,0,4,2026-07-15T09:05:48.049376
13,7,7,4,0,4,2026-07-15T09:05:48.716298
13,7,8,4,0,4,2026-07-15T09:05:49.461331
13,7,9,4,0,4,2026-07-15T09:05:50.208034
13,7,10,4,0,4,2026-07-15T09:05:51.173225
13,8,1,2,0,2,2026-07-15T09:05:51.721804
13,8,2,2,0,2,2026-07-15T09:05:52.277961
13,8,3,2,0,2,2026-07-15T09:05:52.910283
13,8,4,2,0,2,2026-07-15T09:05:53.682003
13,8,5,2,0,2,2026-07-15T09:05:54.233790
13,8,6,1,0,1,2026-07-15T09:05:54.909027
13,8,7,2,0,2,2026-07-15T09:05:55.445561
13,8,8,2,0,2,2026-07-15T09:05:56.219902
13,8,9,2,0,2,2026-07-15T09:05:56.907488
13,8,10,2,0,2,2026-07-15T09:05:57.521913
13,9,1,5,0,5,2026-07-15T09:05:59.074835
13,9,2,5,0,5,2026-07-15T09:05:59.729303
13,9,3,5,0,5,2026-07-15T09:06:00.262454
13,9,4,5,0,5,2026-07-15T09:06:00.850132
13,9,5,5,0,5,2026-07-15T09:06:02.948642
13,9,6,5,0,5,2026-07-15T09:06:03.562543
13,9,7,5,0,5,2026-07-15T09:06:04.162510
13,9,8,5,0,5,2026-07-15T09:06:04.718402
13,9,9,5,0,5,2026-07-15T09:06:05.211469
13,9,10,5,0,5,2026-07-15T09:06:05.734531
14,1,1,4,0,4,2026-07-15T09:06:06.365188
14,1,2,4,0,4,2026-07-15T09:06:07.110995
14,1,3,4,0,4,2026-07-15T09:06:07.978817
14,1,4,4,0,4,2026-07-15T09:06:09.132982
14,1,5,4,0,4,2026-07-15T09:06:10.224347
14,1,6,4,0,4,2026-07-15T09:06:10.966092
14,1,7,4,0,4,2026-07-15T09:06:11.633677
14,1,8,4,0,4,2026-07-15T09:06:12.478926
14,1,9,4,0,4,2026-07-15T09:06:13.507357
14,1,10,4,0,4,2026-07-15T09:06:14.235750
14,2,1,0,0,0,2026-07-15T09:06:14.771875
14,2,2,0,0,0,2026-07-15T09:06:15.294032
14,2,3,0,0,0,2026-07-15T09:06:15.971408
14,2,4,0,0,0,2026-07-15T09:06:16.610214
14,2,5,0,0,0,2026-07-15T09:06:17.155420
14,2,6,0,0,0,2026-07-15T09:06:17.713505
14,2,7,0,0,0,2026-07-15T09:06:18.190393
14,2,8,0,0,0,2026-07-15T09:06:18.823586
14,2,9,0,0,0,2026-07-15T09:06:19.484219
14,2,10,0,0,0,2026-07-15T09:06:20.003084
14,3,1,3,0,3,2026-07-15T09:06:20.561798
14,3,2,3,0,3,2026-07-15T09:06:21.194877
14,3,3,3,0,3,2026-07-15T09:06:21.656833
14,3,4,3,0,3,2026-07-15T09:06:22.154326
14,3,5,3,0,3,2026-07-15T09:06:22.636630
14,3,6,3,0,3,2026-07-15T09:06:23.113371
14,3,7,3,0,3,2026-07-15T09:06:23.727813
14,3,8,3,0,3,2026-07-15T09:06:24.181084
14,3,9,3,0,3,2026-07-15T09:06:24.610021
14,3,10,3,0,3,2026-07-15T09:06:25.112083
14,4,1,0,0,0,2026-07-15T09:06:25.608774
14,4,2,0,0,0,2026-07-15T09:06:26.163033
14,4,3,0,0,0,2026-07-15T09:06:26.721576
14,4,4,0,0,0,2026-07-15T09:06:27.408029
14,4,5,0,0,0,2026-07-15T09:06:28.105675
14,4,6,0,0,0,2026-07-15T09:06:28.647018
14,4,7,0,0,0,2026-07-15T09:06:29.156619
14,4,8,0,0,0,2026-07-15T09:06:29.730843
14,4,9,0,0,0,2026-07-15T09:06:30.259482
14,4,10,0,0,0,2026-07-15T09:06:31.003789
14,5,1,2,0,2,2026-07-15T09:06:31.888950
14,5,2,2,0,2,2026-07-15T09:06:32.443192
14,5,3,2,0,2,2026-07-15T09:06:33.162766
14,5,4,2,0,2,2026-07-15T09:06:33.805060
14,5,5,2,0,2,2026-07-15T09:06:34.363303
14,5,6,2,0,2,2026-07-15T09:06:35.204206
14,5,7,2,0,2,2026-07-15T09:06:35.782099
14,5,8,2,0,2,2026-07-15T09:06:36.748618
14,5,9,2,0,2,2026-07-15T09:06:37.315581
14,5,10,2,0,2,2026-07-15T09:06:38.380569
14,6,1,0,0,0,2026-07-15T09:06:38.917558
14,6,2,0,0,0,2026-07-15T09:06:39.470562
14,6,3,0,0,0,2026-07-15T09:06:40.036019
14,6,4,0,0,0,2026-07-15T09:06:40.645575
14,6,5,2,0,2,2026-07-15T09:06:41.249279
14,6,6,0,0,0,2026-07-15T09:06:42.045539
14,6,7,0,0,0,2026-07-15T09:06:42.639702
14,6,8,0,0,0,2026-07-15T09:06:43.228416
14,6,9,0,0,0,2026-07-15T09:06:43.712437
14,6,10,0,0,0,2026-07-15T09:06:44.245400
14,7,1,4,0,4,2026-07-15T09:06:44.765957
14,7,2,4,0,4,2026-07-15T09:06:45.279251
14,7,3,4,0,4,2026-07-15T09:06:45.850990
14,7,4,4,0,4,2026-07-15T09:06:46.444452
14,7,5,4,0,4,2026-07-15T09:06:47.014626
14,7,6,4,0,4,2026-07-15T09:06:49.073587
14,7,7,4,0,4,2026-07-15T09:06:49.582143
14,7,8,4,0,4,2026-07-15T09:06:50.381755
14,7,9,4,0,4,2026-07-15T09:06:50.931677
14,7,10,4,0,4,2026-07-15T09:06:51.565541
14,8,1,0,0,0,2026-07-15T09:06:52.298257
14,8,2,0,0,0,2026-07-15T09:06:52.836896
14,8,3,0,0,0,2026-07-15T09:06:53.409388
14,8,4,0,0,0,2026-07-15T09:06:54.013787
14,8,5,0,0,0,2026-07-15T09:06:54.547331
14,8,6,0,0,0,2026-07-15T09:06:55.062035
14,8,7,0,0,0,2026-07-15T09:06:55.656747
14,8,8,0,0,0,2026-07-15T09:06:56.217564
14,8,9,0,0,0,2026-07-15T09:06:56.823243
14,8,10,0,0,0,2026-07-15T09:06:57.375844
14,9,1,5,0,5,2026-07-15T09:06:58.061268
14,9,2,5,0,5,2026-07-15T09:06:58.600223
14,9,3,5,0,5,2026-07-15T09:07:02.611438
14,9,4,5,0,5,2026-07-15T09:07:03.272983
14,9,5,5,0,5,2026-07-15T09:07:03.811282
14,9,6,5,0,5,2026-07-15T09:07:04.572634
14,9,7,5,0,5,2026-07-15T09:07:05.125748
14,9,8,5,0,5,2026-07-15T09:07:05.633961
14,9,9,5,0,5,2026-07-15T09:07:06.373536
14,9,10,5,0,5,2026-07-15T09:07:06.932985
15,1,1,3,0,3,2026-07-15T09:07:07.629582
15,1,2,4,0,4,2026-07-15T09:07:08.211452
15,1,3,4,0,4,2026-07-15T09:07:08.753183
15,1,4,3,0,3,2026-07-15T09:07:09.409736
15,1,5,3,0,3,2026-07-15T09:07:09.989063
15,1,6,3,0,3,2026-07-15T09:07:10.585769
15,1,7,3,0,3,2026-07-15T09:07:11.186144
15,1,8,3,0,3,2026-07-15T09:07:11.740148
15,1,9,4,0,4,2026-07-15T09:07:12.384371
15,1,10,3,0,3,2026-07-15T09:07:13.161856
15,2,1,2,0,2,2026-07-15T09:07:13.815186
15,2,2,2,0,2,2026-07-15T09:07:14.382798
15,2,3,2,0,2,2026-07-15T09:07:15.058379
15,2,4,2,0,2,2026-07-15T09:07:15.598065
15,2,5,2,0,2,2026-07-15T09:07:16.169969
15,2,6,2,0,2,2026-07-15T09:07:16.750909
15,2,7,2,0,2,2026-07-15T09:07:17.359216
15,2,8,2,0,2,2026-07-15T09:07:17.992214
15,2,9,2,0,2,2026-07-15T09:07:18.890770
15,2,10,2,0,2,2026-07-15T09:07:19.577231
15,3,1,2,0,2,2026-07-15T09:07:20.446977
15,3,2,3,0,3,2026-07-15T09:07:21.004166
15,3,3,3,0,3,2026-07-15T09:07:21.781767
15,3,4,2,0,2,2026-07-15T09:07:22.469182
15,3,5,3,0,3,2026-07-15T09:07:23.153967
15,3,6,2,0,2,2026-07-15T09:07:23.723695
15,3,7,3,0,3,2026-07-15T09:07:24.469089
15,3,8,3,0,3,2026-07-15T09:07:25.181433
15,3,9,3,0,3,2026-07-15T09:07:25.790876
15,3,10,3,0,3,2026-07-15T09:07:26.380074
15,4,1,1,0,1,2026-07-15T09:07:27.794341
15,4,2,1,0,1,2026-07-15T09:07:28.302459
15,4,3,1,0,1,2026-07-15T09:07:28.945608
15,4,4,1,0,1,2026-07-15T09:07:29.448403
15,4,5,1,0,1,2026-07-15T09:07:29.996092
15,4,6,1,0,1,2026-07-15T09:07:30.602907
15,4,7,1,0,1,2026-07-15T09:07:31.349438
15,4,8,1,0,1,2026-07-15T09:07:31.913747
15,4,9,1,0,1,2026-07-15T09:07:32.476329
15,4,10,1,0,1,2026-07-15T09:07:33.068271
15,5,1,4,0,4,2026-07-15T09:07:35.130228
15,5,2,4,0,4,2026-07-15T09:07:35.692869
15,5,3,4,0,4,2026-07-15T09:07:36.323983
15,5,4,4,0,4,2026-07-15T09:07:37.043112
15,5,5,4,0,4,2026-07-15T09:07:37.662200
15,5,6,4,0,4,2026-07-15T09:07:38.230569
15,5,7,4,0,4,2026-07-15T09:07:38.785711
15,5,8,4,0,4,2026-07-15T09:07:39.351254
15,5,9,4,0,4,2026-07-15T09:07:40.989754
15,5,10,4,0,4,2026-07-15T09:07:41.594995
15,6,1,1,0,1,2026-07-15T09:07:42.316503
15,6,2,2,0,2,2026-07-15T09:07:42.845663
15,6,3,1,0,1,2026-07-15T09:07:43.388854
15,6,4,1,0,1,2026-07-15T09:07:44.073090
15,6,5,2,0,2,2026-07-15T09:07:44.668289
15,6,6,2,0,2,2026-07-15T09:07:45.657507
15,6,7,2,0,2,2026-07-15T09:07:46.309255
15,6,8,1,0,1,2026-07-15T09:07:46.858643
15,6,9,2,0,2,2026-07-15T09:07:47.522845
15,6,10,1,0,1,2026-07-15T09:07:48.074413
15,7,1,4,0,4,2026-07-15T09:07:48.695791
15,7,2,4,0,4,2026-07-15T09:07:49.259381
15,7,3,4,0,4,2026-07-15T09:07:49.864695
15,7,4,4,0,4,2026-07-15T09:07:50.430741
15,7,5,4,0,4,2026-07-15T09:07:51.137069
15,7,6,4,0,4,2026-07-15T09:07:51.787835
15,7,7,4,0,4,2026-07-15T09:07:52.362554
15,7,8,4,0,4,2026-07-15T09:07:52.927916
15,7,9,4,0,4,2026-07-15T09:07:53.481206
15,7,10,4,0,4,2026-07-15T09:07:54.205117
15,8,1,3,0,3,2026-07-15T09:07:55.769371
15,8,2,3,0,3,2026-07-15T09:07:56.334262
15,8,3,3,0,3,2026-07-15T09:07:56.884323
15,8,4,3,0,3,2026-07-15T09:07:57.456057
15,8,5,3,0,3,2026-07-15T09:07:58.470268
15,8,6,3,0,3,2026-07-15T09:07:59.103534
15,8,7,3,0,3,2026-07-15T09:07:59.720882
15,8,8,3,0,3,2026-07-15T09:08:00.406127
15,8,9,3,0,3,2026-07-15T09:08:01.053484
15,8,10,3,0,3,2026-07-15T09:08:01.762391
15,9,1,5,0,5,2026-07-15T09:08:02.509470
15,9,2,5,0,5,2026-07-15T09:08:03.184829
15,9,3,4,0,4,2026-07-15T09:08:03.867136
15,9,4,5,0,5,2026-07-15T09:08:04.790000
15,9,5,5,0,5,2026-07-15T09:08:05.501005
15,9,6,5,0,5,2026-07-15T09:08:06.338531
15,9,7,5,0,5,2026-07-15T09:08:06.977492
15,9,8,5,0,5,2026-07-15T09:08:07.850664
15,9,9,4,0,4,2026-07-15T09:08:08.526773
15,9,10,5,0,5,2026-07-15T09:08:09.227810
16,1,1,2,0,2,2026-07-15T09:08:09.901220
16,1,2,3,0,3,2026-07-15T09:08:10.659007
16,1,3,3,0,3,2026-07-15T09:08:11.205905
16,1,4,3,0,3,2026-07-15T09:08:11.930480
16,1,5,3,0,3,2026-07-15T09:08:12.664555
16,1,6,3,0,3,2026-07-15T09:08:13.296033
16,1,7,3,0,3,2026-07-15T09:08:13.909624
16,1,8,3,0,3,2026-07-15T09:08:15.398865
16,1,9,3,0,3,2026-07-15T09:08:16.734978
16,1,10,3,0,3,2026-07-15T09:08:17.293485
16,2,1,0,0,0,2026-07-15T09:08:18.012055
16,2,2,0,0,0,2026-07-15T09:08:19.798997
16,2,3,1,0,1,2026-07-15T09:08:20.478591
16,2,4,0,0,0,2026-07-15T09:08:21.261305
16,2,5,1,0,1,2026-07-15T09:08:22.335313
16,2,6,1,0,1,2026-07-15T09:08:23.073127
16,2,7,0,0,0,2026-07-15T09:08:23.863066
16,2,8,1,0,1,2026-07-15T09:08:24.641940
16,2,9,1,0,1,2026-07-15T09:08:25.391112
16,2,10,0,0,0,2026-07-15T09:08:26.099533
16,3,1,2,0,2,2026-07-15T09:08:26.631785
16,3,2,2,0,2,2026-07-15T09:08:27.195613
16,3,3,2,0,2,2026-07-15T09:08:27.763084
16,3,4,2,0,2,2026-07-15T09:08:28.594076
16,3,5,2,0,2,2026-07-15T09:08:29.392405
16,3,6,2,0,2,2026-07-15T09:08:29.991379
16,3,7,2,0,2,2026-07-15T09:08:30.607754
16,3,8,2,0,2,2026-07-15T09:08:31.144483
16,3,9,2,0,2,2026-07-15T09:08:31.772677
16,3,10,2,0,2,2026-07-15T09:08:32.447861
16,4,1,0,0,0,2026-07-15T09:08:33.097403
16,4,2,0,0,0,2026-07-15T09:08:34.076858
16,4,3,0,0,0,2026-07-15T09:08:34.619905
16,4,4,0,0,0,2026-07-15T09:08:35.311504
16,4,5,0,0,0,2026-07-15T09:08:35.840122
16,4,6,0,0,0,2026-07-15T09:08:38.218835
16,4,7,0,0,0,2026-07-15T09:08:38.802788
16,4,8,0,0,0,2026-07-15T09:08:39.352408
16,4,9,0,0,0,2026-07-15T09:08:39.941478
16,4,10,0,0,0,2026-07-15T09:08:40.482619
16,5,1,2,0,2,2026-07-15T09:08:41.054688
16,5,2,2,0,2,2026-07-15T09:08:41.670457
16,5,3,2,0,2,2026-07-15T09:08:42.283252
16,5,4,2,0,2,2026-07-15T09:08:42.818732
16,5,5,2,0,2,2026-07-15T09:08:43.505111
16,5,6,2,0,2,2026-07-15T09:08:44.160576
16,5,7,2,0,2,2026-07-15T09:08:44.905865
16,5,8,2,0,2,2026-07-15T09:08:45.662573
16,5,9,2,0,2,2026-07-15T09:08:46.246413
16,5,10,2,0,2,2026-07-15T09:08:46.893923
16,6,1,2,0,2,2026-07-15T09:08:47.437518
16,6,2,0,0,0,2026-07-15T09:08:48.524748
16,6,3,0,0,0,2026-07-15T09:08:49.096639
16,6,4,0,0,0,2026-07-15T09:08:49.689271
16,6,5,0,0,0,2026-07-15T09:08:50.225904
16,6,6,1,0,1,2026-07-15T09:08:50.806237
16,6,7,1,0,1,2026-07-15T09:08:51.396341
16,6,8,0,0,0,2026-07-15T09:08:51.929024
16,6,9,0,0,0,2026-07-15T09:08:52.530737
16,6,10,1,0,1,2026-07-15T09:08:53.413968
16,7,1,4,0,4,2026-07-15T09:08:53.975950
16,7,2,4,0,4,2026-07-15T09:08:57.924836
16,7,3,4,0,4,2026-07-15T09:08:58.703584
16,7,4,4,0,4,2026-07-15T09:08:59.286758
16,7,5,4,0,4,2026-07-15T09:08:59.952400
16,7,6,4,0,4,2026-07-15T09:09:00.823377
16,7,7,4,0,4,2026-07-15T09:09:01.406891
16,7,8,4,0,4,2026-07-15T09:09:02.128666
16,7,9,4,0,4,2026-07-15T09:09:02.891139
16,7,10,4,0,4,2026-07-15T09:09:03.806709
16,8,1,2,0,2,2026-07-15T09:09:04.701384
16,8,2,2,0,2,2026-07-15T09:09:05.357878
16,8,3,2,0,2,2026-07-15T09:09:05.976844
16,8,4,2,0,2,2026-07-15T09:09:06.726455
16,8,5,2,0,2,2026-07-15T09:09:07.496019
16,8,6,2,0,2,2026-07-15T09:09:08.251419
16,8,7,2,0,2,2026-07-15T09:09:08.907602
16,8,8,2,0,2,2026-07-15T09:09:09.584483
16,8,9,2,0,2,2026-07-15T09:09:10.301462
16,8,10,2,0,2,2026-07-15T09:09:11.503626
16,9,1,4,0,4,2026-07-15T09:09:12.107519
16,9,2,4,0,4,2026-07-15T09:09:12.921415
16,9,3,4,0,4,2026-07-15T09:09:13.474231
16,9,4,4,0,4,2026-07-15T09:09:14.063034
16,9,5,4,0,4,2026-07-15T09:09:14.630431
16,9,6,4,0,4,2026-07-15T09:09:15.739759
16,9,7,4,0,4,2026-07-15T09:09:16.263835
16,9,8,4,0,4,2026-07-15T09:09:16.793969
16,9,9,4,0,4,2026-07-15T09:09:17.329848
16,9,10,4,0,4,2026-07-15T09:09:17.828057
17,1,1,3,0,3,2026-07-15T09:09:18.648986
17,1,2,3,0,3,2026-07-15T09:09:19.326492
17,1,3,3,0,3,2026-07-15T09:09:19.921584
17,1,4,3,0,3,2026-07-15T09:09:20.470307
17,1,5,3,0,3,2026-07-15T09:09:21.159963
17,1,6,3,0,3,2026-07-15T09:09:21.748477
17,1,7,3,0,3,2026-07-15T09:09:22.583723
17,1,8,3,0,3,2026-07-15T09:09:23.340913
17,1,9,3,0,3,2026-07-15T09:09:24.159147
17,1,10,3,0,3,2026-07-15T09:09:24.901659
17,2,1,2,0,2,2026-07-15T09:09:25.621572
17,2,2,2,0,2,2026-07-15T09:09:26.139854
17,2,3,2,0,2,2026-07-15T09:09:26.763673
17,2,4,2,0,2,2026-07-15T09:09:27.331395
17,2,5,2,0,2,2026-07-15T09:09:27.867432
17,2,6,2,0,2,2026-07-15T09:09:28.282711
17,2,7,2,0,2,2026-07-15T09:09:28.718169
17,2,8,2,0,2,2026-07-15T09:09:29.276890
17,2,9,2,0,2,2026-07-15T09:09:29.806163
17,2,10,2,0,2,2026-07-15T09:09:30.292620
17,3,1,3,0,3,2026-07-15T09:09:30.949192
17,3,2,3,0,3,2026-07-15T09:09:31.707151
17,3,3,3,0,3,2026-07-15T09:09:32.305053
17,3,4,3,0,3,2026-07-15T09:09:32.877904
17,3,5,3,0,3,2026-07-15T09:09:33.414781
17,3,6,3,0,3,2026-07-15T09:09:33.946956
17,3,7,3,0,3,2026-07-15T09:09:34.650209
17,3,8,3,0,3,2026-07-15T09:09:35.193936
17,3,9,3,0,3,2026-07-15T09:09:37.618388
17,3,10,3,0,3,2026-07-15T09:09:38.390483
17,4,1,0,0,0,2026-07-15T09:09:38.929101
17,4,2,0,0,0,2026-07-15T09:09:39.596933
17,4,3,0,0,0,2026-07-15T09:09:40.160849
17,4,4,0,0,0,2026-07-15T09:09:40.843325
17,4,5,0,0,0,2026-07-15T09:09:41.428876
17,4,6,0,0,0,2026-07-15T09:09:42.048778
17,4,7,0,0,0,2026-07-15T09:09:42.606472
17,4,8,0,0,0,2026-07-15T09:09:43.260713
17,4,9,0,0,0,2026-07-15T09:09:44.074136
17,4,10,0,0,0,2026-07-15T09:09:44.619420
17,5,1,4,0,4,2026-07-15T09:09:45.190361
17,5,2,4,0,4,2026-07-15T09:09:45.735350
17,5,3,4,0,4,2026-07-15T09:09:46.403134
17,5,4,4,0,4,2026-07-15T09:09:46.928854
17,5,5,4,0,4,2026-07-15T09:09:47.772251
17,5,6,4,0,4,2026-07-15T09:09:48.403346
17,5,7,4,0,4,2026-07-15T09:09:48.903842
17,5,8,4,0,4,2026-07-15T09:09:49.556823
17,5,9,4,0,4,2026-07-15T09:09:50.175660
17,5,10,4,0,4,2026-07-15T09:09:50.655966
17,6,1,0,0,0,2026-07-15T09:09:51.184905
17,6,2,0,0,0,2026-07-15T09:09:51.792562
17,6,3,0,0,0,2026-07-15T09:09:52.430246
17,6,4,0,0,0,2026-07-15T09:09:53.019765
17,6,5,0,0,0,2026-07-15T09:09:53.829748
17,6,6,0,0,0,2026-07-15T09:09:54.386116
17,6,7,0,0,0,2026-07-15T09:09:55.239876
17,6,8,0,0,0,2026-07-15T09:09:55.755667
17,6,9,0,0,0,2026-07-15T09:09:56.444786
17,6,10,0,0,0,2026-07-15T09:09:56.942524
17,7,1,5,0,5,2026-07-15T09:09:57.593785
17,7,2,5,0,5,2026-07-15T09:09:58.075378
17,7,3,5,0,5,2026-07-15T09:09:58.525758
17,7,4,5,0,5,2026-07-15T09:09:59.225567
17,7,5,5,0,5,2026-07-15T09:09:59.726377
17,7,6,5,0,5,2026-07-15T09:10:00.334774
17,7,7,5,0,5,2026-07-15T09:10:00.844184
17,7,8,5,0,5,2026-07-15T09:10:01.319041
17,7,9,5,0,5,2026-07-15T09:10:01.782063
17,7,10,5,0,5,2026-07-15T09:10:02.254728
17,8,1,2,0,2,2026-07-15T09:10:02.857943
17,8,2,2,0,2,2026-07-15T09:10:03.393800
17,8,3,2,0,2,2026-07-15T09:10:04.019614
17,8,4,2,0,2,2026-07-15T09:10:04.577326
17,8,5,2,0,2,2026-07-15T09:10:06.411427
17,8,6,2,0,2,2026-07-15T09:10:06.938810
17,8,7,2,0,2,2026-07-15T09:10:07.558725
17,8,8,2,0,2,2026-07-15T09:10:08.191250
17,8,9,2,0,2,2026-07-15T09:10:08.810972
17,8,10,2,0,2,2026-07-15T09:10:09.304126
17,9,1,5,0,5,2026-07-15T09:10:10.128293
17,9,2,5,0,5,2026-07-15T09:10:10.845469
17,9,3,5,0,5,2026-07-15T09:10:11.437785
17,9,4,5,0,5,2026-07-15T09:10:12.155928
17,9,5,5,0,5,2026-07-15T09:10:12.846276
17,9,6,5,0,5,2026-07-15T09:10:14.342985
17,9,7,5,0,5,2026-07-15T09:10:14.876058
17,9,8,5,0,5,2026-07-15T09:10:15.471981
17,9,9,5,0,5,2026-07-15T09:10:16.167464
17,9,10,5,0,5,2026-07-15T09:10:17.083697
18,1,1,4,0,4,2026-07-15T09:10:17.689910
18,1,2,4,0,4,2026-07-15T09:10:18.217289
18,1,3,4,0,4,2026-07-15T09:10:18.827610
18,1,4,4,0,4,2026-07-15T09:10:19.463267
18,1,5,4,0,4,2026-07-15T09:10:20.026582
18,1,6,4,0,4,2026-07-15T09:10:20.550697
18,1,7,4,0,4,2026-07-15T09:10:21.150723
18,1,8,4,0,4,2026-07-15T09:10:21.699269
18,1,9,4,0,4,2026-07-15T09:10:22.286603
18,1,10,4,0,4,2026-07-15T09:10:22.879021
18,2,1,1,0,1,2026-07-15T09:10:23.426624
18,2,2,1,0,1,2026-07-15T09:10:24.040763
18,2,3,1,0,1,2026-07-15T09:10:24.673610
18,2,4,1,0,1,2026-07-15T09:10:25.316905
18,2,5,1,0,1,2026-07-15T09:10:25.946288
18,2,6,1,0,1,2026-07-15T09:10:26.481132
18,2,7,1,0,1,2026-07-15T09:10:27.047845
18,2,8,2,0,2,2026-07-15T09:10:27.555925
18,2,9,1,0,1,2026-07-15T09:10:29.292585
18,2,10,1,0,1,2026-07-15T09:10:29.823109
18,3,1,4,0,4,2026-07-15T09:10:30.557090
18,3,2,3,0,3,2026-07-15T09:10:31.118044
18,3,3,4,0,4,2026-07-15T09:10:32.086067
18,3,4,3,0,3,2026-07-15T09:10:32.710164
18,3,5,3,0,3,2026-07-15T09:10:33.265777
18,3,6,4,0,4,2026-07-15T09:10:33.851937
18,3,7,4,0,4,2026-07-15T09:10:34.359257
18,3,8,3,0,3,2026-07-15T09:10:34.906898
18,3,9,3,0,3,2026-07-15T09:10:38.322261
18,3,10,4,0,4,2026-07-15T09:10:38.807853
18,4,1,0,0,0,2026-07-15T09:10:39.340179
18,4,2,0,0,0,2026-07-15T09:10:39.857860
18,4,3,0,0,0,2026-07-15T09:10:40.418211
18,4,4,0,0,0,2026-07-15T09:10:40.927468
18,4,5,0,0,0,2026-07-15T09:10:41.631818
18,4,6,0,0,0,2026-07-15T09:10:42.255210
18,4,7,0,0,0,2026-07-15T09:10:42.825376
18,4,8,0,0,0,2026-07-15T09:10:43.364450
18,4,9,0,0,0,2026-07-15T09:10:43.924012
18,4,10,0,0,0,2026-07-15T09:10:44.485778
18,5,1,4,0,4,2026-07-15T09:10:45.156776
18,5,2,4,0,4,2026-07-15T09:10:45.846239
18,5,3,4,0,4,2026-07-15T09:10:46.413364
18,5,4,4,0,4,2026-07-15T09:10:47.207669
18,5,5,4,0,4,2026-07-15T09:10:48.073423
18,5,6,4,0,4,2026-07-15T09:10:48.729119
18,5,7,4,0,4,2026-07-15T09:10:49.535768
18,5,8,4,0,4,2026-07-15T09:10:50.198924
18,5,9,4,0,4,2026-07-15T09:10:50.758806
18,5,10,4,0,4,2026-07-15T09:10:51.516827
18,6,1,1,0,1,2026-07-15T09:10:52.093262
18,6,2,2,0,2,2026-07-15T09:10:52.754456
18,6,3,2,0,2,2026-07-15T09:10:53.303297
18,6,4,1,0,1,2026-07-15T09:10:53.886001
18,6,5,1,0,1,2026-07-15T09:10:54.511011
18,6,6,2,0,2,2026-07-15T09:10:55.212325
18,6,7,1,0,1,2026-07-15T09:10:56.070601
18,6,8,2,0,2,2026-07-15T09:10:56.735684
18,6,9,2,0,2,2026-07-15T09:10:57.482172
18,6,10,1,0,1,2026-07-15T09:10:58.366486
18,7,1,5,0,5,2026-07-15T09:10:59.034944
18,7,2,5,0,5,2026-07-15T09:10:59.610090
18,7,3,5,0,5,2026-07-15T09:11:00.171182
18,7,4,5,0,5,2026-07-15T09:11:00.790895
18,7,5,5,0,5,2026-07-15T09:11:01.409550
18,7,6,5,0,5,2026-07-15T09:11:02.080768
18,7,7,5,0,5,2026-07-15T09:11:03.142443
18,7,8,5,0,5,2026-07-15T09:11:03.779402
18,7,9,5,0,5,2026-07-15T09:11:04.302327
18,7,10,5,0,5,2026-07-15T09:11:04.806167
18,8,1,2,0,2,2026-07-15T09:11:05.342020
18,8,2,2,0,2,2026-07-15T09:11:05.858527
18,8,3,2,0,2,2026-07-15T09:11:06.506617
18,8,4,2,0,2,2026-07-15T09:11:07.029861
18,8,5,2,0,2,2026-07-15T09:11:07.673416
18,8,6,2,0,2,2026-07-15T09:11:08.324582
18,8,7,2,0,2,2026-07-15T09:11:08.873052
18,8,8,2,0,2,2026-07-15T09:11:09.524219
18,8,9,2,0,2,2026-07-15T09:11:13.001625
18,8,10,2,0,2,2026-07-15T09:11:13.546011
18,9,1,5,0,5,2026-07-15T09:11:14.119426
18,9,2,5,0,5,2026-07-15T09:11:14.747159
18,9,3,5,0,5,2026-07-15T09:11:15.452560
18,9,4,5,0,5,2026-07-15T09:11:16.162924
18,9,5,5,0,5,2026-07-15T09:11:19.382515
18,9,6,5,0,5,2026-07-15T09:11:19.954898
18,9,7,5,0,5,2026-07-15T09:11:20.785296
18,9,8,5,0,5,2026-07-15T09:11:21.334348
18,9,9,5,0,5,2026-07-15T09:11:21.881581
18,9,10,5,0,5,2026-07-15T09:11:22.397837
19,1,1,4,0,4,2026-07-15T09:11:24.740960
19,1,2,4,0,4,2026-07-15T09:11:25.482228
19,1,3,4,0,4,2026-07-15T09:11:26.210849
19,1,4,4,0,4,2026-07-15T09:11:26.943155
19,1,5,4,0,4,2026-07-15T09:11:27.604252
19,1,6,4,0,4,2026-07-15T09:11:28.283321
19,1,7,4,0,4,2026-07-15T09:11:29.025255
19,1,8,4,0,4,2026-07-15T09:11:29.818807
19,1,9,4,0,4,2026-07-15T09:11:30.599436
19,1,10,4,0,4,2026-07-15T09:11:31.285301
19,2,1,1,0,1,2026-07-15T09:11:31.792121
19,2,2,2,0,2,2026-07-15T09:11:32.344788
19,2,3,2,0,2,2026-07-15T09:11:32.911925
19,2,4,2,0,2,2026-07-15T09:11:33.436880
19,2,5,2,0,2,2026-07-15T09:11:34.037500
19,2,6,1,0,1,2026-07-15T09:11:34.634476
19,2,7,1,0,1,2026-07-15T09:11:35.336775
19,2,8,1,0,1,2026-07-15T09:11:35.890708
19,2,9,1,0,1,2026-07-15T09:11:36.437564
19,2,10,2,0,2,2026-07-15T09:11:36.982551
19,3,1,4,0,4,2026-07-15T09:11:37.678436
19,3,2,4,0,4,2026-07-15T09:11:38.382064
19,3,3,4,0,4,2026-07-15T09:11:38.940278
19,3,4,4,0,4,2026-07-15T09:11:39.477984
19,3,5,4,0,4,2026-07-15T09:11:40.015690
19,3,6,4,0,4,2026-07-15T09:11:40.583267
19,3,7,4,0,4,2026-07-15T09:11:41.136734
19,3,8,4,0,4,2026-07-15T09:11:41.680927
19,3,9,4,0,4,2026-07-15T09:11:42.382606
19,3,10,4,0,4,2026-07-15T09:11:43.053679
19,4,1,1,0,1,2026-07-15T09:11:43.550775
19,4,2,1,0,1,2026-07-15T09:11:44.282346
19,4,3,1,0,1,2026-07-15T09:11:44.844500
19,4,4,1,0,1,2026-07-15T09:11:45.425187
19,4,5,1,0,1,2026-07-15T09:11:46.077165
19,4,6,1,0,1,2026-07-15T09:11:46.837137
19,4,7,1,0,1,2026-07-15T09:11:47.378084
19,4,8,1,0,1,2026-07-15T09:11:48.113670
19,4,9,1,0,1,2026-07-15T09:11:48.792277
19,4,10,1,0,1,2026-07-15T09:11:49.474760
19,5,1,4,0,4,2026-07-15T09:11:50.040591
19,5,2,4,0,4,2026-07-15T09:11:51.448358
19,5,3,4,0,4,2026-07-15T09:11:53.881045
19,5,4,4,0,4,2026-07-15T09:11:54.678782
19,5,5,4,0,4,2026-07-15T09:11:55.545270
19,5,6,4,0,4,2026-07-15T09:11:56.128001
19,5,7,4,0,4,2026-07-15T09:11:56.757014
19,5,8,4,0,4,2026-07-15T09:11:57.582152
19,5,9,4,0,4,2026-07-15T09:11:58.208320
19,5,10,4,0,4,2026-07-15T09:11:58.865889
19,6,1,1,0,1,2026-07-15T09:11:59.339458
19,6,2,1,0,1,2026-07-15T09:11:59.835145
19,6,3,1,0,1,2026-07-15T09:12:00.483806
19,6,4,1,0,1,2026-07-15T09:12:01.218962
19,6,5,1,0,1,2026-07-15T09:12:01.675812
19,6,6,1,0,1,2026-07-15T09:12:02.197437
19,6,7,1,0,1,2026-07-15T09:12:02.689809
19,6,8,1,0,1,2026-07-15T09:12:03.137308
19,6,9,1,0,1,2026-07-15T09:12:03.688059
19,6,10,1,0,1,2026-07-15T09:12:04.366038
19,7,1,4,0,4,2026-07-15T09:12:04.964058
19,7,2,4,0,4,2026-07-15T09:12:08.563456
19,7,3,4,0,4,2026-07-15T09:12:09.311691
19,7,4,4,0,4,2026-07-15T09:12:10.396468
19,7,5,4,0,4,2026-07-15T09:12:10.960659
19,7,6,4,0,4,2026-07-15T09:12:11.563689
19,7,7,4,0,4,2026-07-15T09:12:12.149524
19,7,8,4,0,4,2026-07-15T09:12:12.939770
19,7,9,4,0,4,2026-07-15T09:12:13.776308
19,7,10,4,0,4,2026-07-15T09:12:14.328440
19,8,1,2,0,2,2026-07-15T09:12:15.007694
19,8,2,2,0,2,2026-07-15T09:12:16.088977
19,8,3,2,0,2,2026-07-15T09:12:16.756826
19,8,4,2,0,2,2026-07-15T09:12:17.704663
19,8,5,2,0,2,2026-07-15T09:12:18.375690
19,8,6,2,0,2,2026-07-15T09:12:19.777930
19,8,7,2,0,2,2026-07-15T09:12:20.542188
19,8,8,2,0,2,2026-07-15T09:12:21.240100
19,8,9,2,0,2,2026-07-15T09:12:22.028150
19,8,10,2,0,2,2026-07-15T09:12:22.754104
19,9,1,5,0,5,2026-07-15T09:12:23.330870
19,9,2,5,0,5,2026-07-15T09:12:23.903340
19,9,3,5,0,5,2026-07-15T09:12:24.408821
19,9,4,5,0,5,2026-07-15T09:12:25.168692
19,9,5,5,0,5,2026-07-15T09:12:25.721507
19,9,6,5,0,5,2026-07-15T09:12:26.247543
19,9,7,5,0,5,2026-07-15T09:12:26.831070
19,9,8,5,0,5,2026-07-15T09:12:27.424866
19,9,9,5,0,5,2026-07-15T09:12:28.014284
19,9,10,5,0,5,2026-07-15T09:12:28.538479
20,1,1,2,0,2,2026-07-15T09:12:29.216345
20,1,2,2,0,2,2026-07-15T09:12:29.758582
20,1,3,2,0,2,2026-07-15T09:12:30.258240
20,1,4,2,0,2,2026-07-15T09:12:30.797740
20,1,5,2,0,2,2026-07-15T09:12:31.261413
20,1,6,3,0,3,2026-07-15T09:12:32.406345
20,1,7,2,0,2,2026-07-15T09:12:32.956388
20,1,8,3,0,3,2026-07-15T09:12:33.616102
20,1,9,2,0,2,2026-07-15T09:12:34.197281
20,1,10,2,0,2,2026-07-15T09:12:34.713163
20,2,1,1,0,1,2026-07-15T09:12:35.310423
20,2,2,1,0,1,2026-07-15T09:12:36.078651
20,2,3,1,0,1,2026-07-15T09:12:36.645063
20,2,4,1,0,1,2026-07-15T09:12:37.203252
20,2,5,1,0,1,2026-07-15T09:12:37.947543
20,2,6,1,0,1,2026-07-15T09:12:38.502926
20,2,7,1,0,1,2026-07-15T09:12:39.124033
20,2,8,1,0,1,2026-07-15T09:12:39.665308
20,2,9,1,0,1,2026-07-15T09:12:40.175555
20,2,10,1,0,1,2026-07-15T09:12:44.954753
20,3,1,1,0,1,2026-07-15T09:12:45.702894
20,3,2,1,0,1,2026-07-15T09:12:46.346407
20,3,3,1,0,1,2026-07-15T09:12:47.248305
20,3,4,1,0,1,2026-07-15T09:12:48.550722
20,3,5,1,0,1,2026-07-15T09:12:49.276483
20,3,6,1,0,1,2026-07-15T09:12:49.977365
20,3,7,1,0,1,2026-07-15T09:12:50.705821
20,3,8,1,0,1,2026-07-15T09:12:51.393147
20,3,9,1,0,1,2026-07-15T09:12:52.147503
20,3,10,1,0,1,2026-07-15T09:12:53.404891
20,4,1,0,0,0,2026-07-15T09:12:53.927681
20,4,2,0,0,0,2026-07-15T09:12:54.684519
20,4,3,0,0,0,2026-07-15T09:12:55.403192
20,4,4,0,0,0,2026-07-15T09:12:55.973340
20,4,5,0,0,0,2026-07-15T09:12:56.728849
20,4,6,0,0,0,2026-07-15T09:12:57.321056
20,4,7,0,0,0,2026-07-15T09:12:57.892872
20,4,8,0,0,0,2026-07-15T09:12:58.429049
20,4,9,0,0,0,2026-07-15T09:12:58.942975
20,4,10,0,0,0,2026-07-15T09:12:59.764739
20,5,1,2,0,2,2026-07-15T09:13:00.307135
20,5,2,2,0,2,2026-07-15T09:13:00.906323
20,5,3,2,0,2,2026-07-15T09:13:01.479855
20,5,4,2,0,2,2026-07-15T09:13:02.491732
20,5,5,1,0,1,2026-07-15T09:13:03.085034
20,5,6,2,0,2,2026-07-15T09:13:03.734344
20,5,7,2,0,2,2026-07-15T09:13:04.277529
20,5,8,1,0,1,2026-07-15T09:13:04.866088
20,5,9,1,0,1,2026-07-15T09:13:05.417637
20,5,10,2,0,2,2026-07-15T09:13:06.044225
20,6,1,0,0,0,2026-07-15T09:13:06.636877
20,6,2,0,0,0,2026-07-15T09:13:07.201722
20,6,3,0,0,0,2026-07-15T09:13:07.961358
20,6,4,0,0,0,2026-07-15T09:13:08.575246
20,6,5,0,0,0,2026-07-15T09:13:09.321784
20,6,6,0,0,0,2026-07-15T09:13:09.925594
20,6,7,1,0,1,2026-07-15T09:13:10.841736
20,6,8,0,0,0,2026-07-15T09:13:11.380448
20,6,9,0,0,0,2026-07-15T09:13:11.966573
20,6,10,0,0,0,2026-07-15T09:13:15.676791
20,7,1,2,0,2,2026-07-15T09:13:16.233433
20,7,2,2,0,2,2026-07-15T09:13:16.928116
20,7,3,2,0,2,2026-07-15T09:13:17.551762
20,7,4,2,0,2,2026-07-15T09:13:18.112978
20,7,5,2,0,2,2026-07-15T09:13:18.630997
20,7,6,2,0,2,2026-07-15T09:13:19.218618
20,7,7,2,0,2,2026-07-15T09:13:19.844164
20,7,8,2,0,2,2026-07-15T09:13:20.367983
20,7,9,2,0,2,2026-07-15T09:13:20.914998
20,7,10,2,0,2,2026-07-15T09:13:21.574357
20,8,1,0,0,0,2026-07-15T09:13:22.080244
20,8,2,0,0,0,2026-07-15T09:13:22.695324
20,8,3,0,0,0,2026-07-15T09:13:23.203746
20,8,4,0,0,0,2026-07-15T09:13:23.749525
20,8,5,0,0,0,2026-07-15T09:13:24.528479
20,8,6,0,0,0,2026-07-15T09:13:25.149203
20,8,7,0,0,0,2026-07-15T09:13:25.712144
20,8,8,0,0,0,2026-07-15T09:13:26.545809
20,8,9,0,0,0,2026-07-15T09:13:27.160277
20,8,10,0,0,0,2026-07-15T09:13:27.809008
20,9,1,4,0,4,2026-07-15T09:13:28.524960
20,9,2,4,0,4,2026-07-15T09:13:29.098229
20,9,3,4,0,4,2026-07-15T09:13:29.801145
20,9,4,4,0,4,2026-07-15T09:13:30.456353
20,9,5,4,0,4,2026-07-15T09:13:31.012395
20,9,6,4,0,4,2026-07-15T09:13:31.571263
20,9,7,4,0,4,2026-07-15T09:13:32.177088
20,9,8,4,0,4,2026-07-15T09:13:32.838382
20,9,9,4,0,4,2026-07-15T09:13:33.395706
20,9,10,4,0,4,2026-07-15T09:13:34.060623
21,1,1,3,0,3,2026-07-15T09:13:34.600360
21,1,2,3,0,3,2026-07-15T09:13:35.090202
21,1,3,3,0,3,2026-07-15T09:13:35.707057
21,1,4,3,0,3,2026-07-15T09:13:36.256209
21,1,5,3,0,3,2026-07-15T09:13:36.817591
21,1,6,3,0,3,2026-07-15T09:13:39.693532
21,1,7,3,0,3,2026-07-15T09:13:40.262560
21,1,8,3,0,3,2026-07-15T09:13:40.888497
21,1,9,3,0,3,2026-07-15T09:13:41.493550
21,1,10,3,0,3,2026-07-15T09:13:42.030802
21,2,1,2,0,2,2026-07-15T09:13:42.682187
21,2,2,2,0,2,2026-07-15T09:13:43.312859
21,2,3,2,0,2,2026-07-15T09:13:43.825142
21,2,4,2,0,2,2026-07-15T09:13:44.402976
21,2,5,2,0,2,2026-07-15T09:13:44.976227
21,2,6,2,0,2,2026-07-15T09:13:45.512783
21,2,7,2,0,2,2026-07-15T09:13:46.085483
21,2,8,2,0,2,2026-07-15T09:13:46.560933
21,2,9,2,0,2,2026-07-15T09:13:47.291778
21,2,10,2,0,2,2026-07-15T09:13:47.866237
21,3,1,3,0,3,2026-07-15T09:13:48.675055
21,3,2,3,0,3,2026-07-15T09:13:49.290970
21,3,3,3,0,3,2026-07-15T09:13:49.942648
21,3,4,3,0,3,2026-07-15T09:13:50.541974
21,3,5,3,0,3,2026-07-15T09:13:51.231263
21,3,6,3,0,3,2026-07-15T09:13:51.861990
21,3,7,3,0,3,2026-07-15T09:13:52.509344
21,3,8,3,0,3,2026-07-15T09:13:53.083833
21,3,9,3,0,3,2026-07-15T09:13:53.610613
21,3,10,3,0,3,2026-07-15T09:13:54.212071
21,4,1,2,0,2,2026-07-15T09:13:54.951153
21,4,2,1,0,1,2026-07-15T09:13:55.594953
21,4,3,1,0,1,2026-07-15T09:13:56.414835
21,4,4,2,0,2,2026-07-15T09:13:57.139922
21,4,5,2,0,2,2026-07-15T09:13:57.748778
21,4,6,2,0,2,2026-07-15T09:13:58.463563
21,4,7,2,0,2,2026-07-15T09:13:59.015441
21,4,8,1,0,1,2026-07-15T09:14:03.670407
21,4,9,2,0,2,2026-07-15T09:14:04.236894
21,4,10,1,0,1,2026-07-15T09:14:05.192544
21,5,1,3,0,3,2026-07-15T09:14:05.707752
21,5,2,3,0,3,2026-07-15T09:14:06.284029
21,5,3,4,0,4,2026-07-15T09:14:07.216060
21,5,4,4,0,4,2026-07-15T09:14:09.047201
21,5,5,4,0,4,2026-07-15T09:14:09.759670
21,5,6,4,0,4,2026-07-15T09:14:10.279102
21,5,7,4,0,4,2026-07-15T09:14:10.855465
21,5,8,4,0,4,2026-07-15T09:14:11.767613
21,5,9,4,0,4,2026-07-15T09:14:12.523197
21,5,10,4,0,4,2026-07-15T09:14:13.024974
21,6,1,2,0,2,2026-07-15T09:14:14.366408
21,6,2,1,0,1,2026-07-15T09:14:15.058785
21,6,3,2,0,2,2026-07-15T09:14:15.742577
21,6,4,1,0,1,2026-07-15T09:14:16.425255
21,6,5,2,0,2,2026-07-15T09:14:17.097168
21,6,6,1,0,1,2026-07-15T09:14:17.764806
21,6,7,2,0,2,2026-07-15T09:14:18.462604
21,6,8,1,0,1,2026-07-15T09:14:19.122572
21,6,9,1,0,1,2026-07-15T09:14:19.845394
21,6,10,1,0,1,2026-07-15T09:14:20.577926
21,7,1,4,0,4,2026-07-15T09:14:21.351826
21,7,2,4,0,4,2026-07-15T09:14:21.828001
21,7,3,4,0,4,2026-07-15T09:14:22.501082
21,7,4,4,0,4,2026-07-15T09:14:22.979129
21,7,5,4,0,4,2026-07-15T09:14:23.373208
21,7,6,4,0,4,2026-07-15T09:14:23.969753
21,7,7,4,0,4,2026-07-15T09:14:24.586131
21,7,8,4,0,4,2026-07-15T09:14:25.053372
21,7,9,4,0,4,2026-07-15T09:14:25.503739
21,7,10,4,0,4,2026-07-15T09:14:25.987582
21,8,1,2,0,2,2026-07-15T09:14:26.469403
21,8,2,2,0,2,2026-07-15T09:14:26.915007
21,8,3,2,0,2,2026-07-15T09:14:27.807667
21,8,4,2,0,2,2026-07-15T09:14:28.484267
21,8,5,2,0,2,2026-07-15T09:14:29.029477
21,8,6,2,0,2,2026-07-15T09:14:29.528991
21,8,7,2,0,2,2026-07-15T09:14:30.134784
21,8,8,2,0,2,2026-07-15T09:14:30.708433
21,8,9,2,0,2,2026-07-15T09:14:31.572713
21,8,10,2,0,2,2026-07-15T09:14:32.155854
21,9,1,4,0,4,2026-07-15T09:14:32.689733
21,9,2,4,0,4,2026-07-15T09:14:33.286929
21,9,3,4,0,4,2026-07-15T09:14:33.928035
21,9,4,4,0,4,2026-07-15T09:14:34.541740
21,9,5,4,0,4,2026-07-15T09:14:35.087058
21,9,6,4,0,4,2026-07-15T09:14:35.660426
21,9,7,4,0,4,2026-07-15T09:14:36.213533
21,9,8,4,0,4,2026-07-15T09:14:39.868292
21,9,9,4,0,4,2026-07-15T09:14:40.448999
21,9,10,4,0,4,2026-07-15T09:14:41.167041
22,1,1,3,0,3,2026-07-15T09:14:41.716673
22,1,2,3,0,3,2026-07-15T09:14:42.425972
22,1,3,3,0,3,2026-07-15T09:14:43.037619
22,1,4,3,0,3,2026-07-15T09:14:43.691905
22,1,5,3,0,3,2026-07-15T09:14:44.299713
22,1,6,3,0,3,2026-07-15T09:14:45.092770
22,1,7,3,0,3,2026-07-15T09:14:45.717566
22,1,8,3,0,3,2026-07-15T09:14:46.280573
22,1,9,3,0,3,2026-07-15T09:14:46.839944
22,1,10,3,0,3,2026-07-15T09:14:47.377657
22,2,1,1,0,1,2026-07-15T09:14:48.091467
22,2,2,1,0,1,2026-07-15T09:14:48.673230
22,2,3,1,0,1,2026-07-15T09:14:49.581174
22,2,4,1,0,1,2026-07-15T09:14:50.276857
22,2,5,1,0,1,2026-07-15T09:14:50.704086
22,2,6,1,0,1,2026-07-15T09:14:51.379171
22,2,7,2,0,2,2026-07-15T09:14:51.831585
22,2,8,1,0,1,2026-07-15T09:14:52.327617
22,2,9,1,0,1,2026-07-15T09:14:52.968720
22,2,10,1,0,1,2026-07-15T09:14:53.456736
22,3,1,3,0,3,2026-07-15T09:14:54.164508
22,3,2,3,0,3,2026-07-15T09:14:54.955034
22,3,3,2,0,2,2026-07-15T09:14:55.615061
22,3,4,3,0,3,2026-07-15T09:14:56.588289
22,3,5,3,0,3,2026-07-15T09:14:57.250709
22,3,6,3,0,3,2026-07-15T09:14:57.882853
22,3,7,3,0,3,2026-07-15T09:14:58.960889
22,3,8,3,0,3,2026-07-15T09:14:59.578262
22,3,9,2,0,2,2026-07-15T09:15:00.248828
22,3,10,3,0,3,2026-07-15T09:15:01.007368
22,4,1,0,0,0,2026-07-15T09:15:01.824926
22,4,2,0,0,0,2026-07-15T09:15:02.493701
22,4,3,0,0,0,2026-07-15T09:15:03.180317
22,4,4,0,0,0,2026-07-15T09:15:03.998588
22,4,5,0,0,0,2026-07-15T09:15:06.514711
22,4,6,0,0,0,2026-07-15T09:15:07.201609
22,4,7,0,0,0,2026-07-15T09:15:07.842235
22,4,8,0,0,0,2026-07-15T09:15:08.603294
22,4,9,0,0,0,2026-07-15T09:15:09.329918
22,4,10,0,0,0,2026-07-15T09:15:10.041276
22,5,1,3,0,3,2026-07-15T09:15:10.576222
22,5,2,3,0,3,2026-07-15T09:15:11.039302
22,5,3,3,0,3,2026-07-15T09:15:11.515746
22,5,4,3,0,3,2026-07-15T09:15:11.953866
22,5,5,2,0,2,2026-07-15T09:15:12.443675
22,5,6,3,0,3,2026-07-15T09:15:12.957073
22,5,7,2,0,2,2026-07-15T09:15:13.470019
22,5,8,2,0,2,2026-07-15T09:15:14.018326
22,5,9,3,0,3,2026-07-15T09:15:14.464036
22,5,10,2,0,2,2026-07-15T09:15:15.032875
22,6,1,0,0,0,2026-07-15T09:15:15.639671
22,6,2,0,0,0,2026-07-15T09:15:16.270443
22,6,3,0,0,0,2026-07-15T09:15:16.935744
22,6,4,0,0,0,2026-07-15T09:15:17.468668
22,6,5,0,0,0,2026-07-15T09:15:18.062828
22,6,6,0,0,0,2026-07-15T09:15:18.694059
22,6,7,0,0,0,2026-07-15T09:15:19.320443
22,6,8,0,0,0,2026-07-15T09:15:20.058759
22,6,9,0,0,0,2026-07-15T09:15:20.575399
22,6,10,0,0,0,2026-07-15T09:15:21.419727
22,7,1,4,0,4,2026-07-15T09:15:22.048324
22,7,2,4,0,4,2026-07-15T09:15:22.871098
22,7,3,4,0,4,2026-07-15T09:15:23.457097
22,7,4,4,0,4,2026-07-15T09:15:23.962409
22,7,5,4,0,4,2026-07-15T09:15:24.568525
22,7,6,4,0,4,2026-07-15T09:15:25.157405
22,7,7,4,0,4,2026-07-15T09:15:25.819533
22,7,8,4,0,4,2026-07-15T09:15:26.357341
22,7,9,4,0,4,2026-07-15T09:15:26.937528
22,7,10,4,0,4,2026-07-15T09:15:27.692459
22,8,1,2,0,2,2026-07-15T09:15:28.749859
22,8,2,2,0,2,2026-07-15T09:15:29.313972
22,8,3,2,0,2,2026-07-15T09:15:29.862527
22,8,4,2,0,2,2026-07-15T09:15:31.032335
22,8,5,2,0,2,2026-07-15T09:15:31.730559
22,8,6,2,0,2,2026-07-15T09:15:32.326810
22,8,7,2,0,2,2026-07-15T09:15:32.927278
22,8,8,2,0,2,2026-07-15T09:15:33.504025
22,8,9,2,0,2,2026-07-15T09:15:34.038078
22,8,10,2,0,2,2026-07-15T09:15:34.616870
22,9,1,4,0,4,2026-07-15T09:15:35.319879
22,9,2,4,0,4,2026-07-15T09:15:36.109255
22,9,3,4,0,4,2026-07-15T09:15:36.789746
22,9,4,4,0,4,2026-07-15T09:15:37.665343
22,9,5,4,0,4,2026-07-15T09:15:38.422243
22,9,6,4,0,4,2026-07-15T09:15:39.072372
22,9,7,4,0,4,2026-07-15T09:15:39.939274
22,9,8,4,0,4,2026-07-15T09:15:40.645035
22,9,9,4,0,4,2026-07-15T09:15:41.272995
22,9,10,4,0,4,2026-07-15T09:15:41.973815
23,1,1,3,0,3,2026-07-15T09:15:42.866493
23,1,2,3,0,3,2026-07-15T09:15:43.627861
23,1,3,3,0,3,2026-07-15T09:15:45.459321
23,1,4,3,0,3,2026-07-15T09:15:46.082335
23,1,5,3,0,3,2026-07-15T09:15:46.719652
23,1,6,3,0,3,2026-07-15T09:15:47.414345
23,1,7,3,0,3,2026-07-15T09:15:48.070701
23,1,8,3,0,3,2026-07-15T09:15:48.727762
23,1,9,3,0,3,2026-07-15T09:15:49.446060
23,1,10,3,0,3,2026-07-15T09:15:50.220928
23,2,1,2,0,2,2026-07-15T09:15:50.737292
23,2,2,2,0,2,2026-07-15T09:15:51.329836
23,2,3,2,0,2,2026-07-15T09:15:51.999837
23,2,4,2,0,2,2026-07-15T09:15:52.551429
23,2,5,2,0,2,2026-07-15T09:15:53.084393
23,2,6,2,0,2,2026-07-15T09:15:53.617856
23,2,7,2,0,2,2026-07-15T09:15:54.209407
23,2,8,2,0,2,2026-07-15T09:15:54.874205
23,2,9,2,0,2,2026-07-15T09:15:55.432987
23,2,10,2,0,2,2026-07-15T09:15:55.941786
23,3,1,2,0,2,2026-07-15T09:15:56.619119
23,3,2,2,0,2,2026-07-15T09:15:59.765852
23,3,3,2,0,2,2026-07-15T09:16:00.532669
23,3,4,2,0,2,2026-07-15T09:16:01.147492
23,3,5,2,0,2,2026-07-15T09:16:01.707547
23,3,6,2,0,2,2026-07-15T09:16:02.214544
23,3,7,2,0,2,2026-07-15T09:16:02.960364
23,3,8,2,0,2,2026-07-15T09:16:03.498355
23,3,9,2,0,2,2026-07-15T09:16:04.046907
23,3,10,2,0,2,2026-07-15T09:16:04.719916
23,4,1,1,0,1,2026-07-15T09:16:05.386609
23,4,2,1,0,1,2026-07-15T09:16:06.016092
23,4,3,1,0,1,2026-07-15T09:16:06.583966
23,4,4,1,0,1,2026-07-15T09:16:07.131581
23,4,5,1,0,1,2026-07-15T09:16:07.697885
23,4,6,1,0,1,2026-07-15T09:16:08.296356
23,4,7,1,0,1,2026-07-15T09:16:08.832113
23,4,8,1,0,1,2026-07-15T09:16:09.468294
23,4,9,1,0,1,2026-07-15T09:16:11.943280
23,4,10,1,0,1,2026-07-15T09:16:14.615778
23,5,1,3,0,3,2026-07-15T09:16:15.178295
23,5,2,3,0,3,2026-07-15T09:16:17.062791
23,5,3,3,0,3,2026-07-15T09:16:17.693213
23,5,4,3,0,3,2026-07-15T09:16:18.303121
23,5,5,3,0,3,2026-07-15T09:16:18.905941
23,5,6,3,0,3,2026-07-15T09:16:20.665213
23,5,7,3,0,3,2026-07-15T09:16:21.252577
23,5,8,3,0,3,2026-07-15T09:16:21.820040
23,5,9,3,0,3,2026-07-15T09:16:22.535628
23,5,10,3,0,3,2026-07-15T09:16:23.079470
23,6,1,1,0,1,2026-07-15T09:16:23.603694
23,6,2,1,0,1,2026-07-15T09:16:24.243293
23,6,3,1,0,1,2026-07-15T09:16:24.905689
23,6,4,1,0,1,2026-07-15T09:16:25.561038
23,6,5,1,0,1,2026-07-15T09:16:26.161798
23,6,6,1,0,1,2026-07-15T09:16:26.830928
23,6,7,1,0,1,2026-07-15T09:16:27.475809
23,6,8,1,0,1,2026-07-15T09:16:28.193063
23,6,9,1,0,1,2026-07-15T09:16:28.783900
23,6,10,1,0,1,2026-07-15T09:16:29.325436
23,7,1,4,0,4,2026-07-15T09:16:29.936298
23,7,2,4,0,4,2026-07-15T09:16:30.612128
23,7,3,4,0,4,2026-07-15T09:16:31.324798
23,7,4,4,0,4,2026-07-15T09:16:31.965020
23,7,5,4,0,4,2026-07-15T09:16:34.078262
23,7,6,4,0,4,2026-07-15T09:16:34.765063
23,7,7,4,0,4,2026-07-15T09:16:35.377390
23,7,8,4,0,4,2026-07-15T09:16:38.037731
23,7,9,4,0,4,2026-07-15T09:16:38.596898
23,7,10,4,0,4,2026-07-15T09:16:39.198799
23,8,1,2,0,2,2026-07-15T09:16:39.897882
23,8,2,2,0,2,2026-07-15T09:16:40.340456
23,8,3,2,0,2,2026-07-15T09:16:40.848596
23,8,4,2,0,2,2026-07-15T09:16:41.510353
23,8,5,2,0,2,2026-07-15T09:16:42.225089
23,8,6,2,0,2,2026-07-15T09:16:42.706482
23,8,7,2,0,2,2026-07-15T09:16:43.207546
23,8,8,2,0,2,2026-07-15T09:16:43.814495
23,8,9,2,0,2,2026-07-15T09:16:44.479056
23,8,10,2,0,2,2026-07-15T09:16:44.993142
23,9,1,4,0,4,2026-07-15T09:16:45.697616
23,9,2,4,0,4,2026-07-15T09:16:46.283091
23,9,3,4,0,4,2026-07-15T09:16:46.768386
23,9,4,4,0,4,2026-07-15T09:16:47.299631
23,9,5,4,0,4,2026-07-15T09:16:48.212991
23,9,6,4,0,4,2026-07-15T09:16:48.839869
23,9,7,4,0,4,2026-07-15T09:16:49.563644
23,9,8,4,0,4,2026-07-15T09:16:50.095386
23,9,9,4,0,4,2026-07-15T09:16:50.661633
23,9,10,4,0,4,2026-07-15T09:16:51.218459
24,1,1,4,0,4,2026-07-15T09:16:52.034891
24,1,2,4,0,4,2026-07-15T09:16:52.629198
24,1,3,4,0,4,2026-07-15T09:16:53.096267
24,1,4,4,0,4,2026-07-15T09:16:53.587142
24,1,5,4,0,4,2026-07-15T09:16:54.117199
24,1,6,4,0,4,2026-07-15T09:16:54.617857
24,1,7,4,0,4,2026-07-15T09:16:55.161669
24,1,8,4,0,4,2026-07-15T09:16:55.657100
24,1,9,4,0,4,2026-07-15T09:16:56.191773
24,1,10,4,0,4,2026-07-15T09:16:56.713647
24,2,1,2,0,2,2026-07-15T09:16:57.488553
24,2,2,2,0,2,2026-07-15T09:16:58.183502
24,2,3,2,0,2,2026-07-15T09:16:58.737686
24,2,4,2,0,2,2026-07-15T09:16:59.338461
24,2,5,2,0,2,2026-07-15T09:16:59.921035
24,2,6,2,0,2,2026-07-15T09:17:00.507162
24,2,7,2,0,2,2026-07-15T09:17:01.172858
24,2,8,2,0,2,2026-07-15T09:17:01.832640
24,2,9,2,0,2,2026-07-15T09:17:02.689151
24,2,10,2,0,2,2026-07-15T09:17:03.242505
24,3,1,3,0,3,2026-07-15T09:17:03.911684
24,3,2,3,0,3,2026-07-15T09:17:04.679088
24,3,3,3,0,3,2026-07-15T09:17:05.344157
24,3,4,3,0,3,2026-07-15T09:17:06.064890
24,3,5,3,0,3,2026-07-15T09:17:06.726791
24,3,6,3,0,3,2026-07-15T09:17:07.415096
24,3,7,3,0,3,2026-07-15T09:17:08.368684
24,3,8,3,0,3,2026-07-15T09:17:09.130661
24,3,9,3,0,3,2026-07-15T09:17:09.813226
24,3,10,3,0,3,2026-07-15T09:17:10.464320
24,4,1,0,0,0,2026-07-15T09:17:11.038602
24,4,2,0,0,0,2026-07-15T09:17:11.545379
24,4,3,0,0,0,2026-07-15T09:17:12.049328
24,4,4,0,0,0,2026-07-15T09:17:12.572097
24,4,5,0,0,0,2026-07-15T09:17:13.077767
24,4,6,0,0,0,2026-07-15T09:17:13.601119
24,4,7,0,0,0,2026-07-15T09:17:14.252756
24,4,8,0,0,0,2026-07-15T09:17:14.813521
24,4,9,0,0,0,2026-07-15T09:17:15.360890
24,4,10,0,0,0,2026-07-15T09:17:16.133141
24,5,1,2,0,2,2026-07-15T09:17:16.814598
24,5,2,3,0,3,2026-07-15T09:17:17.584949
24,5,3,2,0,2,2026-07-15T09:17:18.325818
24,5,4,2,0,2,2026-07-15T09:17:19.079140
24,5,5,3,0,3,2026-07-15T09:17:19.796898
24,5,6,2,0,2,2026-07-15T09:17:20.455276
24,5,7,2,0,2,2026-07-15T09:17:21.200661
24,5,8,2,0,2,2026-07-15T09:17:21.881828
24,5,9,3,0,3,2026-07-15T09:17:22.568888
24,5,10,3,0,3,2026-07-15T09:17:23.371859
24,6,1,1,0,1,2026-07-15T09:17:23.975101
24,6,2,1,0,1,2026-07-15T09:17:24.754224
24,6,3,1,0,1,2026-07-15T09:17:25.502678
24,6,4,1,0,1,2026-07-15T09:17:26.100840
24,6,5,1,0,1,2026-07-15T09:17:26.644475
24,6,6,1,0,1,2026-07-15T09:17:27.235661
24,6,7,1,0,1,2026-07-15T09:17:27.918474
24,6,8,1,0,1,2026-07-15T09:17:28.672776
24,6,9,1,0,1,2026-07-15T09:17:29.235841
24,6,10,1,0,1,2026-07-15T09:17:29.868230
24,7,1,4,0,4,2026-07-15T09:17:30.667601
24,7,2,4,0,4,2026-07-15T09:17:31.253353
24,7,3,4,0,4,2026-07-15T09:17:32.046533
24,7,4,4,0,4,2026-07-15T09:17:32.636422
24,7,5,5,0,5,2026-07-15T09:17:33.300860
24,7,6,4,0,4,2026-07-15T09:17:33.891036
24,7,7,5,0,5,2026-07-15T09:17:34.686794
24,7,8,4,0,4,2026-07-15T09:17:35.206766
24,7,9,4,0,4,2026-07-15T09:17:35.860653
24,7,10,4,0,4,2026-07-15T09:17:36.639549
24,8,1,1,0,1,2026-07-15T09:17:37.154391
24,8,2,2,0,2,2026-07-15T09:17:37.709314
24,8,3,2,0,2,2026-07-15T09:17:38.299884
24,8,4,1,0,1,2026-07-15T09:17:38.883463
24,8,5,2,0,2,2026-07-15T09:17:39.412210
24,8,6,2,0,2,2026-07-15T09:17:40.185493
24,8,7,2,0,2,2026-07-15T09:17:41.754547
24,8,8,2,0,2,2026-07-15T09:17:42.393413
24,8,9,2,0,2,2026-07-15T09:17:42.999463
24,8,10,1,0,1,2026-07-15T09:17:43.575696
24,9,1,5,0,5,2026-07-15T09:17:44.309565
24,9,2,5,0,5,2026-07-15T09:17:45.090753
24,9,3,5,0,5,2026-07-15T09:17:46.121435
24,9,4,5,0,5,2026-07-15T09:17:46.793062
24,9,5,5,0,5,2026-07-15T09:17:47.665138
24,9,6,5,0,5,2026-07-15T09:17:48.429559
24,9,7,5,0,5,2026-07-15T09:17:49.360295
24,9,8,5,0,5,2026-07-15T09:17:50.686011
24,9,9,5,0,5,2026-07-15T09:17:52.550933
24,9,10,5,0,5,2026-07-15T09:17:53.803629
25,1,1,4,0,4,2026-07-15T09:17:55.570079
25,1,2,4,0,4,2026-07-15T09:17:56.405343
25,1,3,4,0,4,2026-07-15T09:17:57.183557
25,1,4,4,0,4,2026-07-15T09:17:57.806665
25,1,5,4,0,4,2026-07-15T09:17:58.444797
25,1,6,4,0,4,2026-07-15T09:17:59.425216
25,1,7,4,0,4,2026-07-15T09:17:59.959448
25,1,8,4,0,4,2026-07-15T09:18:00.600241
25,1,9,4,0,4,2026-07-15T09:18:01.391847
25,1,10,4,0,4,2026-07-15T09:18:02.051530
25,2,1,0,0,0,2026-07-15T09:18:03.254025
25,2,2,0,0,0,2026-07-15T09:18:03.819028
25,2,3,0,0,0,2026-07-15T09:18:04.351641
25,2,4,0,0,0,2026-07-15T09:18:04.871722
25,2,5,0,0,0,2026-07-15T09:18:05.419285
25,2,6,0,0,0,2026-07-15T09:18:06.076960
25,2,7,0,0,0,2026-07-15T09:18:06.804647
25,2,8,0,0,0,2026-07-15T09:18:07.757638
25,2,9,0,0,0,2026-07-15T09:18:08.408871
25,2,10,0,0,0,2026-07-15T09:18:09.017560
25,3,1,2,0,2,2026-07-15T09:18:09.616637
25,3,2,2,0,2,2026-07-15T09:18:10.224021
25,3,3,2,0,2,2026-07-15T09:18:10.859255
25,3,4,2,0,2,2026-07-15T09:18:11.445432
25,3,5,2,0,2,2026-07-15T09:18:12.059126
25,3,6,2,0,2,2026-07-15T09:18:12.705275
25,3,7,2,0,2,2026-07-15T09:18:13.279592
25,3,8,2,0,2,2026-07-15T09:18:13.825486
25,3,9,2,0,2,2026-07-15T09:18:14.514974
25,3,10,1,0,1,2026-07-15T09:18:15.105304
25,4,1,0,0,0,2026-07-15T09:18:15.686681
25,4,2,0,0,0,2026-07-15T09:18:16.285491
25,4,3,0,0,0,2026-07-15T09:18:17.026652
25,4,4,0,0,0,2026-07-15T09:18:17.795098
25,4,5,0,0,0,2026-07-15T09:18:18.380308
25,4,6,0,0,0,2026-07-15T09:18:18.979075
25,4,7,0,0,0,2026-07-15T09:18:19.533240
25,4,8,0,0,0,2026-07-15T09:18:20.093737
25,4,9,0,0,0,2026-07-15T09:18:20.641986
25,4,10,0,0,0,2026-07-15T09:18:21.257843
25,5,1,2,0,2,2026-07-15T09:18:22.193233
25,5,2,2,0,2,2026-07-15T09:18:22.763535
25,5,3,2,0,2,2026-07-15T09:18:23.357431
25,5,4,2,0,2,2026-07-15T09:18:23.936755
25,5,5,2,0,2,2026-07-15T09:18:24.661680
25,5,6,2,0,2,2026-07-15T09:18:25.363834
25,5,7,2,0,2,2026-07-15T09:18:26.515268
25,5,8,2,0,2,2026-07-15T09:18:27.069554
25,5,9,2,0,2,2026-07-15T09:18:27.650780
25,5,10,2,0,2,2026-07-15T09:18:28.196333
25,6,1,1,0,1,2026-07-15T09:18:28.737198
25,6,2,1,0,1,2026-07-15T09:18:29.269253
25,6,3,1,0,1,2026-07-15T09:18:29.759254
25,6,4,1,0,1,2026-07-15T09:18:30.289086
25,6,5,1,0,1,2026-07-15T09:18:30.774120
25,6,6,1,0,1,2026-07-15T09:18:31.211249
25,6,7,1,0,1,2026-07-15T09:18:31.695813
25,6,8,1,0,1,2026-07-15T09:18:32.150245
25,6,9,1,0,1,2026-07-15T09:18:32.914444
25,6,10,1,0,1,2026-07-15T09:18:33.411363
25,7,1,4,0,4,2026-07-15T09:18:34.091647
25,7,2,5,0,5,2026-07-15T09:18:34.609788
25,7,3,4,0,4,2026-07-15T09:18:35.266545
25,7,4,5,0,5,2026-07-15T09:18:35.814452
25,7,5,4,0,4,2026-07-15T09:18:36.315273
25,7,6,5,0,5,2026-07-15T09:18:36.957028
25,7,7,5,0,5,2026-07-15T09:18:37.488102
25,7,8,4,0,4,2026-07-15T09:18:38.199290
25,7,9,5,0,5,2026-07-15T09:18:38.916209
25,7,10,5,0,5,2026-07-15T09:18:39.429048
25,8,1,0,0,0,2026-07-15T09:18:40.010837
25,8,2,0,0,0,2026-07-15T09:18:40.812800
25,8,3,0,0,0,2026-07-15T09:18:41.367421
25,8,4,0,0,0,2026-07-15T09:18:42.182246
25,8,5,0,0,0,2026-07-15T09:18:42.646772
25,8,6,0,0,0,2026-07-15T09:18:43.186992
25,8,7,0,0,0,2026-07-15T09:18:43.722516
25,8,8,0,0,0,2026-07-15T09:18:44.403076
25,8,9,0,0,0,2026-07-15T09:18:45.012503
25,8,10,0,0,0,2026-07-15T09:18:45.597443
25,9,1,5,0,5,2026-07-15T09:18:46.189327
25,9,2,5,0,5,2026-07-15T09:18:46.772286
25,9,3,5,0,5,2026-07-15T09:18:47.488691
25,9,4,5,0,5,2026-07-15T09:18:48.004474
25,9,5,4,0,4,2026-07-15T09:18:48.533718
25,9,6,5,0,5,2026-07-15T09:18:49.174193
25,9,7,5,0,5,2026-07-15T09:18:49.761948
25,9,8,5,0,5,2026-07-15T09:18:50.373773
25,9,9,5,0,5,2026-07-15T09:18:51.037612
25,9,10,5,0,5,2026-07-15T09:18:51.615159
26,1,1,4,0,4,2026-07-15T09:18:52.174761
26,1,2,4,0,4,2026-07-15T09:18:52.713983
26,1,3,4,0,4,2026-07-15T09:18:53.253210
26,1,4,4,0,4,2026-07-15T09:18:53.722015
26,1,5,4,0,4,2026-07-15T09:18:54.491790
26,1,6,4,0,4,2026-07-15T09:18:55.008726
26,1,7,4,0,4,2026-07-15T09:18:55.512864
26,1,8,4,0,4,2026-07-15T09:18:56.138029
26,1,9,4,0,4,2026-07-15T09:18:56.676269
26,1,10,4,0,4,2026-07-15T09:18:57.150254
26,2,1,2,0,2,2026-07-15T09:18:57.626563
26,2,2,2,0,2,2026-07-15T09:18:58.107651
26,2,3,2,0,2,2026-07-15T09:19:01.300595
26,2,4,2,0,2,2026-07-15T09:19:02.161680
26,2,5,2,0,2,2026-07-15T09:19:02.712866
26,2,6,2,0,2,2026-07-15T09:19:03.218826
26,2,7,2,0,2,2026-07-15T09:19:03.753441
26,2,8,2,0,2,2026-07-15T09:19:04.314394
26,2,9,2,0,2,2026-07-15T09:19:05.519445
26,2,10,2,0,2,2026-07-15T09:19:06.072225
26,3,1,2,0,2,2026-07-15T09:19:06.631162
26,3,2,3,0,3,2026-07-15T09:19:07.404884
26,3,3,2,0,2,2026-07-15T09:19:09.059858
26,3,4,3,0,3,2026-07-15T09:19:09.642570
26,3,5,3,0,3,2026-07-15T09:19:10.125220
26,3,6,3,0,3,2026-07-15T09:19:10.618027
26,3,7,3,0,3,2026-07-15T09:19:11.131286
26,3,8,3,0,3,2026-07-15T09:19:11.837474
26,3,9,2,0,2,2026-07-15T09:19:12.387565
26,3,10,3,0,3,2026-07-15T09:19:13.105059
26,4,1,0,0,0,2026-07-15T09:19:13.619034
26,4,2,0,0,0,2026-07-15T09:19:14.190196
26,4,3,0,0,0,2026-07-15T09:19:14.664509
26,4,4,0,0,0,2026-07-15T09:19:15.186314
26,4,5,0,0,0,2026-07-15T09:19:15.679177
26,4,6,0,0,0,2026-07-15T09:19:16.204185
26,4,7,0,0,0,2026-07-15T09:19:16.839945
26,4,8,0,0,0,2026-07-15T09:19:17.348798
26,4,9,2,0,2,2026-07-15T09:19:18.061135
26,4,10,2,0,2,2026-07-15T09:19:18.547787
26,5,1,3,0,3,2026-07-15T09:19:19.261414
26,5,2,3,0,3,2026-07-15T09:19:20.201446
26,5,3,3,0,3,2026-07-15T09:19:20.947317
26,5,4,3,0,3,2026-07-15T09:19:21.804716
26,5,5,3,0,3,2026-07-15T09:19:22.446148
26,5,6,3,0,3,2026-07-15T09:19:23.204702
26,5,7,3,0,3,2026-07-15T09:19:23.858671
26,5,8,3,0,3,2026-07-15T09:19:24.571846
26,5,9,3,0,3,2026-07-15T09:19:25.157485
26,5,10,3,0,3,2026-07-15T09:19:25.935993
26,6,1,0,0,0,2026-07-15T09:19:26.602476
26,6,2,0,0,0,2026-07-15T09:19:27.316580
26,6,3,0,0,0,2026-07-15T09:19:28.100526
26,6,4,0,0,0,2026-07-15T09:19:29.008746
26,6,5,2,0,2,2026-07-15T09:19:29.709181
26,6,6,0,0,0,2026-07-15T09:19:30.401874
26,6,7,0,0,0,2026-07-15T09:19:31.453510
26,6,8,0,0,0,2026-07-15T09:19:32.212953
26,6,9,0,0,0,2026-07-15T09:19:32.926521
26,6,10,0,0,0,2026-07-15T09:19:33.595100
26,7,1,4,0,4,2026-07-15T09:19:34.320996
26,7,2,4,0,4,2026-07-15T09:19:34.852207
26,7,3,4,0,4,2026-07-15T09:19:35.451669
26,7,4,4,0,4,2026-07-15T09:19:36.084916
26,7,5,4,0,4,2026-07-15T09:19:36.661015
26,7,6,4,0,4,2026-07-15T09:19:37.155276
26,7,7,4,0,4,2026-07-15T09:19:37.740300
26,7,8,4,0,4,2026-07-15T09:19:38.389452
26,7,9,4,0,4,2026-07-15T09:19:39.041181
26,7,10,4,0,4,2026-07-15T09:19:39.556074
26,8,1,2,0,2,2026-07-15T09:19:40.031178
26,8,2,2,0,2,2026-07-15T09:19:40.614683
26,8,3,2,0,2,2026-07-15T09:19:41.148175
26,8,4,2,0,2,2026-07-15T09:19:41.768496
26,8,5,0,0,0,2026-07-15T09:19:42.262967
26,8,6,2,0,2,2026-07-15T09:19:43.362532
26,8,7,2,0,2,2026-07-15T09:19:43.930026
26,8,8,2,0,2,2026-07-15T09:19:44.410372
26,8,9,2,0,2,2026-07-15T09:19:45.035652
26,8,10,2,0,2,2026-07-15T09:19:45.623372
26,9,1,5,0,5,2026-07-15T09:19:46.258841
26,9,2,5,0,5,2026-07-15T09:19:46.915270
26,9,3,5,0,5,2026-07-15T09:19:47.745388
26,9,4,4,0,4,2026-07-15T09:19:48.389174
26,9,5,4,0,4,2026-07-15T09:19:49.062652
26,9,6,5,0,5,2026-07-15T09:19:49.830782
26,9,7,4,0,4,2026-07-15T09:19:50.586040
26,9,8,4,0,4,2026-07-15T09:19:51.462414
26,9,9,5,0,5,2026-07-15T09:19:52.105892
26,9,10,4,0,4,2026-07-15T09:19:52.789644
27,1,1,4,0,4,2026-07-15T09:19:53.432317
27,1,2,4,0,4,2026-07-15T09:19:54.412561
27,1,3,4,0,4,2026-07-15T09:19:55.122237
27,1,4,4,0,4,2026-07-15T09:19:55.718481
27,1,5,4,0,4,2026-07-15T09:19:56.314006
27,1,6,4,0,4,2026-07-15T09:19:57.006334
27,1,7,4,0,4,2026-07-15T09:19:57.850512
27,1,8,4,0,4,2026-07-15T09:19:58.395380
27,1,9,2,0,2,2026-07-15T09:19:58.938182
27,1,10,4,0,4,2026-07-15T09:19:59.772667
27,2,1,1,0,1,2026-07-15T09:20:00.444715
27,2,2,1,0,1,2026-07-15T09:20:01.305326
27,2,3,1,0,1,2026-07-15T09:20:02.201438
27,2,4,1,0,1,2026-07-15T09:20:02.860309
27,2,5,1,0,1,2026-07-15T09:20:03.818692
27,2,6,1,0,1,2026-07-15T09:20:04.513751
27,2,7,1,0,1,2026-07-15T09:20:05.366172
27,2,8,1,0,1,2026-07-15T09:20:07.094473
27,2,9,1,0,1,2026-07-15T09:20:07.741727
27,2,10,1,0,1,2026-07-15T09:20:08.590475
27,3,1,3,0,3,2026-07-15T09:20:09.186363
27,3,2,4,0,4,2026-07-15T09:20:09.813000
27,3,3,4,0,4,2026-07-15T09:20:10.509974
27,3,4,4,0,4,2026-07-15T09:20:11.094961
27,3,5,4,0,4,2026-07-15T09:20:11.575743
27,3,6,3,0,3,2026-07-15T09:20:12.014628
27,3,7,4,0,4,2026-07-15T09:20:12.870926
27,3,8,4,0,4,2026-07-15T09:20:13.483914
27,3,9,3,0,3,2026-07-15T09:20:14.031778
27,3,10,4,0,4,2026-07-15T09:20:14.580858
27,4,1,0,0,0,2026-07-15T09:20:15.149101
27,4,2,0,0,0,2026-07-15T09:20:15.889446
27,4,3,0,0,0,2026-07-15T09:20:16.467681
27,4,4,0,0,0,2026-07-15T09:20:17.357738
27,4,5,0,0,0,2026-07-15T09:20:17.959819
27,4,6,0,0,0,2026-07-15T09:20:18.638896
27,4,7,0,0,0,2026-07-15T09:20:19.520284
27,4,8,0,0,0,2026-07-15T09:20:20.145402
27,4,9,0,0,0,2026-07-15T09:20:20.785758
27,4,10,0,0,0,2026-07-15T09:20:22.085089
27,5,1,2,0,2,2026-07-15T09:20:22.771741
27,5,2,3,0,3,2026-07-15T09:20:23.451204
27,5,3,2,0,2,2026-07-15T09:20:29.041951
27,5,4,3,0,3,2026-07-15T09:20:29.684403
27,5,5,2,0,2,2026-07-15T09:20:30.228304
27,5,6,2,0,2,2026-07-15T09:20:30.777074
27,5,7,2,0,2,2026-07-15T09:20:31.737236
27,5,8,2,0,2,2026-07-15T09:20:32.294550
27,5,9,2,0,2,2026-07-15T09:20:32.899971
27,5,10,3,0,3,2026-07-15T09:20:33.548893
27,6,1,0,0,0,2026-07-15T09:20:34.176912
27,6,2,0,0,0,2026-07-15T09:20:34.823635
27,6,3,0,0,0,2026-07-15T09:20:35.473135
27,6,4,0,0,0,2026-07-15T09:20:36.208232
27,6,5,0,0,0,2026-07-15T09:20:36.776127
27,6,6,0,0,0,2026-07-15T09:20:37.343730
27,6,7,0,0,0,2026-07-15T09:20:37.926622
27,6,8,0,0,0,2026-07-15T09:20:38.477599
27,6,9,0,0,0,2026-07-15T09:20:39.030600
27,6,10,0,0,0,2026-07-15T09:20:39.587823
27,7,1,5,0,5,2026-07-15T09:20:40.435327
27,7,2,5,0,5,2026-07-15T09:20:40.947604
27,7,3,5,0,5,2026-07-15T09:20:41.629247
27,7,4,5,0,5,2026-07-15T09:20:42.193756
27,7,5,5,0,5,2026-07-15T09:20:42.766614
27,7,6,5,0,5,2026-07-15T09:20:43.662249
27,7,7,5,0,5,2026-07-15T09:20:44.225375
27,7,8,5,0,5,2026-07-15T09:20:44.932834
27,7,9,5,0,5,2026-07-15T09:20:45.572947
27,7,10,5,0,5,2026-07-15T09:20:46.123459
27,8,1,1,0,1,2026-07-15T09:20:46.816098
27,8,2,0,0,0,2026-07-15T09:20:47.354803
27,8,3,0,0,0,2026-07-15T09:20:47.874770
27,8,4,0,0,0,2026-07-15T09:20:48.516296
27,8,5,0,0,0,2026-07-15T09:20:49.052232
27,8,6,0,0,0,2026-07-15T09:20:49.577319
27,8,7,0,0,0,2026-07-15T09:20:50.223756
27,8,8,0,0,0,2026-07-15T09:20:50.859244
27,8,9,0,0,0,2026-07-15T09:20:51.399206
27,8,10,0,0,0,2026-07-15T09:20:51.963799
27,9,1,5,0,5,2026-07-15T09:20:52.661314
27,9,2,5,0,5,2026-07-15T09:20:53.290067
27,9,3,5,0,5,2026-07-15T09:20:53.759886
27,9,4,5,0,5,2026-07-15T09:20:54.409226
27,9,5,5,0,5,2026-07-15T09:20:54.932907
27,9,6,5,0,5,2026-07-15T09:20:55.516440
27,9,7,5,0,5,2026-07-15T09:20:56.066814
27,9,8,5,0,5,2026-07-15T09:20:56.565741
27,9,9,5,0,5,2026-07-15T09:20:57.055232
27,9,10,5,0,5,2026-07-15T09:20:57.700364
28,1,1,3,0,3,2026-07-15T09:20:58.364010
28,1,2,3,0,3,2026-07-15T09:20:59.047936
28,1,3,3,0,3,2026-07-15T09:21:00.148587
28,1,4,3,0,3,2026-07-15T09:21:00.861824
28,1,5,3,0,3,2026-07-15T09:21:01.649870
28,1,6,3,0,3,2026-07-15T09:21:02.724981
28,1,7,2,0,2,2026-07-15T09:21:04.138415
28,1,8,3,0,3,2026-07-15T09:21:07.610957
28,1,9,3,0,3,2026-07-15T09:21:08.309489
28,1,10,3,0,3,2026-07-15T09:21:09.012491
28,2,1,1,0,1,2026-07-15T09:21:09.593496
28,2,2,2,0,2,2026-07-15T09:21:10.543596
28,2,3,2,0,2,2026-07-15T09:21:11.533010
28,2,4,2,0,2,2026-07-15T09:21:13.291347
28,2,5,1,0,1,2026-07-15T09:21:15.107861
28,2,6,1,0,1,2026-07-15T09:21:16.664995
28,2,7,1,0,1,2026-07-15T09:21:18.625202
28,2,8,1,0,1,2026-07-15T09:21:20.571610
28,2,9,2,0,2,2026-07-15T09:21:22.150792
28,2,10,1,0,1,2026-07-15T09:21:23.239356
28,3,1,2,0,2,2026-07-15T09:21:23.752463
28,3,2,2,0,2,2026-07-15T09:21:24.270074
28,3,3,2,0,2,2026-07-15T09:21:24.787834
28,3,4,2,0,2,2026-07-15T09:21:25.425827
28,3,5,2,0,2,2026-07-15T09:21:25.944771
28,3,6,2,0,2,2026-07-15T09:21:26.522929
28,3,7,2,0,2,2026-07-15T09:21:27.099814
28,3,8,2,0,2,2026-07-15T09:21:27.841507
28,3,9,2,0,2,2026-07-15T09:21:28.415383
28,3,10,2,0,2,2026-07-15T09:21:28.985782
28,4,1,1,0,1,2026-07-15T09:21:29.458982
28,4,2,1,0,1,2026-07-15T09:21:30.133500
28,4,3,1,0,1,2026-07-15T09:21:30.723099
28,4,4,1,0,1,2026-07-15T09:21:31.249861
28,4,5,1,0,1,2026-07-15T09:21:31.872322
28,4,6,1,0,1,2026-07-15T09:21:32.468971
28,4,7,1,0,1,2026-07-15T09:21:33.047405
28,4,8,1,0,1,2026-07-15T09:21:33.619296
28,4,9,1,0,1,2026-07-15T09:21:34.237536
28,4,10,1,0,1,2026-07-15T09:21:34.870487
28,5,1,3,0,3,2026-07-15T09:21:35.611859
28,5,2,3,0,3,2026-07-15T09:21:36.273252
28,5,3,3,0,3,2026-07-15T09:21:36.879507
28,5,4,3,0,3,2026-07-15T09:21:37.522754
28,5,5,3,0,3,2026-07-15T09:21:38.150014
28,5,6,3,0,3,2026-07-15T09:21:38.739734
28,5,7,3,0,3,2026-07-15T09:21:39.472847
28,5,8,3,0,3,2026-07-15T09:21:40.009865
28,5,9,3,0,3,2026-07-15T09:21:40.622779
28,5,10,3,0,3,2026-07-15T09:21:41.296917
28,6,1,2,0,2,2026-07-15T09:21:41.776911
28,6,2,1,0,1,2026-07-15T09:21:42.478254
28,6,3,1,0,1,2026-07-15T09:21:44.186253
28,6,4,1,0,1,2026-07-15T09:21:45.079291
28,6,5,1,0,1,2026-07-15T09:21:45.668838
28,6,6,1,0,1,2026-07-15T09:21:47.188739
28,6,7,1,0,1,2026-07-15T09:21:47.875738
28,6,8,0,0,0,2026-07-15T09:21:48.392524
28,6,9,1,0,1,2026-07-15T09:21:48.887985
28,6,10,1,0,1,2026-07-15T09:21:49.340860
28,7,1,2,0,2,2026-07-15T09:21:49.887740
28,7,2,3,0,3,2026-07-15T09:21:50.428358
28,7,3,3,0,3,2026-07-15T09:21:51.059782
28,7,4,3,0,3,2026-07-15T09:21:51.952969
28,7,5,2,0,2,2026-07-15T09:21:52.466004
28,7,6,3,0,3,2026-07-15T09:21:54.127581
28,7,7,3,0,3,2026-07-15T09:21:54.785107
28,7,8,3,0,3,2026-07-15T09:21:55.596833
28,7,9,2,0,2,2026-07-15T09:21:56.198988
28,7,10,3,0,3,2026-07-15T09:21:56.964496
28,8,1,3,0,3,2026-07-15T09:21:57.471207
28,8,2,3,0,3,2026-07-15T09:21:58.104309
28,8,3,3,0,3,2026-07-15T09:21:58.672164
28,8,4,3,0,3,2026-07-15T09:21:59.201298
28,8,5,3,0,3,2026-07-15T09:21:59.791973
28,8,6,3,0,3,2026-07-15T09:22:00.420307
28,8,7,3,0,3,2026-07-15T09:22:01.077663
28,8,8,3,0,3,2026-07-15T09:22:01.660128
28,8,9,3,0,3,2026-07-15T09:22:02.204022
28,8,10,3,0,3,2026-07-15T09:22:05.431752
28,9,1,4,0,4,2026-07-15T09:22:06.187326
28,9,2,4,0,4,2026-07-15T09:22:06.827648
28,9,3,4,0,4,2026-07-15T09:22:07.302097
28,9,4,4,0,4,2026-07-15T09:22:07.911169
28,9,5,4,0,4,2026-07-15T09:22:08.672709
28,9,6,4,0,4,2026-07-15T09:22:09.291844
28,9,7,4,0,4,2026-07-15T09:22:09.797311
28,9,8,4,0,4,2026-07-15T09:22:19.719049
28,9,9,4,0,4,2026-07-15T09:22:23.514495
28,9,10,4,0,4,2026-07-15T09:22:24.112771
29,1,1,3,0,3,2026-07-15T09:22:24.845917
29,1,2,3,0,3,2026-07-15T09:22:25.489770
29,1,3,3,0,3,2026-07-15T09:22:26.186888
29,1,4,3,0,3,2026-07-15T09:22:26.886120
29,1,5,3,0,3,2026-07-15T09:22:27.686564
29,1,6,3,0,3,2026-07-15T09:22:28.474492
29,1,7,3,0,3,2026-07-15T09:22:29.312646
29,1,8,3,0,3,2026-07-15T09:22:30.031912
29,1,9,3,0,3,2026-07-15T09:22:30.675296
29,1,10,3,0,3,2026-07-15T09:22:31.377098
29,2,1,2,0,2,2026-07-15T09:22:31.975637
29,2,2,2,0,2,2026-07-15T09:22:32.509819
29,2,3,2,0,2,2026-07-15T09:22:33.118333
29,2,4,2,0,2,2026-07-15T09:22:33.680877
29,2,5,2,0,2,2026-07-15T09:22:34.286158
29,2,6,2,0,2,2026-07-15T09:22:34.952934
29,2,7,2,0,2,2026-07-15T09:22:35.594659
29,2,8,2,0,2,2026-07-15T09:22:36.300431
29,2,9,2,0,2,2026-07-15T09:22:36.819480
29,2,10,2,0,2,2026-07-15T09:22:37.399435
29,3,1,2,0,2,2026-07-15T09:22:37.945973
29,3,2,2,0,2,2026-07-15T09:22:38.471872
29,3,3,2,0,2,2026-07-15T09:22:39.045221
29,3,4,2,0,2,2026-07-15T09:22:39.598579
29,3,5,2,0,2,2026-07-15T09:22:40.077428
29,3,6,2,0,2,2026-07-15T09:22:40.558838
29,3,7,2,0,2,2026-07-15T09:22:41.073871
29,3,8,2,0,2,2026-07-15T09:22:41.603357
29,3,9,2,0,2,2026-07-15T09:22:42.161242
29,3,10,2,0,2,2026-07-15T09:22:42.791816
29,4,1,1,0,1,2026-07-15T09:22:43.288476
29,4,2,1,0,1,2026-07-15T09:22:43.920096
29,4,3,1,0,1,2026-07-15T09:22:46.640168
29,4,4,1,0,1,2026-07-15T09:22:49.700671
29,4,5,1,0,1,2026-07-15T09:22:52.591838
29,4,6,1,0,1,2026-07-15T09:22:55.108307
29,4,7,1,0,1,2026-07-15T09:22:58.853273
29,4,8,1,0,1,2026-07-15T09:23:01.315794
29,4,9,1,0,1,2026-07-15T09:23:03.121141
29,4,10,1,0,1,2026-07-15T09:23:04.449024
29,5,1,3,0,3,2026-07-15T09:23:04.963135
29,5,2,3,0,3,2026-07-15T09:23:05.501473
29,5,3,3,0,3,2026-07-15T09:23:06.060125
29,5,4,3,0,3,2026-07-15T09:23:06.552302
29,5,5,3,0,3,2026-07-15T09:23:07.032332
29,5,6,3,0,3,2026-07-15T09:23:07.601620
29,5,7,3,0,3,2026-07-15T09:23:08.122516
29,5,8,3,0,3,2026-07-15T09:23:08.809088
29,5,9,3,0,3,2026-07-15T09:23:09.430946
29,5,10,3,0,3,2026-07-15T09:23:09.995922
29,6,1,1,0,1,2026-07-15T09:23:10.542209
29,6,2,1,0,1,2026-07-15T09:23:11.141825
29,6,3,1,0,1,2026-07-15T09:23:11.745074
29,6,4,0,0,0,2026-07-15T09:23:12.262406
29,6,5,0,0,0,2026-07-15T09:23:12.873678
29,6,6,1,0,1,2026-07-15T09:23:13.729709
29,6,7,0,0,0,2026-07-15T09:23:14.320858
29,6,8,0,0,0,2026-07-15T09:23:14.934212
29,6,9,0,0,0,2026-07-15T09:23:15.730159
29,6,10,1,0,1,2026-07-15T09:23:16.240485
29,7,1,3,0,3,2026-07-15T09:23:17.072932
29,7,2,3,0,3,2026-07-15T09:23:18.021779
29,7,3,3,0,3,2026-07-15T09:23:18.696534
29,7,4,3,0,3,2026-07-15T09:23:19.813258
29,7,5,3,0,3,2026-07-15T09:23:20.769333
29,7,6,3,0,3,2026-07-15T09:23:21.573326
29,7,7,3,0,3,2026-07-15T09:23:22.204387
29,7,8,3,0,3,2026-07-15T09:23:22.898678
29,7,9,3,0,3,2026-07-15T09:23:23.862009
29,7,10,3,0,3,2026-07-15T09:23:24.693285
29,8,1,2,0,2,2026-07-15T09:23:25.300118
29,8,2,2,0,2,2026-07-15T09:23:25.795788
29,8,3,2,0,2,2026-07-15T09:23:26.456104
29,8,4,2,0,2,2026-07-15T09:23:27.110924
29,8,5,2,0,2,2026-07-15T09:23:27.745317
29,8,6,2,0,2,2026-07-15T09:23:28.285460
29,8,7,2,0,2,2026-07-15T09:23:28.959601
29,8,8,2,0,2,2026-07-15T09:23:29.414735
29,8,9,2,0,2,2026-07-15T09:23:29.933136
29,8,10,2,0,2,2026-07-15T09:23:30.469060
29,9,1,4,0,4,2026-07-15T09:23:31.161265
29,9,2,4,0,4,2026-07-15T09:23:31.680124
29,9,3,4,0,4,2026-07-15T09:23:32.487091
29,9,4,4,0,4,2026-07-15T09:23:33.038833
29,9,5,4,0,4,2026-07-15T09:23:33.846870
29,9,6,4,0,4,2026-07-15T09:23:34.395425
29,9,7,4,0,4,2026-07-15T09:23:35.067962
29,9,8,4,0,4,2026-07-15T09:23:35.671788
29,9,9,4,0,4,2026-07-15T09:23:36.250283
29,9,10,4,0,4,2026-07-15T09:23:36.859088
30,1,1,2,0,2,2026-07-15T09:23:37.548598
30,1,2,2,0,2,2026-07-15T09:23:38.474606
30,1,3,2,0,2,2026-07-15T09:23:38.960591
30,1,4,2,0,2,2026-07-15T09:23:39.519123
30,1,5,3,0,3,2026-07-15T09:23:40.090366
30,1,6,2,0,2,2026-07-15T09:23:40.590304
30,1,7,2,0,2,2026-07-15T09:23:41.555187
30,1,8,2,0,2,2026-07-15T09:23:42.066232
30,1,9,2,0,2,2026-07-15T09:23:42.592933
30,1,10,2,0,2,2026-07-15T09:23:43.059101
30,2,1,1,0,1,2026-07-15T09:23:43.587361
30,2,2,1,0,1,2026-07-15T09:23:44.172288
30,2,3,1,0,1,2026-07-15T09:23:44.849091
30,2,4,1,0,1,2026-07-15T09:23:45.739198
30,2,5,1,0,1,2026-07-15T09:23:46.261443
30,2,6,1,0,1,2026-07-15T09:23:46.798263
30,2,7,1,0,1,2026-07-15T09:23:49.454558
30,2,8,1,0,1,2026-07-15T09:23:50.026530
30,2,9,1,0,1,2026-07-15T09:23:50.646027
30,2,10,1,0,1,2026-07-15T09:23:51.270557
30,3,1,2,0,2,2026-07-15T09:23:51.861718
30,3,2,2,0,2,2026-07-15T09:23:52.549083
30,3,3,2,0,2,2026-07-15T09:23:53.071813
30,3,4,2,0,2,2026-07-15T09:23:53.705824
30,3,5,2,0,2,2026-07-15T09:23:54.294182
30,3,6,2,0,2,2026-07-15T09:23:54.824343
30,3,7,2,0,2,2026-07-15T09:23:55.649296
30,3,8,2,0,2,2026-07-15T09:23:56.345841
30,3,9,2,0,2,2026-07-15T09:23:56.984530
30,3,10,2,0,2,2026-07-15T09:23:57.544770
30,4,1,0,0,0,2026-07-15T09:23:58.043834
30,4,2,0,0,0,2026-07-15T09:23:58.566673
30,4,3,0,0,0,2026-07-15T09:23:59.013641
30,4,4,0,0,0,2026-07-15T09:24:02.390947
30,4,5,0,0,0,2026-07-15T09:24:03.534601
30,4,6,0,0,0,2026-07-15T09:24:04.038631
30,4,7,0,0,0,2026-07-15T09:24:04.624566
30,4,8,0,0,0,2026-07-15T09:24:05.351694
30,4,9,0,0,0,2026-07-15T09:24:05.895489
30,4,10,0,0,0,2026-07-15T09:24:06.396632
30,5,1,4,0,4,2026-07-15T09:24:06.924797
30,5,2,4,0,4,2026-07-15T09:24:07.809376
30,5,3,4,0,4,2026-07-15T09:24:08.338640
30,5,4,4,0,4,2026-07-15T09:24:08.898675
30,5,5,4,0,4,2026-07-15T09:24:09.407323
30,5,6,4,0,4,2026-07-15T09:24:10.010796
30,5,7,4,0,4,2026-07-15T09:24:10.768553
30,5,8,4,0,4,2026-07-15T09:24:11.332662
30,5,9,4,0,4,2026-07-15T09:24:20.245226
30,5,10,4,0,4,2026-07-15T09:24:20.818308
30,6,1,0,0,0,2026-07-15T09:24:21.404352
30,6,2,0,0,0,2026-07-15T09:24:22.125637
30,6,3,0,0,0,2026-07-15T09:24:22.843170
30,6,4,0,0,0,2026-07-15T09:24:23.671981
30,6,5,0,0,0,2026-07-15T09:24:24.439134
30,6,6,0,0,0,2026-07-15T09:24:25.673093
30,6,7,0,0,0,2026-07-15T09:24:26.260934
30,6,8,0,0,0,2026-07-15T09:24:26.939430
30,6,9,0,0,0,2026-07-15T09:24:27.544873
30,6,10,0,0,0,2026-07-15T09:24:28.266210
30,7,1,4,0,4,2026-07-15T09:24:28.793660
30,7,2,4,0,4,2026-07-15T09:24:29.293645
30,7,3,4,0,4,2026-07-15T09:24:30.021611
30,7,4,4,0,4,2026-07-15T09:24:30.627244
30,7,5,4,0,4,2026-07-15T09:24:31.183971
30,7,6,4,0,4,2026-07-15T09:24:31.784986
30,7,7,4,0,4,2026-07-15T09:24:32.523501
30,7,8,4,0,4,2026-07-15T09:24:33.425943
30,7,9,4,0,4,2026-07-15T09:24:33.958283
30,7,10,4,0,4,2026-07-15T09:24:34.526872
30,8,1,0,0,0,2026-07-15T09:24:35.097478
30,8,2,0,0,0,2026-07-15T09:24:35.835707
30,8,3,0,0,0,2026-07-15T09:24:37.163141
30,8,4,0,0,0,2026-07-15T09:24:38.998204
30,8,5,0,0,0,2026-07-15T09:24:41.127265
30,8,6,0,0,0,2026-07-15T09:24:43.428085
30,8,7,0,0,0,2026-07-15T09:24:46.330862
30,8,8,0,0,0,2026-07-15T09:24:49.605803
30,8,9,0,0,0,2026-07-15T09:24:52.231950
30,8,10,0,0,0,2026-07-15T09:24:54.861400
30,9,1,4,0,4,2026-07-15T09:24:55.487728
30,9,2,4,0,4,2026-07-15T09:24:56.798106
30,9,3,4,0,4,2026-07-15T09:24:57.484568
30,9,4,4,0,4,2026-07-15T09:24:57.923776
30,9,5,4,0,4,2026-07-15T09:24:58.415173
30,9,6,4,0,4,2026-07-15T09:24:59.135706
30,9,7,4,0,4,2026-07-15T09:24:59.633719
30,9,8,4,0,4,2026-07-15T09:25:00.256483
30,9,9,4,0,4,2026-07-15T09:25:00.923302
30,9,10,4,0,4,2026-07-15T09:25:01.598904
31,1,1,4,0,4,2026-07-15T09:25:02.348752
31,1,2,4,0,4,2026-07-15T09:25:03.699715
31,1,3,4,0,4,2026-07-15T09:25:04.465635
31,1,4,3,0,3,2026-07-15T09:25:05.136190
31,1,5,4,0,4,2026-07-15T09:25:05.878886
31,1,6,3,0,3,2026-07-15T09:25:07.149188
31,1,7,4,0,4,2026-07-15T09:25:07.862476
31,1,8,4,0,4,2026-07-15T09:25:08.591358
31,1,9,3,0,3,2026-07-15T09:25:09.351007
31,1,10,4,0,4,2026-07-15T09:25:10.600645
31,2,1,2,0,2,2026-07-15T09:25:11.155762
31,2,2,2,0,2,2026-07-15T09:25:11.834406
31,2,3,2,0,2,2026-07-15T09:25:12.320584
31,2,4,2,0,2,2026-07-15T09:25:12.904133
31,2,5,2,0,2,2026-07-15T09:25:13.737567
31,2,6,2,0,2,2026-07-15T09:25:14.307994
31,2,7,2,0,2,2026-07-15T09:25:14.826643
31,2,8,2,0,2,2026-07-15T09:25:15.396042
31,2,9,2,0,2,2026-07-15T09:25:15.908649
31,2,10,2,0,2,2026-07-15T09:25:16.447714
31,3,1,3,0,3,2026-07-15T09:25:16.953063
31,3,2,3,0,3,2026-07-15T09:25:17.478039
31,3,3,3,0,3,2026-07-15T09:25:18.000334
31,3,4,2,0,2,2026-07-15T09:25:18.543639
31,3,5,3,0,3,2026-07-15T09:25:19.062489
31,3,6,3,0,3,2026-07-15T09:25:19.679086
31,3,7,3,0,3,2026-07-15T09:25:20.249888
31,3,8,3,0,3,2026-07-15T09:25:20.815312
31,3,9,3,0,3,2026-07-15T09:25:21.499324
31,3,10,3,0,3,2026-07-15T09:25:22.291771
31,4,1,1,0,1,2026-07-15T09:25:22.775330
31,4,2,1,0,1,2026-07-15T09:25:23.350068
31,4,3,1,0,1,2026-07-15T09:25:23.812239
31,4,4,1,0,1,2026-07-15T09:25:24.627210
31,4,5,1,0,1,2026-07-15T09:25:25.217695
31,4,6,1,0,1,2026-07-15T09:25:26.163119
31,4,7,1,0,1,2026-07-15T09:25:27.109389
31,4,8,1,0,1,2026-07-15T09:25:28.051868
31,4,9,1,0,1,2026-07-15T09:25:29.061816
31,4,10,1,0,1,2026-07-15T09:25:30.100829
31,5,1,3,0,3,2026-07-15T09:25:30.639016
31,5,2,3,0,3,2026-07-15T09:25:31.201282
31,5,3,3,0,3,2026-07-15T09:25:32.065426
31,5,4,3,0,3,2026-07-15T09:25:33.763178
31,5,5,3,0,3,2026-07-15T09:25:34.290765
31,5,6,3,0,3,2026-07-15T09:25:34.797317
31,5,7,2,0,2,2026-07-15T09:25:35.330246
31,5,8,3,0,3,2026-07-15T09:25:35.873332
31,5,9,3,0,3,2026-07-15T09:25:36.398296
31,5,10,3,0,3,2026-07-15T09:25:36.913486
31,6,1,1,0,1,2026-07-15T09:25:37.426032
31,6,2,1,0,1,2026-07-15T09:25:37.943667
31,6,3,1,0,1,2026-07-15T09:25:38.502308
31,6,4,1,0,1,2026-07-15T09:25:40.002759
31,6,5,1,0,1,2026-07-15T09:25:40.680319
31,6,6,1,0,1,2026-07-15T09:25:42.596108
31,6,7,1,0,1,2026-07-15T09:25:43.116895
31,6,8,1,0,1,2026-07-15T09:25:43.649206
31,6,9,1,0,1,2026-07-15T09:25:44.368556
31,6,10,1,0,1,2026-07-15T09:25:44.952577
31,7,1,4,0,4,2026-07-15T09:25:46.120664
31,7,2,4,0,4,2026-07-15T09:25:47.412989
31,7,3,4,0,4,2026-07-15T09:25:48.732087
31,7,4,4,0,4,2026-07-15T09:25:50.116533
31,7,5,4,0,4,2026-07-15T09:25:51.265477
31,7,6,4,0,4,2026-07-15T09:25:52.795786
31,7,7,4,0,4,2026-07-15T09:25:55.724803
31,7,8,4,0,4,2026-07-15T09:26:00.267928
31,7,9,4,0,4,2026-07-15T09:26:05.503639
31,7,10,4,0,4,2026-07-15T09:26:11.959838
31,8,1,2,0,2,2026-07-15T09:26:12.598954
31,8,2,2,0,2,2026-07-15T09:26:13.141389
31,8,3,2,0,2,2026-07-15T09:26:13.691904
31,8,4,2,0,2,2026-07-15T09:26:14.445175
31,8,5,2,0,2,2026-07-15T09:26:15.510198
31,8,6,2,0,2,2026-07-15T09:26:16.370188
31,8,7,2,0,2,2026-07-15T09:26:17.029286
31,8,8,2,0,2,2026-07-15T09:26:17.620553
31,8,9,2,0,2,2026-07-15T09:26:18.271400
31,8,10,2,0,2,2026-07-15T09:26:19.051411
31,9,1,4,0,4,2026-07-15T09:26:20.396766
31,9,2,5,0,5,2026-07-15T09:26:21.097770
31,9,3,4,0,4,2026-07-15T09:26:21.614043
31,9,4,4,0,4,2026-07-15T09:26:22.179716
31,9,5,4,0,4,2026-07-15T09:26:23.189955
31,9,6,4,0,4,2026-07-15T09:26:23.827405
31,9,7,4,0,4,2026-07-15T09:26:24.453671
31,9,8,5,0,5,2026-07-15T09:26:24.972586
31,9,9,4,0,4,2026-07-15T09:26:25.455130
31,9,10,4,0,4,2026-07-15T09:26:28.381242
32,1,1,4,0,4,2026-07-15T09:26:30.688233
32,1,2,4,0,4,2026-07-15T09:26:32.802427
32,1,3,4,0,4,2026-07-15T09:26:35.719837
32,1,4,4,0,4,2026-07-15T09:26:36.814111
32,1,5,4,0,4,2026-07-15T09:26:37.964337
32,1,6,4,0,4,2026-07-15T09:26:39.448159
32,1,7,3,0,3,2026-07-15T09:26:39.920077
32,1,8,4,0,4,2026-07-15T09:26:40.580483
32,1,9,3,0,3,2026-07-15T09:26:41.228168
32,1,10,4,0,4,2026-07-15T09:26:41.747031
32,2,1,1,0,1,2026-07-15T09:26:42.537666
32,2,2,1,0,1,2026-07-15T09:26:43.406953
32,2,3,2,0,2,2026-07-15T09:26:44.062533
32,2,4,2,0,2,2026-07-15T09:26:44.607633
32,2,5,1,0,1,2026-07-15T09:26:45.235063
32,2,6,1,0,1,2026-07-15T09:26:45.809206
32,2,7,2,0,2,2026-07-15T09:26:46.357774
32,2,8,1,0,1,2026-07-15T09:26:47.121166
32,2,9,2,0,2,2026-07-15T09:26:47.730414
32,2,10,2,0,2,2026-07-15T09:26:48.357552
32,3,1,3,0,3,2026-07-15T09:26:49.026020
32,3,2,2,0,2,2026-07-15T09:26:49.656072
32,3,3,2,0,2,2026-07-15T09:26:50.194412
32,3,4,2,0,2,2026-07-15T09:26:50.849782
32,3,5,2,0,2,2026-07-15T09:26:51.424246
32,3,6,3,0,3,2026-07-15T09:26:52.038450
32,3,7,2,0,2,2026-07-15T09:26:52.631020
32,3,8,2,0,2,2026-07-15T09:26:53.208781
32,3,9,2,0,2,2026-07-15T09:26:53.742329
32,3,10,3,0,3,2026-07-15T09:26:54.280092
32,4,1,1,0,1,2026-07-15T09:26:54.816652
32,4,2,1,0,1,2026-07-15T09:26:55.429403
32,4,3,1,0,1,2026-07-15T09:26:55.909606
32,4,4,1,0,1,2026-07-15T09:26:56.577002
32,4,5,1,0,1,2026-07-15T09:26:57.107889
32,4,6,1,0,1,2026-07-15T09:26:57.751626
32,4,7,1,0,1,2026-07-15T09:26:58.236729
32,4,8,1,0,1,2026-07-15T09:26:58.886796
32,4,9,1,0,1,2026-07-15T09:26:59.370696
32,4,10,1,0,1,2026-07-15T09:27:00.121029
32,5,1,3,0,3,2026-07-15T09:27:02.763062
32,5,2,3,0,3,2026-07-15T09:27:04.565063
32,5,3,3,0,3,2026-07-15T09:27:05.947322
32,5,4,3,0,3,2026-07-15T09:27:07.171683
32,5,5,3,0,3,2026-07-15T09:27:07.970813
32,5,6,3,0,3,2026-07-15T09:27:08.645964
32,5,7,3,0,3,2026-07-15T09:27:09.252670
32,5,8,3,0,3,2026-07-15T09:27:09.865447
32,5,9,3,0,3,2026-07-15T09:27:10.541024
32,5,10,3,0,3,2026-07-15T09:27:11.167967
32,6,1,1,0,1,2026-07-15T09:27:12.154038
32,6,2,1,0,1,2026-07-15T09:27:12.891907
32,6,3,1,0,1,2026-07-15T09:27:13.535288
32,6,4,1,0,1,2026-07-15T09:27:14.828803
32,6,5,1,0,1,2026-07-15T09:27:15.634665
32,6,6,1,0,1,2026-07-15T09:27:16.910453
32,6,7,1,0,1,2026-07-15T09:27:17.622920
32,6,8,1,0,1,2026-07-15T09:27:18.287863
32,6,9,1,0,1,2026-07-15T09:27:19.021624
32,6,10,1,0,1,2026-07-15T09:27:19.885831
32,7,1,4,0,4,2026-07-15T09:27:20.759155
32,7,2,4,0,4,2026-07-15T09:27:21.383364
32,7,3,4,0,4,2026-07-15T09:27:22.039257
32,7,4,4,0,4,2026-07-15T09:27:22.624647
32,7,5,4,0,4,2026-07-15T09:27:23.184016
32,7,6,4,0,4,2026-07-15T09:27:23.698089
32,7,7,4,0,4,2026-07-15T09:27:24.208638
32,7,8,4,0,4,2026-07-15T09:27:24.843762
32,7,9,4,0,4,2026-07-15T09:27:25.484791
32,7,10,4,0,4,2026-07-15T09:27:26.027068
32,8,1,2,0,2,2026-07-15T09:27:26.595521
32,8,2,2,0,2,2026-07-15T09:27:27.163749
32,8,3,2,0,2,2026-07-15T09:27:27.695192
32,8,4,2,0,2,2026-07-15T09:27:28.308966
32,8,5,2,0,2,2026-07-15T09:27:28.853444
32,8,6,2,0,2,2026-07-15T09:27:29.414498
32,8,7,2,0,2,2026-07-15T09:27:29.970954
32,8,8,2,0,2,2026-07-15T09:27:30.565733
32,8,9,2,0,2,2026-07-15T09:27:31.139430
32,8,10,2,0,2,2026-07-15T09:27:31.677857
32,9,1,4,0,4,2026-07-15T09:27:32.463481
32,9,2,4,0,4,2026-07-15T09:27:32.956020
32,9,3,4,0,4,2026-07-15T09:27:33.506088
32,9,4,5,0,5,2026-07-15T09:27:34.083470
32,9,5,4,0,4,2026-07-15T09:27:34.835259
32,9,6,4,0,4,2026-07-15T09:27:35.522959
32,9,7,5,0,5,2026-07-15T09:27:36.252936
32,9,8,4,0,4,2026-07-15T09:27:36.897166
32,9,9,4,0,4,2026-07-15T09:27:37.616559
32,9,10,4,0,4,2026-07-15T09:27:38.158066
33,1,1,4,0,4,2026-07-15T09:27:38.874767
33,1,2,4,0,4,2026-07-15T09:27:39.488240
33,1,3,4,0,4,2026-07-15T09:27:40.057852
33,1,4,4,0,4,2026-07-15T09:27:40.684892
33,1,5,4,0,4,2026-07-15T09:27:41.267194
33,1,6,4,0,4,2026-07-15T09:27:41.949244
33,1,7,4,0,4,2026-07-15T09:27:42.625603
33,1,8,4,0,4,2026-07-15T09:27:44.211755
33,1,9,4,0,4,2026-07-15T09:27:44.902136
33,1,10,4,0,4,2026-07-15T09:27:45.518494
33,2,1,2,0,2,2026-07-15T09:27:46.155204
33,2,2,2,0,2,2026-07-15T09:27:46.821300
33,2,3,2,0,2,2026-07-15T09:27:47.457160
33,2,4,2,0,2,2026-07-15T09:27:48.173445
33,2,5,2,0,2,2026-07-15T09:27:48.795916
33,2,6,2,0,2,2026-07-15T09:27:49.477769
33,2,7,2,0,2,2026-07-15T09:27:50.054673
33,2,8,2,0,2,2026-07-15T09:27:50.936972
33,2,9,2,0,2,2026-07-15T09:27:52.061810
33,2,10,2,0,2,2026-07-15T09:27:52.583957
33,3,1,3,0,3,2026-07-15T09:27:53.183872
33,3,2,3,0,3,2026-07-15T09:27:53.850954
33,3,3,3,0,3,2026-07-15T09:27:54.934857
33,3,4,3,0,3,2026-07-15T09:27:55.577583
33,3,5,3,0,3,2026-07-15T09:27:56.422646
33,3,6,3,0,3,2026-07-15T09:27:56.979161
33,3,7,3,0,3,2026-07-15T09:27:57.562557
33,3,8,3,0,3,2026-07-15T09:27:58.398980
33,3,9,3,0,3,2026-07-15T09:27:58.939238
33,3,10,3,0,3,2026-07-15T09:27:59.511755
33,4,1,1,0,1,2026-07-15T09:28:00.357717
33,4,2,1,0,1,2026-07-15T09:28:01.018977
33,4,3,1,0,1,2026-07-15T09:28:01.673764
33,4,4,0,0,0,2026-07-15T09:28:02.371607
33,4,5,1,0,1,2026-07-15T09:28:02.873638
33,4,6,0,0,0,2026-07-15T09:28:03.593414
33,4,7,1,0,1,2026-07-15T09:28:04.221149
33,4,8,1,0,1,2026-07-15T09:28:04.718441
33,4,9,1,0,1,2026-07-15T09:28:05.278136
33,4,10,1,0,1,2026-07-15T09:28:05.840592
33,5,1,3,0,3,2026-07-15T09:28:06.537423
33,5,2,4,0,4,2026-07-15T09:28:07.214640
33,5,3,4,0,4,2026-07-15T09:28:09.977381
33,5,4,4,0,4,2026-07-15T09:28:10.767771
33,5,5,4,0,4,2026-07-15T09:28:17.453852
33,5,6,3,0,3,2026-07-15T09:28:18.105568
33,5,7,4,0,4,2026-07-15T09:28:19.586100
33,5,8,4,0,4,2026-07-15T09:28:20.766893
33,5,9,3,0,3,2026-07-15T09:28:21.459427
33,5,10,4,0,4,2026-07-15T09:28:23.968999
33,6,1,2,0,2,2026-07-15T09:28:24.496909
33,6,2,2,0,2,2026-07-15T09:28:25.090059
33,6,3,2,0,2,2026-07-15T09:28:26.063357
33,6,4,2,0,2,2026-07-15T09:28:26.646784
33,6,5,1,0,1,2026-07-15T09:28:27.237680
33,6,6,1,0,1,2026-07-15T09:28:27.933681
33,6,7,2,0,2,2026-07-15T09:28:28.774017
33,6,8,1,0,1,2026-07-15T09:28:29.485381
33,6,9,2,0,2,2026-07-15T09:28:30.030820
33,6,10,1,0,1,2026-07-15T09:28:30.638777
33,7,1,4,0,4,2026-07-15T09:28:31.355166
33,7,2,4,0,4,2026-07-15T09:28:32.033582
33,7,3,4,0,4,2026-07-15T09:28:32.680971
33,7,4,4,0,4,2026-07-15T09:28:33.393860
33,7,5,4,0,4,2026-07-15T09:28:34.118894
33,7,6,4,0,4,2026-07-15T09:28:35.036648
33,7,7,4,0,4,2026-07-15T09:28:35.803436
33,7,8,4,0,4,2026-07-15T09:28:36.485678
33,7,9,4,0,4,2026-07-15T09:28:37.198193
33,7,10,4,0,4,2026-07-15T09:28:38.171205
33,8,1,2,0,2,2026-07-15T09:28:39.214787
33,8,2,2,0,2,2026-07-15T09:28:39.714452
33,8,3,2,0,2,2026-07-15T09:28:40.202965
33,8,4,2,0,2,2026-07-15T09:28:40.962951
33,8,5,3,0,3,2026-07-15T09:28:41.428813
33,8,6,3,0,3,2026-07-15T09:28:41.997140
33,8,7,2,0,2,2026-07-15T09:28:42.477447
33,8,8,2,0,2,2026-07-15T09:28:43.089704
33,8,9,2,0,2,2026-07-15T09:28:43.575342
33,8,10,2,0,2,2026-07-15T09:28:44.196571
33,9,1,5,0,5,2026-07-15T09:28:44.933243
33,9,2,5,0,5,2026-07-15T09:28:45.443832
33,9,3,5,0,5,2026-07-15T09:28:45.928341
33,9,4,5,0,5,2026-07-15T09:28:46.442467
33,9,5,5,0,5,2026-07-15T09:28:46.997969
33,9,6,5,0,5,2026-07-15T09:28:47.770275
33,9,7,5,0,5,2026-07-15T09:28:48.446499
33,9,8,4,0,4,2026-07-15T09:28:48.970055
33,9,9,5,0,5,2026-07-15T09:28:49.565581
33,9,10,5,0,5,2026-07-15T09:28:50.227112
34,1,1,3,0,3,2026-07-15T09:28:51.639580
34,1,2,3,0,3,2026-07-15T09:28:52.287801
34,1,3,3,0,3,2026-07-15T09:28:52.962896
34,1,4,3,0,3,2026-07-15T09:28:53.668606
34,1,5,4,0,4,2026-07-15T09:28:54.315342
34,1,6,3,0,3,2026-07-15T09:28:55.022329
34,1,7,3,0,3,2026-07-15T09:28:55.694957
34,1,8,3,0,3,2026-07-15T09:28:56.503067
34,1,9,4,0,4,2026-07-15T09:28:57.224695
34,1,10,3,0,3,2026-07-15T09:28:58.155549
34,2,1,2,0,2,2026-07-15T09:28:58.700987
34,2,2,2,0,2,2026-07-15T09:28:59.353539
34,2,3,2,0,2,2026-07-15T09:29:00.021697
34,2,4,2,0,2,2026-07-15T09:29:00.542735
34,2,5,2,0,2,2026-07-15T09:29:01.304848
34,2,6,2,0,2,2026-07-15T09:29:02.174444
34,2,7,2,0,2,2026-07-15T09:29:03.175843
34,2,8,2,0,2,2026-07-15T09:29:03.881759
34,2,9,2,0,2,2026-07-15T09:29:04.553124
34,2,10,2,0,2,2026-07-15T09:29:05.193550
34,3,1,2,0,2,2026-07-15T09:29:06.383562
34,3,2,2,0,2,2026-07-15T09:29:07.021819
34,3,3,2,0,2,2026-07-15T09:29:07.628186
34,3,4,2,0,2,2026-07-15T09:29:08.159563
34,3,5,2,0,2,2026-07-15T09:29:08.727505
34,3,6,2,0,2,2026-07-15T09:29:09.357098
34,3,7,2,0,2,2026-07-15T09:29:09.989190
34,3,8,2,0,2,2026-07-15T09:29:10.519172
34,3,9,2,0,2,2026-07-15T09:29:11.070971
34,3,10,2,0,2,2026-07-15T09:29:11.730467
34,4,1,0,0,0,2026-07-15T09:29:13.221710
34,4,2,0,0,0,2026-07-15T09:29:13.981436
34,4,3,0,0,0,2026-07-15T09:29:14.556618
34,4,4,0,0,0,2026-07-15T09:29:15.189749
34,4,5,0,0,0,2026-07-15T09:29:15.842282
34,4,6,0,0,0,2026-07-15T09:29:16.455342
34,4,7,0,0,0,2026-07-15T09:29:17.126067
34,4,8,0,0,0,2026-07-15T09:29:17.810302
34,4,9,0,0,0,2026-07-15T09:29:18.418944
34,4,10,0,0,0,2026-07-15T09:29:22.774615
34,5,1,3,0,3,2026-07-15T09:29:23.386980
34,5,2,3,0,3,2026-07-15T09:29:23.873620
34,5,3,3,0,3,2026-07-15T09:29:24.427221
34,5,4,3,0,3,2026-07-15T09:29:24.943567
34,5,5,3,0,3,2026-07-15T09:29:25.631223
34,5,6,3,0,3,2026-07-15T09:29:26.219150
34,5,7,3,0,3,2026-07-15T09:29:26.906092
34,5,8,3,0,3,2026-07-15T09:29:27.474259
34,5,9,3,0,3,2026-07-15T09:29:27.974673
34,5,10,3,0,3,2026-07-15T09:29:28.727671
34,6,1,0,0,0,2026-07-15T09:29:29.267643
34,6,2,0,0,0,2026-07-15T09:29:29.815359
34,6,3,0,0,0,2026-07-15T09:29:30.517370
34,6,4,0,0,0,2026-07-15T09:29:31.504557
34,6,5,0,0,0,2026-07-15T09:29:32.070833
34,6,6,0,0,0,2026-07-15T09:29:32.599416
34,6,7,0,0,0,2026-07-15T09:29:33.441356
34,6,8,0,0,0,2026-07-15T09:29:34.026850
34,6,9,0,0,0,2026-07-15T09:29:34.617895
34,6,10,0,0,0,2026-07-15T09:29:35.187111
34,7,1,4,0,4,2026-07-15T09:29:35.743190
34,7,2,4,0,4,2026-07-15T09:29:36.311539
34,7,3,4,0,4,2026-07-15T09:29:37.777074
34,7,4,4,0,4,2026-07-15T09:29:38.410750
34,7,5,4,0,4,2026-07-15T09:29:38.944243
34,7,6,4,0,4,2026-07-15T09:29:39.432483
34,7,7,4,0,4,2026-07-15T09:29:40.001155
34,7,8,4,0,4,2026-07-15T09:29:40.494071
34,7,9,4,0,4,2026-07-15T09:29:40.990390
34,7,10,4,0,4,2026-07-15T09:29:41.562477
34,8,1,0,0,0,2026-07-15T09:29:42.742462
34,8,2,0,0,0,2026-07-15T09:29:43.275343
34,8,3,0,0,0,2026-07-15T09:29:44.837898
34,8,4,0,0,0,2026-07-15T09:29:45.495205
34,8,5,0,0,0,2026-07-15T09:29:46.098172
34,8,6,0,0,0,2026-07-15T09:29:46.646844
34,8,7,0,0,0,2026-07-15T09:29:47.402055
34,8,8,0,0,0,2026-07-15T09:29:48.124606
34,8,9,0,0,0,2026-07-15T09:29:48.676477
34,8,10,0,0,0,2026-07-15T09:29:52.487909
34,9,1,4,0,4,2026-07-15T09:29:53.188292
34,9,2,4,0,4,2026-07-15T09:29:54.814185
34,9,3,5,0,5,2026-07-15T09:29:55.701068
34,9,4,5,0,5,2026-07-15T09:29:56.248203
34,9,5,4,0,4,2026-07-15T09:29:56.802086
34,9,6,4,0,4,2026-07-15T09:29:57.546039
34,9,7,5,0,5,2026-07-15T09:29:58.398129
34,9,8,4,0,4,2026-07-15T09:29:59.011514
34,9,9,4,0,4,2026-07-15T09:29:59.563729
34,9,10,5,0,5,2026-07-15T09:30:01.187497
35,1,1,3,0,3,2026-07-15T09:30:01.941610
35,1,2,3,0,3,2026-07-15T09:30:02.445795
35,1,3,2,0,2,2026-07-15T09:30:02.994000
35,1,4,3,0,3,2026-07-15T09:30:03.648725
35,1,5,3,0,3,2026-07-15T09:30:04.189491
35,1,6,3,0,3,2026-07-15T09:30:04.897329
35,1,7,3,0,3,2026-07-15T09:30:05.400006
35,1,8,3,0,3,2026-07-15T09:30:05.940873
35,1,9,3,0,3,2026-07-15T09:30:06.453049
35,1,10,3,0,3,2026-07-15T09:30:07.005999
35,2,1,2,0,2,2026-07-15T09:30:07.509699
35,2,2,2,0,2,2026-07-15T09:30:08.067488
35,2,3,2,0,2,2026-07-15T09:30:08.713793
35,2,4,2,0,2,2026-07-15T09:30:09.272900
35,2,5,2,0,2,2026-07-15T09:30:09.869314
35,2,6,2,0,2,2026-07-15T09:30:11.621571
35,2,7,2,0,2,2026-07-15T09:30:12.192605
35,2,8,2,0,2,2026-07-15T09:30:12.730110
35,2,9,2,0,2,2026-07-15T09:30:13.520550
35,2,10,2,0,2,2026-07-15T09:30:14.037689
35,3,1,2,0,2,2026-07-15T09:30:14.578781
35,3,2,2,0,2,2026-07-15T09:30:15.260779
35,3,3,2,0,2,2026-07-15T09:30:15.817555
35,3,4,2,0,2,2026-07-15T09:30:16.600936
35,3,5,2,0,2,2026-07-15T09:30:17.141552
35,3,6,2,0,2,2026-07-15T09:30:17.752994
35,3,7,2,0,2,2026-07-15T09:30:18.491365
35,3,8,2,0,2,2026-07-15T09:30:19.114772
35,3,9,2,0,2,2026-07-15T09:30:19.677379
35,3,10,2,0,2,2026-07-15T09:30:20.263313
35,4,1,1,0,1,2026-07-15T09:30:22.365699
35,4,2,1,0,1,2026-07-15T09:30:23.874774
35,4,3,1,0,1,2026-07-15T09:30:25.531359
35,4,4,1,0,1,2026-07-15T09:30:27.330428
35,4,5,1,0,1,2026-07-15T09:30:29.576687
35,4,6,1,0,1,2026-07-15T09:30:31.568006
35,4,7,1,0,1,2026-07-15T09:30:33.312806
35,4,8,1,0,1,2026-07-15T09:30:34.616970
35,4,9,1,0,1,2026-07-15T09:30:35.885328
35,4,10,1,0,1,2026-07-15T09:30:36.954936
35,5,1,2,0,2,2026-07-15T09:30:37.524944
35,5,2,2,0,2,2026-07-15T09:30:38.085063
35,5,3,2,0,2,2026-07-15T09:30:41.389705
35,5,4,2,0,2,2026-07-15T09:30:41.950635
35,5,5,2,0,2,2026-07-15T09:30:42.543759
35,5,6,2,0,2,2026-07-15T09:30:43.225387
35,5,7,2,0,2,2026-07-15T09:30:44.014737
35,5,8,2,0,2,2026-07-15T09:30:44.852099
35,5,9,2,0,2,2026-07-15T09:30:45.427463
35,5,10,2,0,2,2026-07-15T09:30:46.461352
35,6,1,2,0,2,2026-07-15T09:30:47.263354
35,6,2,2,0,2,2026-07-15T09:30:47.886678
35,6,3,2,0,2,2026-07-15T09:30:48.636094
35,6,4,2,0,2,2026-07-15T09:30:50.201439
35,6,5,2,0,2,2026-07-15T09:30:51.218576
35,6,6,2,0,2,2026-07-15T09:30:52.009144
35,6,7,2,0,2,2026-07-15T09:30:52.805222
35,6,8,2,0,2,2026-07-15T09:30:53.394579
35,6,9,2,0,2,2026-07-15T09:30:54.058844
35,6,10,2,0,2,2026-07-15T09:30:54.651563
35,7,1,4,0,4,2026-07-15T09:30:55.332787
35,7,2,4,0,4,2026-07-15T09:30:55.817421
35,7,3,4,0,4,2026-07-15T09:30:56.721853
35,7,4,4,0,4,2026-07-15T09:30:57.303698
35,7,5,4,0,4,2026-07-15T09:30:57.878841
35,7,6,4,0,4,2026-07-15T09:30:58.569083
35,7,7,4,0,4,2026-07-15T09:30:59.131150
35,7,8,4,0,4,2026-07-15T09:30:59.711546
35,7,9,4,0,4,2026-07-15T09:31:00.354564
35,7,10,4,0,4,2026-07-15T09:31:00.925644
35,8,1,2,0,2,2026-07-15T09:31:01.537112
35,8,2,2,0,2,2026-07-15T09:31:02.248475
35,8,3,2,0,2,2026-07-15T09:31:04.093997
35,8,4,2,0,2,2026-07-15T09:31:04.644291
35,8,5,2,0,2,2026-07-15T09:31:05.370467
35,8,6,2,0,2,2026-07-15T09:31:05.910003
35,8,7,2,0,2,2026-07-15T09:31:06.578329
35,8,8,2,0,2,2026-07-15T09:31:07.231937
35,8,9,2,0,2,2026-07-15T09:31:07.760836
35,8,10,2,0,2,2026-07-15T09:31:08.469461
35,9,1,4,0,4,2026-07-15T09:31:09.215449
35,9,2,4,0,4,2026-07-15T09:31:10.038464
35,9,3,4,0,4,2026-07-15T09:31:10.671940
35,9,4,4,0,4,2026-07-15T09:31:11.530199
35,9,5,4,0,4,2026-07-15T09:31:12.617043
35,9,6,4,0,4,2026-07-15T09:31:13.326578
35,9,7,4,0,4,2026-07-15T09:31:14.117303
35,9,8,4,0,4,2026-07-15T09:31:14.844079
35,9,9,4,0,4,2026-07-15T09:31:15.546505
35,9,10,4,0,4,2026-07-15T09:31:16.342344
36,1,1,3,0,3,2026-07-15T09:31:16.948344
36,1,2,3,0,3,2026-07-15T09:31:17.510930
36,1,3,3,0,3,2026-07-15T09:31:18.103066
36,1,4,3,0,3,2026-07-15T09:31:18.868335
36,1,5,3,0,3,2026-07-15T09:31:19.482237
36,1,6,3,0,3,2026-07-15T09:31:19.996012
36,1,7,3,0,3,2026-07-15T09:31:20.534487
36,1,8,3,0,3,2026-07-15T09:31:21.239480
36,1,9,3,0,3,2026-07-15T09:31:21.915769
36,1,10,3,0,3,2026-07-15T09:31:24.922197
36,2,1,2,0,2,2026-07-15T09:31:25.535372
36,2,2,2,0,2,2026-07-15T09:31:28.638761
36,2,3,2,0,2,2026-07-15T09:31:29.438405
36,2,4,2,0,2,2026-07-15T09:31:30.024445
36,2,5,2,0,2,2026-07-15T09:31:30.687722
36,2,6,2,0,2,2026-07-15T09:31:31.277002
36,2,7,2,0,2,2026-07-15T09:31:31.895474
36,2,8,2,0,2,2026-07-15T09:31:32.543556
36,2,9,2,0,2,2026-07-15T09:31:33.153913
36,2,10,2,0,2,2026-07-15T09:31:34.222322
36,3,1,3,0,3,2026-07-15T09:31:34.880796
36,3,2,3,0,3,2026-07-15T09:31:35.560304
36,3,3,3,0,3,2026-07-15T09:31:36.297354
36,3,4,3,0,3,2026-07-15T09:31:37.098807
36,3,5,3,0,3,2026-07-15T09:31:37.631600
36,3,6,3,0,3,2026-07-15T09:31:38.265645
36,3,7,3,0,3,2026-07-15T09:31:38.897517
36,3,8,3,0,3,2026-07-15T09:31:39.475894
36,3,9,3,0,3,2026-07-15T09:31:40.101470
36,3,10,3,0,3,2026-07-15T09:31:40.639894
36,4,1,0,0,0,2026-07-15T09:31:41.363449
36,4,2,0,0,0,2026-07-15T09:31:41.885722
36,4,3,0,0,0,2026-07-15T09:31:43.290885
36,4,4,0,0,0,2026-07-15T09:31:44.031825
36,4,5,0,0,0,2026-07-15T09:31:44.766973
36,4,6,0,0,0,2026-07-15T09:31:45.259813
36,4,7,0,0,0,2026-07-15T09:31:45.908988
36,4,8,0,0,0,2026-07-15T09:31:46.777257
36,4,9,0,0,0,2026-07-15T09:31:47.405736
36,4,10,0,0,0,2026-07-15T09:31:47.921175
36,5,1,2,0,2,2026-07-15T09:31:48.522853
36,5,2,2,0,2,2026-07-15T09:31:49.052082
36,5,3,3,0,3,2026-07-15T09:31:49.585027
36,5,4,2,0,2,2026-07-15T09:31:50.168489
36,5,5,2,0,2,2026-07-15T09:31:50.740142
36,5,6,2,0,2,2026-07-15T09:31:51.298531
36,5,7,2,0,2,2026-07-15T09:31:52.182585
36,5,8,2,0,2,2026-07-15T09:31:52.785909
36,5,9,2,0,2,2026-07-15T09:31:53.394301
36,5,10,2,0,2,2026-07-15T09:31:53.947927
36,6,1,2,0,2,2026-07-15T09:31:54.428934
36,6,2,2,0,2,2026-07-15T09:31:54.939712
36,6,3,2,0,2,2026-07-15T09:31:55.386020
36,6,4,2,0,2,2026-07-15T09:31:55.941678
36,6,5,2,0,2,2026-07-15T09:31:56.462604
36,6,6,2,0,2,2026-07-15T09:31:57.095742
36,6,7,2,0,2,2026-07-15T09:31:57.584842
36,6,8,2,0,2,2026-07-15T09:31:58.655055
36,6,9,2,0,2,2026-07-15T09:31:59.170293
36,6,10,2,0,2,2026-07-15T09:31:59.628472
36,7,1,4,0,4,2026-07-15T09:32:00.343370
36,7,2,4,0,4,2026-07-15T09:32:01.194012
36,7,3,4,0,4,2026-07-15T09:32:01.910643
36,7,4,4,0,4,2026-07-15T09:32:02.680388
36,7,5,4,0,4,2026-07-15T09:32:03.436080
36,7,6,4,0,4,2026-07-15T09:32:04.228785
36,7,7,4,0,4,2026-07-15T09:32:05.145472
36,7,8,4,0,4,2026-07-15T09:32:05.823434
36,7,9,4,0,4,2026-07-15T09:32:06.491651
36,7,10,4,0,4,2026-07-15T09:32:07.245706
36,8,1,2,0,2,2026-07-15T09:32:07.845986
36,8,2,2,0,2,2026-07-15T09:32:08.374771
36,8,3,2,0,2,2026-07-15T09:32:08.967844
36,8,4,2,0,2,2026-07-15T09:32:09.474301
36,8,5,2,0,2,2026-07-15T09:32:10.017692
36,8,6,2,0,2,2026-07-15T09:32:10.825532
36,8,7,2,0,2,2026-07-15T09:32:11.368281
36,8,8,2,0,2,2026-07-15T09:32:12.008450
36,8,9,2,0,2,2026-07-15T09:32:12.547158
36,8,10,2,0,2,2026-07-15T09:32:13.147443
36,9,1,4,0,4,2026-07-15T09:32:13.829164
36,9,2,4,0,4,2026-07-15T09:32:14.914841
36,9,3,4,0,4,2026-07-15T09:32:15.617036
36,9,4,4,0,4,2026-07-15T09:32:16.251921
36,9,5,4,0,4,2026-07-15T09:32:17.244517
36,9,6,4,0,4,2026-07-15T09:32:17.827708
36,9,7,4,0,4,2026-07-15T09:32:18.340075
36,9,8,4,0,4,2026-07-15T09:32:18.901400
36,9,9,4,0,4,2026-07-15T09:32:19.457029
36,9,10,4,0,4,2026-07-15T09:32:20.066423
37,1,1,3,0,3,2026-07-15T09:32:20.840025
37,1,2,3,0,3,2026-07-15T09:32:21.496177
37,1,3,3,0,3,2026-07-15T09:32:22.224639
37,1,4,3,0,3,2026-07-15T09:32:22.812716
37,1,5,3,0,3,2026-07-15T09:32:23.657124
37,1,6,3,0,3,2026-07-15T09:32:24.353596
37,1,7,3,0,3,2026-07-15T09:32:24.996725
37,1,8,3,0,3,2026-07-15T09:32:25.602340
37,1,9,3,0,3,2026-07-15T09:32:26.161578
37,1,10,3,0,3,2026-07-15T09:32:26.721106
37,2,1,1,0,1,2026-07-15T09:32:27.562785
37,2,2,1,0,1,2026-07-15T09:32:28.178391
37,2,3,1,0,1,2026-07-15T09:32:28.791456
37,2,4,1,0,1,2026-07-15T09:32:29.364629
37,2,5,1,0,1,2026-07-15T09:32:30.241560
37,2,6,1,0,1,2026-07-15T09:32:30.833404
37,2,7,1,0,1,2026-07-15T09:32:31.500811
37,2,8,1,0,1,2026-07-15T09:32:32.078045
37,2,9,1,0,1,2026-07-15T09:32:32.626895
37,2,10,1,0,1,2026-07-15T09:32:33.314894
37,3,1,3,0,3,2026-07-15T09:32:34.058790
37,3,2,3,0,3,2026-07-15T09:32:34.688439
37,3,3,3,0,3,2026-07-15T09:32:35.366532
37,3,4,3,0,3,2026-07-15T09:32:35.880871
37,3,5,3,0,3,2026-07-15T09:32:36.396944
37,3,6,3,0,3,2026-07-15T09:32:37.197497
37,3,7,3,0,3,2026-07-15T09:32:37.754002
37,3,8,3,0,3,2026-07-15T09:32:38.360274
37,3,9,3,0,3,2026-07-15T09:32:38.988364
37,3,10,3,0,3,2026-07-15T09:32:39.780789
37,4,1,1,0,1,2026-07-15T09:32:40.289774
37,4,2,1,0,1,2026-07-15T09:32:42.401251
37,4,3,1,0,1,2026-07-15T09:32:42.996476
37,4,4,1,0,1,2026-07-15T09:32:47.838829
37,4,5,1,0,1,2026-07-15T09:32:48.471774
37,4,6,1,0,1,2026-07-15T09:32:49.073993
37,4,7,1,0,1,2026-07-15T09:32:50.805420
37,4,8,1,0,1,2026-07-15T09:32:51.393109
37,4,9,1,0,1,2026-07-15T09:32:52.219145
37,4,10,1,0,1,2026-07-15T09:32:52.826264
37,5,1,3,0,3,2026-07-15T09:32:53.417427
37,5,2,3,0,3,2026-07-15T09:32:53.994569
37,5,3,3,0,3,2026-07-15T09:32:54.650560
37,5,4,3,0,3,2026-07-15T09:32:55.179257
37,5,5,3,0,3,2026-07-15T09:32:56.199732
37,5,6,3,0,3,2026-07-15T09:32:57.286520
37,5,7,3,0,3,2026-07-15T09:32:58.068581
37,5,8,3,0,3,2026-07-15T09:32:58.601348
37,5,9,3,0,3,2026-07-15T09:32:59.184846
37,5,10,3,0,3,2026-07-15T09:32:59.727556
37,6,1,0,0,0,2026-07-15T09:33:00.273221
37,6,2,1,0,1,2026-07-15T09:33:00.789048
37,6,3,0,0,0,2026-07-15T09:33:01.486175
37,6,4,0,0,0,2026-07-15T09:33:02.277358
37,6,5,1,0,1,2026-07-15T09:33:02.884604
37,6,6,0,0,0,2026-07-15T09:33:03.587388
37,6,7,1,0,1,2026-07-15T09:33:04.273026
37,6,8,0,0,0,2026-07-15T09:33:04.817889
37,6,9,1,0,1,2026-07-15T09:33:05.578401
37,6,10,0,0,0,2026-07-15T09:33:06.142672
37,7,1,4,0,4,2026-07-15T09:33:06.670970
37,7,2,4,0,4,2026-07-15T09:33:07.265639
37,7,3,4,0,4,2026-07-15T09:33:07.719301
37,7,4,4,0,4,2026-07-15T09:33:08.511397
37,7,5,4,0,4,2026-07-15T09:33:12.181925
37,7,6,4,0,4,2026-07-15T09:33:12.670044
37,7,7,4,0,4,2026-07-15T09:33:13.344233
37,7,8,4,0,4,2026-07-15T09:33:13.829158
37,7,9,4,0,4,2026-07-15T09:33:19.969066
37,7,10,4,0,4,2026-07-15T09:33:20.468683
37,8,1,1,0,1,2026-07-15T09:33:21.460123
37,8,2,1,0,1,2026-07-15T09:33:22.126636
37,8,3,1,0,1,2026-07-15T09:33:22.651198
37,8,4,1,0,1,2026-07-15T09:33:23.204093
37,8,5,1,0,1,2026-07-15T09:33:23.804714
37,8,6,1,0,1,2026-07-15T09:33:24.557977
37,8,7,1,0,1,2026-07-15T09:33:25.285123
37,8,8,1,0,1,2026-07-15T09:33:26.015336
37,8,9,1,0,1,2026-07-15T09:33:26.621130
37,8,10,1,0,1,2026-07-15T09:33:28.244306
37,9,1,5,0,5,2026-07-15T09:33:29.009311
37,9,2,5,0,5,2026-07-15T09:33:29.717218
37,9,3,5,0,5,2026-07-15T09:33:30.374848
37,9,4,5,0,5,2026-07-15T09:33:31.121117
37,9,5,5,0,5,2026-07-15T09:33:31.752102
37,9,6,5,0,5,2026-07-15T09:33:32.402356
37,9,7,5,0,5,2026-07-15T09:33:33.099143
37,9,8,5,0,5,2026-07-15T09:33:34.028882
37,9,9,5,0,5,2026-07-15T09:33:34.780773
37,9,10,5,0,5,2026-07-15T09:33:36.452980
38,1,1,3,0,3,2026-07-15T09:33:37.184153
38,1,2,3,0,3,2026-07-15T09:33:37.650991
38,1,3,4,0,4,2026-07-15T09:33:38.236987
38,1,4,4,0,4,2026-07-15T09:33:38.822855
38,1,5,4,0,4,2026-07-15T09:33:40.380329
38,1,6,3,0,3,2026-07-15T09:33:41.039120
38,1,7,4,0,4,2026-07-15T09:33:42.514460
38,1,8,4,0,4,2026-07-15T09:33:43.154829
38,1,9,4,0,4,2026-07-15T09:33:43.763502
38,1,10,4,0,4,2026-07-15T09:33:44.339358
38,2,1,2,0,2,2026-07-15T09:33:44.966682
38,2,2,2,0,2,2026-07-15T09:33:45.528844
38,2,3,2,0,2,2026-07-15T09:33:46.165684
38,2,4,2,0,2,2026-07-15T09:33:46.665134
38,2,5,2,0,2,2026-07-15T09:33:47.449509
38,2,6,2,0,2,2026-07-15T09:33:48.132574
38,2,7,2,0,2,2026-07-15T09:33:48.866418
38,2,8,2,0,2,2026-07-15T09:33:49.413881
38,2,9,2,0,2,2026-07-15T09:33:50.109014
38,2,10,2,0,2,2026-07-15T09:33:50.748431
38,3,1,2,0,2,2026-07-15T09:33:51.385601
38,3,2,3,0,3,2026-07-15T09:33:51.961305
38,3,3,3,0,3,2026-07-15T09:33:52.518172
38,3,4,3,0,3,2026-07-15T09:33:53.045987
38,3,5,2,0,2,2026-07-15T09:33:53.589454
38,3,6,3,0,3,2026-07-15T09:33:54.162288
38,3,7,3,0,3,2026-07-15T09:33:55.911985
38,3,8,2,0,2,2026-07-15T09:33:56.558241
38,3,9,3,0,3,2026-07-15T09:33:57.143299
38,3,10,2,0,2,2026-07-15T09:33:57.926672
38,4,1,0,0,0,2026-07-15T09:33:58.376312
38,4,2,0,0,0,2026-07-15T09:33:58.837200
38,4,3,0,0,0,2026-07-15T09:33:59.352453
38,4,4,0,0,0,2026-07-15T09:33:59.885014
38,4,5,0,0,0,2026-07-15T09:34:00.407133
38,4,6,0,0,0,2026-07-15T09:34:01.454525
38,4,7,0,0,0,2026-07-15T09:34:02.087037
38,4,8,0,0,0,2026-07-15T09:34:02.553768
38,4,9,0,0,0,2026-07-15T09:34:03.215920
38,4,10,0,0,0,2026-07-15T09:34:03.794784
38,5,1,3,0,3,2026-07-15T09:34:04.394158
38,5,2,3,0,3,2026-07-15T09:34:05.144807
38,5,3,3,0,3,2026-07-15T09:34:05.702065
38,5,4,3,0,3,2026-07-15T09:34:06.273471
38,5,5,3,0,3,2026-07-15T09:34:06.956421
38,5,6,3,0,3,2026-07-15T09:34:07.493435
38,5,7,3,0,3,2026-07-15T09:34:08.043155
38,5,8,3,0,3,2026-07-15T09:34:08.644825
38,5,9,3,0,3,2026-07-15T09:34:09.212814
38,5,10,3,0,3,2026-07-15T09:34:09.793251
38,6,1,1,0,1,2026-07-15T09:34:10.633898
38,6,2,1,0,1,2026-07-15T09:34:11.214583
38,6,3,1,0,1,2026-07-15T09:34:11.821124
38,6,4,1,0,1,2026-07-15T09:34:12.874367
38,6,5,1,0,1,2026-07-15T09:34:13.514505
38,6,6,1,0,1,2026-07-15T09:34:14.109874
38,6,7,1,0,1,2026-07-15T09:34:14.651131
38,6,8,1,0,1,2026-07-15T09:34:15.366079
38,6,9,0,0,0,2026-07-15T09:34:15.980876
38,6,10,1,0,1,2026-07-15T09:34:16.555245
38,7,1,4,0,4,2026-07-15T09:34:17.175766
38,7,2,4,0,4,2026-07-15T09:34:17.734930
38,7,3,4,0,4,2026-07-15T09:34:18.335586
38,7,4,4,0,4,2026-07-15T09:34:18.889940
38,7,5,4,0,4,2026-07-15T09:34:19.389339
38,7,6,4,0,4,2026-07-15T09:34:19.876307
38,7,7,4,0,4,2026-07-15T09:34:20.369564
38,7,8,4,0,4,2026-07-15T09:34:20.865059
38,7,9,4,0,4,2026-07-15T09:34:21.690253
38,7,10,4,0,4,2026-07-15T09:34:22.346610
38,8,1,2,0,2,2026-07-15T09:34:22.915060
38,8,2,2,0,2,2026-07-15T09:34:23.479529
38,8,3,2,0,2,2026-07-15T09:34:24.202417
38,8,4,2,0,2,2026-07-15T09:34:24.743339
38,8,5,2,0,2,2026-07-15T09:34:25.280393
38,8,6,2,0,2,2026-07-15T09:34:26.036749
38,8,7,2,0,2,2026-07-15T09:34:26.679868
38,8,8,2,0,2,2026-07-15T09:34:27.228669
38,8,9,2,0,2,2026-07-15T09:34:27.791528
38,8,10,2,0,2,2026-07-15T09:34:28.328290
38,9,1,5,0,5,2026-07-15T09:34:28.960441
38,9,2,5,0,5,2026-07-15T09:34:29.531180
38,9,3,5,0,5,2026-07-15T09:34:30.196113
38,9,4,5,0,5,2026-07-15T09:34:30.778322
38,9,5,5,0,5,2026-07-15T09:34:31.364472
38,9,6,5,0,5,2026-07-15T09:34:31.937011
38,9,7,5,0,5,2026-07-15T09:34:32.547576
38,9,8,5,0,5,2026-07-15T09:34:33.243002
38,9,9,5,0,5,2026-07-15T09:34:33.951531
38,9,10,5,0,5,2026-07-15T09:34:34.532068
39,1,1,3,0,3,2026-07-15T09:34:35.346029
39,1,2,3,0,3,2026-07-15T09:34:35.924997
39,1,3,3,0,3,2026-07-15T09:34:36.612362
39,1,4,3,0,3,2026-07-15T09:34:37.073873
39,1,5,3,0,3,2026-07-15T09:34:37.811664
39,1,6,3,0,3,2026-07-15T09:34:38.410152
39,1,7,3,0,3,2026-07-15T09:34:38.994318
39,1,8,3,0,3,2026-07-15T09:34:39.529241
39,1,9,3,0,3,2026-07-15T09:34:40.143017
39,1,10,3,0,3,2026-07-15T09:34:40.717845
39,2,1,2,0,2,2026-07-15T09:34:41.210043
39,2,2,2,0,2,2026-07-15T09:34:41.733743
39,2,3,2,0,2,2026-07-15T09:34:42.214902
39,2,4,2,0,2,2026-07-15T09:34:42.790667
39,2,5,2,0,2,2026-07-15T09:34:43.339267
39,2,6,2,0,2,2026-07-15T09:34:45.058046
39,2,7,2,0,2,2026-07-15T09:34:45.557473
39,2,8,2,0,2,2026-07-15T09:34:46.028313
39,2,9,2,0,2,2026-07-15T09:34:46.554665
39,2,10,2,0,2,2026-07-15T09:34:47.037731
39,3,1,2,0,2,2026-07-15T09:34:47.589460
39,3,2,2,0,2,2026-07-15T09:34:48.165914
39,3,3,3,0,3,2026-07-15T09:34:48.826954
39,3,4,3,0,3,2026-07-15T09:34:49.513091
39,3,5,2,0,2,2026-07-15T09:34:50.257625
39,3,6,3,0,3,2026-07-15T09:34:57.403516
39,3,7,3,0,3,2026-07-15T09:34:58.019601
39,3,8,3,0,3,2026-07-15T09:34:58.627815
39,3,9,2,0,2,2026-07-15T09:34:59.177312
39,3,10,2,0,2,2026-07-15T09:34:59.833648
39,4,1,1,0,1,2026-07-15T09:35:00.592488
39,4,2,1,0,1,2026-07-15T09:35:05.462557
39,4,3,1,0,1,2026-07-15T09:35:06.223756
39,4,4,1,0,1,2026-07-15T09:35:06.746909
39,4,5,1,0,1,2026-07-15T09:35:07.336867
39,4,6,1,0,1,2026-07-15T09:35:07.900502
39,4,7,1,0,1,2026-07-15T09:35:08.633956
39,4,8,1,0,1,2026-07-15T09:35:09.322064
39,4,9,1,0,1,2026-07-15T09:35:09.868329
39,4,10,1,0,1,2026-07-15T09:35:10.559007
39,5,1,3,0,3,2026-07-15T09:35:11.176265
39,5,2,3,0,3,2026-07-15T09:35:11.761651
39,5,3,3,0,3,2026-07-15T09:35:12.334452
39,5,4,3,0,3,2026-07-15T09:35:12.837148
39,5,5,3,0,3,2026-07-15T09:35:13.426825
39,5,6,3,0,3,2026-07-15T09:35:13.994592
39,5,7,3,0,3,2026-07-15T09:35:14.624065
39,5,8,3,0,3,2026-07-15T09:35:15.223015
39,5,9,3,0,3,2026-07-15T09:35:15.755368
39,5,10,3,0,3,2026-07-15T09:35:16.392142
39,6,1,1,0,1,2026-07-15T09:35:17.182290
39,6,2,1,0,1,2026-07-15T09:35:17.970663
39,6,3,1,0,1,2026-07-15T09:35:18.583113
39,6,4,1,0,1,2026-07-15T09:35:19.138037
39,6,5,1,0,1,2026-07-15T09:35:19.762633
39,6,6,1,0,1,2026-07-15T09:35:20.276093
39,6,7,1,0,1,2026-07-15T09:35:20.823494
39,6,8,1,0,1,2026-07-15T09:35:21.333392
39,6,9,1,0,1,2026-07-15T09:35:21.913840
39,6,10,1,0,1,2026-07-15T09:35:22.665402
39,7,1,4,0,4,2026-07-15T09:35:23.204879
39,7,2,4,0,4,2026-07-15T09:35:23.721409
39,7,3,4,0,4,2026-07-15T09:35:24.295367
39,7,4,4,0,4,2026-07-15T09:35:24.863774
39,7,5,4,0,4,2026-07-15T09:35:25.462188
39,7,6,4,0,4,2026-07-15T09:35:26.313795
39,7,7,4,0,4,2026-07-15T09:35:27.029854
39,7,8,4,0,4,2026-07-15T09:35:27.862414
39,7,9,4,0,4,2026-07-15T09:35:28.515688
39,7,10,4,0,4,2026-07-15T09:35:29.743918
39,8,1,3,0,3,2026-07-15T09:35:31.738679
39,8,2,3,0,3,2026-07-15T09:35:33.163796
39,8,3,3,0,3,2026-07-15T09:35:34.329579
39,8,4,3,0,3,2026-07-15T09:35:35.643349
39,8,5,3,0,3,2026-07-15T09:35:37.069608
39,8,6,3,0,3,2026-07-15T09:35:39.148964
39,8,7,3,0,3,2026-07-15T09:35:41.369001
39,8,8,3,0,3,2026-07-15T09:35:44.034687
39,8,9,3,0,3,2026-07-15T09:35:46.770436
39,8,10,3,0,3,2026-07-15T09:35:49.524470
39,9,1,4,0,4,2026-07-15T09:35:50.427806
39,9,2,4,0,4,2026-07-15T09:35:51.172061
39,9,3,4,0,4,2026-07-15T09:35:51.994577
39,9,4,4,0,4,2026-07-15T09:35:52.819645
39,9,5,4,0,4,2026-07-15T09:35:53.656396
39,9,6,4,0,4,2026-07-15T09:35:54.406155
39,9,7,4,0,4,2026-07-15T09:35:55.081402
39,9,8,4,0,4,2026-07-15T09:35:55.746945
39,9,9,4,0,4,2026-07-15T09:35:56.468347
39,9,10,4,0,4,2026-07-15T09:35:57.250779
40,1,1,2,0,2,2026-07-15T09:35:57.854733
40,1,2,2,0,2,2026-07-15T09:35:58.377331
40,1,3,2,0,2,2026-07-15T09:35:59.079890
40,1,4,2,0,2,2026-07-15T09:35:59.785330
40,1,5,3,0,3,2026-07-15T09:36:00.359246
40,1,6,3,0,3,2026-07-15T09:36:00.960986
40,1,7,3,0,3,2026-07-15T09:36:01.484027
40,1,8,2,0,2,2026-07-15T09:36:02.182602
40,1,9,3,0,3,2026-07-15T09:36:02.745346
40,1,10,3,0,3,2026-07-15T09:36:03.307130
40,2,1,1,0,1,2026-07-15T09:36:04.077514
40,2,2,1,0,1,2026-07-15T09:36:04.615013
40,2,3,1,0,1,2026-07-15T09:36:05.175902
40,2,4,1,0,1,2026-07-15T09:36:05.751239
40,2,5,1,0,1,2026-07-15T09:36:06.588353
40,2,6,1,0,1,2026-07-15T09:36:07.237236
40,2,7,1,0,1,2026-07-15T09:36:08.106911
40,2,8,1,0,1,2026-07-15T09:36:08.732406
40,2,9,1,0,1,2026-07-15T09:36:09.481237
40,2,10,1,0,1,2026-07-15T09:36:10.018612
40,3,1,2,0,2,2026-07-15T09:36:10.557554
40,3,2,2,0,2,2026-07-15T09:36:11.178380
40,3,3,2,0,2,2026-07-15T09:36:11.956668
40,3,4,2,0,2,2026-07-15T09:36:12.801803
40,3,5,2,0,2,2026-07-15T09:36:13.731365
40,3,6,2,0,2,2026-07-15T09:36:14.278895
40,3,7,2,0,2,2026-07-15T09:36:15.119332
40,3,8,2,0,2,2026-07-15T09:36:15.690281
40,3,9,2,0,2,2026-07-15T09:36:16.595983
40,3,10,2,0,2,2026-07-15T09:36:17.441459
40,4,1,0,0,0,2026-07-15T09:36:18.529408
40,4,2,0,0,0,2026-07-15T09:36:19.061807
40,4,3,0,0,0,2026-07-15T09:36:19.799054
40,4,4,0,0,0,2026-07-15T09:36:20.315121
40,4,5,0,0,0,2026-07-15T09:36:20.826835
40,4,6,0,0,0,2026-07-15T09:36:21.321003
40,4,7,0,0,0,2026-07-15T09:36:21.983946
40,4,8,0,0,0,2026-07-15T09:36:22.662324
40,4,9,0,0,0,2026-07-15T09:36:23.168790
40,4,10,0,0,0,2026-07-15T09:36:23.649688
40,5,1,2,0,2,2026-07-15T09:36:24.301503
40,5,2,3,0,3,2026-07-15T09:36:24.970041
40,5,3,2,0,2,2026-07-15T09:36:25.747954
40,5,4,3,0,3,2026-07-15T09:36:26.276475
40,5,5,3,0,3,2026-07-15T09:36:26.842876
40,5,6,3,0,3,2026-07-15T09:36:27.446500
40,5,7,3,0,3,2026-07-15T09:36:28.075553
40,5,8,3,0,3,2026-07-15T09:36:28.656209
40,5,9,3,0,3,2026-07-15T09:36:29.258443
40,5,10,3,0,3,2026-07-15T09:36:29.805172
40,6,1,0,0,0,2026-07-15T09:36:30.301981
40,6,2,0,0,0,2026-07-15T09:36:30.862673
40,6,3,0,0,0,2026-07-15T09:36:31.489566
40,6,4,0,0,0,2026-07-15T09:36:32.025145
40,6,5,0,0,0,2026-07-15T09:36:32.552397
40,6,6,0,0,0,2026-07-15T09:36:33.333850
40,6,7,0,0,0,2026-07-15T09:36:33.936518
40,6,8,0,0,0,2026-07-15T09:36:34.498189
40,6,9,0,0,0,2026-07-15T09:36:35.085251
40,6,10,0,0,0,2026-07-15T09:36:35.594292
40,7,1,4,0,4,2026-07-15T09:36:41.066804
40,7,2,4,0,4,2026-07-15T09:36:41.688897
40,7,3,3,0,3,2026-07-15T09:36:42.191545
40,7,4,3,0,3,2026-07-15T09:36:42.753279
40,7,5,4,0,4,2026-07-15T09:36:43.266440
40,7,6,4,0,4,2026-07-15T09:36:43.716420
40,7,7,4,0,4,2026-07-15T09:36:44.623423
40,7,8,4,0,4,2026-07-15T09:36:45.510799
40,7,9,4,0,4,2026-07-15T09:36:46.356732
40,7,10,4,0,4,2026-07-15T09:36:46.863593
40,8,1,1,0,1,2026-07-15T09:36:47.669582
40,8,2,1,0,1,2026-07-15T09:36:48.377043
40,8,3,1,0,1,2026-07-15T09:36:49.082442
40,8,4,1,0,1,2026-07-15T09:36:49.862776
40,8,5,1,0,1,2026-07-15T09:36:50.535084
40,8,6,2,0,2,2026-07-15T09:36:51.235093
40,8,7,1,0,1,2026-07-15T09:36:51.991086
40,8,8,2,0,2,2026-07-15T09:36:52.803186
40,8,9,1,0,1,2026-07-15T09:36:53.548967
40,8,10,2,0,2,2026-07-15T09:36:55.395418
40,9,1,4,0,4,2026-07-15T09:36:55.914403
40,9,2,4,0,4,2026-07-15T09:36:56.417629
40,9,3,4,0,4,2026-07-15T09:36:57.056804
40,9,4,4,0,4,2026-07-15T09:36:57.656242
40,9,5,4,0,4,2026-07-15T09:36:58.303176
40,9,6,4,0,4,2026-07-15T09:36:58.945886
40,9,7,4,0,4,2026-07-15T09:36:59.629892
40,9,8,4,0,4,2026-07-15T09:37:00.235388
40,9,9,4,0,4,2026-07-15T09:37:01.325522
40,9,10,4,0,4,2026-07-15T09:37:02.151393
41,1,1,4,0,4,2026-07-15T09:37:02.727727
41,1,2,4,0,4,2026-07-15T09:37:03.315421
41,1,3,4,0,4,2026-07-15T09:37:03.996744
41,1,4,4,0,4,2026-07-15T09:37:04.533728
41,1,5,4,0,4,2026-07-15T09:37:05.130127
41,1,6,4,0,4,2026-07-15T09:37:05.659959
41,1,7,4,0,4,2026-07-15T09:37:06.209007
41,1,8,4,0,4,2026-07-15T09:37:06.708622
41,1,9,4,0,4,2026-07-15T09:37:07.268364
41,1,10,4,0,4,2026-07-15T09:37:09.080791
41,2,1,2,0,2,2026-07-15T09:37:10.790785
41,2,2,2,0,2,2026-07-15T09:37:11.330361
41,2,3,2,0,2,2026-07-15T09:37:11.936302
41,2,4,2,0,2,2026-07-15T09:37:12.850850
41,2,5,2,0,2,2026-07-15T09:37:13.645721
41,2,6,2,0,2,2026-07-15T09:37:14.231323
41,2,7,2,0,2,2026-07-15T09:37:14.817604
41,2,8,2,0,2,2026-07-15T09:37:15.532770
41,2,9,2,0,2,2026-07-15T09:37:16.096363
41,2,10,2,0,2,2026-07-15T09:37:16.820294
41,3,1,3,0,3,2026-07-15T09:37:17.438399
41,3,2,3,0,3,2026-07-15T09:37:18.067442
41,3,3,3,0,3,2026-07-15T09:37:18.595181
41,3,4,3,0,3,2026-07-15T09:37:19.204070
41,3,5,3,0,3,2026-07-15T09:37:21.417445
41,3,6,3,0,3,2026-07-15T09:37:22.017605
41,3,7,3,0,3,2026-07-15T09:37:22.667428
41,3,8,3,0,3,2026-07-15T09:37:24.207244
41,3,9,3,0,3,2026-07-15T09:37:24.851382
41,3,10,3,0,3,2026-07-15T09:37:25.416815
41,4,1,1,0,1,2026-07-15T09:37:26.104398
41,4,2,1,0,1,2026-07-15T09:37:26.848540
41,4,3,1,0,1,2026-07-15T09:37:27.933210
41,4,4,1,0,1,2026-07-15T09:37:28.658259
41,4,5,1,0,1,2026-07-15T09:37:29.404833
41,4,6,1,0,1,2026-07-15T09:37:30.176990
41,4,7,1,0,1,2026-07-15T09:37:30.934950
41,4,8,1,0,1,2026-07-15T09:37:31.605832
41,4,9,1,0,1,2026-07-15T09:37:32.295592
41,4,10,1,0,1,2026-07-15T09:37:33.048161
41,5,1,3,0,3,2026-07-15T09:37:34.122040
41,5,2,3,0,3,2026-07-15T09:37:34.715740
41,5,3,3,0,3,2026-07-15T09:37:39.892610
41,5,4,3,0,3,2026-07-15T09:37:44.910738
41,5,5,3,0,3,2026-07-15T09:37:45.483642
41,5,6,3,0,3,2026-07-15T09:37:46.039427
41,5,7,3,0,3,2026-07-15T09:37:46.631196
41,5,8,3,0,3,2026-07-15T09:37:47.199526
41,5,9,3,0,3,2026-07-15T09:37:47.716787
41,5,10,3,0,3,2026-07-15T09:37:48.295154
41,6,1,0,0,0,2026-07-15T09:37:48.903142
41,6,2,0,0,0,2026-07-15T09:37:49.541750
41,6,3,0,0,0,2026-07-15T09:37:50.197720
41,6,4,0,0,0,2026-07-15T09:37:50.783245
41,6,5,0,0,0,2026-07-15T09:37:51.344560
41,6,6,0,0,0,2026-07-15T09:37:51.964729
41,6,7,0,0,0,2026-07-15T09:37:52.847507
41,6,8,0,0,0,2026-07-15T09:37:53.388739
41,6,9,0,0,0,2026-07-15T09:37:54.292929
41,6,10,0,0,0,2026-07-15T09:37:54.907208
41,7,1,4,0,4,2026-07-15T09:37:55.397577
41,7,2,4,0,4,2026-07-15T09:37:55.922381
41,7,3,4,0,4,2026-07-15T09:37:56.677634
41,7,4,4,0,4,2026-07-15T09:37:57.224915
41,7,5,4,0,4,2026-07-15T09:37:57.906705
41,7,6,4,0,4,2026-07-15T09:37:58.418777
41,7,7,4,0,4,2026-07-15T09:37:59.023792
41,7,8,4,0,4,2026-07-15T09:37:59.745244
41,7,9,4,0,4,2026-07-15T09:38:00.242854
41,7,10,4,0,4,2026-07-15T09:38:00.792916
41,8,1,2,0,2,2026-07-15T09:38:01.502466
41,8,2,2,0,2,2026-07-15T09:38:02.228378
41,8,3,2,0,2,2026-07-15T09:38:02.940319
41,8,4,2,0,2,2026-07-15T09:38:03.634444
41,8,5,2,0,2,2026-07-15T09:38:04.257664
41,8,6,2,0,2,2026-07-15T09:38:04.969813
41,8,7,2,0,2,2026-07-15T09:38:06.913523
41,8,8,2,0,2,2026-07-15T09:38:07.725748
41,8,9,2,0,2,2026-07-15T09:38:14.374164
41,8,10,2,0,2,2026-07-15T09:38:18.838205
41,9,1,4,0,4,2026-07-15T09:38:19.481818
41,9,2,4,0,4,2026-07-15T09:38:20.130242
41,9,3,4,0,4,2026-07-15T09:38:20.946667
41,9,4,4,0,4,2026-07-15T09:38:21.809824
41,9,5,4,0,4,2026-07-15T09:38:22.544196
41,9,6,4,0,4,2026-07-15T09:38:23.205050
41,9,7,4,0,4,2026-07-15T09:38:23.850363
41,9,8,4,0,4,2026-07-15T09:38:24.581288
41,9,9,4,0,4,2026-07-15T09:38:25.383645
41,9,10,4,0,4,2026-07-15T09:38:26.193392
42,1,1,3,0,3,2026-07-15T09:38:26.868409
42,1,2,2,0,2,2026-07-15T09:38:27.372073
42,1,3,2,0,2,2026-07-15T09:38:28.762948
42,1,4,3,0,3,2026-07-15T09:38:29.356713
42,1,5,3,0,3,2026-07-15T09:38:29.911230
42,1,6,3,0,3,2026-07-15T09:38:30.482101
42,1,7,3,0,3,2026-07-15T09:38:31.022884
42,1,8,2,0,2,2026-07-15T09:38:31.784432
42,1,9,2,0,2,2026-07-15T09:38:32.472510
42,1,10,3,0,3,2026-07-15T09:38:33.230857
42,2,1,2,0,2,2026-07-15T09:38:33.831591
42,2,2,2,0,2,2026-07-15T09:38:34.559031
42,2,3,2,0,2,2026-07-15T09:38:35.211515
42,2,4,2,0,2,2026-07-15T09:38:35.860886
42,2,5,2,0,2,2026-07-15T09:38:36.485043
42,2,6,2,0,2,2026-07-15T09:38:37.163408
42,2,7,2,0,2,2026-07-15T09:38:38.110520
42,2,8,2,0,2,2026-07-15T09:38:38.719629
42,2,9,2,0,2,2026-07-15T09:38:39.355799
42,2,10,2,0,2,2026-07-15T09:38:40.052442
42,3,1,2,0,2,2026-07-15T09:38:40.651289
42,3,2,2,0,2,2026-07-15T09:38:41.245787
42,3,3,2,0,2,2026-07-15T09:38:41.875155
42,3,4,2,0,2,2026-07-15T09:38:42.468061
42,3,5,2,0,2,2026-07-15T09:38:43.090340
42,3,6,2,0,2,2026-07-15T09:38:43.688480
42,3,7,2,0,2,2026-07-15T09:38:44.334858
42,3,8,2,0,2,2026-07-15T09:38:45.151449
42,3,9,2,0,2,2026-07-15T09:38:46.350702
42,3,10,2,0,2,2026-07-15T09:38:47.046358
42,4,1,0,0,0,2026-07-15T09:38:47.689649
42,4,2,0,0,0,2026-07-15T09:38:50.746025
42,4,3,0,0,0,2026-07-15T09:38:51.245421
42,4,4,0,0,0,2026-07-15T09:38:51.773914
42,4,5,0,0,0,2026-07-15T09:38:52.447234
42,4,6,0,0,0,2026-07-15T09:38:53.026333
42,4,7,0,0,0,2026-07-15T09:38:53.575242
42,4,8,0,0,0,2026-07-15T09:38:54.218501
42,4,9,0,0,0,2026-07-15T09:38:55.475489
42,4,10,0,0,0,2026-07-15T09:38:56.100228
42,5,1,4,0,4,2026-07-15T09:38:56.653131
42,5,2,4,0,4,2026-07-15T09:38:57.209287
42,5,3,4,0,4,2026-07-15T09:38:57.821833
42,5,4,4,0,4,2026-07-15T09:38:59.393895
42,5,5,4,0,4,2026-07-15T09:39:00.161763
42,5,6,4,0,4,2026-07-15T09:39:00.771910
42,5,7,4,0,4,2026-07-15T09:39:01.293280
42,5,8,4,0,4,2026-07-15T09:39:01.977109
42,5,9,4,0,4,2026-07-15T09:39:02.589062
42,5,10,4,0,4,2026-07-15T09:39:03.219681
42,6,1,1,0,1,2026-07-15T09:39:04.001708
42,6,2,0,0,0,2026-07-15T09:39:04.696641
42,6,3,1,0,1,2026-07-15T09:39:05.531848
42,6,4,0,0,0,2026-07-15T09:39:06.285294
42,6,5,0,0,0,2026-07-15T09:39:07.089920
42,6,6,0,0,0,2026-07-15T09:39:07.848131
42,6,7,0,0,0,2026-07-15T09:39:10.007223
42,6,8,0,0,0,2026-07-15T09:39:10.777153
42,6,9,0,0,0,2026-07-15T09:39:12.930343
42,6,10,1,0,1,2026-07-15T09:39:13.730824
42,7,1,4,0,4,2026-07-15T09:39:14.362785
42,7,2,4,0,4,2026-07-15T09:39:14.917505
42,7,3,4,0,4,2026-07-15T09:39:15.481782
42,7,4,4,0,4,2026-07-15T09:39:16.050916
42,7,5,4,0,4,2026-07-15T09:39:16.779451
42,7,6,4,0,4,2026-07-15T09:39:17.491275
42,7,7,4,0,4,2026-07-15T09:39:18.073446
42,7,8,4,0,4,2026-07-15T09:39:18.823057
42,7,9,4,0,4,2026-07-15T09:39:19.425925
42,7,10,4,0,4,2026-07-15T09:39:19.952142
42,8,1,2,0,2,2026-07-15T09:39:20.531292
42,8,2,2,0,2,2026-07-15T09:39:21.242814
42,8,3,2,0,2,2026-07-15T09:39:21.894149
42,8,4,2,0,2,2026-07-15T09:39:22.434430
42,8,5,2,0,2,2026-07-15T09:39:23.054352
42,8,6,2,0,2,2026-07-15T09:39:23.660909
42,8,7,2,0,2,2026-07-15T09:39:24.174093
42,8,8,2,0,2,2026-07-15T09:39:25.153386
42,8,9,2,0,2,2026-07-15T09:39:25.758891
42,8,10,2,0,2,2026-07-15T09:39:26.373947
42,9,1,4,0,4,2026-07-15T09:39:26.970232
42,9,2,4,0,4,2026-07-15T09:39:27.522720
42,9,3,4,0,4,2026-07-15T09:39:27.997999
42,9,4,4,0,4,2026-07-15T09:39:29.179277
42,9,5,4,0,4,2026-07-15T09:39:29.776533
42,9,6,4,0,4,2026-07-15T09:39:31.043710
42,9,7,4,0,4,2026-07-15T09:39:31.560106
42,9,8,4,0,4,2026-07-15T09:39:32.087191
42,9,9,4,0,4,2026-07-15T09:39:35.455862
42,9,10,4,0,4,2026-07-15T09:39:36.046799
43,1,1,3,0,3,2026-07-15T09:39:36.742203
43,1,2,3,0,3,2026-07-15T09:39:37.508012
43,1,3,3,0,3,2026-07-15T09:39:38.246951
43,1,4,3,0,3,2026-07-15T09:39:38.989221
43,1,5,3,0,3,2026-07-15T09:39:39.849966
43,1,6,3,0,3,2026-07-15T09:39:40.583912
43,1,7,3,0,3,2026-07-15T09:39:41.292161
43,1,8,3,0,3,2026-07-15T09:39:42.008749
43,1,9,3,0,3,2026-07-15T09:39:43.264231
43,1,10,3,0,3,2026-07-15T09:39:48.928813
43,2,1,2,0,2,2026-07-15T09:39:49.430042
43,2,2,2,0,2,2026-07-15T09:39:49.937612
43,2,3,2,0,2,2026-07-15T09:39:50.585005
43,2,4,2,0,2,2026-07-15T09:39:51.271761
43,2,5,2,0,2,2026-07-15T09:39:51.806429
43,2,6,2,0,2,2026-07-15T09:39:52.438620
43,2,7,2,0,2,2026-07-15T09:39:52.976226
43,2,8,2,0,2,2026-07-15T09:39:53.511832
43,2,9,2,0,2,2026-07-15T09:39:54.017159
43,2,10,2,0,2,2026-07-15T09:39:54.622482
43,3,1,3,0,3,2026-07-15T09:39:55.144497
43,3,2,3,0,3,2026-07-15T09:39:55.725018
43,3,3,3,0,3,2026-07-15T09:39:56.302519
43,3,4,3,0,3,2026-07-15T09:39:56.851257
43,3,5,2,0,2,2026-07-15T09:39:57.543615
43,3,6,2,0,2,2026-07-15T09:39:58.086326
43,3,7,2,0,2,2026-07-15T09:39:58.634899
43,3,8,3,0,3,2026-07-15T09:39:59.405126
43,3,9,3,0,3,2026-07-15T09:39:59.987806
43,3,10,3,0,3,2026-07-15T09:40:00.490832
43,4,1,2,0,2,2026-07-15T09:40:00.981081
43,4,2,1,0,1,2026-07-15T09:40:01.648873
43,4,3,1,0,1,2026-07-15T09:40:02.141533
43,4,4,1,0,1,2026-07-15T09:40:02.650029
43,4,5,1,0,1,2026-07-15T09:40:03.672286
43,4,6,1,0,1,2026-07-15T09:40:04.214659
43,4,7,1,0,1,2026-07-15T09:40:04.885480
43,4,8,1,0,1,2026-07-15T09:40:05.427671
43,4,9,2,0,2,2026-07-15T09:40:05.946372
43,4,10,2,0,2,2026-07-15T09:40:06.666938
43,5,1,3,0,3,2026-07-15T09:40:07.288517
43,5,2,3,0,3,2026-07-15T09:40:08.358887
43,5,3,3,0,3,2026-07-15T09:40:09.060212
43,5,4,3,0,3,2026-07-15T09:40:10.505123
43,5,5,3,0,3,2026-07-15T09:40:11.448239
43,5,6,3,0,3,2026-07-15T09:40:12.345784
43,5,7,3,0,3,2026-07-15T09:40:13.221118
43,5,8,3,0,3,2026-07-15T09:40:14.016419
43,5,9,4,0,4,2026-07-15T09:40:14.715861
43,5,10,4,0,4,2026-07-15T09:40:15.274244
43,6,1,0,0,0,2026-07-15T09:40:15.912678
43,6,2,0,0,0,2026-07-15T09:40:16.718086
43,6,3,2,0,2,2026-07-15T09:40:17.671792
43,6,4,0,0,0,2026-07-15T09:40:18.511137
43,6,5,2,0,2,2026-07-15T09:40:20.102683
43,6,6,0,0,0,2026-07-15T09:40:20.813145
43,6,7,2,0,2,2026-07-15T09:40:22.018648
43,6,8,0,0,0,2026-07-15T09:40:22.559447
43,6,9,0,0,0,2026-07-15T09:40:23.200867
43,6,10,0,0,0,2026-07-15T09:40:23.816700
43,7,1,3,0,3,2026-07-15T09:40:24.412598
43,7,2,3,0,3,2026-07-15T09:40:25.363805
43,7,3,3,0,3,2026-07-15T09:40:25.932362
43,7,4,3,0,3,2026-07-15T09:40:26.619176
43,7,5,3,0,3,2026-07-15T09:40:27.374310
43,7,6,3,0,3,2026-07-15T09:40:27.894950
43,7,7,3,0,3,2026-07-15T09:40:29.068144
43,7,8,3,0,3,2026-07-15T09:40:29.764805
43,7,9,3,0,3,2026-07-15T09:40:30.409904
43,7,10,3,0,3,2026-07-15T09:40:30.945246
43,8,1,3,0,3,2026-07-15T09:40:31.581586
43,8,2,3,0,3,2026-07-15T09:40:32.062682
43,8,3,3,0,3,2026-07-15T09:40:32.738040
43,8,4,3,0,3,2026-07-15T09:40:33.265691
43,8,5,3,0,3,2026-07-15T09:40:34.090442
43,8,6,3,0,3,2026-07-15T09:40:34.694857
43,8,7,3,0,3,2026-07-15T09:40:35.654116
43,8,8,3,0,3,2026-07-15T09:40:36.202094
43,8,9,3,0,3,2026-07-15T09:40:37.364191
43,8,10,3,0,3,2026-07-15T09:40:37.910080
43,9,1,4,0,4,2026-07-15T09:40:38.585624
43,9,2,4,0,4,2026-07-15T09:40:39.100751
43,9,3,4,0,4,2026-07-15T09:40:39.697882
43,9,4,4,0,4,2026-07-15T09:40:40.314140
43,9,5,4,0,4,2026-07-15T09:40:40.980526
43,9,6,4,0,4,2026-07-15T09:40:42.601134
43,9,7,4,0,4,2026-07-15T09:40:43.500320
43,9,8,4,0,4,2026-07-15T09:40:44.189907
43,9,9,4,0,4,2026-07-15T09:40:44.718709
43,9,10,4,0,4,2026-07-15T09:40:45.336235
44,1,1,3,0,3,2026-07-15T09:40:45.907014
44,1,2,3,0,3,2026-07-15T09:40:46.753030
44,1,3,3,0,3,2026-07-15T09:40:47.252104
44,1,4,3,0,3,2026-07-15T09:40:47.942735
44,1,5,3,0,3,2026-07-15T09:40:48.488384
44,1,6,3,0,3,2026-07-15T09:40:49.257325
44,1,7,3,0,3,2026-07-15T09:40:49.858785
44,1,8,3,0,3,2026-07-15T09:40:50.541917
44,1,9,3,0,3,2026-07-15T09:40:51.170819
44,1,10,3,0,3,2026-07-15T09:40:51.777624
44,2,1,2,0,2,2026-07-15T09:40:52.386676
44,2,2,2,0,2,2026-07-15T09:40:52.915535
44,2,3,2,0,2,2026-07-15T09:40:53.447210
44,2,4,2,0,2,2026-07-15T09:40:54.068494
44,2,5,2,0,2,2026-07-15T09:40:54.660101
44,2,6,2,0,2,2026-07-15T09:40:55.259044
44,2,7,2,0,2,2026-07-15T09:40:56.044646
44,2,8,2,0,2,2026-07-15T09:40:56.894541
44,2,9,2,0,2,2026-07-15T09:40:57.559538
44,2,10,2,0,2,2026-07-15T09:40:58.135908
44,3,1,2,0,2,2026-07-15T09:41:00.435430
44,3,2,2,0,2,2026-07-15T09:41:02.871505
44,3,3,2,0,2,2026-07-15T09:41:04.948862
44,3,4,2,0,2,2026-07-15T09:41:07.079939
44,3,5,2,0,2,2026-07-15T09:41:08.367018
44,3,6,2,0,2,2026-07-15T09:41:08.912300
44,3,7,3,0,3,2026-07-15T09:41:09.417918
44,3,8,2,0,2,2026-07-15T09:41:09.989083
44,3,9,2,0,2,2026-07-15T09:41:10.690922
44,3,10,2,0,2,2026-07-15T09:41:11.199461
44,4,1,0,0,0,2026-07-15T09:41:11.784666
44,4,2,0,0,0,2026-07-15T09:41:12.343001
44,4,3,0,0,0,2026-07-15T09:41:13.145593
44,4,4,0,0,0,2026-07-15T09:41:13.710805
44,4,5,0,0,0,2026-07-15T09:41:14.467148
44,4,6,0,0,0,2026-07-15T09:41:15.036806
44,4,7,0,0,0,2026-07-15T09:41:15.722120
44,4,8,0,0,0,2026-07-15T09:41:16.577612
44,4,9,0,0,0,2026-07-15T09:41:17.143201
44,4,10,0,0,0,2026-07-15T09:41:17.653785
44,5,1,3,0,3,2026-07-15T09:41:18.557048
44,5,2,2,0,2,2026-07-15T09:41:19.696487
44,5,3,3,0,3,2026-07-15T09:41:20.922544
44,5,4,2,0,2,2026-07-15T09:41:21.931952
44,5,5,3,0,3,2026-07-15T09:41:22.883784
44,5,6,3,0,3,2026-07-15T09:41:23.481537
44,5,7,2,0,2,2026-07-15T09:41:24.246310
44,5,8,3,0,3,2026-07-15T09:41:24.882497
44,5,9,2,0,2,2026-07-15T09:41:25.497465
44,5,10,3,0,3,2026-07-15T09:41:27.628511
44,6,1,0,0,0,2026-07-15T09:41:30.447215
44,6,2,0,0,0,2026-07-15T09:41:32.084447
44,6,3,0,0,0,2026-07-15T09:41:33.031030
44,6,4,0,0,0,2026-07-15T09:41:33.585851
44,6,5,1,0,1,2026-07-15T09:41:34.276339
44,6,6,0,0,0,2026-07-15T09:41:35.280285
44,6,7,1,0,1,2026-07-15T09:41:36.145517
44,6,8,1,0,1,2026-07-15T09:41:36.699178
44,6,9,1,0,1,2026-07-15T09:41:37.194959
44,6,10,1,0,1,2026-07-15T09:41:37.744772
44,7,1,5,0,5,2026-07-15T09:41:38.352415
44,7,2,5,0,5,2026-07-15T09:41:38.979842
44,7,3,5,0,5,2026-07-15T09:41:39.616705
44,7,4,5,0,5,2026-07-15T09:41:40.169705
44,7,5,5,0,5,2026-07-15T09:41:40.836221
44,7,6,5,0,5,2026-07-15T09:41:41.467170
44,7,7,4,0,4,2026-07-15T09:41:42.271345
44,7,8,5,0,5,2026-07-15T09:41:42.902779
44,7,9,5,0,5,2026-07-15T09:41:43.483451
44,7,10,5,0,5,2026-07-15T09:41:44.088835
44,8,1,0,0,0,2026-07-15T09:41:44.826162
44,8,2,0,0,0,2026-07-15T09:41:45.341885
44,8,3,0,0,0,2026-07-15T09:41:45.862982
44,8,4,0,0,0,2026-07-15T09:41:46.426457
44,8,5,0,0,0,2026-07-15T09:41:46.957745
44,8,6,0,0,0,2026-07-15T09:41:47.513064
44,8,7,0,0,0,2026-07-15T09:41:48.152214
44,8,8,0,0,0,2026-07-15T09:41:48.634695
44,8,9,0,0,0,2026-07-15T09:41:49.221616
44,8,10,0,0,0,2026-07-15T09:41:49.734854
44,9,1,5,0,5,2026-07-15T09:41:50.350490
44,9,2,5,0,5,2026-07-15T09:41:50.901439
44,9,3,5,0,5,2026-07-15T09:41:51.832118
44,9,4,5,0,5,2026-07-15T09:41:52.429202
44,9,5,5,0,5,2026-07-15T09:41:52.975870
44,9,6,5,0,5,2026-07-15T09:41:53.566556
44,9,7,5,0,5,2026-07-15T09:41:54.236062
44,9,8,5,0,5,2026-07-15T09:41:54.871089
44,9,9,5,0,5,2026-07-15T09:41:55.587970
44,9,10,5,0,5,2026-07-15T09:41:56.173190
45,1,1,4,0,4,2026-07-15T09:41:56.836096
45,1,2,4,0,4,2026-07-15T09:41:57.554832
45,1,3,4,0,4,2026-07-15T09:41:58.148679
45,1,4,4,0,4,2026-07-15T09:41:58.756903
45,1,5,4,0,4,2026-07-15T09:41:59.518937
45,1,6,4,0,4,2026-07-15T09:42:00.220375
45,1,7,4,0,4,2026-07-15T09:42:00.930972
45,1,8,4,0,4,2026-07-15T09:42:01.923036
45,1,9,4,0,4,2026-07-15T09:42:02.456696
45,1,10,4,0,4,2026-07-15T09:42:03.053439
45,2,1,0,0,0,2026-07-15T09:42:04.855080
45,2,2,0,0,0,2026-07-15T09:42:06.396802
45,2,3,0,0,0,2026-07-15T09:42:07.799472
45,2,4,0,0,0,2026-07-15T09:42:08.925596
45,2,5,0,0,0,2026-07-15T09:42:10.176804
45,2,6,0,0,0,2026-07-15T09:42:10.991396
45,2,7,0,0,0,2026-07-15T09:42:11.799113
45,2,8,0,0,0,2026-07-15T09:42:12.721055
45,2,9,0,0,0,2026-07-15T09:42:13.487132
45,2,10,0,0,0,2026-07-15T09:42:14.246158
45,3,1,2,0,2,2026-07-15T09:42:14.963845
45,3,2,2,0,2,2026-07-15T09:42:15.727494
45,3,3,2,0,2,2026-07-15T09:42:16.732400
45,3,4,2,0,2,2026-07-15T09:42:17.415475
45,3,5,2,0,2,2026-07-15T09:42:18.063075
45,3,6,2,0,2,2026-07-15T09:42:19.251752
45,3,7,2,0,2,2026-07-15T09:42:20.001793
45,3,8,2,0,2,2026-07-15T09:42:20.660759
45,3,9,2,0,2,2026-07-15T09:42:21.298132
45,3,10,2,0,2,2026-07-15T09:42:22.039631
45,4,1,0,0,0,2026-07-15T09:42:23.199943
45,4,2,0,0,0,2026-07-15T09:42:23.851377
45,4,3,0,0,0,2026-07-15T09:42:24.501116
45,4,4,0,0,0,2026-07-15T09:42:32.926675
45,4,5,0,0,0,2026-07-15T09:42:33.433104
45,4,6,0,0,0,2026-07-15T09:42:34.151435
45,4,7,0,0,0,2026-07-15T09:42:34.936602
45,4,8,0,0,0,2026-07-15T09:42:35.488593
45,4,9,0,0,0,2026-07-15T09:42:36.238698
45,4,10,0,0,0,2026-07-15T09:42:36.817155
45,5,1,2,0,2,2026-07-15T09:42:37.346418
45,5,2,2,0,2,2026-07-15T09:42:37.953105
45,5,3,1,0,1,2026-07-15T09:42:38.503764
45,5,4,2,0,2,2026-07-15T09:42:39.057026
45,5,5,1,0,1,2026-07-15T09:42:39.772890
45,5,6,2,0,2,2026-07-15T09:42:40.516168
45,5,7,1,0,1,2026-07-15T09:42:41.176956
45,5,8,1,0,1,2026-07-15T09:42:42.037734
45,5,9,2,0,2,2026-07-15T09:42:43.186669
45,5,10,2,0,2,2026-07-15T09:42:43.732806
45,6,1,0,0,0,2026-07-15T09:42:44.346077
45,6,2,0,0,0,2026-07-15T09:42:45.013239
45,6,3,0,0,0,2026-07-15T09:42:46.082321
45,6,4,0,0,0,2026-07-15T09:42:46.758603
45,6,5,0,0,0,2026-07-15T09:42:47.345753
45,6,6,0,0,0,2026-07-15T09:42:48.022236
45,6,7,0,0,0,2026-07-15T09:42:48.613210
45,6,8,0,0,0,2026-07-15T09:42:49.509238
45,6,9,0,0,0,2026-07-15T09:42:50.137681
45,6,10,0,0,0,2026-07-15T09:42:50.637093
45,7,1,5,0,5,2026-07-15T09:42:52.180181
45,7,2,5,0,5,2026-07-15T09:42:52.714737
45,7,3,5,0,5,2026-07-15T09:42:53.245312
45,7,4,5,0,5,2026-07-15T09:42:53.788621
45,7,5,5,0,5,2026-07-15T09:42:54.471399
45,7,6,5,0,5,2026-07-15T09:42:55.094203
45,7,7,5,0,5,2026-07-15T09:42:55.611980
45,7,8,5,0,5,2026-07-15T09:42:56.351929
45,7,9,5,0,5,2026-07-15T09:42:56.943875
45,7,10,5,0,5,2026-07-15T09:42:57.473060
45,8,1,0,0,0,2026-07-15T09:42:58.111107
45,8,2,0,0,0,2026-07-15T09:42:58.652373
45,8,3,0,0,0,2026-07-15T09:42:59.308178
45,8,4,0,0,0,2026-07-15T09:42:59.833412
45,8,5,0,0,0,2026-07-15T09:43:00.565582
45,8,6,0,0,0,2026-07-15T09:43:01.048496
45,8,7,0,0,0,2026-07-15T09:43:01.660573
45,8,8,0,0,0,2026-07-15T09:43:02.617068
45,8,9,0,0,0,2026-07-15T09:43:03.391567
45,8,10,0,0,0,2026-07-15T09:43:04.106871
45,9,1,5,0,5,2026-07-15T09:43:04.670420
45,9,2,5,0,5,2026-07-15T09:43:05.574817
45,9,3,5,0,5,2026-07-15T09:43:06.109141
45,9,4,4,0,4,2026-07-15T09:43:06.645627
45,9,5,4,0,4,2026-07-15T09:43:07.199179
45,9,6,4,0,4,2026-07-15T09:43:12.089082
45,9,7,5,0,5,2026-07-15T09:43:12.638421
45,9,8,4,0,4,2026-07-15T09:43:23.009980
45,9,9,5,0,5,2026-07-15T09:43:23.722313
45,9,10,5,0,5,2026-07-15T09:43:24.339932
46,1,1,3,0,3,2026-07-15T09:43:24.898515
46,1,2,3,0,3,2026-07-15T09:43:25.657547
46,1,3,3,0,3,2026-07-15T09:43:28.011449
46,1,4,3,0,3,2026-07-15T09:43:28.629435
46,1,5,3,0,3,2026-07-15T09:43:29.417405
46,1,6,3,0,3,2026-07-15T09:43:30.071779
46,1,7,3,0,3,2026-07-15T09:43:30.701674
46,1,8,3,0,3,2026-07-15T09:43:31.337771
46,1,9,3,0,3,2026-07-15T09:43:31.934423
46,1,10,3,0,3,2026-07-15T09:43:32.893751
46,2,1,2,0,2,2026-07-15T09:43:33.719869
46,2,2,2,0,2,2026-07-15T09:43:34.943770
46,2,3,2,0,2,2026-07-15T09:43:36.182275
46,2,4,2,0,2,2026-07-15T09:43:36.939666
46,2,5,2,0,2,2026-07-15T09:43:38.259554
46,2,6,2,0,2,2026-07-15T09:43:39.078299
46,2,7,2,0,2,2026-07-15T09:43:39.771635
46,2,8,2,0,2,2026-07-15T09:43:40.646216
46,2,9,2,0,2,2026-07-15T09:43:41.680461
46,2,10,2,0,2,2026-07-15T09:43:42.450892
46,3,1,3,0,3,2026-07-15T09:43:43.085254
46,3,2,3,0,3,2026-07-15T09:43:43.626277
46,3,3,3,0,3,2026-07-15T09:43:44.114238
46,3,4,3,0,3,2026-07-15T09:43:44.706142
46,3,5,3,0,3,2026-07-15T09:43:45.282429
46,3,6,3,0,3,2026-07-15T09:43:45.818653
46,3,7,3,0,3,2026-07-15T09:43:46.493944
46,3,8,3,0,3,2026-07-15T09:43:47.237006
46,3,9,3,0,3,2026-07-15T09:43:47.775302
46,3,10,3,0,3,2026-07-15T09:43:48.339376
46,4,1,0,0,0,2026-07-15T09:43:49.066591
46,4,2,0,0,0,2026-07-15T09:43:49.870781
46,4,3,0,0,0,2026-07-15T09:43:50.792913
46,4,4,0,0,0,2026-07-15T09:43:51.708304
46,4,5,0,0,0,2026-07-15T09:43:52.451310
46,4,6,0,0,0,2026-07-15T09:43:53.117328
46,4,7,0,0,0,2026-07-15T09:43:53.741529
46,4,8,0,0,0,2026-07-15T09:43:54.518986
46,4,9,0,0,0,2026-07-15T09:43:55.168510
46,4,10,0,0,0,2026-07-15T09:43:55.859202
46,5,1,3,0,3,2026-07-15T09:43:56.389196
46,5,2,3,0,3,2026-07-15T09:43:56.976337
46,5,3,3,0,3,2026-07-15T09:43:57.628902
46,5,4,3,0,3,2026-07-15T09:44:00.715825
46,5,5,3,0,3,2026-07-15T09:44:01.282356
46,5,6,3,0,3,2026-07-15T09:44:01.792070
46,5,7,3,0,3,2026-07-15T09:44:02.319198
46,5,8,3,0,3,2026-07-15T09:44:03.018613
46,5,9,3,0,3,2026-07-15T09:44:03.545068
46,5,10,3,0,3,2026-07-15T09:44:04.156690
46,6,1,1,0,1,2026-07-15T09:44:04.732275
46,6,2,1,0,1,2026-07-15T09:44:05.354769
46,6,3,1,0,1,2026-07-15T09:44:05.922461
46,6,4,1,0,1,2026-07-15T09:44:06.556756
46,6,5,1,0,1,2026-07-15T09:44:07.138948
46,6,6,1,0,1,2026-07-15T09:44:07.688756
46,6,7,1,0,1,2026-07-15T09:44:08.602644
46,6,8,1,0,1,2026-07-15T09:44:09.212471
46,6,9,1,0,1,2026-07-15T09:44:10.020098
46,6,10,1,0,1,2026-07-15T09:44:10.882135
46,7,1,4,0,4,2026-07-15T09:44:11.511070
46,7,2,4,0,4,2026-07-15T09:44:12.136064
46,7,3,4,0,4,2026-07-15T09:44:12.689399
46,7,4,4,0,4,2026-07-15T09:44:13.360251
46,7,5,4,0,4,2026-07-15T09:44:13.938420
46,7,6,4,0,4,2026-07-15T09:44:14.660667
46,7,7,4,0,4,2026-07-15T09:44:15.210765
46,7,8,4,0,4,2026-07-15T09:44:15.939793
46,7,9,4,0,4,2026-07-15T09:44:16.539226
46,7,10,4,0,4,2026-07-15T09:44:22.088829
46,8,1,2,0,2,2026-07-15T09:44:22.668288
46,8,2,2,0,2,2026-07-15T09:44:23.566836
46,8,3,2,0,2,2026-07-15T09:44:24.102730
46,8,4,2,0,2,2026-07-15T09:44:24.648433
46,8,5,2,0,2,2026-07-15T09:44:25.196261
46,8,6,2,0,2,2026-07-15T09:44:25.725390
46,8,7,2,0,2,2026-07-15T09:44:26.255318
46,8,8,2,0,2,2026-07-15T09:44:26.929023
46,8,9,2,0,2,2026-07-15T09:44:27.551927
46,8,10,2,0,2,2026-07-15T09:44:28.630854
46,9,1,4,0,4,2026-07-15T09:44:29.498311
46,9,2,4,0,4,2026-07-15T09:44:30.058942
46,9,3,4,0,4,2026-07-15T09:44:35.035285
46,9,4,4,0,4,2026-07-15T09:44:35.561711
46,9,5,4,0,4,2026-07-15T09:44:36.147844
46,9,6,4,0,4,2026-07-15T09:44:36.919154
46,9,7,4,0,4,2026-07-15T09:44:37.570709
46,9,8,4,0,4,2026-07-15T09:44:38.172950
46,9,9,4,0,4,2026-07-15T09:44:38.977790
46,9,10,4,0,4,2026-07-15T09:44:39.638865
47,1,1,4,0,4,2026-07-15T09:44:40.232681
47,1,2,4,0,4,2026-07-15T09:44:40.784597
47,1,3,3,0,3,2026-07-15T09:44:41.447979
47,1,4,4,0,4,2026-07-15T09:44:42.205433
47,1,5,4,0,4,2026-07-15T09:44:42.767320
47,1,6,4,0,4,2026-07-15T09:44:43.520563
47,1,7,3,0,3,2026-07-15T09:44:44.181700
47,1,8,4,0,4,2026-07-15T09:44:44.743638
47,1,9,3,0,3,2026-07-15T09:44:45.339142
47,1,10,3,0,3,2026-07-15T09:44:47.062555
47,2,1,1,0,1,2026-07-15T09:44:47.665729
47,2,2,1,0,1,2026-07-15T09:44:48.224689
47,2,3,0,0,0,2026-07-15T09:44:48.732577
47,2,4,1,0,1,2026-07-15T09:44:49.327521
47,2,5,1,0,1,2026-07-15T09:44:51.022815
47,2,6,1,0,1,2026-07-15T09:44:51.671942
47,2,7,1,0,1,2026-07-15T09:44:52.297972
47,2,8,0,0,0,2026-07-15T09:44:52.883262
47,2,9,1,0,1,2026-07-15T09:44:53.529396
47,2,10,1,0,1,2026-07-15T09:44:54.051941
47,3,1,4,0,4,2026-07-15T09:44:54.661048
47,3,2,3,0,3,2026-07-15T09:44:55.302851
47,3,3,2,0,2,2026-07-15T09:44:55.927911
47,3,4,2,0,2,2026-07-15T09:44:56.590436
47,3,5,2,0,2,2026-07-15T09:44:57.214877
47,3,6,2,0,2,2026-07-15T09:44:57.748969
47,3,7,2,0,2,2026-07-15T09:44:58.312896
47,3,8,2,0,2,2026-07-15T09:44:58.849515
47,3,9,2,0,2,2026-07-15T09:45:03.319616
47,3,10,4,0,4,2026-07-15T09:45:04.040131
47,4,1,0,0,0,2026-07-15T09:45:04.790119
47,4,2,0,0,0,2026-07-15T09:45:05.370989
47,4,3,0,0,0,2026-07-15T09:45:05.915921
47,4,4,0,0,0,2026-07-15T09:45:06.461356
47,4,5,0,0,0,2026-07-15T09:45:11.519705
47,4,6,0,0,0,2026-07-15T09:45:12.103231
47,4,7,0,0,0,2026-07-15T09:45:12.644203
47,4,8,0,0,0,2026-07-15T09:45:13.242873
47,4,9,0,0,0,2026-07-15T09:45:13.832949
47,4,10,0,0,0,2026-07-15T09:45:14.500549
47,5,1,1,0,1,2026-07-15T09:45:15.207025
47,5,2,1,0,1,2026-07-15T09:45:16.012675
47,5,3,1,0,1,2026-07-15T09:45:16.551580
47,5,4,1,0,1,2026-07-15T09:45:17.144833
47,5,5,1,0,1,2026-07-15T09:45:17.751561
47,5,6,1,0,1,2026-07-15T09:45:18.350268
47,5,7,1,0,1,2026-07-15T09:45:18.961458
47,5,8,1,0,1,2026-07-15T09:45:19.869585
47,5,9,1,0,1,2026-07-15T09:45:20.729283
47,5,10,1,0,1,2026-07-15T09:45:21.462844
47,6,1,1,0,1,2026-07-15T09:45:22.000835
47,6,2,0,0,0,2026-07-15T09:45:22.712501
47,6,3,0,0,0,2026-07-15T09:45:23.371765
47,6,4,1,0,1,2026-07-15T09:45:23.931202
47,6,5,0,0,0,2026-07-15T09:45:24.749083
47,6,6,0,0,0,2026-07-15T09:45:26.201327
47,6,7,0,0,0,2026-07-15T09:45:26.853043
47,6,8,0,0,0,2026-07-15T09:45:27.524858
47,6,9,0,0,0,2026-07-15T09:45:28.218251
47,6,10,0,0,0,2026-07-15T09:45:28.844909
47,7,1,4,0,4,2026-07-15T09:45:29.620153
47,7,2,5,0,5,2026-07-15T09:45:30.390916
47,7,3,4,0,4,2026-07-15T09:45:31.248239
47,7,4,5,0,5,2026-07-15T09:45:31.973046
47,7,5,4,0,4,2026-07-15T09:45:32.654625
47,7,6,5,0,5,2026-07-15T09:45:33.427340
47,7,7,5,0,5,2026-07-15T09:45:34.159907
47,7,8,4,0,4,2026-07-15T09:45:34.844094
47,7,9,4,0,4,2026-07-15T09:45:35.718072
47,7,10,5,0,5,2026-07-15T09:45:37.357881
47,8,1,0,0,0,2026-07-15T09:45:37.957418
47,8,2,0,0,0,2026-07-15T09:45:38.580245
47,8,3,0,0,0,2026-07-15T09:45:39.379334
47,8,4,0,0,0,2026-07-15T09:45:39.880701
47,8,5,0,0,0,2026-07-15T09:45:40.420562
47,8,6,0,0,0,2026-07-15T09:45:40.973082
47,8,7,0,0,0,2026-07-15T09:45:41.503709
47,8,8,0,0,0,2026-07-15T09:45:42.079358
47,8,9,0,0,0,2026-07-15T09:45:42.826308
47,8,10,0,0,0,2026-07-15T09:45:43.472777
47,9,1,5,0,5,2026-07-15T09:45:44.047256
47,9,2,5,0,5,2026-07-15T09:45:44.640943
47,9,3,5,0,5,2026-07-15T09:45:45.188188
47,9,4,5,0,5,2026-07-15T09:45:45.717363
47,9,5,5,0,5,2026-07-15T09:45:46.405134
47,9,6,5,0,5,2026-07-15T09:45:47.123069
47,9,7,5,0,5,2026-07-15T09:45:47.743209
47,9,8,5,0,5,2026-07-15T09:45:48.261832
47,9,9,5,0,5,2026-07-15T09:45:48.964075
47,9,10,5,0,5,2026-07-15T09:45:49.507296
48,1,1,3,0,3,2026-07-15T09:45:50.026863
48,1,2,3,0,3,2026-07-15T09:45:50.692483
48,1,3,3,0,3,2026-07-15T09:45:51.189196
48,1,4,3,0,3,2026-07-15T09:45:51.701298
48,1,5,3,0,3,2026-07-15T09:45:52.477711
48,1,6,2,0,2,2026-07-15T09:45:53.156709
48,1,7,2,0,2,2026-07-15T09:45:54.265016
48,1,8,2,0,2,2026-07-15T09:45:55.372709
48,1,9,3,0,3,2026-07-15T09:45:55.886185
48,1,10,2,0,2,2026-07-15T09:45:56.542599
48,2,1,1,0,1,2026-07-15T09:45:57.361075
48,2,2,1,0,1,2026-07-15T09:45:57.902889
48,2,3,1,0,1,2026-07-15T09:45:58.546202
48,2,4,1,0,1,2026-07-15T09:45:59.110782
48,2,5,1,0,1,2026-07-15T09:45:59.665977
48,2,6,1,0,1,2026-07-15T09:46:00.432866
48,2,7,1,0,1,2026-07-15T09:46:01.050863
48,2,8,1,0,1,2026-07-15T09:46:01.706766
48,2,9,1,0,1,2026-07-15T09:46:02.667408
48,2,10,1,0,1,2026-07-15T09:46:03.263392
48,3,1,2,0,2,2026-07-15T09:46:03.963759
48,3,2,2,0,2,2026-07-15T09:46:05.143426
48,3,3,2,0,2,2026-07-15T09:46:05.925284
48,3,4,2,0,2,2026-07-15T09:46:07.798073
48,3,5,2,0,2,2026-07-15T09:46:08.519372
48,3,6,2,0,2,2026-07-15T09:46:09.267202
48,3,7,2,0,2,2026-07-15T09:46:09.982322
48,3,8,2,0,2,2026-07-15T09:46:10.621652
48,3,9,2,0,2,2026-07-15T09:46:11.300984
48,3,10,2,0,2,2026-07-15T09:46:11.993172
48,4,1,0,0,0,2026-07-15T09:46:12.739637
48,4,2,0,0,0,2026-07-15T09:46:13.516755
48,4,3,0,0,0,2026-07-15T09:46:14.371515
48,4,4,0,0,0,2026-07-15T09:46:15.065051
48,4,5,0,0,0,2026-07-15T09:46:16.124984
48,4,6,1,0,1,2026-07-15T09:46:16.820290
48,4,7,0,0,0,2026-07-15T09:46:17.512446
48,4,8,0,0,0,2026-07-15T09:46:18.206010
48,4,9,0,0,0,2026-07-15T09:46:19.042482
48,4,10,0,0,0,2026-07-15T09:46:19.988745
48,5,1,3,0,3,2026-07-15T09:46:20.823562
48,5,2,3,0,3,2026-07-15T09:46:21.718271
48,5,3,3,0,3,2026-07-15T09:46:22.379956
48,5,4,3,0,3,2026-07-15T09:46:23.083623
48,5,5,3,0,3,2026-07-15T09:46:24.016978
48,5,6,3,0,3,2026-07-15T09:46:24.708219
48,5,7,3,0,3,2026-07-15T09:46:25.453396
48,5,8,3,0,3,2026-07-15T09:46:26.155132
48,5,9,3,0,3,2026-07-15T09:46:26.852670
48,5,10,3,0,3,2026-07-15T09:46:27.518058
48,6,1,0,0,0,2026-07-15T09:46:28.291617
48,6,2,0,0,0,2026-07-15T09:46:28.871740
48,6,3,0,0,0,2026-07-15T09:46:29.568335
48,6,4,0,0,0,2026-07-15T09:46:30.224602
48,6,5,0,0,0,2026-07-15T09:46:30.795269
48,6,6,0,0,0,2026-07-15T09:46:31.362157
48,6,7,0,0,0,2026-07-15T09:46:31.977392
48,6,8,0,0,0,2026-07-15T09:46:32.537418
48,6,9,0,0,0,2026-07-15T09:46:33.103185
48,6,10,0,0,0,2026-07-15T09:46:33.700952
48,7,1,2,0,2,2026-07-15T09:46:34.327422
48,7,2,3,0,3,2026-07-15T09:46:34.979541
48,7,3,3,0,3,2026-07-15T09:46:35.628944
48,7,4,2,0,2,2026-07-15T09:46:36.393610
48,7,5,3,0,3,2026-07-15T09:46:36.973442
48,7,6,3,0,3,2026-07-15T09:46:37.547519
48,7,7,3,0,3,2026-07-15T09:46:38.121088
48,7,8,2,0,2,2026-07-15T09:46:38.709659
48,7,9,3,0,3,2026-07-15T09:46:39.242887
48,7,10,3,0,3,2026-07-15T09:46:39.980056
48,8,1,2,0,2,2026-07-15T09:46:40.528189
48,8,2,2,0,2,2026-07-15T09:46:41.074998
48,8,3,2,0,2,2026-07-15T09:46:41.743796
48,8,4,2,0,2,2026-07-15T09:46:42.282389
48,8,5,2,0,2,2026-07-15T09:46:42.762616
48,8,6,2,0,2,2026-07-15T09:46:43.261813
48,8,7,2,0,2,2026-07-15T09:46:44.092230
48,8,8,2,0,2,2026-07-15T09:46:44.599217
48,8,9,2,0,2,2026-07-15T09:46:45.097597
48,8,10,2,0,2,2026-07-15T09:46:45.823502
48,9,1,4,0,4,2026-07-15T09:46:46.416001
48,9,2,4,0,4,2026-07-15T09:46:47.000847
48,9,3,4,0,4,2026-07-15T09:46:47.567445
48,9,4,4,0,4,2026-07-15T09:46:48.168848
48,9,5,4,0,4,2026-07-15T09:46:48.766503
48,9,6,4,0,4,2026-07-15T09:46:49.387620
48,9,7,4,0,4,2026-07-15T09:46:49.982037
48,9,8,4,0,4,2026-07-15T09:46:50.606467
48,9,9,4,0,4,2026-07-15T09:46:51.254078
48,9,10,4,0,4,2026-07-15T09:46:52.116871
49,1,1,4,0,4,2026-07-15T09:46:52.743747
49,1,2,4,0,4,2026-07-15T09:46:53.330908
49,1,3,4,0,4,2026-07-15T09:46:53.920129
49,1,4,3,0,3,2026-07-15T09:46:54.466274
49,1,5,4,0,4,2026-07-15T09:46:54.981981
49,1,6,4,0,4,2026-07-15T09:46:55.595139
49,1,7,4,0,4,2026-07-15T09:46:56.158161
49,1,8,3,0,3,2026-07-15T09:46:56.733764
49,1,9,4,0,4,2026-07-15T09:46:57.264282
49,1,10,3,0,3,2026-07-15T09:47:00.256601
49,2,1,1,0,1,2026-07-15T09:47:00.944625
49,2,2,1,0,1,2026-07-15T09:47:01.534589
49,2,3,1,0,1,2026-07-15T09:47:02.340435
49,2,4,1,0,1,2026-07-15T09:47:02.909544
49,2,5,1,0,1,2026-07-15T09:47:03.472223
49,2,6,1,0,1,2026-07-15T09:47:04.141621
49,2,7,1,0,1,2026-07-15T09:47:05.177568
49,2,8,0,0,0,2026-07-15T09:47:05.730146
49,2,9,1,0,1,2026-07-15T09:47:06.509225
49,2,10,1,0,1,2026-07-15T09:47:07.173383
49,3,1,3,0,3,2026-07-15T09:47:07.926732
49,3,2,3,0,3,2026-07-15T09:47:08.775993
49,3,3,3,0,3,2026-07-15T09:47:09.328030
49,3,4,3,0,3,2026-07-15T09:47:09.867998
49,3,5,3,0,3,2026-07-15T09:47:10.408702
49,3,6,3,0,3,2026-07-15T09:47:10.926525
49,3,7,3,0,3,2026-07-15T09:47:11.478634
49,3,8,3,0,3,2026-07-15T09:47:12.240454
49,3,9,3,0,3,2026-07-15T09:47:12.939177
49,3,10,3,0,3,2026-07-15T09:47:13.558909
49,4,1,0,0,0,2026-07-15T09:47:14.240785
49,4,2,0,0,0,2026-07-15T09:47:14.981584
49,4,3,0,0,0,2026-07-15T09:47:15.564812
49,4,4,0,0,0,2026-07-15T09:47:16.394144
49,4,5,0,0,0,2026-07-15T09:47:17.033051
49,4,6,0,0,0,2026-07-15T09:47:17.688705
49,4,7,0,0,0,2026-07-15T09:47:18.251743
49,4,8,0,0,0,2026-07-15T09:47:18.834799
49,4,9,0,0,0,2026-07-15T09:47:19.459666
49,4,10,0,0,0,2026-07-15T09:47:20.003045
49,5,1,4,0,4,2026-07-15T09:47:20.623611
49,5,2,4,0,4,2026-07-15T09:47:21.256758
49,5,3,4,0,4,2026-07-15T09:47:21.952626
49,5,4,4,0,4,2026-07-15T09:47:22.484545
49,5,5,4,0,4,2026-07-15T09:47:22.965914
49,5,6,4,0,4,2026-07-15T09:47:23.839854
49,5,7,4,0,4,2026-07-15T09:47:24.307521
49,5,8,4,0,4,2026-07-15T09:47:24.921072
49,5,9,4,0,4,2026-07-15T09:47:25.483244
49,5,10,4,0,4,2026-07-15T09:47:26.055984
49,6,1,1,0,1,2026-07-15T09:47:26.744515
49,6,2,1,0,1,2026-07-15T09:47:27.431030
49,6,3,1,0,1,2026-07-15T09:47:27.978965
49,6,4,1,0,1,2026-07-15T09:47:28.532599
49,6,5,1,0,1,2026-07-15T09:47:29.092373
49,6,6,1,0,1,2026-07-15T09:47:30.045016
49,6,7,1,0,1,2026-07-15T09:47:30.641149
49,6,8,1,0,1,2026-07-15T09:47:31.192059
49,6,9,1,0,1,2026-07-15T09:47:31.780802
49,6,10,1,0,1,2026-07-15T09:47:32.441700
49,7,1,5,0,5,2026-07-15T09:47:33.025302
49,7,2,5,0,5,2026-07-15T09:47:33.618642
49,7,3,5,0,5,2026-07-15T09:47:34.279867
49,7,4,5,0,5,2026-07-15T09:47:34.761234
49,7,5,5,0,5,2026-07-15T09:47:35.582133
49,7,6,5,0,5,2026-07-15T09:47:36.221685
49,7,7,5,0,5,2026-07-15T09:47:37.102041
49,7,8,5,0,5,2026-07-15T09:47:37.729264
49,7,9,5,0,5,2026-07-15T09:47:38.225476
49,7,10,4,0,4,2026-07-15T09:47:38.840178
49,8,1,1,0,1,2026-07-15T09:47:39.371853
49,8,2,1,0,1,2026-07-15T09:47:39.982965
49,8,3,1,0,1,2026-07-15T09:47:40.562906
49,8,4,1,0,1,2026-07-15T09:47:41.085300
49,8,5,1,0,1,2026-07-15T09:47:41.637681
49,8,6,1,0,1,2026-07-15T09:47:42.258079
49,8,7,1,0,1,2026-07-15T09:47:43.014014
49,8,8,1,0,1,2026-07-15T09:47:43.615357
49,8,9,1,0,1,2026-07-15T09:47:44.203418
49,8,10,1,0,1,2026-07-15T09:47:46.975032
49,9,1,5,0,5,2026-07-15T09:47:47.729617
49,9,2,5,0,5,2026-07-15T09:47:48.332153
49,9,3,5,0,5,2026-07-15T09:47:48.873853
49,9,4,5,0,5,2026-07-15T09:47:49.524706
49,9,5,5,0,5,2026-07-15T09:47:50.118882
49,9,6,5,0,5,2026-07-15T09:47:50.676979
49,9,7,5,0,5,2026-07-15T09:47:51.309274
49,9,8,5,0,5,2026-07-15T09:47:52.230116
49,9,9,5,0,5,2026-07-15T09:47:53.024046
49,9,10,5,0,5,2026-07-15T09:47:53.532349
50,1,1,4,0,4,2026-07-15T09:47:54.065372
50,1,2,3,0,3,2026-07-15T09:47:56.774250
50,1,3,4,0,4,2026-07-15T09:47:57.412783
50,1,4,4,0,4,2026-07-15T09:47:57.989744
50,1,5,4,0,4,2026-07-15T09:47:58.566303
50,1,6,4,0,4,2026-07-15T09:47:59.140011
50,1,7,4,0,4,2026-07-15T09:47:59.797086
50,1,8,4,0,4,2026-07-15T09:48:03.189944
50,1,9,4,0,4,2026-07-15T09:48:03.801526
50,1,10,4,0,4,2026-07-15T09:48:04.488563
50,2,1,2,0,2,2026-07-15T09:48:05.030744
50,2,2,2,0,2,2026-07-15T09:48:05.670321
50,2,3,2,0,2,2026-07-15T09:48:06.308322
50,2,4,2,0,2,2026-07-15T09:48:06.901603
50,2,5,2,0,2,2026-07-15T09:48:07.448442
50,2,6,2,0,2,2026-07-15T09:48:08.394149
50,2,7,2,0,2,2026-07-15T09:48:09.025577
50,2,8,2,0,2,2026-07-15T09:48:09.571617
50,2,9,2,0,2,2026-07-15T09:48:10.143287
50,2,10,2,0,2,2026-07-15T09:48:10.694406
50,3,1,3,0,3,2026-07-15T09:48:11.520844
50,3,2,3,0,3,2026-07-15T09:48:12.492590
50,3,3,3,0,3,2026-07-15T09:48:13.146358
50,3,4,3,0,3,2026-07-15T09:48:13.699154
50,3,5,3,0,3,2026-07-15T09:48:14.264762
50,3,6,3,0,3,2026-07-15T09:48:14.889107
50,3,7,3,0,3,2026-07-15T09:48:15.490562
50,3,8,3,0,3,2026-07-15T09:48:16.383257
50,3,9,3,0,3,2026-07-15T09:48:16.945557
50,3,10,3,0,3,2026-07-15T09:48:17.567188
50,4,1,1,0,1,2026-07-15T09:48:18.140802
50,4,2,1,0,1,2026-07-15T09:48:18.964714
50,4,3,1,0,1,2026-07-15T09:48:19.635062
50,4,4,1,0,1,2026-07-15T09:48:20.185890
50,4,5,1,0,1,2026-07-15T09:48:20.856844
50,4,6,1,0,1,2026-07-15T09:48:21.350863
50,4,7,1,0,1,2026-07-15T09:48:21.851555
50,4,8,1,0,1,2026-07-15T09:48:22.395814
50,4,9,1,0,1,2026-07-15T09:48:23.078151
50,4,10,1,0,1,2026-07-15T09:48:23.698454
50,5,1,2,0,2,2026-07-15T09:48:24.413351
50,5,2,2,0,2,2026-07-15T09:48:25.114828
50,5,3,2,0,2,2026-07-15T09:48:25.711642
50,5,4,2,0,2,2026-07-15T09:48:26.272301
50,5,5,2,0,2,2026-07-15T09:48:26.865491
50,5,6,2,0,2,2026-07-15T09:48:27.649713
50,5,7,2,0,2,2026-07-15T09:48:28.370419
50,5,8,2,0,2,2026-07-15T09:48:29.034504
50,5,9,2,0,2,2026-07-15T09:48:29.557180
50,5,10,2,0,2,2026-07-15T09:48:30.130028
50,6,1,1,0,1,2026-07-15T09:48:30.876120
50,6,2,1,0,1,2026-07-15T09:48:34.646176
50,6,3,1,0,1,2026-07-15T09:48:35.373372
50,6,4,1,0,1,2026-07-15T09:48:35.966128
50,6,5,2,0,2,2026-07-15T09:48:36.574132
50,6,6,1,0,1,2026-07-15T09:48:37.103802
50,6,7,1,0,1,2026-07-15T09:48:37.689699
50,6,8,1,0,1,2026-07-15T09:48:38.214116
50,6,9,1,0,1,2026-07-15T09:48:38.905301
50,6,10,1,0,1,2026-07-15T09:48:39.496412
50,7,1,4,0,4,2026-07-15T09:48:40.018359
50,7,2,4,0,4,2026-07-15T09:48:40.592467
50,7,3,4,0,4,2026-07-15T09:48:41.321932
50,7,4,4,0,4,2026-07-15T09:48:41.904173
50,7,5,4,0,4,2026-07-15T09:48:42.461208
50,7,6,4,0,4,2026-07-15T09:48:42.997826
50,7,7,4,0,4,2026-07-15T09:48:43.496665
50,7,8,4,0,4,2026-07-15T09:48:44.185356
50,7,9,4,0,4,2026-07-15T09:48:44.817000
50,7,10,4,0,4,2026-07-15T09:48:45.420108
50,8,1,1,0,1,2026-07-15T09:48:49.920563
50,8,2,2,0,2,2026-07-15T09:48:50.487895
50,8,3,1,0,1,2026-07-15T09:48:51.097237
50,8,4,2,0,2,2026-07-15T09:48:51.622774
50,8,5,2,0,2,2026-07-15T09:48:52.176847
50,8,6,2,0,2,2026-07-15T09:48:52.749442
50,8,7,2,0,2,2026-07-15T09:48:53.275988
50,8,8,2,0,2,2026-07-15T09:48:53.811160
50,8,9,2,0,2,2026-07-15T09:48:54.374465
50,8,10,2,0,2,2026-07-15T09:48:54.927536
50,9,1,5,0,5,2026-07-15T09:48:55.678135
50,9,2,5,0,5,2026-07-15T09:48:56.192314
50,9,3,5,0,5,2026-07-15T09:48:56.681142
50,9,4,5,0,5,2026-07-15T09:48:57.225229
50,9,5,5,0,5,2026-07-15T09:48:57.759059
50,9,6,5,0,5,2026-07-15T09:48:58.299983
50,9,7,5,0,5,2026-07-15T09:48:59.045298
50,9,8,5,0,5,2026-07-15T09:48:59.641306
50,9,9,5,0,5,2026-07-15T09:49:00.594423
50,9,10,5,0,5,2026-07-15T09:49:01.171591
51,1,1,4,0,4,2026-07-15T09:49:01.889109
51,1,2,4,0,4,2026-07-15T09:49:02.593958
51,1,3,4,0,4,2026-07-15T09:49:03.508225
51,1,4,4,0,4,2026-07-15T09:49:04.346622
51,1,5,4,0,4,2026-07-15T09:49:05.047316
51,1,6,4,0,4,2026-07-15T09:49:05.903121
51,1,7,4,0,4,2026-07-15T09:49:06.789904
51,1,8,4,0,4,2026-07-15T09:49:07.455547
51,1,9,4,0,4,2026-07-15T09:49:08.272006
51,1,10,4,0,4,2026-07-15T09:49:08.871132
51,2,1,2,0,2,2026-07-15T09:49:09.660601
51,2,2,2,0,2,2026-07-15T09:49:10.381897
51,2,3,2,0,2,2026-07-15T09:49:11.059880
51,2,4,2,0,2,2026-07-15T09:49:11.797224
51,2,5,2,0,2,2026-07-15T09:49:12.514566
51,2,6,2,0,2,2026-07-15T09:49:13.746779
51,2,7,2,0,2,2026-07-15T09:49:14.427492
51,2,8,2,0,2,2026-07-15T09:49:15.109646
51,2,9,2,0,2,2026-07-15T09:49:16.191497
51,2,10,2,0,2,2026-07-15T09:49:16.879908
51,3,1,2,0,2,2026-07-15T09:49:17.903686
51,3,2,3,0,3,2026-07-15T09:49:18.506599
51,3,3,2,0,2,2026-07-15T09:49:19.123216
51,3,4,2,0,2,2026-07-15T09:49:19.706891
51,3,5,2,0,2,2026-07-15T09:49:20.478839
51,3,6,3,0,3,2026-07-15T09:49:20.992148
51,3,7,3,0,3,2026-07-15T09:49:21.550934
51,3,8,2,0,2,2026-07-15T09:49:22.095954
51,3,9,2,0,2,2026-07-15T09:49:22.632384
51,3,10,2,0,2,2026-07-15T09:49:23.154131
51,4,1,0,0,0,2026-07-15T09:49:23.666466
51,4,2,0,0,0,2026-07-15T09:49:24.317027
51,4,3,1,0,1,2026-07-15T09:49:24.853613
51,4,4,1,0,1,2026-07-15T09:49:25.356976
51,4,5,1,0,1,2026-07-15T09:49:26.154445
51,4,6,1,0,1,2026-07-15T09:49:26.692129
51,4,7,1,0,1,2026-07-15T09:49:27.275745
51,4,8,0,0,0,2026-07-15T09:49:27.905172
51,4,9,1,0,1,2026-07-15T09:49:28.427071
51,4,10,1,0,1,2026-07-15T09:49:28.974777
51,5,1,2,0,2,2026-07-15T09:49:29.621022
51,5,2,2,0,2,2026-07-15T09:49:30.173589
51,5,3,2,0,2,2026-07-15T09:49:30.821851
51,5,4,2,0,2,2026-07-15T09:49:31.426625
51,5,5,2,0,2,2026-07-15T09:49:31.970925
51,5,6,2,0,2,2026-07-15T09:49:32.561350
51,5,7,2,0,2,2026-07-15T09:49:33.175223
51,5,8,2,0,2,2026-07-15T09:49:33.823414
51,5,9,2,0,2,2026-07-15T09:49:34.564518
51,5,10,2,0,2,2026-07-15T09:49:35.283989
51,6,1,2,0,2,2026-07-15T09:49:35.959799
51,6,2,2,0,2,2026-07-15T09:49:36.758643
51,6,3,2,0,2,2026-07-15T09:49:37.481595
51,6,4,2,0,2,2026-07-15T09:49:38.268116
51,6,5,2,0,2,2026-07-15T09:49:39.012648
51,6,6,2,0,2,2026-07-15T09:49:40.295243
51,6,7,2,0,2,2026-07-15T09:49:40.992910
51,6,8,2,0,2,2026-07-15T09:49:41.703817
51,6,9,2,0,2,2026-07-15T09:49:42.454475
51,6,10,2,0,2,2026-07-15T09:49:43.402449
51,7,1,5,0,5,2026-07-15T09:49:44.248027
51,7,2,5,0,5,2026-07-15T09:49:44.931894
51,7,3,4,0,4,2026-07-15T09:49:45.660412
51,7,4,5,0,5,2026-07-15T09:49:46.364131
51,7,5,5,0,5,2026-07-15T09:49:47.093294
51,7,6,4,0,4,2026-07-15T09:49:47.942607
51,7,7,4,0,4,2026-07-15T09:49:48.725707
51,7,8,5,0,5,2026-07-15T09:49:49.608142
51,7,9,5,0,5,2026-07-15T09:49:50.393717
51,7,10,4,0,4,2026-07-15T09:49:51.043607
51,8,1,3,0,3,2026-07-15T09:49:51.592991
51,8,2,2,0,2,2026-07-15T09:49:52.120766
51,8,3,3,0,3,2026-07-15T09:49:52.589345
51,8,4,3,0,3,2026-07-15T09:49:53.197255
51,8,5,3,0,3,2026-07-15T09:49:53.937126
51,8,6,2,0,2,2026-07-15T09:49:54.731007
51,8,7,2,0,2,2026-07-15T09:49:55.485115
51,8,8,2,0,2,2026-07-15T09:49:56.034787
51,8,9,3,0,3,2026-07-15T09:49:56.799929
51,8,10,3,0,3,2026-07-15T09:49:57.483647
51,9,1,5,0,5,2026-07-15T09:49:58.433877
51,9,2,5,0,5,2026-07-15T09:49:58.985681
51,9,3,5,0,5,2026-07-15T09:49:59.778923
51,9,4,5,0,5,2026-07-15T09:50:00.341287
51,9,5,5,0,5,2026-07-15T09:50:01.113624
51,9,6,5,0,5,2026-07-15T09:50:01.774322
51,9,7,5,0,5,2026-07-15T09:50:02.513468
51,9,8,5,0,5,2026-07-15T09:50:03.078958
51,9,9,5,0,5,2026-07-15T09:50:03.642581
51,9,10,5,0,5,2026-07-15T09:50:05.095809
52,1,1,3,0,3,2026-07-15T09:50:05.940609
52,1,2,3,0,3,2026-07-15T09:50:06.741739
52,1,3,3,0,3,2026-07-15T09:50:07.460404
52,1,4,3,0,3,2026-07-15T09:50:08.131849
52,1,5,3,0,3,2026-07-15T09:50:08.863230
52,1,6,3,0,3,2026-07-15T09:50:09.623253
52,1,7,3,0,3,2026-07-15T09:50:10.398406
52,1,8,3,0,3,2026-07-15T09:50:11.300657
52,1,9,3,0,3,2026-07-15T09:50:12.022462
52,1,10,3,0,3,2026-07-15T09:50:12.712416
52,2,1,2,0,2,2026-07-15T09:50:13.338533
52,2,2,2,0,2,2026-07-15T09:50:13.987205
52,2,3,2,0,2,2026-07-15T09:50:14.645119
52,2,4,2,0,2,2026-07-15T09:50:15.358372
52,2,5,2,0,2,2026-07-15T09:50:17.007233
52,2,6,2,0,2,2026-07-15T09:50:18.260388
52,2,7,2,0,2,2026-07-15T09:50:18.788251
52,2,8,2,0,2,2026-07-15T09:50:19.312181
52,2,9,2,0,2,2026-07-15T09:50:19.857657
52,2,10,2,0,2,2026-07-15T09:50:20.471964
52,3,1,2,0,2,2026-07-15T09:50:21.223205
52,3,2,2,0,2,2026-07-15T09:50:21.905642
52,3,3,2,0,2,2026-07-15T09:50:22.569990
52,3,4,2,0,2,2026-07-15T09:50:23.209609
52,3,5,2,0,2,2026-07-15T09:50:23.881627
52,3,6,3,0,3,2026-07-15T09:50:24.836656
52,3,7,2,0,2,2026-07-15T09:50:25.439925
52,3,8,2,0,2,2026-07-15T09:50:26.147339
52,3,9,2,0,2,2026-07-15T09:50:26.815799
52,3,10,3,0,3,2026-07-15T09:50:27.578394
52,4,1,1,0,1,2026-07-15T09:50:28.727046
52,4,2,1,0,1,2026-07-15T09:50:29.402207
52,4,3,1,0,1,2026-07-15T09:50:29.939747
52,4,4,1,0,1,2026-07-15T09:50:30.483784
52,4,5,1,0,1,2026-07-15T09:50:31.184141
52,4,6,1,0,1,2026-07-15T09:50:31.797643
52,4,7,1,0,1,2026-07-15T09:50:32.428190
52,4,8,1,0,1,2026-07-15T09:50:32.942002
52,4,9,1,0,1,2026-07-15T09:50:34.010877
52,4,10,1,0,1,2026-07-15T09:50:34.523550
52,5,1,3,0,3,2026-07-15T09:50:35.102202
52,5,2,3,0,3,2026-07-15T09:50:35.593242
52,5,3,3,0,3,2026-07-15T09:50:36.311701
52,5,4,3,0,3,2026-07-15T09:50:36.965436
52,5,5,3,0,3,2026-07-15T09:50:37.471238
52,5,6,2,0,2,2026-07-15T09:50:38.108261
52,5,7,3,0,3,2026-07-15T09:50:38.710705
52,5,8,3,0,3,2026-07-15T09:50:39.200352
52,5,9,3,0,3,2026-07-15T09:50:40.843772
52,5,10,3,0,3,2026-07-15T09:50:41.426756
52,6,1,0,0,0,2026-07-15T09:50:41.967510
52,6,2,0,0,0,2026-07-15T09:50:42.515897
52,6,3,1,0,1,2026-07-15T09:50:43.221131
52,6,4,1,0,1,2026-07-15T09:50:43.842630
52,6,5,1,0,1,2026-07-15T09:50:51.594958
52,6,6,0,0,0,2026-07-15T09:50:57.237558
52,6,7,1,0,1,2026-07-15T09:50:57.909325
52,6,8,0,0,0,2026-07-15T09:50:58.519984
52,6,9,0,0,0,2026-07-15T09:50:59.097558
52,6,10,1,0,1,2026-07-15T09:50:59.768359
52,7,1,3,0,3,2026-07-15T09:51:00.294882
52,7,2,4,0,4,2026-07-15T09:51:00.934676
52,7,3,3,0,3,2026-07-15T09:51:01.736911
52,7,4,3,0,3,2026-07-15T09:51:02.266656
52,7,5,3,0,3,2026-07-15T09:51:02.808400
52,7,6,4,0,4,2026-07-15T09:51:03.654296
52,7,7,3,0,3,2026-07-15T09:51:04.191399
52,7,8,3,0,3,2026-07-15T09:51:04.876033
52,7,9,4,0,4,2026-07-15T09:51:05.466295
52,7,10,3,0,3,2026-07-15T09:51:06.012249
52,8,1,3,0,3,2026-07-15T09:51:06.953635
52,8,2,2,0,2,2026-07-15T09:51:07.546629
52,8,3,3,0,3,2026-07-15T09:51:08.102926
52,8,4,3,0,3,2026-07-15T09:51:08.617378
52,8,5,2,0,2,2026-07-15T09:51:09.317400
52,8,6,3,0,3,2026-07-15T09:51:10.094589
52,8,7,3,0,3,2026-07-15T09:51:10.688494
52,8,8,2,0,2,2026-07-15T09:51:11.436573
52,8,9,3,0,3,2026-07-15T09:51:12.162600
52,8,10,3,0,3,2026-07-15T09:51:13.030593
52,9,1,4,0,4,2026-07-15T09:51:13.590510
52,9,2,4,0,4,2026-07-15T09:51:14.140374
52,9,3,4,0,4,2026-07-15T09:51:14.763451
52,9,4,4,0,4,2026-07-15T09:51:15.422888
52,9,5,4,0,4,2026-07-15T09:51:16.344280
52,9,6,4,0,4,2026-07-15T09:51:16.946205
52,9,7,4,0,4,2026-07-15T09:51:17.716847
52,9,8,4,0,4,2026-07-15T09:51:18.277099
52,9,9,4,0,4,2026-07-15T09:51:19.174052
52,9,10,4,0,4,2026-07-15T09:51:19.719695
53,1,1,4,0,4,2026-07-15T09:51:20.220600
53,1,2,4,0,4,2026-07-15T09:51:20.815874
53,1,3,4,0,4,2026-07-15T09:51:23.527275
53,1,4,4,0,4,2026-07-15T09:51:24.039147
53,1,5,4,0,4,2026-07-15T09:51:24.713414
53,1,6,4,0,4,2026-07-15T09:51:25.211858
53,1,7,4,0,4,2026-07-15T09:51:25.721355
53,1,8,4,0,4,2026-07-15T09:51:26.309956
53,1,9,4,0,4,2026-07-15T09:51:26.887313
53,1,10,4,0,4,2026-07-15T09:51:27.496480
53,2,1,1,0,1,2026-07-15T09:51:28.014771
53,2,2,1,0,1,2026-07-15T09:51:28.618158
53,2,3,1,0,1,2026-07-15T09:51:29.274478
53,2,4,1,0,1,2026-07-15T09:51:29.913354
53,2,5,1,0,1,2026-07-15T09:51:30.576479
53,2,6,1,0,1,2026-07-15T09:51:31.326817
53,2,7,1,0,1,2026-07-15T09:51:32.008435
53,2,8,1,0,1,2026-07-15T09:51:32.675553
53,2,9,1,0,1,2026-07-15T09:51:33.195224
53,2,10,1,0,1,2026-07-15T09:51:33.739681
53,3,1,3,0,3,2026-07-15T09:51:34.448176
53,3,2,4,0,4,2026-07-15T09:51:35.025945
53,3,3,4,0,4,2026-07-15T09:51:35.595063
53,3,4,4,0,4,2026-07-15T09:51:36.283066
53,3,5,4,0,4,2026-07-15T09:51:36.887608
53,3,6,4,0,4,2026-07-15T09:51:37.540992
53,3,7,3,0,3,2026-07-15T09:51:38.089337
53,3,8,4,0,4,2026-07-15T09:51:39.178313
53,3,9,4,0,4,2026-07-15T09:51:39.733015
53,3,10,4,0,4,2026-07-15T09:51:40.301707
53,4,1,0,0,0,2026-07-15T09:51:41.050001
53,4,2,0,0,0,2026-07-15T09:51:42.177334
53,4,3,0,0,0,2026-07-15T09:51:43.323778
53,4,4,0,0,0,2026-07-15T09:51:44.212815
53,4,5,0,0,0,2026-07-15T09:51:44.961926
53,4,6,0,0,0,2026-07-15T09:51:45.627013
53,4,7,0,0,0,2026-07-15T09:51:46.343020
53,4,8,0,0,0,2026-07-15T09:51:47.015355
53,4,9,0,0,0,2026-07-15T09:51:47.796231
53,4,10,0,0,0,2026-07-15T09:51:48.525761
53,5,1,3,0,3,2026-07-15T09:51:49.291858
53,5,2,2,0,2,2026-07-15T09:51:50.414977
53,5,3,3,0,3,2026-07-15T09:51:50.927038
53,5,4,3,0,3,2026-07-15T09:51:51.520376
53,5,5,3,0,3,2026-07-15T09:51:52.080460
53,5,6,3,0,3,2026-07-15T09:51:52.606668
53,5,7,3,0,3,2026-07-15T09:51:53.192760
53,5,8,3,0,3,2026-07-15T09:51:53.866609
53,5,9,3,0,3,2026-07-15T09:51:54.475212
53,5,10,3,0,3,2026-07-15T09:51:55.051061
53,6,1,0,0,0,2026-07-15T09:51:55.690970
53,6,2,0,0,0,2026-07-15T09:51:56.359848
53,6,3,0,0,0,2026-07-15T09:51:57.029365
53,6,4,0,0,0,2026-07-15T09:51:57.798928
53,6,5,0,0,0,2026-07-15T09:51:58.356608
53,6,6,0,0,0,2026-07-15T09:51:59.265087
53,6,7,0,0,0,2026-07-15T09:51:59.822395
53,6,8,0,0,0,2026-07-15T09:52:00.808384
53,6,9,0,0,0,2026-07-15T09:52:01.460013
53,6,10,0,0,0,2026-07-15T09:52:02.380087
53,7,1,5,0,5,2026-07-15T09:52:02.965327
53,7,2,5,0,5,2026-07-15T09:52:03.504336
53,7,3,5,0,5,2026-07-15T09:52:04.204338
53,7,4,5,0,5,2026-07-15T09:52:04.902979
53,7,5,5,0,5,2026-07-15T09:52:05.539585
53,7,6,5,0,5,2026-07-15T09:52:06.090385
53,7,7,5,0,5,2026-07-15T09:52:06.879188
53,7,8,5,0,5,2026-07-15T09:52:07.798400
53,7,9,5,0,5,2026-07-15T09:52:08.429221
53,7,10,5,0,5,2026-07-15T09:52:08.999316
53,8,1,2,0,2,2026-07-15T09:52:09.544467
53,8,2,2,0,2,2026-07-15T09:52:10.426753
53,8,3,2,0,2,2026-07-15T09:52:11.164654
53,8,4,2,0,2,2026-07-15T09:52:11.725323
53,8,5,2,0,2,2026-07-15T09:52:12.271060
53,8,6,2,0,2,2026-07-15T09:52:13.005384
53,8,7,2,0,2,2026-07-15T09:52:14.323781
53,8,8,2,0,2,2026-07-15T09:52:14.891887
53,8,9,2,0,2,2026-07-15T09:52:15.460740
53,8,10,2,0,2,2026-07-15T09:52:15.997871
53,9,1,5,0,5,2026-07-15T09:52:16.565070
53,9,2,5,0,5,2026-07-15T09:52:17.166945
53,9,3,5,0,5,2026-07-15T09:52:17.666847
53,9,4,5,0,5,2026-07-15T09:52:18.313619
53,9,5,5,0,5,2026-07-15T09:52:19.639849
53,9,6,5,0,5,2026-07-15T09:52:22.500279
53,9,7,5,0,5,2026-07-15T09:52:23.072887
53,9,8,5,0,5,2026-07-15T09:52:23.593086
53,9,9,5,0,5,2026-07-15T09:52:24.224732
53,9,10,5,0,5,2026-07-15T09:52:24.928335
54,1,1,3,0,3,2026-07-15T09:52:25.754847
54,1,2,3,0,3,2026-07-15T09:52:26.680520
54,1,3,3,0,3,2026-07-15T09:52:27.371260
54,1,4,3,0,3,2026-07-15T09:52:28.415199
54,1,5,3,0,3,2026-07-15T09:52:29.733891
54,1,6,3,0,3,2026-07-15T09:52:30.685689
54,1,7,3,0,3,2026-07-15T09:52:31.400442
54,1,8,3,0,3,2026-07-15T09:52:32.310600
54,1,9,3,0,3,2026-07-15T09:52:33.048598
54,1,10,3,0,3,2026-07-15T09:52:33.995100
54,2,1,2,0,2,2026-07-15T09:52:35.156673
54,2,2,2,0,2,2026-07-15T09:52:36.315691
54,2,3,2,0,2,2026-07-15T09:52:36.950938
54,2,4,1,0,1,2026-07-15T09:52:37.535943
54,2,5,1,0,1,2026-07-15T09:52:38.213660
54,2,6,1,0,1,2026-07-15T09:52:38.777097
54,2,7,2,0,2,2026-07-15T09:52:39.305279
54,2,8,1,0,1,2026-07-15T09:52:40.339773
54,2,9,2,0,2,2026-07-15T09:52:40.920034
54,2,10,2,0,2,2026-07-15T09:52:41.602801
54,3,1,2,0,2,2026-07-15T09:52:42.212831
54,3,2,2,0,2,2026-07-15T09:52:43.017977
54,3,3,2,0,2,2026-07-15T09:52:43.688432
54,3,4,2,0,2,2026-07-15T09:52:44.633861
54,3,5,2,0,2,2026-07-15T09:52:45.239453
54,3,6,2,0,2,2026-07-15T09:52:46.086352
54,3,7,2,0,2,2026-07-15T09:52:46.723520
54,3,8,2,0,2,2026-07-15T09:52:47.324531
54,3,9,2,0,2,2026-07-15T09:52:47.857620
54,3,10,2,0,2,2026-07-15T09:52:48.460303
54,4,1,0,0,0,2026-07-15T09:52:49.078982
54,4,2,0,0,0,2026-07-15T09:52:49.663920
54,4,3,0,0,0,2026-07-15T09:52:50.281711
54,4,4,0,0,0,2026-07-15T09:52:50.856527
54,4,5,0,0,0,2026-07-15T09:52:51.412201
54,4,6,0,0,0,2026-07-15T09:52:54.911719
54,4,7,0,0,0,2026-07-15T09:52:55.572839
54,4,8,0,0,0,2026-07-15T09:52:56.315229
54,4,9,0,0,0,2026-07-15T09:52:57.008678
54,4,10,0,0,0,2026-07-15T09:52:57.697033
54,5,1,3,0,3,2026-07-15T09:52:58.434893
54,5,2,3,0,3,2026-07-15T09:52:59.605867
54,5,3,3,0,3,2026-07-15T09:53:00.537551
54,5,4,3,0,3,2026-07-15T09:53:01.559281
54,5,5,3,0,3,2026-07-15T09:53:02.307806
54,5,6,3,0,3,2026-07-15T09:53:03.933997
54,5,7,3,0,3,2026-07-15T09:53:04.599158
54,5,8,3,0,3,2026-07-15T09:53:05.329192
54,5,9,3,0,3,2026-07-15T09:53:06.540924
54,5,10,3,0,3,2026-07-15T09:53:11.323370
54,6,1,0,0,0,2026-07-15T09:53:11.985981
54,6,2,0,0,0,2026-07-15T09:53:12.837251
54,6,3,0,0,0,2026-07-15T09:53:13.329798
54,6,4,0,0,0,2026-07-15T09:53:13.890127
54,6,5,0,0,0,2026-07-15T09:53:14.721390
54,6,6,0,0,0,2026-07-15T09:53:15.785409
54,6,7,0,0,0,2026-07-15T09:53:16.387644
54,6,8,0,0,0,2026-07-15T09:53:17.030920
54,6,9,0,0,0,2026-07-15T09:53:17.549480
54,6,10,0,0,0,2026-07-15T09:53:18.147426
54,7,1,4,0,4,2026-07-15T09:53:19.001084
54,7,2,4,0,4,2026-07-15T09:53:19.655099
54,7,3,4,0,4,2026-07-15T09:53:20.391162
54,7,4,4,0,4,2026-07-15T09:53:21.022944
54,7,5,4,0,4,2026-07-15T09:53:21.557335
54,7,6,4,0,4,2026-07-15T09:53:22.557245
54,7,7,4,0,4,2026-07-15T09:53:23.090266
54,7,8,4,0,4,2026-07-15T09:53:23.740937
54,7,9,4,0,4,2026-07-15T09:53:24.347589
54,7,10,4,0,4,2026-07-15T09:53:24.988681
54,8,1,2,0,2,2026-07-15T09:53:25.674469
54,8,2,2,0,2,2026-07-15T09:53:26.405523
54,8,3,2,0,2,2026-07-15T09:53:27.150749
54,8,4,2,0,2,2026-07-15T09:53:27.838237
54,8,5,2,0,2,2026-07-15T09:53:28.511211
54,8,6,2,0,2,2026-07-15T09:53:29.185551
54,8,7,2,0,2,2026-07-15T09:53:29.834674
54,8,8,2,0,2,2026-07-15T09:53:30.521843
54,8,9,2,0,2,2026-07-15T09:53:31.306417
54,8,10,2,0,2,2026-07-15T09:53:32.195920
54,9,1,4,0,4,2026-07-15T09:53:34.975089
54,9,2,4,0,4,2026-07-15T09:53:35.712757
54,9,3,4,0,4,2026-07-15T09:53:47.826411
54,9,4,4,0,4,2026-07-15T09:53:48.616832
54,9,5,4,0,4,2026-07-15T09:53:49.489332
54,9,6,4,0,4,2026-07-15T09:53:50.406196
54,9,7,4,0,4,2026-07-15T09:53:51.262200
54,9,8,4,0,4,2026-07-15T09:53:52.127985
54,9,9,4,0,4,2026-07-15T09:53:52.974771
54,9,10,4,0,4,2026-07-15T09:53:53.852948
55,1,1,4,0,4,2026-07-15T09:53:54.488611
55,1,2,4,0,4,2026-07-15T09:53:55.196094
55,1,3,3,0,3,2026-07-15T09:53:55.840239
55,1,4,3,0,3,2026-07-15T09:53:56.569457
55,1,5,4,0,4,2026-07-15T09:53:57.131964
55,1,6,4,0,4,2026-07-15T09:53:57.755833
55,1,7,4,0,4,2026-07-15T09:53:58.582834
55,1,8,3,0,3,2026-07-15T09:53:59.138005
55,1,9,3,0,3,2026-07-15T09:53:59.911443
55,1,10,3,0,3,2026-07-15T09:54:06.101924
55,2,1,1,0,1,2026-07-15T09:54:06.694711
55,2,2,1,0,1,2026-07-15T09:54:07.439584
55,2,3,1,0,1,2026-07-15T09:54:08.005677
55,2,4,1,0,1,2026-07-15T09:54:08.623711
55,2,5,1,0,1,2026-07-15T09:54:09.251551
55,2,6,1,0,1,2026-07-15T09:54:10.269702
55,2,7,1,0,1,2026-07-15T09:54:14.931900
55,2,8,2,0,2,2026-07-15T09:54:15.477915
55,2,9,2,0,2,2026-07-15T09:54:16.059713
55,2,10,2,0,2,2026-07-15T09:54:16.613165
55,3,1,3,0,3,2026-07-15T09:54:17.416148
55,3,2,3,0,3,2026-07-15T09:54:18.150980
55,3,3,3,0,3,2026-07-15T09:54:18.890559
55,3,4,3,0,3,2026-07-15T09:54:19.785048
55,3,5,2,0,2,2026-07-15T09:54:20.617173
55,3,6,2,0,2,2026-07-15T09:54:21.627229
55,3,7,3,0,3,2026-07-15T09:54:22.431316
55,3,8,3,0,3,2026-07-15T09:54:23.105127
55,3,9,2,0,2,2026-07-15T09:54:23.919898
55,3,10,3,0,3,2026-07-15T09:54:24.663668
55,4,1,0,0,0,2026-07-15T09:54:25.229094
55,4,2,1,0,1,2026-07-15T09:54:25.833773
55,4,3,0,0,0,2026-07-15T09:54:26.412654
55,4,4,0,0,0,2026-07-15T09:54:26.991326
55,4,5,0,0,0,2026-07-15T09:54:27.810354
55,4,6,0,0,0,2026-07-15T09:54:28.322790
55,4,7,0,0,0,2026-07-15T09:54:28.887526
55,4,8,0,0,0,2026-07-15T09:54:29.542592
55,4,9,1,0,1,2026-07-15T09:54:30.144785
55,4,10,1,0,1,2026-07-15T09:54:30.721919
55,5,1,3,0,3,2026-07-15T09:54:31.333530
55,5,2,3,0,3,2026-07-15T09:54:31.951148
55,5,3,3,0,3,2026-07-15T09:54:32.479430
55,5,4,3,0,3,2026-07-15T09:54:33.071524
55,5,5,3,0,3,2026-07-15T09:54:33.692082
55,5,6,3,0,3,2026-07-15T09:54:34.203606
55,5,7,3,0,3,2026-07-15T09:54:34.747828
55,5,8,3,0,3,2026-07-15T09:54:35.400667
55,5,9,3,0,3,2026-07-15T09:54:35.986977
55,5,10,3,0,3,2026-07-15T09:54:36.565590
55,6,1,1,0,1,2026-07-15T09:54:37.182744
55,6,2,1,0,1,2026-07-15T09:54:37.735855
55,6,3,1,0,1,2026-07-15T09:54:38.476535
55,6,4,1,0,1,2026-07-15T09:54:39.023027
55,6,5,0,0,0,2026-07-15T09:54:39.612818
55,6,6,1,0,1,2026-07-15T09:54:40.080736
55,6,7,0,0,0,2026-07-15T09:54:40.711081
55,6,8,1,0,1,2026-07-15T09:54:41.310334
55,6,9,1,0,1,2026-07-15T09:54:41.796722
55,6,10,0,0,0,2026-07-15T09:54:42.461645
55,7,1,4,0,4,2026-07-15T09:54:43.123705
55,7,2,4,0,4,2026-07-15T09:54:43.680997
55,7,3,4,0,4,2026-07-15T09:54:44.280765
55,7,4,4,0,4,2026-07-15T09:54:45.040339
55,7,5,4,0,4,2026-07-15T09:54:45.625702
55,7,6,4,0,4,2026-07-15T09:54:46.784187
55,7,7,4,0,4,2026-07-15T09:54:47.392281
55,7,8,4,0,4,2026-07-15T09:54:48.230300
55,7,9,4,0,4,2026-07-15T09:54:49.358505
55,7,10,4,0,4,2026-07-15T09:54:49.900008
55,8,1,2,0,2,2026-07-15T09:54:50.631068
55,8,2,2,0,2,2026-07-15T09:54:51.216314
55,8,3,2,0,2,2026-07-15T09:54:51.857146
55,8,4,2,0,2,2026-07-15T09:54:52.378608
55,8,5,2,0,2,2026-07-15T09:54:52.930911
55,8,6,2,0,2,2026-07-15T09:54:53.494787
55,8,7,2,0,2,2026-07-15T09:54:53.977038
55,8,8,2,0,2,2026-07-15T09:54:54.686164
55,8,9,2,0,2,2026-07-15T09:54:55.230640
55,8,10,2,0,2,2026-07-15T09:54:56.287018
55,9,1,4,0,4,2026-07-15T09:54:59.701670
55,9,2,4,0,4,2026-07-15T09:55:03.223971
55,9,3,4,0,4,2026-07-15T09:55:07.658800
55,9,4,4,0,4,2026-07-15T09:55:26.921819
55,9,5,4,0,4,2026-07-15T09:55:36.586330
55,9,6,4,0,4,2026-07-15T09:55:44.994294
55,9,7,4,0,4,2026-07-15T09:55:53.520252
55,9,8,4,0,4,2026-07-15T09:56:02.332242
55,9,9,4,0,4,2026-07-15T09:56:10.840440
55,9,10,4,0,4,2026-07-15T09:56:17.032191
56,1,1,2,0,2,2026-07-15T09:56:17.727327
56,1,2,3,0,3,2026-07-15T09:56:18.394299
56,1,3,2,0,2,2026-07-15T09:56:19.130837
56,1,4,3,0,3,2026-07-15T09:56:19.819655
56,1,5,2,0,2,2026-07-15T09:56:20.402440
56,1,6,3,0,3,2026-07-15T09:56:20.933462
56,1,7,2,0,2,2026-07-15T09:56:21.487547
56,1,8,4,0,4,2026-07-15T09:56:22.081456
56,1,9,2,0,2,2026-07-15T09:56:22.602109
56,1,10,2,0,2,2026-07-15T09:56:23.307438
56,2,1,1,0,1,2026-07-15T09:56:24.069614
56,2,2,1,0,1,2026-07-15T09:56:24.760809
56,2,3,1,0,1,2026-07-15T09:56:25.471998
56,2,4,1,0,1,2026-07-15T09:56:26.308741
56,2,5,1,0,1,2026-07-15T09:56:27.152682
56,2,6,1,0,1,2026-07-15T09:56:27.835286
56,2,7,1,0,1,2026-07-15T09:56:28.597273
56,2,8,1,0,1,2026-07-15T09:56:29.315354
56,2,9,1,0,1,2026-07-15T09:56:30.168064
56,2,10,1,0,1,2026-07-15T09:56:30.831416
56,3,1,3,0,3,2026-07-15T09:56:31.593827
56,3,2,3,0,3,2026-07-15T09:56:32.663781
56,3,3,4,0,4,2026-07-15T09:56:33.254424
56,3,4,4,0,4,2026-07-15T09:56:37.172504
56,3,5,4,0,4,2026-07-15T09:56:37.912788
56,3,6,4,0,4,2026-07-15T09:56:38.675717
56,3,7,4,0,4,2026-07-15T09:56:39.357036
56,3,8,4,0,4,2026-07-15T09:56:40.030298
56,3,9,4,0,4,2026-07-15T09:56:40.683442
56,3,10,4,0,4,2026-07-15T09:56:41.249765
56,4,1,0,0,0,2026-07-15T09:56:41.846666
56,4,2,0,0,0,2026-07-15T09:56:42.513699
56,4,3,0,0,0,2026-07-15T09:56:43.478721
56,4,4,0,0,0,2026-07-15T09:56:44.117112
56,4,5,0,0,0,2026-07-15T09:56:44.725651
56,4,6,0,0,0,2026-07-15T09:56:45.394790
56,4,7,0,0,0,2026-07-15T09:56:45.973152
56,4,8,0,0,0,2026-07-15T09:56:47.829173
56,4,9,0,0,0,2026-07-15T09:56:48.420437
56,4,10,0,0,0,2026-07-15T09:56:49.021239
56,5,1,2,0,2,2026-07-15T09:56:49.542039
56,5,2,2,0,2,2026-07-15T09:56:50.139130
56,5,3,2,0,2,2026-07-15T09:56:50.723755
56,5,4,3,0,3,2026-07-15T09:56:51.210833
56,5,5,3,0,3,2026-07-15T09:56:51.662714
56,5,6,3,0,3,2026-07-15T09:56:52.125804
56,5,7,2,0,2,2026-07-15T09:56:52.586132
56,5,8,2,0,2,2026-07-15T09:56:53.151738
56,5,9,2,0,2,2026-07-15T09:56:53.893639
56,5,10,2,0,2,2026-07-15T09:56:54.345510
56,6,1,0,0,0,2026-07-15T09:56:54.894969
56,6,2,1,0,1,2026-07-15T09:56:55.492207
56,6,3,0,0,0,2026-07-15T09:56:56.112823
56,6,4,1,0,1,2026-07-15T09:56:56.655133
56,6,5,1,0,1,2026-07-15T09:56:57.303737
56,6,6,0,0,0,2026-07-15T09:56:57.883377
56,6,7,0,0,0,2026-07-15T09:56:58.487385
56,6,8,0,0,0,2026-07-15T09:56:59.117429
56,6,9,1,0,1,2026-07-15T09:56:59.667891
56,6,10,0,0,0,2026-07-15T09:57:04.082917
56,7,1,5,0,5,2026-07-15T09:57:04.641258
56,7,2,5,0,5,2026-07-15T09:57:05.118625
56,7,3,5,0,5,2026-07-15T09:57:06.230903
56,7,4,5,0,5,2026-07-15T09:57:07.498646
56,7,5,5,0,5,2026-07-15T09:57:08.337345
56,7,6,5,0,5,2026-07-15T09:57:09.095948
56,7,7,5,0,5,2026-07-15T09:57:09.806821
56,7,8,5,0,5,2026-07-15T09:57:10.330858
56,7,9,5,0,5,2026-07-15T09:57:10.933459
56,7,10,5,0,5,2026-07-15T09:57:11.521309
56,8,1,1,0,1,2026-07-15T09:57:12.481553
56,8,2,1,0,1,2026-07-15T09:57:13.153788
56,8,3,1,0,1,2026-07-15T09:57:13.852248
56,8,4,1,0,1,2026-07-15T09:57:14.498852
56,8,5,1,0,1,2026-07-15T09:57:15.109921
56,8,6,1,0,1,2026-07-15T09:57:15.671678
56,8,7,1,0,1,2026-07-15T09:57:16.183361
56,8,8,1,0,1,2026-07-15T09:57:17.185249
56,8,9,1,0,1,2026-07-15T09:57:17.862718
56,8,10,1,0,1,2026-07-15T09:57:18.609320
56,9,1,5,0,5,2026-07-15T09:57:19.227192
56,9,2,5,0,5,2026-07-15T09:57:19.796157
56,9,3,5,0,5,2026-07-15T09:57:20.366833
56,9,4,5,0,5,2026-07-15T09:57:21.120735
56,9,5,5,0,5,2026-07-15T09:57:22.268484
56,9,6,5,0,5,2026-07-15T09:57:23.044060
56,9,7,5,0,5,2026-07-15T09:57:23.635966
56,9,8,5,0,5,2026-07-15T09:57:24.406151
56,9,9,5,0,5,2026-07-15T09:57:25.015878
56,9,10,5,0,5,2026-07-15T09:57:25.591629
57,1,1,3,0,3,2026-07-15T09:57:26.326157
57,1,2,3,0,3,2026-07-15T09:57:26.975400
57,1,3,4,0,4,2026-07-15T09:57:27.615821
57,1,4,3,0,3,2026-07-15T09:57:28.330973
57,1,5,4,0,4,2026-07-15T09:57:30.703197
57,1,6,3,0,3,2026-07-15T09:57:31.382137
57,1,7,4,0,4,2026-07-15T09:57:32.288581
57,1,8,3,0,3,2026-07-15T09:57:32.991566
57,1,9,3,0,3,2026-07-15T09:57:33.646329
57,1,10,3,0,3,2026-07-15T09:57:34.291367
57,2,1,1,0,1,2026-07-15T09:57:34.999799
57,2,2,1,0,1,2026-07-15T09:57:35.691428
57,2,3,1,0,1,2026-07-15T09:57:36.466709
57,2,4,1,0,1,2026-07-15T09:57:37.183681
57,2,5,1,0,1,2026-07-15T09:57:37.886942
57,2,6,1,0,1,2026-07-15T09:57:38.607434
57,2,7,1,0,1,2026-07-15T09:57:39.408846
57,2,8,2,0,2,2026-07-15T09:57:40.215288
57,2,9,1,0,1,2026-07-15T09:57:40.861996
57,2,10,1,0,1,2026-07-15T09:57:41.723774
57,3,1,2,0,2,2026-07-15T09:57:46.741902
57,3,2,2,0,2,2026-07-15T09:57:50.598913
57,3,3,2,0,2,2026-07-15T09:57:54.090403
57,3,4,2,0,2,2026-07-15T09:57:57.688208
57,3,5,2,0,2,2026-07-15T09:58:01.282071
57,3,6,2,0,2,2026-07-15T09:58:05.091957
57,3,7,2,0,2,2026-07-15T09:58:08.560939
57,3,8,2,0,2,2026-07-15T09:58:11.702734
57,3,9,2,0,2,2026-07-15T09:58:15.172863
57,3,10,2,0,2,2026-07-15T09:58:19.004437
57,4,1,1,0,1,2026-07-15T09:58:19.829421
57,4,2,1,0,1,2026-07-15T09:58:20.510082
57,4,3,1,0,1,2026-07-15T09:58:21.570441
57,4,4,0,0,0,2026-07-15T09:58:22.234801
57,4,5,1,0,1,2026-07-15T09:58:23.118611
57,4,6,1,0,1,2026-07-15T09:58:23.797544
57,4,7,1,0,1,2026-07-15T09:58:24.742923
57,4,8,0,0,0,2026-07-15T09:58:25.410268
57,4,9,1,0,1,2026-07-15T09:58:26.201839
57,4,10,0,0,0,2026-07-15T09:58:26.893157
57,5,1,3,0,3,2026-07-15T09:58:27.618392
57,5,2,3,0,3,2026-07-15T09:58:28.194162
57,5,3,3,0,3,2026-07-15T09:58:28.784825
57,5,4,3,0,3,2026-07-15T09:58:29.438025
57,5,5,3,0,3,2026-07-15T09:58:30.171490
57,5,6,3,0,3,2026-07-15T09:58:30.760738
57,5,7,3,0,3,2026-07-15T09:58:31.344299
57,5,8,3,0,3,2026-07-15T09:58:32.164962
57,5,9,3,0,3,2026-07-15T09:58:32.749701
57,5,10,3,0,3,2026-07-15T09:58:33.411679
57,6,1,0,0,0,2026-07-15T09:58:34.166832
57,6,2,1,0,1,2026-07-15T09:58:34.680202
57,6,3,1,0,1,2026-07-15T09:58:35.298909
57,6,4,0,0,0,2026-07-15T09:58:35.802397
57,6,5,0,0,0,2026-07-15T09:58:36.427614
57,6,6,1,0,1,2026-07-15T09:58:36.944324
57,6,7,1,0,1,2026-07-15T09:58:37.434493
57,6,8,0,0,0,2026-07-15T09:58:37.963802
57,6,9,1,0,1,2026-07-15T09:58:38.490383
57,6,10,1,0,1,2026-07-15T09:58:39.000866
57,7,1,4,0,4,2026-07-15T09:58:39.898636
57,7,2,4,0,4,2026-07-15T09:58:40.541211
57,7,3,4,0,4,2026-07-15T09:58:41.088533
57,7,4,4,0,4,2026-07-15T09:58:41.701859
57,7,5,4,0,4,2026-07-15T09:58:42.276759
57,7,6,4,0,4,2026-07-15T09:58:42.833541
57,7,7,4,0,4,2026-07-15T09:58:43.449448
57,7,8,4,0,4,2026-07-15T09:58:44.126851
57,7,9,4,0,4,2026-07-15T09:58:44.767266
57,7,10,4,0,4,2026-07-15T09:58:45.427250
57,8,1,1,0,1,2026-07-15T09:58:48.206262
57,8,2,1,0,1,2026-07-15T09:58:50.812692
57,8,3,1,0,1,2026-07-15T09:58:53.361521
57,8,4,1,0,1,2026-07-15T09:58:55.770508
57,8,5,1,0,1,2026-07-15T09:58:57.555786
57,8,6,1,0,1,2026-07-15T09:58:59.538095
57,8,7,1,0,1,2026-07-15T09:59:01.148102
57,8,8,1,0,1,2026-07-15T09:59:02.779615
57,8,9,1,0,1,2026-07-15T09:59:04.107980
57,8,10,1,0,1,2026-07-15T09:59:05.605386
57,9,1,5,0,5,2026-07-15T09:59:06.553016
57,9,2,5,0,5,2026-07-15T09:59:07.267142
57,9,3,5,0,5,2026-07-15T09:59:08.057552
57,9,4,5,0,5,2026-07-15T09:59:08.739542
57,9,5,5,0,5,2026-07-15T09:59:09.450084
57,9,6,5,0,5,2026-07-15T09:59:10.095829
57,9,7,5,0,5,2026-07-15T09:59:10.754021
57,9,8,5,0,5,2026-07-15T09:59:11.440604
57,9,9,5,0,5,2026-07-15T09:59:12.095190
57,9,10,5,0,5,2026-07-15T09:59:12.751162
58,1,1,2,0,2,2026-07-15T09:59:13.358230
58,1,2,2,0,2,2026-07-15T09:59:13.843113
58,1,3,2,0,2,2026-07-15T09:59:14.452923
58,1,4,2,0,2,2026-07-15T09:59:15.221709
58,1,5,2,0,2,2026-07-15T09:59:15.963625
58,1,6,2,0,2,2026-07-15T09:59:16.500111
58,1,7,2,0,2,2026-07-15T09:59:17.138954
58,1,8,2,0,2,2026-07-15T09:59:17.647876
58,1,9,2,0,2,2026-07-15T09:59:18.232315
58,1,10,2,0,2,2026-07-15T09:59:18.852432
58,2,1,2,0,2,2026-07-15T09:59:19.779286
58,2,2,2,0,2,2026-07-15T09:59:20.547120
58,2,3,2,0,2,2026-07-15T09:59:21.248058
58,2,4,2,0,2,2026-07-15T09:59:21.950168
58,2,5,2,0,2,2026-07-15T09:59:22.659361
58,2,6,1,0,1,2026-07-15T09:59:23.380634
58,2,7,2,0,2,2026-07-15T09:59:24.081930
58,2,8,2,0,2,2026-07-15T09:59:25.044863
58,2,9,2,0,2,2026-07-15T09:59:25.795372
58,2,10,2,0,2,2026-07-15T09:59:26.464917
58,3,1,2,0,2,2026-07-15T09:59:27.046036
58,3,2,2,0,2,2026-07-15T09:59:27.593672
58,3,3,2,0,2,2026-07-15T09:59:28.131418
58,3,4,2,0,2,2026-07-15T09:59:28.641131
58,3,5,2,0,2,2026-07-15T09:59:29.344192
58,3,6,2,0,2,2026-07-15T09:59:29.928137
58,3,7,2,0,2,2026-07-15T09:59:30.559586
58,3,8,2,0,2,2026-07-15T09:59:36.472996
58,3,9,2,0,2,2026-07-15T09:59:37.219293
58,3,10,2,0,2,2026-07-15T09:59:37.762616
58,4,1,0,0,0,2026-07-15T09:59:38.404029
58,4,2,1,0,1,2026-07-15T09:59:39.010655
58,4,3,1,0,1,2026-07-15T09:59:39.592160
58,4,4,1,0,1,2026-07-15T09:59:40.159255
58,4,5,0,0,0,2026-07-15T09:59:40.744278
58,4,6,1,0,1,2026-07-15T09:59:41.531419
58,4,7,0,0,0,2026-07-15T09:59:42.110862
58,4,8,1,0,1,2026-07-15T09:59:42.855493
58,4,9,1,0,1,2026-07-15T09:59:43.487942
58,4,10,1,0,1,2026-07-15T09:59:44.111738
58,5,1,2,0,2,2026-07-15T09:59:48.185576
58,5,2,2,0,2,2026-07-15T09:59:51.757029
58,5,3,2,0,2,2026-07-15T09:59:55.006625
58,5,4,2,0,2,2026-07-15T09:59:57.596806
58,5,5,2,0,2,2026-07-15T10:00:00.149567
58,5,6,2,0,2,2026-07-15T10:00:02.434523
58,5,7,2,0,2,2026-07-15T10:00:03.867746
58,5,8,2,0,2,2026-07-15T10:00:05.458720
58,5,9,2,0,2,2026-07-15T10:00:06.358138
58,5,10,2,0,2,2026-07-15T10:00:07.171949
58,6,1,1,0,1,2026-07-15T10:00:10.161406
58,6,2,1,0,1,2026-07-15T10:00:10.738820
58,6,3,1,0,1,2026-07-15T10:00:11.385497
58,6,4,1,0,1,2026-07-15T10:00:11.897856
58,6,5,1,0,1,2026-07-15T10:00:12.640457
58,6,6,1,0,1,2026-07-15T10:00:13.232700
58,6,7,1,0,1,2026-07-15T10:00:13.912897
58,6,8,0,0,0,2026-07-15T10:00:14.660890
58,6,9,0,0,0,2026-07-15T10:00:15.566394
58,6,10,0,0,0,2026-07-15T10:00:16.270112
58,7,1,3,0,3,2026-07-15T10:00:17.064221
58,7,2,3,0,3,2026-07-15T10:00:17.611005
58,7,3,3,0,3,2026-07-15T10:00:18.518706
58,7,4,3,0,3,2026-07-15T10:00:19.262728
58,7,5,3,0,3,2026-07-15T10:00:19.884788
58,7,6,3,0,3,2026-07-15T10:00:20.429304
58,7,7,3,0,3,2026-07-15T10:00:21.085856
58,7,8,3,0,3,2026-07-15T10:00:21.639277
58,7,9,3,0,3,2026-07-15T10:00:22.284947
58,7,10,3,0,3,2026-07-15T10:00:22.908417
58,8,1,1,0,1,2026-07-15T10:00:23.768689
58,8,2,1,0,1,2026-07-15T10:00:24.823035
58,8,3,1,0,1,2026-07-15T10:00:25.954321
58,8,4,1,0,1,2026-07-15T10:00:26.632915
58,8,5,1,0,1,2026-07-15T10:00:27.364259
58,8,6,1,0,1,2026-07-15T10:00:28.244883
58,8,7,1,0,1,2026-07-15T10:00:29.183387
58,8,8,1,0,1,2026-07-15T10:00:29.980780
58,8,9,1,0,1,2026-07-15T10:00:30.614796
58,8,10,1,0,1,2026-07-15T10:00:31.345756
58,9,1,3,0,3,2026-07-15T10:00:31.914124
58,9,2,3,0,3,2026-07-15T10:00:32.450220
58,9,3,3,0,3,2026-07-15T10:00:33.066366
58,9,4,3,0,3,2026-07-15T10:00:33.884662
58,9,5,3,0,3,2026-07-15T10:00:34.446568
58,9,6,3,0,3,2026-07-15T10:00:34.939842
58,9,7,3,0,3,2026-07-15T10:00:35.633744
58,9,8,3,0,3,2026-07-15T10:00:36.118517
58,9,9,3,0,3,2026-07-15T10:00:36.640650
58,9,10,3,0,3,2026-07-15T10:00:37.492980
59,1,1,3,0,3,2026-07-15T10:00:38.077860
59,1,2,3,0,3,2026-07-15T10:00:38.677535
59,1,3,3,0,3,2026-07-15T10:00:39.248181
59,1,4,3,0,3,2026-07-15T10:00:39.839779
59,1,5,3,0,3,2026-07-15T10:00:40.609005
59,1,6,3,0,3,2026-07-15T10:00:41.204539
59,1,7,3,0,3,2026-07-15T10:00:41.839351
59,1,8,3,0,3,2026-07-15T10:00:42.438851
59,1,9,3,0,3,2026-07-15T10:00:43.028476
59,1,10,3,0,3,2026-07-15T10:00:43.879288
59,2,1,1,0,1,2026-07-15T10:00:44.638927
59,2,2,1,0,1,2026-07-15T10:00:45.520337
59,2,3,2,0,2,2026-07-15T10:00:46.216841
59,2,4,1,0,1,2026-07-15T10:00:47.289373
59,2,5,2,0,2,2026-07-15T10:00:48.092187
59,2,6,2,0,2,2026-07-15T10:00:48.766879
59,2,7,2,0,2,2026-07-15T10:00:49.394125
59,2,8,1,0,1,2026-07-15T10:00:50.213136
59,2,9,2,0,2,2026-07-15T10:00:51.581714
59,2,10,2,0,2,2026-07-15T10:00:52.252974
59,3,1,3,0,3,2026-07-15T10:00:52.720420
59,3,2,3,0,3,2026-07-15T10:00:53.234733
59,3,3,3,0,3,2026-07-15T10:00:53.836128
59,3,4,3,0,3,2026-07-15T10:00:54.427163
59,3,5,3,0,3,2026-07-15T10:00:54.925984
59,3,6,3,0,3,2026-07-15T10:00:55.623389
59,3,7,3,0,3,2026-07-15T10:00:56.295606
59,3,8,3,0,3,2026-07-15T10:00:56.774781
59,3,9,3,0,3,2026-07-15T10:00:57.281874
59,3,10,3,0,3,2026-07-15T10:00:57.870329
59,4,1,2,0,2,2026-07-15T10:00:58.693519
59,4,2,2,0,2,2026-07-15T10:00:59.472290
59,4,3,2,0,2,2026-07-15T10:01:00.092765
59,4,4,2,0,2,2026-07-15T10:01:00.973426
59,4,5,2,0,2,2026-07-15T10:01:01.726229
59,4,6,2,0,2,2026-07-15T10:01:02.278179
59,4,7,2,0,2,2026-07-15T10:01:02.898985
59,4,8,2,0,2,2026-07-15T10:01:03.526502
59,4,9,2,0,2,2026-07-15T10:01:04.045249
59,4,10,2,0,2,2026-07-15T10:01:04.922072
59,5,1,4,0,4,2026-07-15T10:01:05.531380
59,5,2,3,0,3,2026-07-15T10:01:06.225145
59,5,3,3,0,3,2026-07-15T10:01:06.809562
59,5,4,4,0,4,2026-07-15T10:01:07.372365
59,5,5,4,0,4,2026-07-15T10:01:13.112604
59,5,6,4,0,4,2026-07-15T10:01:13.696351
59,5,7,3,0,3,2026-07-15T10:01:14.288176
59,5,8,3,0,3,2026-07-15T10:01:14.826044
59,5,9,4,0,4,2026-07-15T10:01:15.403972
59,5,10,4,0,4,2026-07-15T10:01:16.328219
59,6,1,1,0,1,2026-07-15T10:01:16.958393
59,6,2,1,0,1,2026-07-15T10:01:17.502510
59,6,3,1,0,1,2026-07-15T10:01:18.210726
59,6,4,1,0,1,2026-07-15T10:01:18.939787
59,6,5,1,0,1,2026-07-15T10:01:19.553627
59,6,6,1,0,1,2026-07-15T10:01:20.130573
59,6,7,1,0,1,2026-07-15T10:01:20.685008
59,6,8,1,0,1,2026-07-15T10:01:21.290647
59,6,9,1,0,1,2026-07-15T10:01:22.116292
59,6,10,1,0,1,2026-07-15T10:01:22.643120
59,7,1,4,0,4,2026-07-15T10:01:23.317846
59,7,2,4,0,4,2026-07-15T10:01:24.110140
59,7,3,4,0,4,2026-07-15T10:01:25.254711
59,7,4,4,0,4,2026-07-15T10:01:25.880810
59,7,5,4,0,4,2026-07-15T10:01:26.716292
59,7,6,4,0,4,2026-07-15T10:01:27.277356
59,7,7,4,0,4,2026-07-15T10:01:28.193885
59,7,8,4,0,4,2026-07-15T10:01:35.886492
59,7,9,4,0,4,2026-07-15T10:01:36.677902
59,7,10,4,0,4,2026-07-15T10:01:37.244841
59,8,1,2,0,2,2026-07-15T10:01:37.820986
59,8,2,2,0,2,2026-07-15T10:01:38.634112
59,8,3,3,0,3,2026-07-15T10:01:39.295536
59,8,4,3,0,3,2026-07-15T10:01:39.918296
59,8,5,2,0,2,2026-07-15T10:01:40.774380
59,8,6,3,0,3,2026-07-15T10:01:41.317539
59,8,7,2,0,2,2026-07-15T10:01:42.159890
59,8,8,2,0,2,2026-07-15T10:01:42.905611
59,8,9,2,0,2,2026-07-15T10:01:43.470211
59,8,10,3,0,3,2026-07-15T10:01:44.302295
59,9,1,4,0,4,2026-07-15T10:01:44.842499
59,9,2,4,0,4,2026-07-15T10:01:45.619233
59,9,3,4,0,4,2026-07-15T10:01:46.180911
59,9,4,4,0,4,2026-07-15T10:01:46.956968
59,9,5,4,0,4,2026-07-15T10:01:47.621872
59,9,6,4,0,4,2026-07-15T10:01:48.228411
59,9,7,4,0,4,2026-07-15T10:01:48.870118
59,9,8,4,0,4,2026-07-15T10:01:49.567509
59,9,9,4,0,4,2026-07-15T10:01:50.303614
59,9,10,4,0,4,2026-07-15T10:01:50.919044
60,1,1,4,0,4,2026-07-15T10:01:53.590774
60,1,2,4,0,4,2026-07-15T10:01:55.667898
60,1,3,4,0,4,2026-07-15T10:01:57.432952
60,1,4,4,0,4,2026-07-15T10:01:58.434766
60,1,5,4,0,4,2026-07-15T10:01:59.061060
60,1,6,3,0,3,2026-07-15T10:01:59.751740
60,1,7,4,0,4,2026-07-15T10:02:00.556759
60,1,8,3,0,3,2026-07-15T10:02:01.070103
60,1,9,3,0,3,2026-07-15T10:02:01.730175
60,1,10,3,0,3,2026-07-15T10:02:02.384526
60,2,1,2,0,2,2026-07-15T10:02:03.901301
60,2,2,2,0,2,2026-07-15T10:02:04.943442
60,2,3,2,0,2,2026-07-15T10:02:05.782307
60,2,4,2,0,2,2026-07-15T10:02:06.374484
60,2,5,2,0,2,2026-07-15T10:02:06.940039
60,2,6,2,0,2,2026-07-15T10:02:07.502210
60,2,7,2,0,2,2026-07-15T10:02:08.107738
60,2,8,2,0,2,2026-07-15T10:02:08.746640
60,2,9,2,0,2,2026-07-15T10:02:09.342642
60,2,10,2,0,2,2026-07-15T10:02:10.012035
60,3,1,2,0,2,2026-07-15T10:02:10.873107
60,3,2,2,0,2,2026-07-15T10:02:11.721251
60,3,3,2,0,2,2026-07-15T10:02:12.599845
60,3,4,2,0,2,2026-07-15T10:02:13.299357
60,3,5,2,0,2,2026-07-15T10:02:13.980694
60,3,6,2,0,2,2026-07-15T10:02:14.934041
60,3,7,2,0,2,2026-07-15T10:02:15.658247
60,3,8,2,0,2,2026-07-15T10:02:16.432260
60,3,9,2,0,2,2026-07-15T10:02:17.245620
60,3,10,2,0,2,2026-07-15T10:02:18.075207
60,4,1,1,0,1,2026-07-15T10:02:18.738018
60,4,2,1,0,1,2026-07-15T10:02:25.550201
60,4,3,1,0,1,2026-07-15T10:02:26.307158
60,4,4,1,0,1,2026-07-15T10:02:26.951995
60,4,5,1,0,1,2026-07-15T10:02:27.593872
60,4,6,1,0,1,2026-07-15T10:02:28.651956
60,4,7,1,0,1,2026-07-15T10:02:31.606750
60,4,8,1,0,1,2026-07-15T10:02:32.455034
60,4,9,1,0,1,2026-07-15T10:02:33.519092
60,4,10,1,0,1,2026-07-15T10:02:34.241620
60,5,1,3,0,3,2026-07-15T10:02:34.766270
60,5,2,3,0,3,2026-07-15T10:02:35.306343
60,5,3,3,0,3,2026-07-15T10:02:35.968844
60,5,4,3,0,3,2026-07-15T10:02:36.568777
60,5,5,3,0,3,2026-07-15T10:02:37.451569
60,5,6,3,0,3,2026-07-15T10:02:38.129263
60,5,7,3,0,3,2026-07-15T10:02:38.714717
60,5,8,3,0,3,2026-07-15T10:02:39.287234
60,5,9,3,0,3,2026-07-15T10:02:39.865993
60,5,10,3,0,3,2026-07-15T10:02:40.466288
60,6,1,1,0,1,2026-07-15T10:02:41.178363
60,6,2,1,0,1,2026-07-15T10:02:41.717953
60,6,3,1,0,1,2026-07-15T10:02:42.325889
60,6,4,1,0,1,2026-07-15T10:02:42.883677
60,6,5,1,0,1,2026-07-15T10:02:43.418185
60,6,6,1,0,1,2026-07-15T10:02:44.029465
60,6,7,1,0,1,2026-07-15T10:02:44.654208
60,6,8,1,0,1,2026-07-15T10:02:45.304238
60,6,9,1,0,1,2026-07-15T10:02:45.938806
60,6,10,0,0,0,2026-07-15T10:02:46.676595
60,7,1,4,0,4,2026-07-15T10:02:49.101727
60,7,2,4,0,4,2026-07-15T10:02:51.218329
60,7,3,4,0,4,2026-07-15T10:02:53.510446
60,7,4,4,0,4,2026-07-15T10:02:56.126780
60,7,5,4,0,4,2026-07-15T10:02:58.523149
60,7,6,4,0,4,2026-07-15T10:03:00.476540
60,7,7,4,0,4,2026-07-15T10:03:11.045762
60,7,8,4,0,4,2026-07-15T10:03:12.442414
60,7,9,4,0,4,2026-07-15T10:03:13.722633
60,7,10,4,0,4,2026-07-15T10:03:14.864677
60,8,1,1,0,1,2026-07-15T10:03:15.435537
60,8,2,2,0,2,2026-07-15T10:03:16.027066
60,8,3,1,0,1,2026-07-15T10:03:16.921834
60,8,4,2,0,2,2026-07-15T10:03:17.771473
60,8,5,1,0,1,2026-07-15T10:03:18.341617
60,8,6,2,0,2,2026-07-15T10:03:19.317565
60,8,7,1,0,1,2026-07-15T10:03:19.964366
60,8,8,2,0,2,2026-07-15T10:03:20.661828
60,8,9,1,0,1,2026-07-15T10:03:21.240867
60,8,10,2,0,2,2026-07-15T10:03:21.776131
60,9,1,4,0,4,2026-07-15T10:03:22.548720
60,9,2,4,0,4,2026-07-15T10:03:23.182732
60,9,3,4,0,4,2026-07-15T10:03:23.845525
60,9,4,4,0,4,2026-07-15T10:03:24.481272
60,9,5,4,0,4,2026-07-15T10:03:25.810121
60,9,6,4,0,4,2026-07-15T10:03:26.519135
60,9,7,4,0,4,2026-07-15T10:03:27.225851
60,9,8,4,0,4,2026-07-15T10:03:27.888400
60,9,9,4,0,4,2026-07-15T10:03:28.720288
60,9,10,4,0,4,2026-07-15T10:03:29.386785
61,1,1,3,0,3,2026-07-15T10:03:30.569627
61,1,2,3,0,3,2026-07-15T10:03:31.549014
61,1,3,3,0,3,2026-07-15T10:03:32.799059
61,1,4,3,0,3,2026-07-15T10:03:33.866711
61,1,5,3,0,3,2026-07-15T10:03:34.894949
61,1,6,3,0,3,2026-07-15T10:03:36.152196
61,1,7,3,0,3,2026-07-15T10:03:37.179282
61,1,8,3,0,3,2026-07-15T10:03:38.216291
61,1,9,3,0,3,2026-07-15T10:03:39.267447
61,1,10,3,0,3,2026-07-15T10:03:39.908813
61,2,1,2,0,2,2026-07-15T10:03:40.451949
61,2,2,2,0,2,2026-07-15T10:03:41.219624
61,2,3,2,0,2,2026-07-15T10:03:41.748380
61,2,4,2,0,2,2026-07-15T10:03:42.386119
61,2,5,2,0,2,2026-07-15T10:03:43.893809
61,2,6,2,0,2,2026-07-15T10:03:44.424308
61,2,7,2,0,2,2026-07-15T10:03:45.256258
61,2,8,2,0,2,2026-07-15T10:03:46.087218
61,2,9,2,0,2,2026-07-15T10:03:46.648748
61,2,10,2,0,2,2026-07-15T10:03:47.405220
61,3,1,2,0,2,2026-07-15T10:03:48.132994
61,3,2,2,0,2,2026-07-15T10:03:49.218393
61,3,3,2,0,2,2026-07-15T10:03:49.925298
61,3,4,2,0,2,2026-07-15T10:03:50.660130
61,3,5,2,0,2,2026-07-15T10:03:51.353398
61,3,6,2,0,2,2026-07-15T10:03:52.033484
61,3,7,2,0,2,2026-07-15T10:03:53.022592
61,3,8,2,0,2,2026-07-15T10:03:53.909729
61,3,9,2,0,2,2026-07-15T10:03:54.659082
61,3,10,2,0,2,2026-07-15T10:03:55.509651
61,4,1,0,0,0,2026-07-15T10:03:56.799106
61,4,2,0,0,0,2026-07-15T10:03:57.635727
61,4,3,0,0,0,2026-07-15T10:03:58.399483
61,4,4,0,0,0,2026-07-15T10:03:59.131499
61,4,5,0,0,0,2026-07-15T10:03:59.983630
61,4,6,0,0,0,2026-07-15T10:04:00.613608
61,4,7,0,0,0,2026-07-15T10:04:01.283713
61,4,8,0,0,0,2026-07-15T10:04:01.928012
61,4,9,0,0,0,2026-07-15T10:04:02.662015
61,4,10,0,0,0,2026-07-15T10:04:03.529193
61,5,1,3,0,3,2026-07-15T10:04:04.341712
61,5,2,3,0,3,2026-07-15T10:04:04.907420
61,5,3,3,0,3,2026-07-15T10:04:05.467876
61,5,4,3,0,3,2026-07-15T10:04:06.226797
61,5,5,3,0,3,2026-07-15T10:04:07.116498
61,5,6,3,0,3,2026-07-15T10:04:08.056926
61,5,7,3,0,3,2026-07-15T10:04:08.732016
61,5,8,3,0,3,2026-07-15T10:04:09.714082
61,5,9,3,0,3,2026-07-15T10:04:10.443931
61,5,10,3,0,3,2026-07-15T10:04:11.062029
61,6,1,0,0,0,2026-07-15T10:04:11.961657
61,6,2,0,0,0,2026-07-15T10:04:12.714968
61,6,3,0,0,0,2026-07-15T10:04:13.382784
61,6,4,0,0,0,2026-07-15T10:04:14.138270
61,6,5,0,0,0,2026-07-15T10:04:14.943024
61,6,6,0,0,0,2026-07-15T10:04:15.685974
61,6,7,0,0,0,2026-07-15T10:04:16.281446
61,6,8,0,0,0,2026-07-15T10:04:16.930776
61,6,9,0,0,0,2026-07-15T10:04:17.517959
61,6,10,0,0,0,2026-07-15T10:04:18.404874
61,7,1,3,0,3,2026-07-15T10:04:18.993364
61,7,2,3,0,3,2026-07-15T10:04:19.506784
61,7,3,3,0,3,2026-07-15T10:04:20.132498
61,7,4,3,0,3,2026-07-15T10:04:21.270132
61,7,5,3,0,3,2026-07-15T10:04:21.795539
61,7,6,3,0,3,2026-07-15T10:04:22.419878
61,7,7,3,0,3,2026-07-15T10:04:23.143028
61,7,8,3,0,3,2026-07-15T10:04:23.828004
61,7,9,3,0,3,2026-07-15T10:04:24.339403
61,7,10,3,0,3,2026-07-15T10:04:25.020656
61,8,1,2,0,2,2026-07-15T10:04:25.514648
61,8,2,2,0,2,2026-07-15T10:04:26.173187
61,8,3,2,0,2,2026-07-15T10:04:26.637310
61,8,4,2,0,2,2026-07-15T10:04:27.137851
61,8,5,2,0,2,2026-07-15T10:04:27.679436
61,8,6,2,0,2,2026-07-15T10:04:28.190400
61,8,7,2,0,2,2026-07-15T10:04:28.665811
61,8,8,2,0,2,2026-07-15T10:04:29.191172
61,8,9,2,0,2,2026-07-15T10:04:29.872973
61,8,10,2,0,2,2026-07-15T10:04:30.336261
61,9,1,4,0,4,2026-07-15T10:04:30.876453
61,9,2,4,0,4,2026-07-15T10:04:31.469758
61,9,3,4,0,4,2026-07-15T10:04:32.036223
61,9,4,4,0,4,2026-07-15T10:04:32.629827
61,9,5,4,0,4,2026-07-15T10:04:33.230956
61,9,6,4,0,4,2026-07-15T10:04:34.128319
61,9,7,4,0,4,2026-07-15T10:04:34.768853
61,9,8,4,0,4,2026-07-15T10:04:35.353305
61,9,9,4,0,4,2026-07-15T10:04:35.984090
61,9,10,4,0,4,2026-07-15T10:04:36.716930
62,1,1,4,0,4,2026-07-15T10:04:37.504413
62,1,2,4,0,4,2026-07-15T10:04:38.379099
62,1,3,4,0,4,2026-07-15T10:04:39.096176
62,1,4,4,0,4,2026-07-15T10:04:39.774054
62,1,5,4,0,4,2026-07-15T10:04:40.351322
62,1,6,4,0,4,2026-07-15T10:04:40.922844
62,1,7,4,0,4,2026-07-15T10:04:41.613429
62,1,8,4,0,4,2026-07-15T10:04:42.382540
62,1,9,4,0,4,2026-07-15T10:04:43.141344
62,1,10,4,0,4,2026-07-15T10:04:43.786283
62,2,1,2,0,2,2026-07-15T10:04:44.719089
62,2,2,2,0,2,2026-07-15T10:04:45.325858
62,2,3,2,0,2,2026-07-15T10:04:45.901510
62,2,4,2,0,2,2026-07-15T10:04:46.480592
62,2,5,2,0,2,2026-07-15T10:04:47.039751
62,2,6,2,0,2,2026-07-15T10:04:47.614061
62,2,7,2,0,2,2026-07-15T10:04:48.255473
62,2,8,2,0,2,2026-07-15T10:04:48.969350
62,2,9,2,0,2,2026-07-15T10:04:49.793438
62,2,10,2,0,2,2026-07-15T10:04:50.382250
62,3,1,3,0,3,2026-07-15T10:04:51.043676
62,3,2,3,0,3,2026-07-15T10:04:51.738341
62,3,3,3,0,3,2026-07-15T10:04:52.663767
62,3,4,3,0,3,2026-07-15T10:04:53.332929
62,3,5,3,0,3,2026-07-15T10:04:57.603862
62,3,6,3,0,3,2026-07-15T10:04:58.367746
62,3,7,3,0,3,2026-07-15T10:04:59.023265
62,3,8,3,0,3,2026-07-15T10:04:59.629439
62,3,9,3,0,3,2026-07-15T10:05:00.239580
62,3,10,3,0,3,2026-07-15T10:05:02.652527
62,4,1,1,0,1,2026-07-15T10:05:03.418020
62,4,2,1,0,1,2026-07-15T10:05:04.128753
62,4,3,1,0,1,2026-07-15T10:05:04.905807
62,4,4,1,0,1,2026-07-15T10:05:05.653754
62,4,5,1,0,1,2026-07-15T10:05:06.283111
62,4,6,1,0,1,2026-07-15T10:05:07.057016
62,4,7,1,0,1,2026-07-15T10:05:07.756879
62,4,8,1,0,1,2026-07-15T10:05:08.443314
62,4,9,1,0,1,2026-07-15T10:05:09.193954
62,4,10,1,0,1,2026-07-15T10:05:09.834503
62,5,1,3,0,3,2026-07-15T10:05:10.523691
62,5,2,3,0,3,2026-07-15T10:05:11.284101
62,5,3,4,0,4,2026-07-15T10:05:12.035692
62,5,4,3,0,3,2026-07-15T10:05:12.912154
62,5,5,4,0,4,2026-07-15T10:05:13.667515
62,5,6,4,0,4,2026-07-15T10:05:14.974094
62,5,7,3,0,3,2026-07-15T10:05:16.024600
62,5,8,4,0,4,2026-07-15T10:05:16.724919
62,5,9,4,0,4,2026-07-15T10:05:17.695206
62,5,10,3,0,3,2026-07-15T10:05:18.418623
62,6,1,2,0,2,2026-07-15T10:05:19.329492
62,6,2,2,0,2,2026-07-15T10:05:20.078589
62,6,3,2,0,2,2026-07-15T10:05:20.826075
62,6,4,2,0,2,2026-07-15T10:05:21.540840
62,6,5,2,0,2,2026-07-15T10:05:22.323445
62,6,6,2,0,2,2026-07-15T10:05:23.000932
62,6,7,2,0,2,2026-07-15T10:05:23.713165
62,6,8,2,0,2,2026-07-15T10:05:24.453706
62,6,9,2,0,2,2026-07-15T10:05:25.432736
62,6,10,2,0,2,2026-07-15T10:05:26.298119
62,7,1,4,0,4,2026-07-15T10:05:27.007891
62,7,2,4,0,4,2026-07-15T10:05:27.988511
62,7,3,4,0,4,2026-07-15T10:05:28.686550
62,7,4,4,0,4,2026-07-15T10:05:29.385890
62,7,5,4,0,4,2026-07-15T10:05:30.046941
62,7,6,4,0,4,2026-07-15T10:05:30.865952
62,7,7,4,0,4,2026-07-15T10:05:31.765364
62,7,8,4,0,4,2026-07-15T10:05:32.417274
62,7,9,4,0,4,2026-07-15T10:05:33.226928
62,7,10,4,0,4,2026-07-15T10:05:34.329026
62,8,1,2,0,2,2026-07-15T10:05:35.143257
62,8,2,2,0,2,2026-07-15T10:05:35.691652
62,8,3,2,0,2,2026-07-15T10:05:36.443828
62,8,4,2,0,2,2026-07-15T10:05:37.029690
62,8,5,2,0,2,2026-07-15T10:05:37.929419
62,8,6,2,0,2,2026-07-15T10:05:38.700265
62,8,7,2,0,2,2026-07-15T10:05:39.282679
62,8,8,2,0,2,2026-07-15T10:05:39.921495
62,8,9,2,0,2,2026-07-15T10:05:40.496411
62,8,10,2,0,2,2026-07-15T10:05:41.076922
62,9,1,4,0,4,2026-07-15T10:05:41.665027
62,9,2,4,0,4,2026-07-15T10:05:42.218218
62,9,3,4,0,4,2026-07-15T10:05:42.803467
62,9,4,4,0,4,2026-07-15T10:05:43.241943
62,9,5,4,0,4,2026-07-15T10:05:43.756813
62,9,6,4,0,4,2026-07-15T10:05:44.269828
62,9,7,4,0,4,2026-07-15T10:05:44.824330
62,9,8,4,0,4,2026-07-15T10:05:45.374979
62,9,9,4,0,4,2026-07-15T10:05:45.909913
62,9,10,4,0,4,2026-07-15T10:05:46.422554
63,1,1,3,0,3,2026-07-15T10:05:47.439970
63,1,2,3,0,3,2026-07-15T10:05:48.189520
63,1,3,3,0,3,2026-07-15T10:05:49.017626
63,1,4,3,0,3,2026-07-15T10:05:49.658550
63,1,5,3,0,3,2026-07-15T10:05:50.548415
63,1,6,3,0,3,2026-07-15T10:05:51.448502
63,1,7,3,0,3,2026-07-15T10:05:52.086193
63,1,8,3,0,3,2026-07-15T10:05:52.831666
63,1,9,3,0,3,2026-07-15T10:05:53.725392
63,1,10,3,0,3,2026-07-15T10:05:54.803109
63,2,1,1,0,1,2026-07-15T10:05:55.729898
63,2,2,1,0,1,2026-07-15T10:05:56.569556
63,2,3,2,0,2,2026-07-15T10:05:57.244053
63,2,4,2,0,2,2026-07-15T10:05:57.844141
63,2,5,2,0,2,2026-07-15T10:05:59.709546
63,2,6,2,0,2,2026-07-15T10:06:00.345663
63,2,7,2,0,2,2026-07-15T10:06:00.954958
63,2,8,1,0,1,2026-07-15T10:06:01.700115
63,2,9,2,0,2,2026-07-15T10:06:02.340454
63,2,10,2,0,2,2026-07-15T10:06:02.898715
63,3,1,3,0,3,2026-07-15T10:06:03.582432
63,3,2,3,0,3,2026-07-15T10:06:04.497909
63,3,3,3,0,3,2026-07-15T10:06:05.152034
63,3,4,3,0,3,2026-07-15T10:06:05.859435
63,3,5,3,0,3,2026-07-15T10:06:06.704459
63,3,6,3,0,3,2026-07-15T10:06:07.350925
63,3,7,3,0,3,2026-07-15T10:06:07.927988
63,3,8,3,0,3,2026-07-15T10:06:08.781243
63,3,9,3,0,3,2026-07-15T10:06:09.429419
63,3,10,3,0,3,2026-07-15T10:06:10.178850
63,4,1,1,0,1,2026-07-15T10:06:10.857744
63,4,2,1,0,1,2026-07-15T10:06:11.449916
63,4,3,1,0,1,2026-07-15T10:06:12.154493
63,4,4,0,0,0,2026-07-15T10:06:12.794664
63,4,5,0,0,0,2026-07-15T10:06:13.530327
63,4,6,0,0,0,2026-07-15T10:06:14.092375
63,4,7,0,0,0,2026-07-15T10:06:14.740317
63,4,8,0,0,0,2026-07-15T10:06:15.398100
63,4,9,1,0,1,2026-07-15T10:06:15.957974
63,4,10,1,0,1,2026-07-15T10:06:16.519011
63,5,1,4,0,4,2026-07-15T10:06:24.564047
63,5,2,4,0,4,2026-07-15T10:06:32.481419
63,5,3,4,0,4,2026-07-15T10:06:42.011644
63,5,4,4,0,4,2026-07-15T10:07:02.586106
63,5,5,4,0,4,2026-07-15T10:07:12.852922
63,5,6,4,0,4,2026-07-15T10:07:29.440869
63,5,7,4,0,4,2026-07-15T10:07:38.721879
63,5,8,4,0,4,2026-07-15T10:07:46.647756
63,5,9,4,0,4,2026-07-15T10:07:56.009141
63,5,10,4,0,4,2026-07-15T10:08:07.797485
63,6,1,0,0,0,2026-07-15T10:08:08.388602
63,6,2,0,0,0,2026-07-15T10:08:09.229415
63,6,3,0,0,0,2026-07-15T10:08:09.906277
63,6,4,0,0,0,2026-07-15T10:08:10.537886
63,6,5,0,0,0,2026-07-15T10:08:11.107860
63,6,6,1,0,1,2026-07-15T10:08:11.639307
63,6,7,1,0,1,2026-07-15T10:08:12.222244
63,6,8,0,0,0,2026-07-15T10:08:12.728670
63,6,9,0,0,0,2026-07-15T10:08:13.306159
63,6,10,0,0,0,2026-07-15T10:08:13.854584
63,7,1,4,0,4,2026-07-15T10:08:14.579956
63,7,2,4,0,4,2026-07-15T10:08:15.341297
63,7,3,4,0,4,2026-07-15T10:08:16.018891
63,7,4,4,0,4,2026-07-15T10:08:16.720231
63,7,5,4,0,4,2026-07-15T10:08:17.514449
63,7,6,4,0,4,2026-07-15T10:08:18.367537
63,7,7,4,0,4,2026-07-15T10:08:19.129115
63,7,8,4,0,4,2026-07-15T10:08:20.041206
63,7,9,4,0,4,2026-07-15T10:08:20.812270
63,7,10,4,0,4,2026-07-15T10:08:21.527599
63,8,1,2,0,2,2026-07-15T10:08:22.242065
63,8,2,2,0,2,2026-07-15T10:08:23.277799
63,8,3,2,0,2,2026-07-15T10:08:24.344152
63,8,4,2,0,2,2026-07-15T10:08:25.538092
63,8,5,2,0,2,2026-07-15T10:08:27.191500
63,8,6,2,0,2,2026-07-15T10:08:28.338254
63,8,7,2,0,2,2026-07-15T10:08:29.469463
63,8,8,2,0,2,2026-07-15T10:08:32.967096
63,8,9,2,0,2,2026-07-15T10:08:34.442756
63,8,10,1,0,1,2026-07-15T10:08:35.932702
63,9,1,5,0,5,2026-07-15T10:08:37.787443
63,9,2,5,0,5,2026-07-15T10:08:39.668905
63,9,3,5,0,5,2026-07-15T10:08:41.585700
63,9,4,5,0,5,2026-07-15T10:08:43.059216
63,9,5,5,0,5,2026-07-15T10:08:44.690049
63,9,6,5,0,5,2026-07-15T10:08:46.108839
63,9,7,5,0,5,2026-07-15T10:08:47.568058
63,9,8,5,0,5,2026-07-15T10:08:48.777761
63,9,9,5,0,5,2026-07-15T10:08:49.849859
63,9,10,5,0,5,2026-07-15T10:08:50.775507
64,1,1,3,0,3,2026-07-15T10:08:51.378151
64,1,2,3,0,3,2026-07-15T10:08:51.938531
64,1,3,3,0,3,2026-07-15T10:08:52.698862
64,1,4,3,0,3,2026-07-15T10:08:53.257374
64,1,5,3,0,3,2026-07-15T10:08:53.807028
64,1,6,3,0,3,2026-07-15T10:08:54.433542
64,1,7,3,0,3,2026-07-15T10:08:55.008113
64,1,8,3,0,3,2026-07-15T10:08:55.715624
64,1,9,3,0,3,2026-07-15T10:08:56.470503
64,1,10,3,0,3,2026-07-15T10:08:56.998163
64,2,1,2,0,2,2026-07-15T10:08:57.534395
64,2,2,2,0,2,2026-07-15T10:09:00.929931
64,2,3,2,0,2,2026-07-15T10:09:01.596656
64,2,4,2,0,2,2026-07-15T10:09:02.246691
64,2,5,2,0,2,2026-07-15T10:09:06.169138
64,2,6,2,0,2,2026-07-15T10:09:06.742965
64,2,7,2,0,2,2026-07-15T10:09:07.425432
64,2,8,2,0,2,2026-07-15T10:09:08.195035
64,2,9,2,0,2,2026-07-15T10:09:09.009544
64,2,10,2,0,2,2026-07-15T10:09:10.483593
64,3,1,2,0,2,2026-07-15T10:09:11.019806
64,3,2,2,0,2,2026-07-15T10:09:11.608563
64,3,3,2,0,2,2026-07-15T10:09:12.166407
64,3,4,2,0,2,2026-07-15T10:09:12.705076
64,3,5,2,0,2,2026-07-15T10:09:13.438979
64,3,6,2,0,2,2026-07-15T10:09:14.133156
64,3,7,2,0,2,2026-07-15T10:09:15.036505
64,3,8,2,0,2,2026-07-15T10:09:15.998560
64,3,9,2,0,2,2026-07-15T10:09:16.924844
64,3,10,2,0,2,2026-07-15T10:09:18.075944
64,4,1,1,0,1,2026-07-15T10:09:18.780145
64,4,2,1,0,1,2026-07-15T10:09:19.365484
64,4,3,1,0,1,2026-07-15T10:09:19.986492
64,4,4,1,0,1,2026-07-15T10:09:20.599038
64,4,5,1,0,1,2026-07-15T10:09:21.558207
64,4,6,1,0,1,2026-07-15T10:09:22.077827
64,4,7,1,0,1,2026-07-15T10:09:22.760545
64,4,8,1,0,1,2026-07-15T10:09:23.404282
64,4,9,1,0,1,2026-07-15T10:09:24.044755
64,4,10,1,0,1,2026-07-15T10:09:24.730669
64,5,1,3,0,3,2026-07-15T10:09:25.539805
64,5,2,3,0,3,2026-07-15T10:09:26.221389
64,5,3,3,0,3,2026-07-15T10:09:26.755356
64,5,4,3,0,3,2026-07-15T10:09:27.505843
64,5,5,3,0,3,2026-07-15T10:09:28.290192
64,5,6,3,0,3,2026-07-15T10:09:28.982193
64,5,7,3,0,3,2026-07-15T10:09:29.497636
64,5,8,3,0,3,2026-07-15T10:09:30.435146
64,5,9,3,0,3,2026-07-15T10:09:30.950370
64,5,10,3,0,3,2026-07-15T10:09:31.551324
64,6,1,0,0,0,2026-07-15T10:09:32.161086
64,6,2,0,0,0,2026-07-15T10:09:32.909057
64,6,3,0,0,0,2026-07-15T10:09:33.645443
64,6,4,0,0,0,2026-07-15T10:09:34.434155
64,6,5,0,0,0,2026-07-15T10:09:35.496820
64,6,6,0,0,0,2026-07-15T10:09:36.266215
64,6,7,1,0,1,2026-07-15T10:09:37.134422
64,6,8,0,0,0,2026-07-15T10:09:37.711469
64,6,9,1,0,1,2026-07-15T10:09:38.453857
64,6,10,1,0,1,2026-07-15T10:09:39.122503
64,7,1,4,0,4,2026-07-15T10:09:47.649167
64,7,2,4,0,4,2026-07-15T10:09:59.551877
64,7,3,4,0,4,2026-07-15T10:10:00.138052
64,7,4,4,0,4,2026-07-15T10:10:00.791922
64,7,5,4,0,4,2026-07-15T10:10:01.373405
64,7,6,4,0,4,2026-07-15T10:10:01.961228
64,7,7,4,0,4,2026-07-15T10:10:02.585795
64,7,8,4,0,4,2026-07-15T10:10:03.181568
64,7,9,4,0,4,2026-07-15T10:10:03.850154
64,7,10,4,0,4,2026-07-15T10:10:04.466376
64,8,1,2,0,2,2026-07-15T10:10:05.572362
64,8,2,2,0,2,2026-07-15T10:10:06.215988
64,8,3,2,0,2,2026-07-15T10:10:06.907438
64,8,4,2,0,2,2026-07-15T10:10:07.559275
64,8,5,2,0,2,2026-07-15T10:10:08.295352
64,8,6,2,0,2,2026-07-15T10:10:09.395245
64,8,7,2,0,2,2026-07-15T10:10:10.291799
64,8,8,2,0,2,2026-07-15T10:10:10.987484
64,8,9,2,0,2,2026-07-15T10:10:11.614684
64,8,10,2,0,2,2026-07-15T10:10:12.321460
64,9,1,4,0,4,2026-07-15T10:10:17.163173
64,9,2,4,0,4,2026-07-15T10:10:23.909325
64,9,3,4,0,4,2026-07-15T10:10:33.560717
64,9,4,4,0,4,2026-07-15T10:10:41.955204
64,9,5,4,0,4,2026-07-15T10:10:49.168066
64,9,6,4,0,4,2026-07-15T10:10:55.007033
64,9,7,4,0,4,2026-07-15T10:10:59.885993
64,9,8,4,0,4,2026-07-15T10:11:04.445096
64,9,9,4,0,4,2026-07-15T10:11:08.633413
64,9,10,4,0,4,2026-07-15T10:11:11.959698
65,1,1,3,0,3,2026-07-15T10:11:12.718297
65,1,2,3,0,3,2026-07-15T10:11:13.398658
65,1,3,3,0,3,2026-07-15T10:11:14.099698
65,1,4,3,0,3,2026-07-15T10:11:15.232746
65,1,5,3,0,3,2026-07-15T10:11:15.998811
65,1,6,3,0,3,2026-07-15T10:11:16.873733
65,1,7,3,0,3,2026-07-15T10:11:22.860926
65,1,8,3,0,3,2026-07-15T10:11:23.499622
65,1,9,3,0,3,2026-07-15T10:11:24.230645
65,1,10,3,0,3,2026-07-15T10:11:24.997812
65,2,1,1,0,1,2026-07-15T10:11:25.662745
65,2,2,1,0,1,2026-07-15T10:11:26.302933
65,2,3,1,0,1,2026-07-15T10:11:27.073539
65,2,4,1,0,1,2026-07-15T10:11:27.916745
65,2,5,1,0,1,2026-07-15T10:11:28.611327
65,2,6,1,0,1,2026-07-15T10:11:29.198541
65,2,7,1,0,1,2026-07-15T10:11:29.988457
65,2,8,1,0,1,2026-07-15T10:11:30.628565
65,2,9,1,0,1,2026-07-15T10:11:31.694199
65,2,10,1,0,1,2026-07-15T10:11:32.959733
65,3,1,2,0,2,2026-07-15T10:11:33.535068
65,3,2,2,0,2,2026-07-15T10:11:34.174956
65,3,3,2,0,2,2026-07-15T10:11:34.708256
65,3,4,3,0,3,2026-07-15T10:11:35.215239
65,3,5,2,0,2,2026-07-15T10:11:35.749354
65,3,6,2,0,2,2026-07-15T10:11:36.405732
65,3,7,2,0,2,2026-07-15T10:11:37.188696
65,3,8,2,0,2,2026-07-15T10:11:38.119635
65,3,9,2,0,2,2026-07-15T10:11:38.633111
65,3,10,2,0,2,2026-07-15T10:11:39.230029
65,4,1,0,0,0,2026-07-15T10:11:40.052852
65,4,2,0,0,0,2026-07-15T10:11:40.574364
65,4,3,0,0,0,2026-07-15T10:11:41.107746
65,4,4,0,0,0,2026-07-15T10:11:41.753278
65,4,5,0,0,0,2026-07-15T10:11:42.373667
65,4,6,0,0,0,2026-07-15T10:11:42.918504
65,4,7,0,0,0,2026-07-15T10:11:43.576013
65,4,8,0,0,0,2026-07-15T10:11:44.270475
65,4,9,0,0,0,2026-07-15T10:11:44.829831
65,4,10,0,0,0,2026-07-15T10:11:45.345721
65,5,1,4,0,4,2026-07-15T10:11:45.854392
65,5,2,3,0,3,2026-07-15T10:11:46.541682
65,5,3,3,0,3,2026-07-15T10:11:47.135710
65,5,4,4,0,4,2026-07-15T10:11:47.824053
65,5,5,4,0,4,2026-07-15T10:11:48.395812
65,5,6,2,0,2,2026-07-15T10:11:49.175046
65,5,7,4,0,4,2026-07-15T10:11:49.708509
65,5,8,4,0,4,2026-07-15T10:11:50.443646
65,5,9,3,0,3,2026-07-15T10:11:50.951853
65,5,10,3,0,3,2026-07-15T10:11:51.743608
65,6,1,0,0,0,2026-07-15T10:11:52.430227
65,6,2,0,0,0,2026-07-15T10:11:53.161369
65,6,3,0,0,0,2026-07-15T10:11:53.854645
65,6,4,0,0,0,2026-07-15T10:11:54.531225
65,6,5,0,0,0,2026-07-15T10:11:55.161203
65,6,6,1,0,1,2026-07-15T10:11:56.019024
65,6,7,0,0,0,2026-07-15T10:11:56.717194
65,6,8,0,0,0,2026-07-15T10:11:57.876855
65,6,9,1,0,1,2026-07-15T10:11:58.666544
65,6,10,0,0,0,2026-07-15T10:11:59.340298
65,7,1,4,0,4,2026-07-15T10:11:59.870947
65,7,2,4,0,4,2026-07-15T10:12:00.452215
65,7,3,4,0,4,2026-07-15T10:22:01.452341
65,7,4,4,0,4,2026-07-15T10:22:02.007642
65,7,5,4,0,4,2026-07-15T10:22:02.526488
65,7,6,4,0,4,2026-07-15T10:22:03.063846
65,7,7,4,0,4,2026-07-15T10:22:03.604030
65,7,8,4,0,4,2026-07-15T10:22:04.362057
65,7,9,4,0,4,2026-07-15T10:22:04.941592
65,7,10,4,0,4,2026-07-15T10:22:05.619454
65,8,1,1,0,1,2026-07-15T10:22:06.273226
65,8,2,1,0,1,2026-07-15T10:22:06.850212
65,8,3,1,0,1,2026-07-15T10:22:07.957263
65,8,4,1,0,1,2026-07-15T10:22:08.729160
65,8,5,1,0,1,2026-07-15T10:22:09.339040
65,8,6,1,0,1,2026-07-15T10:22:09.939925
65,8,7,1,0,1,2026-07-15T10:22:10.510278
65,8,8,1,0,1,2026-07-15T10:22:11.262800
65,8,9,1,0,1,2026-07-15T10:22:11.838159
65,8,10,1,0,1,2026-07-15T10:22:12.392314
65,9,1,4,0,4,2026-07-15T10:22:12.968556
65,9,2,4,0,4,2026-07-15T10:22:13.583495
65,9,3,4,0,4,2026-07-15T10:22:14.148663
65,9,4,4,0,4,2026-07-15T10:22:14.747705
65,9,5,4,0,4,2026-07-15T10:22:15.365549
65,9,6,4,0,4,2026-07-15T10:22:15.991159
65,9,7,4,0,4,2026-07-15T10:22:16.543052
65,9,8,4,0,4,2026-07-15T10:22:17.043821
65,9,9,4,0,4,2026-07-15T10:22:17.674753
65,9,10,4,0,4,2026-07-15T10:22:18.495640
66,1,1,3,0,3,2026-07-15T10:22:19.093364
66,1,2,3,0,3,2026-07-15T10:22:19.634684
66,1,3,3,0,3,2026-07-15T10:22:20.328110
66,1,4,3,0,3,2026-07-15T10:22:20.883452
66,1,5,3,0,3,2026-07-15T10:22:21.623740
66,1,6,2,0,2,2026-07-15T10:22:22.154711
66,1,7,3,0,3,2026-07-15T10:22:22.712414
66,1,8,3,0,3,2026-07-15T10:22:23.441963
66,1,9,3,0,3,2026-07-15T10:22:24.207834
66,1,10,3,0,3,2026-07-15T10:22:24.744308
66,2,1,2,0,2,2026-07-15T10:22:25.380809
66,2,2,2,0,2,2026-07-15T10:22:25.946766
66,2,3,2,0,2,2026-07-15T10:22:26.467695
66,2,4,2,0,2,2026-07-15T10:22:26.976358
66,2,5,2,0,2,2026-07-15T10:22:29.116750
66,2,6,2,0,2,2026-07-15T10:22:30.251978
66,2,7,2,0,2,2026-07-15T10:22:30.808225
66,2,8,2,0,2,2026-07-15T10:22:31.311101
66,2,9,2,0,2,2026-07-15T10:22:31.933096
66,2,10,2,0,2,2026-07-15T10:22:32.980516
66,3,1,2,0,2,2026-07-15T10:22:33.791233
66,3,2,2,0,2,2026-07-15T10:22:34.361635
66,3,3,2,0,2,2026-07-15T10:22:34.906194
66,3,4,2,0,2,2026-07-15T10:22:35.735751
66,3,5,2,0,2,2026-07-15T10:22:36.550403
66,3,6,2,0,2,2026-07-15T10:22:37.184703
66,3,7,2,0,2,2026-07-15T10:22:37.786313
66,3,8,2,0,2,2026-07-15T10:22:38.552275
66,3,9,2,0,2,2026-07-15T10:22:39.198381
66,3,10,2,0,2,2026-07-15T10:22:39.859595
66,4,1,0,0,0,2026-07-15T10:22:40.685513
66,4,2,0,0,0,2026-07-15T10:22:41.331750
66,4,3,0,0,0,2026-07-15T10:22:41.885304
66,4,4,0,0,0,2026-07-15T10:22:42.483335
66,4,5,0,0,0,2026-07-15T10:22:43.245178
66,4,6,0,0,0,2026-07-15T10:22:43.896158
66,4,7,0,0,0,2026-07-15T10:22:44.613869
66,4,8,0,0,0,2026-07-15T10:22:45.194115
66,4,9,0,0,0,2026-07-15T10:22:45.851674
66,4,10,0,0,0,2026-07-15T10:22:46.387341
66,5,1,3,0,3,2026-07-15T10:22:47.083059
66,5,2,3,0,3,2026-07-15T10:22:47.726710
66,5,3,3,0,3,2026-07-15T10:22:48.352848
66,5,4,3,0,3,2026-07-15T10:22:49.044053
66,5,5,3,0,3,2026-07-15T10:22:49.775817
66,5,6,3,0,3,2026-07-15T10:22:50.365658
66,5,7,3,0,3,2026-07-15T10:22:50.963332
66,5,8,3,0,3,2026-07-15T10:22:51.530165
66,5,9,3,0,3,2026-07-15T10:22:52.147846
66,5,10,3,0,3,2026-07-15T10:22:52.809119
66,6,1,0,0,0,2026-07-15T10:22:53.915111
66,6,2,0,0,0,2026-07-15T10:22:54.601250
66,6,3,0,0,0,2026-07-15T10:22:55.166744
66,6,4,0,0,0,2026-07-15T10:22:55.942691
66,6,5,0,0,0,2026-07-15T10:22:57.050916
66,6,6,0,0,0,2026-07-15T10:22:57.544472
66,6,7,0,0,0,2026-07-15T10:22:58.140215
66,6,8,0,0,0,2026-07-15T10:22:58.871141
66,6,9,0,0,0,2026-07-15T10:22:59.376855
66,6,10,0,0,0,2026-07-15T10:22:59.937857
66,7,1,4,0,4,2026-07-15T10:23:00.458122
66,7,2,4,0,4,2026-07-15T10:23:01.107503
66,7,3,4,0,4,2026-07-15T10:23:01.877796
66,7,4,4,0,4,2026-07-15T10:23:02.469465
66,7,5,4,0,4,2026-07-15T10:23:03.095175
66,7,6,4,0,4,2026-07-15T10:23:03.672151
66,7,7,4,0,4,2026-07-15T10:23:04.164898
66,7,8,4,0,4,2026-07-15T10:23:04.703334
66,7,9,4,0,4,2026-07-15T10:23:05.220620
66,7,10,4,0,4,2026-07-15T10:23:08.173065
66,8,1,0,0,0,2026-07-15T10:23:08.845892
66,8,2,0,0,0,2026-07-15T10:23:09.396354
66,8,3,0,0,0,2026-07-15T10:23:09.834014
66,8,4,0,0,0,2026-07-15T10:23:10.338508
66,8,5,0,0,0,2026-07-15T10:23:10.894985
66,8,6,0,0,0,2026-07-15T10:23:11.820731
66,8,7,0,0,0,2026-07-15T10:23:12.483035
66,8,8,0,0,0,2026-07-15T10:23:13.067402
66,8,9,0,0,0,2026-07-15T10:23:13.589147
66,8,10,0,0,0,2026-07-15T10:23:14.810291
66,9,1,4,0,4,2026-07-15T10:23:15.371219
66,9,2,4,0,4,2026-07-15T10:23:15.906892
66,9,3,4,0,4,2026-07-15T10:23:16.433762
66,9,4,4,0,4,2026-07-15T10:23:17.435361
66,9,5,4,0,4,2026-07-15T10:23:17.966253
66,9,6,4,0,4,2026-07-15T10:23:18.734668
66,9,7,4,0,4,2026-07-15T10:23:19.283360
66,9,8,4,0,4,2026-07-15T10:23:20.882056
66,9,9,4,0,4,2026-07-15T10:23:21.558005
66,9,10,4,0,4,2026-07-15T10:23:22.160610
67,1,1,3,0,3,2026-07-15T10:23:23.353730
67,1,2,3,0,3,2026-07-15T10:23:27.922995
67,1,3,3,0,3,2026-07-15T10:23:28.979176
67,1,4,3,0,3,2026-07-15T10:23:29.524165
67,1,5,3,0,3,2026-07-15T10:23:30.219463
67,1,6,3,0,3,2026-07-15T10:23:30.988595
67,1,7,3,0,3,2026-07-15T10:23:31.512770
67,1,8,3,0,3,2026-07-15T10:23:32.047045
67,1,9,3,0,3,2026-07-15T10:23:32.702553
67,1,10,3,0,3,2026-07-15T10:23:33.273268
67,2,1,0,0,0,2026-07-15T10:23:33.852756
67,2,2,0,0,0,2026-07-15T10:23:34.855242
67,2,3,0,0,0,2026-07-15T10:23:35.511757
67,2,4,0,0,0,2026-07-15T10:23:36.268402
67,2,5,0,0,0,2026-07-15T10:23:36.941667
67,2,6,0,0,0,2026-07-15T10:23:37.550998
67,2,7,0,0,0,2026-07-15T10:23:38.083791
67,2,8,0,0,0,2026-07-15T10:23:38.657079
67,2,9,0,0,0,2026-07-15T10:23:39.308966
67,2,10,0,0,0,2026-07-15T10:23:39.886371
67,3,1,2,0,2,2026-07-15T10:23:40.638764
67,3,2,0,0,0,2026-07-15T10:23:41.275495
67,3,3,2,0,2,2026-07-15T10:23:42.404023
67,3,4,2,0,2,2026-07-15T10:23:43.110555
67,3,5,2,0,2,2026-07-15T10:23:43.957772
67,3,6,2,0,2,2026-07-15T10:23:44.602993
67,3,7,2,0,2,2026-07-15T10:23:45.155530
67,3,8,2,0,2,2026-07-15T10:23:45.750839
67,3,9,2,0,2,2026-07-15T10:23:46.280089
67,3,10,2,0,2,2026-07-15T10:23:46.865947
67,4,1,0,0,0,2026-07-15T10:23:47.537076
67,4,2,0,0,0,2026-07-15T10:23:48.451776
67,4,3,0,0,0,2026-07-15T10:23:49.105510
67,4,4,0,0,0,2026-07-15T10:23:49.659995
67,4,5,0,0,0,2026-07-15T10:23:50.308336
67,4,6,0,0,0,2026-07-15T10:23:50.870712
67,4,7,0,0,0,2026-07-15T10:23:51.505208
67,4,8,0,0,0,2026-07-15T10:23:52.005883
67,4,9,0,0,0,2026-07-15T10:23:52.610644
67,4,10,0,0,0,2026-07-15T10:23:53.201525
67,5,1,2,0,2,2026-07-15T10:23:53.790855
67,5,2,2,0,2,2026-07-15T10:23:54.466860
67,5,3,3,0,3,2026-07-15T10:23:55.052420
67,5,4,2,0,2,2026-07-15T10:23:55.696802
67,5,5,2,0,2,2026-07-15T10:23:56.254519
67,5,6,2,0,2,2026-07-15T10:23:56.913344
67,5,7,2,0,2,2026-07-15T10:23:57.656193
67,5,8,2,0,2,2026-07-15T10:23:58.452257
67,5,9,2,0,2,2026-07-15T10:23:59.046098
67,5,10,2,0,2,2026-07-15T10:23:59.642403
67,6,1,0,0,0,2026-07-15T10:24:00.258682
67,6,2,0,0,0,2026-07-15T10:24:01.055990
67,6,3,0,0,0,2026-07-15T10:24:04.120143
67,6,4,0,0,0,2026-07-15T10:24:04.666900
67,6,5,0,0,0,2026-07-15T10:24:08.862829
67,6,6,0,0,0,2026-07-15T10:24:09.454671
67,6,7,0,0,0,2026-07-15T10:24:10.111299
67,6,8,0,0,0,2026-07-15T10:24:10.677971
67,6,9,0,0,0,2026-07-15T10:24:11.435200
67,6,10,0,0,0,2026-07-15T10:24:12.168915
67,7,1,2,0,2,2026-07-15T10:24:17.098519
67,7,2,2,0,2,2026-07-15T10:24:21.924504
67,7,3,2,0,2,2026-07-15T10:24:26.826169
67,7,4,2,0,2,2026-07-15T10:24:32.348167
67,7,5,2,0,2,2026-07-15T10:24:50.004419
67,7,6,2,0,2,2026-07-15T10:25:00.774271
67,7,7,2,0,2,2026-07-15T10:25:09.297687
67,7,8,2,0,2,2026-07-15T10:25:17.044098
67,7,9,2,0,2,2026-07-15T10:25:24.060571
67,7,10,2,0,2,2026-07-15T10:25:32.950160
67,8,1,2,0,2,2026-07-15T10:25:33.677705
67,8,2,2,0,2,2026-07-15T10:25:34.284024
67,8,3,2,0,2,2026-07-15T10:25:34.806946
67,8,4,2,0,2,2026-07-15T10:25:35.466976
67,8,5,2,0,2,2026-07-15T10:25:36.053419
67,8,6,2,0,2,2026-07-15T10:25:36.623576
67,8,7,2,0,2,2026-07-15T10:25:37.107425
67,8,8,2,0,2,2026-07-15T10:25:37.741932
67,8,9,2,0,2,2026-07-15T10:25:38.275348
67,8,10,2,0,2,2026-07-15T10:25:38.980798
67,9,1,4,0,4,2026-07-15T10:25:39.541048
67,9,2,4,0,4,2026-07-15T10:25:40.125454
67,9,3,4,0,4,2026-07-15T10:25:40.911309
67,9,4,4,0,4,2026-07-15T10:25:41.781930
67,9,5,4,0,4,2026-07-15T10:25:42.341070
67,9,6,4,0,4,2026-07-15T10:25:43.384132
67,9,7,4,0,4,2026-07-15T10:25:44.034233
67,9,8,4,0,4,2026-07-15T10:25:44.868596
67,9,9,4,0,4,2026-07-15T10:25:45.581446
67,9,10,4,0,4,2026-07-15T10:25:46.179357
68,1,1,3,0,3,2026-07-15T10:25:47.086094
68,1,2,3,0,3,2026-07-15T10:25:47.694681
68,1,3,3,0,3,2026-07-15T10:25:48.569358
68,1,4,3,0,3,2026-07-15T10:25:49.444587
68,1,5,3,0,3,2026-07-15T10:25:50.172523
68,1,6,3,0,3,2026-07-15T10:25:50.878993
68,1,7,3,0,3,2026-07-15T10:25:51.548066
68,1,8,3,0,3,2026-07-15T10:25:52.240296
68,1,9,3,0,3,2026-07-15T10:25:52.840438
68,1,10,3,0,3,2026-07-15T10:25:53.451682
68,2,1,2,0,2,2026-07-15T10:25:54.044909
68,2,2,2,0,2,2026-07-15T10:25:54.667733
68,2,3,2,0,2,2026-07-15T10:25:55.309904
68,2,4,2,0,2,2026-07-15T10:25:55.993617
68,2,5,2,0,2,2026-07-15T10:25:56.866495
68,2,6,2,0,2,2026-07-15T10:25:57.400831
68,2,7,2,0,2,2026-07-15T10:25:58.014422
68,2,8,2,0,2,2026-07-15T10:25:58.559996
68,2,9,2,0,2,2026-07-15T10:25:59.136666
68,2,10,2,0,2,2026-07-15T10:25:59.724653
68,3,1,3,0,3,2026-07-15T10:26:00.600300
68,3,2,3,0,3,2026-07-15T10:26:01.376799
68,3,3,3,0,3,2026-07-15T10:26:02.253549
68,3,4,3,0,3,2026-07-15T10:26:03.015794
68,3,5,3,0,3,2026-07-15T10:26:03.695861
68,3,6,3,0,3,2026-07-15T10:26:04.728682
68,3,7,3,0,3,2026-07-15T10:26:05.413071
68,3,8,3,0,3,2026-07-15T10:26:06.271263
68,3,9,3,0,3,2026-07-15T10:26:06.965285
68,3,10,3,0,3,2026-07-15T10:26:07.718505
68,4,1,1,0,1,2026-07-15T10:26:08.278587
68,4,2,1,0,1,2026-07-15T10:26:08.894360
68,4,3,1,0,1,2026-07-15T10:26:09.473449
68,4,4,1,0,1,2026-07-15T10:26:10.188891
68,4,5,1,0,1,2026-07-15T10:26:10.858948
68,4,6,1,0,1,2026-07-15T10:26:11.658906
68,4,7,1,0,1,2026-07-15T10:26:12.303706
68,4,8,1,0,1,2026-07-15T10:26:12.888779
68,4,9,1,0,1,2026-07-15T10:26:13.474503
68,4,10,1,0,1,2026-07-15T10:26:14.052660
68,5,1,3,0,3,2026-07-15T10:26:15.302999
68,5,2,3,0,3,2026-07-15T10:26:16.607761
68,5,3,3,0,3,2026-07-15T10:26:17.801693
68,5,4,3,0,3,2026-07-15T10:26:19.153196
68,5,5,3,0,3,2026-07-15T10:26:20.508617
68,5,6,3,0,3,2026-07-15T10:26:22.350262
68,5,7,3,0,3,2026-07-15T10:26:24.626017
68,5,8,3,0,3,2026-07-15T10:26:26.734981
68,5,9,3,0,3,2026-07-15T10:26:29.322375
68,5,10,3,0,3,2026-07-15T10:26:34.785932
68,6,1,1,0,1,2026-07-15T10:26:35.512463
68,6,2,1,0,1,2026-07-15T10:26:36.196893
68,6,3,2,0,2,2026-07-15T10:26:36.834773
68,6,4,1,0,1,2026-07-15T10:26:37.459647
68,6,5,2,0,2,2026-07-15T10:26:38.238116
68,6,6,1,0,1,2026-07-15T10:26:38.838579
68,6,7,2,0,2,2026-07-15T10:26:39.467514
68,6,8,1,0,1,2026-07-15T10:26:40.080448
68,6,9,1,0,1,2026-07-15T10:26:40.954006
68,6,10,1,0,1,2026-07-15T10:26:41.563569
68,7,1,4,0,4,2026-07-15T10:26:42.228006
68,7,2,4,0,4,2026-07-15T10:26:42.908249
68,7,3,4,0,4,2026-07-15T10:26:43.648844
68,7,4,4,0,4,2026-07-15T10:26:44.440519
68,7,5,4,0,4,2026-07-15T10:26:45.184969
68,7,6,4,0,4,2026-07-15T10:26:46.015930
68,7,7,4,0,4,2026-07-15T10:26:46.839308
68,7,8,4,0,4,2026-07-15T10:26:47.569301
68,7,9,4,0,4,2026-07-15T10:26:48.459594
68,7,10,4,0,4,2026-07-15T10:26:49.085208
68,8,1,2,0,2,2026-07-15T10:26:52.197427
68,8,2,2,0,2,2026-07-15T10:26:52.777243
68,8,3,2,0,2,2026-07-15T10:26:53.332695
68,8,4,2,0,2,2026-07-15T10:26:54.392259
68,8,5,2,0,2,2026-07-15T10:26:54.939511
68,8,6,2,0,2,2026-07-15T10:26:55.494000
68,8,7,2,0,2,2026-07-15T10:26:59.105381
68,8,8,2,0,2,2026-07-15T10:26:59.711094
68,8,9,2,0,2,2026-07-15T10:27:00.513772
68,8,10,2,0,2,2026-07-15T10:27:00.994124
68,9,1,4,0,4,2026-07-15T10:27:01.575999
68,9,2,4,0,4,2026-07-15T10:27:02.279253
68,9,3,4,0,4,2026-07-15T10:27:02.927088
68,9,4,4,0,4,2026-07-15T10:27:03.633129
68,9,5,4,0,4,2026-07-15T10:27:04.380488
68,9,6,4,0,4,2026-07-15T10:27:04.931979
68,9,7,4,0,4,2026-07-15T10:27:05.534442
68,9,8,4,0,4,2026-07-15T10:27:06.141919
68,9,9,4,0,4,2026-07-15T10:27:06.927303
68,9,10,4,0,4,2026-07-15T10:27:07.474722
69,1,1,3,0,3,2026-07-15T10:27:12.262783
69,1,2,3,0,3,2026-07-15T10:27:17.422363
69,1,3,3,0,3,2026-07-15T10:27:24.534810
69,1,4,3,0,3,2026-07-15T10:27:30.930568
69,1,5,3,0,3,2026-07-15T10:27:37.216097
69,1,6,3,0,3,2026-07-15T10:27:42.944261
69,1,7,3,0,3,2026-07-15T10:27:48.693776
69,1,8,3,0,3,2026-07-15T10:27:53.895924
69,1,9,3,0,3,2026-07-15T10:27:58.843881
69,1,10,3,0,3,2026-07-15T10:28:04.426592
69,2,1,2,0,2,2026-07-15T10:28:04.968425
69,2,2,2,0,2,2026-07-15T10:28:05.523210
69,2,3,2,0,2,2026-07-15T10:28:06.073228
69,2,4,2,0,2,2026-07-15T10:28:06.708863
69,2,5,2,0,2,2026-07-15T10:28:07.288646
69,2,6,2,0,2,2026-07-15T10:28:07.919850
69,2,7,2,0,2,2026-07-15T10:28:08.506861
69,2,8,2,0,2,2026-07-15T10:28:09.082991
69,2,9,2,0,2,2026-07-15T10:28:09.770503
69,2,10,2,0,2,2026-07-15T10:28:10.349424
69,3,1,2,0,2,2026-07-15T10:28:10.895211
69,3,2,2,0,2,2026-07-15T10:28:11.748776
69,3,3,2,0,2,2026-07-15T10:28:12.451276
69,3,4,2,0,2,2026-07-15T10:28:13.657269
69,3,5,2,0,2,2026-07-15T10:28:14.365679
69,3,6,2,0,2,2026-07-15T10:28:14.911903
69,3,7,2,0,2,2026-07-15T10:28:15.629813
69,3,8,2,0,2,2026-07-15T10:28:16.170961
69,3,9,2,0,2,2026-07-15T10:28:16.769259
69,3,10,2,0,2,2026-07-15T10:28:17.445259
69,4,1,2,0,2,2026-07-15T10:28:18.191691
69,4,2,0,0,0,2026-07-15T10:28:19.017999
69,4,3,2,0,2,2026-07-15T10:28:19.582516
69,4,4,0,0,0,2026-07-15T10:28:20.175643
69,4,5,0,0,0,2026-07-15T10:28:20.848987
69,4,6,0,0,0,2026-07-15T10:28:21.617553
69,4,7,2,0,2,2026-07-15T10:28:22.195281
69,4,8,2,0,2,2026-07-15T10:28:22.828493
69,4,9,2,0,2,2026-07-15T10:28:24.307210
69,4,10,2,0,2,2026-07-15T10:28:24.919475
69,5,1,3,0,3,2026-07-15T10:28:25.558282
69,5,2,3,0,3,2026-07-15T10:28:26.162085
69,5,3,3,0,3,2026-07-15T10:28:26.862593
69,5,4,3,0,3,2026-07-15T10:28:29.235500
69,5,5,3,0,3,2026-07-15T10:28:29.954176
69,5,6,3,0,3,2026-07-15T10:28:30.535224
69,5,7,3,0,3,2026-07-15T10:28:31.121448
69,5,8,3,0,3,2026-07-15T10:28:31.798254
69,5,9,3,0,3,2026-07-15T10:28:32.701036
69,5,10,3,0,3,2026-07-15T10:28:40.651576
69,6,1,2,0,2,2026-07-15T10:28:41.237346
69,6,2,2,0,2,2026-07-15T10:28:41.992897
69,6,3,2,0,2,2026-07-15T10:28:42.547249
69,6,4,2,0,2,2026-07-15T10:28:43.354144
69,6,5,2,0,2,2026-07-15T10:28:43.933081
69,6,6,2,0,2,2026-07-15T10:28:44.889450
69,6,7,2,0,2,2026-07-15T10:28:45.484633
69,6,8,2,0,2,2026-07-15T10:28:46.439350
69,6,9,2,0,2,2026-07-15T10:28:47.164075
69,6,10,2,0,2,2026-07-15T10:28:47.768004
69,7,1,4,0,4,2026-07-15T10:28:48.466255
69,7,2,4,0,4,2026-07-15T10:28:49.168091
69,7,3,4,0,4,2026-07-15T10:28:50.012071
69,7,4,4,0,4,2026-07-15T10:28:50.805144
69,7,5,4,0,4,2026-07-15T10:28:51.580701
69,7,6,4,0,4,2026-07-15T10:28:52.288190
69,7,7,4,0,4,2026-07-15T10:28:53.098092
69,7,8,4,0,4,2026-07-15T10:28:54.118379
69,7,9,4,0,4,2026-07-15T10:28:54.822880
69,7,10,4,0,4,2026-07-15T10:28:55.611592
69,8,1,2,0,2,2026-07-15T10:28:56.268812
69,8,2,3,0,3,2026-07-15T10:28:56.866746
69,8,3,3,0,3,2026-07-15T10:28:57.451687
69,8,4,3,0,3,2026-07-15T10:28:58.012107
69,8,5,3,0,3,2026-07-15T10:28:58.571099
69,8,6,3,0,3,2026-07-15T10:28:59.212557
69,8,7,3,0,3,2026-07-15T10:29:00.765967
69,8,8,3,0,3,2026-07-15T10:29:01.501146
69,8,9,3,0,3,2026-07-15T10:29:02.071640
69,8,10,2,0,2,2026-07-15T10:29:02.649422
69,9,1,4,0,4,2026-07-15T10:29:03.363003
69,9,2,4,0,4,2026-07-15T10:29:04.106996
69,9,3,4,0,4,2026-07-15T10:29:04.882371
69,9,4,4,0,4,2026-07-15T10:29:05.725223
69,9,5,4,0,4,2026-07-15T10:29:06.609999
69,9,6,4,0,4,2026-07-15T10:29:08.038223
69,9,7,4,0,4,2026-07-15T10:29:09.104982
69,9,8,4,0,4,2026-07-15T10:29:09.972811
69,9,9,4,0,4,2026-07-15T10:29:10.826292
69,9,10,4,0,4,2026-07-15T10:29:11.506710
70,1,1,3,0,3,2026-07-15T10:29:12.062050
70,1,2,3,0,3,2026-07-15T10:29:12.812333
70,1,3,3,0,3,2026-07-15T10:29:13.548777
70,1,4,3,0,3,2026-07-15T10:29:14.225065
70,1,5,3,0,3,2026-07-15T10:29:14.986269
70,1,6,3,0,3,2026-07-15T10:29:15.578514
70,1,7,3,0,3,2026-07-15T10:29:16.397589
70,1,8,3,0,3,2026-07-15T10:29:16.997041
70,1,9,3,0,3,2026-07-15T10:29:17.507061
70,1,10,3,0,3,2026-07-15T10:29:18.272567
70,2,1,2,0,2,2026-07-15T10:29:18.847996
70,2,2,2,0,2,2026-07-15T10:29:19.504189
70,2,3,2,0,2,2026-07-15T10:29:19.988921
70,2,4,2,0,2,2026-07-15T10:29:20.576627
70,2,5,2,0,2,2026-07-15T10:29:21.147966
70,2,6,2,0,2,2026-07-15T10:29:22.833775
70,2,7,2,0,2,2026-07-15T10:29:23.501628
70,2,8,2,0,2,2026-07-15T10:29:24.156806
70,2,9,2,0,2,2026-07-15T10:29:24.678101
70,2,10,2,0,2,2026-07-15T10:29:25.239117
70,3,1,3,0,3,2026-07-15T10:29:25.854413
70,3,2,3,0,3,2026-07-15T10:29:26.379052
70,3,3,3,0,3,2026-07-15T10:29:26.910565
70,3,4,3,0,3,2026-07-15T10:29:32.629107
70,3,5,3,0,3,2026-07-15T10:29:33.149780
70,3,6,3,0,3,2026-07-15T10:29:33.658299
70,3,7,3,0,3,2026-07-15T10:29:34.219798
70,3,8,3,0,3,2026-07-15T10:29:34.839610
70,3,9,3,0,3,2026-07-15T10:29:35.361617
70,3,10,3,0,3,2026-07-15T10:29:35.844655
70,4,1,2,0,2,2026-07-15T10:29:36.680799
70,4,2,1,0,1,2026-07-15T10:29:37.243180
70,4,3,2,0,2,2026-07-15T10:29:37.803030
70,4,4,2,0,2,2026-07-15T10:29:38.357687
70,4,5,2,0,2,2026-07-15T10:29:39.065786
70,4,6,2,0,2,2026-07-15T10:29:39.611675
70,4,7,2,0,2,2026-07-15T10:29:40.281363
70,4,8,1,0,1,2026-07-15T10:29:40.878819
70,4,9,2,0,2,2026-07-15T10:29:41.409122
70,4,10,2,0,2,2026-07-15T10:29:41.945775
70,5,1,3,0,3,2026-07-15T10:29:42.501804
70,5,2,3,0,3,2026-07-15T10:29:43.053505
70,5,3,3,0,3,2026-07-15T10:29:43.666205
70,5,4,3,0,3,2026-07-15T10:29:44.281963
70,5,5,3,0,3,2026-07-15T10:29:44.852108
70,5,6,3,0,3,2026-07-15T10:29:45.370873
70,5,7,3,0,3,2026-07-15T10:29:46.076725
70,5,8,3,0,3,2026-07-15T10:29:46.732086
70,5,9,3,0,3,2026-07-15T10:29:47.529461
70,5,10,3,0,3,2026-07-15T10:29:48.141311
70,6,1,1,0,1,2026-07-15T10:29:49.532611
70,6,2,1,0,1,2026-07-15T10:29:50.206293
70,6,3,1,0,1,2026-07-15T10:29:50.841514
70,6,4,1,0,1,2026-07-15T10:29:51.479810
70,6,5,1,0,1,2026-07-15T10:29:52.208266
70,6,6,1,0,1,2026-07-15T10:29:52.767596
70,6,7,1,0,1,2026-07-15T10:29:53.708990
70,6,8,1,0,1,2026-07-15T10:29:54.376929
70,6,9,1,0,1,2026-07-15T10:29:55.288223
70,6,10,1,0,1,2026-07-15T10:29:55.807975
70,7,1,4,0,4,2026-07-15T10:30:02.945843
70,7,2,4,0,4,2026-07-15T10:30:03.510816
70,7,3,4,0,4,2026-07-15T10:30:04.098521
70,7,4,4,0,4,2026-07-15T10:30:04.614838
70,7,5,4,0,4,2026-07-15T10:30:05.252979
70,7,6,4,0,4,2026-07-15T10:30:05.965824
70,7,7,4,0,4,2026-07-15T10:30:06.479051
70,7,8,4,0,4,2026-07-15T10:30:07.146478
70,7,9,4,0,4,2026-07-15T10:30:07.805070
70,7,10,4,0,4,2026-07-15T10:30:08.436240
70,8,1,2,0,2,2026-07-15T10:30:09.076840
70,8,2,2,0,2,2026-07-15T10:30:09.685883
70,8,3,2,0,2,2026-07-15T10:30:10.677652
70,8,4,2,0,2,2026-07-15T10:30:11.246197
70,8,5,2,0,2,2026-07-15T10:30:11.754925
70,8,6,2,0,2,2026-07-15T10:30:12.268593
70,8,7,2,0,2,2026-07-15T10:30:12.927763
70,8,8,2,0,2,2026-07-15T10:30:13.479134
70,8,9,2,0,2,2026-07-15T10:30:14.141974
70,8,10,2,0,2,2026-07-15T10:30:15.671294
70,9,1,4,0,4,2026-07-15T10:30:16.237489
70,9,2,4,0,4,2026-07-15T10:30:16.894412
70,9,3,4,0,4,2026-07-15T10:30:17.435221
70,9,4,4,0,4,2026-07-15T10:30:18.021812
70,9,5,4,0,4,2026-07-15T10:30:18.625993
70,9,6,4,0,4,2026-07-15T10:30:19.479683
70,9,7,4,0,4,2026-07-15T10:30:20.273969
70,9,8,4,0,4,2026-07-15T10:30:21.095540
70,9,9,4,0,4,2026-07-15T10:30:21.675910
70,9,10,4,0,4,2026-07-15T10:30:22.343275
71,1,1,3,0,3,2026-07-15T10:30:23.242747
71,1,2,3,0,3,2026-07-15T10:30:24.002845
71,1,3,3,0,3,2026-07-15T10:30:24.696325
71,1,4,3,0,3,2026-07-15T10:30:25.945316
71,1,5,3,0,3,2026-07-15T10:30:26.605840
71,1,6,3,0,3,2026-07-15T10:30:27.384327
71,1,7,3,0,3,2026-07-15T10:30:28.063879
71,1,8,3,0,3,2026-07-15T10:30:28.759893
71,1,9,3,0,3,2026-07-15T10:30:29.541001
71,1,10,3,0,3,2026-07-15T10:30:30.624940
71,2,1,2,0,2,2026-07-15T10:30:31.344456
71,2,2,2,0,2,2026-07-15T10:30:32.225907
71,2,3,2,0,2,2026-07-15T10:30:33.451534
71,2,4,2,0,2,2026-07-15T10:30:34.213523
71,2,5,2,0,2,2026-07-15T10:30:34.904090
71,2,6,2,0,2,2026-07-15T10:30:35.917105
71,2,7,2,0,2,2026-07-15T10:30:36.705403
71,2,8,2,0,2,2026-07-15T10:30:37.676304
71,2,9,2,0,2,2026-07-15T10:30:38.520953
71,2,10,2,0,2,2026-07-15T10:30:39.235509
71,3,1,2,0,2,2026-07-15T10:30:39.783534
71,3,2,2,0,2,2026-07-15T10:30:40.437322
71,3,3,2,0,2,2026-07-15T10:30:41.210522
71,3,4,2,0,2,2026-07-15T10:30:41.816581
71,3,5,2,0,2,2026-07-15T10:30:42.450803
71,3,6,2,0,2,2026-07-15T10:30:43.066611
71,3,7,2,0,2,2026-07-15T10:30:43.784359
71,3,8,2,0,2,2026-07-15T10:30:44.546630
71,3,9,2,0,2,2026-07-15T10:30:45.051573
71,3,10,2,0,2,2026-07-15T10:30:45.783263
71,4,1,1,0,1,2026-07-15T10:30:46.341856
71,4,2,0,0,0,2026-07-15T10:30:47.078656
71,4,3,0,0,0,2026-07-15T10:30:47.692417
71,4,4,0,0,0,2026-07-15T10:30:48.220734
71,4,5,0,0,0,2026-07-15T10:30:48.775087
71,4,6,1,0,1,2026-07-15T10:30:49.382612
71,4,7,0,0,0,2026-07-15T10:30:49.935958
71,4,8,0,0,0,2026-07-15T10:30:50.475899
71,4,9,0,0,0,2026-07-15T10:30:52.033351
71,4,10,0,0,0,2026-07-15T10:30:52.730647
71,5,1,4,0,4,2026-07-15T10:30:53.347845
71,5,2,4,0,4,2026-07-15T10:30:53.861595
71,5,3,4,0,4,2026-07-15T10:30:54.400894
71,5,4,4,0,4,2026-07-15T10:30:54.975440
71,5,5,4,0,4,2026-07-15T10:30:55.753149
71,5,6,4,0,4,2026-07-15T10:30:56.675976
71,5,7,4,0,4,2026-07-15T10:30:57.350390
71,5,8,4,0,4,2026-07-15T10:30:57.921849
71,5,9,4,0,4,2026-07-15T10:30:58.578326
71,5,10,4,0,4,2026-07-15T10:30:59.642618
71,6,1,0,0,0,2026-07-15T10:31:00.512774
71,6,2,0,0,0,2026-07-15T10:31:01.045048
71,6,3,0,0,0,2026-07-15T10:31:02.724934
71,6,4,0,0,0,2026-07-15T10:31:03.273624
71,6,5,0,0,0,2026-07-15T10:31:03.866304
71,6,6,0,0,0,2026-07-15T10:31:04.604532
71,6,7,0,0,0,2026-07-15T10:31:05.176918
71,6,8,0,0,0,2026-07-15T10:31:05.722329
71,6,9,0,0,0,2026-07-15T10:31:06.405976
71,6,10,0,0,0,2026-07-15T10:31:07.261877
71,7,1,4,0,4,2026-07-15T10:31:09.670829
71,7,2,4,0,4,2026-07-15T10:31:10.187141
71,7,3,4,0,4,2026-07-15T10:31:10.707199
71,7,4,4,0,4,2026-07-15T10:31:11.165041
71,7,5,4,0,4,2026-07-15T10:31:11.678933
71,7,6,4,0,4,2026-07-15T10:31:12.264615
71,7,7,4,0,4,2026-07-15T10:31:12.915437
71,7,8,4,0,4,2026-07-15T10:31:13.439517
71,7,9,4,0,4,2026-07-15T10:31:13.983766
71,7,10,4,0,4,2026-07-15T10:31:14.868688
71,8,1,2,0,2,2026-07-15T10:31:15.425451
71,8,2,2,0,2,2026-07-15T10:31:16.255597
71,8,3,2,0,2,2026-07-15T10:31:16.911133
71,8,4,2,0,2,2026-07-15T10:31:18.094280
71,8,5,2,0,2,2026-07-15T10:31:18.910532
71,8,6,2,0,2,2026-07-15T10:31:19.570964
71,8,7,2,0,2,2026-07-15T10:31:20.226931
71,8,8,2,0,2,2026-07-15T10:31:20.819824
71,8,9,2,0,2,2026-07-15T10:31:21.454244
71,8,10,2,0,2,2026-07-15T10:31:22.252699
71,9,1,5,0,5,2026-07-15T10:31:26.902682
71,9,2,5,0,5,2026-07-15T10:31:28.383470
71,9,3,5,0,5,2026-07-15T10:31:29.136779
71,9,4,5,0,5,2026-07-15T10:31:30.801283
71,9,5,5,0,5,2026-07-15T10:31:31.700205
71,9,6,5,0,5,2026-07-15T10:31:33.275743
71,9,7,5,0,5,2026-07-15T10:31:33.900391
71,9,8,5,0,5,2026-07-15T10:31:34.644091
71,9,9,5,0,5,2026-07-15T10:31:35.326514
71,9,10,5,0,5,2026-07-15T10:31:36.851261
72,1,1,3,0,3,2026-07-15T10:31:37.403408
72,1,2,3,0,3,2026-07-15T10:31:38.087607
72,1,3,4,0,4,2026-07-15T10:31:38.614878
72,1,4,3,0,3,2026-07-15T10:31:39.176144
72,1,5,4,0,4,2026-07-15T10:31:39.921128
72,1,6,3,0,3,2026-07-15T10:31:40.625306
72,1,7,3,0,3,2026-07-15T10:31:41.425826
72,1,8,3,0,3,2026-07-15T10:31:42.333571
72,1,9,4,0,4,2026-07-15T10:31:46.495729
72,1,10,3,0,3,2026-07-15T10:31:48.144376
72,2,1,1,0,1,2026-07-15T10:31:49.727487
72,2,2,2,0,2,2026-07-15T10:31:50.221721
72,2,3,2,0,2,2026-07-15T10:31:50.858793
72,2,4,2,0,2,2026-07-15T10:31:51.493754
72,2,5,2,0,2,2026-07-15T10:31:52.200170
72,2,6,2,0,2,2026-07-15T10:31:52.772078
72,2,7,2,0,2,2026-07-15T10:31:53.580329
72,2,8,1,0,1,2026-07-15T10:31:54.537581
72,2,9,1,0,1,2026-07-15T10:31:55.130747
72,2,10,2,0,2,2026-07-15T10:31:55.625794
72,3,1,3,0,3,2026-07-15T10:31:56.202669
72,3,2,3,0,3,2026-07-15T10:31:56.900717
72,3,3,3,0,3,2026-07-15T10:31:57.470798
72,3,4,3,0,3,2026-07-15T10:31:58.056291
72,3,5,3,0,3,2026-07-15T10:31:58.649642
72,3,6,2,0,2,2026-07-15T10:31:59.195279
72,3,7,3,0,3,2026-07-15T10:32:00.041385
72,3,8,3,0,3,2026-07-15T10:32:00.583678
72,3,9,3,0,3,2026-07-15T10:32:01.330309
72,3,10,3,0,3,2026-07-15T10:32:03.356898
72,4,1,1,0,1,2026-07-15T10:32:03.956104
72,4,2,1,0,1,2026-07-15T10:32:04.519319
72,4,3,1,0,1,2026-07-15T10:32:05.343279
72,4,4,1,0,1,2026-07-15T10:32:06.010716
72,4,5,1,0,1,2026-07-15T10:32:06.735493
72,4,6,1,0,1,2026-07-15T10:32:07.495608
72,4,7,1,0,1,2026-07-15T10:32:08.246446
72,4,8,1,0,1,2026-07-15T10:32:08.783946
72,4,9,1,0,1,2026-07-15T10:32:09.384934
72,4,10,1,0,1,2026-07-15T10:32:10.044775
72,5,1,3,0,3,2026-07-15T10:32:10.657984
72,5,2,3,0,3,2026-07-15T10:32:11.371514
72,5,3,3,0,3,2026-07-15T10:32:11.909039
72,5,4,3,0,3,2026-07-15T10:32:12.539381
72,5,5,3,0,3,2026-07-15T10:32:13.094713
72,5,6,3,0,3,2026-07-15T10:32:13.634096
72,5,7,3,0,3,2026-07-15T10:32:14.205548
72,5,8,3,0,3,2026-07-15T10:32:14.790613
72,5,9,3,0,3,2026-07-15T10:32:15.381496
72,5,10,3,0,3,2026-07-15T10:32:15.975226
72,6,1,1,0,1,2026-07-15T10:32:16.782403
72,6,2,1,0,1,2026-07-15T10:32:17.645043
72,6,3,1,0,1,2026-07-15T10:32:18.281309
72,6,4,1,0,1,2026-07-15T10:32:18.896534
72,6,5,1,0,1,2026-07-15T10:32:19.488738
72,6,6,1,0,1,2026-07-15T10:32:20.090616
72,6,7,1,0,1,2026-07-15T10:32:21.459635
72,6,8,1,0,1,2026-07-15T10:32:21.951126
72,6,9,1,0,1,2026-07-15T10:32:22.488370
72,6,10,1,0,1,2026-07-15T10:32:23.058176
72,7,1,4,0,4,2026-07-15T10:32:23.701313
72,7,2,4,0,4,2026-07-15T10:32:24.391855
72,7,3,4,0,4,2026-07-15T10:32:24.973347
72,7,4,4,0,4,2026-07-15T10:32:25.617478
72,7,5,4,0,4,2026-07-15T10:32:26.181235
72,7,6,4,0,4,2026-07-15T10:32:26.978673
72,7,7,4,0,4,2026-07-15T10:32:27.648264
72,7,8,4,0,4,2026-07-15T10:32:28.227987
72,7,9,4,0,4,2026-07-15T10:32:28.743336
72,7,10,4,0,4,2026-07-15T10:32:29.551858
72,8,1,2,0,2,2026-07-15T10:32:30.089396
72,8,2,2,0,2,2026-07-15T10:32:30.621390
72,8,3,2,0,2,2026-07-15T10:32:31.162344
72,8,4,2,0,2,2026-07-15T10:32:32.685613
72,8,5,2,0,2,2026-07-15T10:32:33.278155
72,8,6,2,0,2,2026-07-15T10:32:33.906149
72,8,7,2,0,2,2026-07-15T10:32:34.480986
72,8,8,2,0,2,2026-07-15T10:32:35.142692
72,8,9,2,0,2,2026-07-15T10:32:35.902654
72,8,10,2,0,2,2026-07-15T10:32:36.422102
72,9,1,5,0,5,2026-07-15T10:32:36.955920
72,9,2,5,0,5,2026-07-15T10:32:37.439974
72,9,3,4,0,4,2026-07-15T10:32:38.254827
72,9,4,4,0,4,2026-07-15T10:32:39.048527
72,9,5,4,0,4,2026-07-15T10:32:39.599223
72,9,6,4,0,4,2026-07-15T10:32:40.257876
72,9,7,5,0,5,2026-07-15T10:32:40.805185
72,9,8,4,0,4,2026-07-15T10:32:41.639459
72,9,9,4,0,4,2026-07-15T10:32:42.331274
72,9,10,4,0,4,2026-07-15T10:32:43.075781
73,1,1,3,0,3,2026-07-15T10:32:43.586930
73,1,2,3,0,3,2026-07-15T10:32:44.298712
73,1,3,3,0,3,2026-07-15T10:32:44.942390
73,1,4,3,0,3,2026-07-15T10:32:45.489167
73,1,5,3,0,3,2026-07-15T10:32:46.093844
73,1,6,3,0,3,2026-07-15T10:32:47.018810
73,1,7,3,0,3,2026-07-15T10:32:47.664367
73,1,8,3,0,3,2026-07-15T10:32:48.412236
73,1,9,3,0,3,2026-07-15T10:32:53.477639
73,1,10,3,0,3,2026-07-15T10:32:54.129530
73,2,1,2,0,2,2026-07-15T10:32:54.722560
73,2,2,2,0,2,2026-07-15T10:32:55.580774
73,2,3,2,0,2,2026-07-15T10:32:56.278457
73,2,4,2,0,2,2026-07-15T10:32:56.975749
73,2,5,2,0,2,2026-07-15T10:32:57.582160
73,2,6,2,0,2,2026-07-15T10:32:58.445768
73,2,7,2,0,2,2026-07-15T10:32:59.475087
73,2,8,2,0,2,2026-07-15T10:33:00.243878
73,2,9,2,0,2,2026-07-15T10:33:00.811370
73,2,10,2,0,2,2026-07-15T10:33:01.460232
73,3,1,3,0,3,2026-07-15T10:33:02.058986
73,3,2,3,0,3,2026-07-15T10:33:03.173478
73,3,3,3,0,3,2026-07-15T10:33:03.767712
73,3,4,3,0,3,2026-07-15T10:33:04.342791
73,3,5,3,0,3,2026-07-15T10:33:04.932506
73,3,6,3,0,3,2026-07-15T10:33:05.459083
73,3,7,3,0,3,2026-07-15T10:33:05.990441
73,3,8,3,0,3,2026-07-15T10:33:06.668852
73,3,9,3,0,3,2026-07-15T10:33:07.412150
73,3,10,3,0,3,2026-07-15T10:33:08.913199
73,4,1,1,0,1,2026-07-15T10:33:09.540962
73,4,2,1,0,1,2026-07-15T10:33:10.079437
73,4,3,1,0,1,2026-07-15T10:33:10.652207
73,4,4,1,0,1,2026-07-15T10:33:11.297537
73,4,5,1,0,1,2026-07-15T10:33:11.919942
73,4,6,1,0,1,2026-07-15T10:33:12.481912
73,4,7,1,0,1,2026-07-15T10:33:13.036103
73,4,8,1,0,1,2026-07-15T10:33:13.802707
73,4,9,1,0,1,2026-07-15T10:33:14.342157
73,4,10,1,0,1,2026-07-15T10:33:14.960425
73,5,1,3,0,3,2026-07-15T10:33:15.470595
73,5,2,3,0,3,2026-07-15T10:33:16.056301
73,5,3,3,0,3,2026-07-15T10:33:16.683113
73,5,4,3,0,3,2026-07-15T10:33:17.678942
73,5,5,3,0,3,2026-07-15T10:33:18.368247
73,5,6,3,0,3,2026-07-15T10:33:18.931125
73,5,7,3,0,3,2026-07-15T10:33:19.683938
73,5,8,3,0,3,2026-07-15T10:33:20.242673
73,5,9,3,0,3,2026-07-15T10:33:21.011131
73,5,10,3,0,3,2026-07-15T10:33:21.739945
73,6,1,1,0,1,2026-07-15T10:33:23.650722
73,6,2,1,0,1,2026-07-15T10:33:24.271764
73,6,3,1,0,1,2026-07-15T10:33:24.849091
73,6,4,1,0,1,2026-07-15T10:33:25.528526
73,6,5,1,0,1,2026-07-15T10:33:26.370517
73,6,6,1,0,1,2026-07-15T10:33:26.959612
73,6,7,1,0,1,2026-07-15T10:33:27.516348
73,6,8,1,0,1,2026-07-15T10:33:28.109191
73,6,9,1,0,1,2026-07-15T10:33:28.773270
73,6,10,1,0,1,2026-07-15T10:33:29.346988
73,7,1,4,0,4,2026-07-15T10:33:30.086303
73,7,2,4,0,4,2026-07-15T10:33:30.789249
73,7,3,4,0,4,2026-07-15T10:33:31.414398
73,7,4,4,0,4,2026-07-15T10:33:32.092877
73,7,5,4,0,4,2026-07-15T10:33:32.954032
73,7,6,4,0,4,2026-07-15T10:33:33.601014
73,7,7,4,0,4,2026-07-15T10:33:34.158725
73,7,8,4,0,4,2026-07-15T10:33:34.946837
73,7,9,4,0,4,2026-07-15T10:33:35.520410
73,7,10,4,0,4,2026-07-15T10:33:36.137115
73,8,1,2,0,2,2026-07-15T10:33:36.743144
73,8,2,2,0,2,2026-07-15T10:33:38.193055
73,8,3,2,0,2,2026-07-15T10:33:38.824541
73,8,4,2,0,2,2026-07-15T10:33:39.394582
73,8,5,2,0,2,2026-07-15T10:33:39.945265
73,8,6,2,0,2,2026-07-15T10:33:40.482860
73,8,7,2,0,2,2026-07-15T10:33:41.439310
73,8,8,2,0,2,2026-07-15T10:33:44.969395
73,8,9,2,0,2,2026-07-15T10:33:45.581434
73,8,10,2,0,2,2026-07-15T10:33:46.417294
73,9,1,4,0,4,2026-07-15T10:33:47.049514
73,9,2,4,0,4,2026-07-15T10:33:53.895684
73,9,3,4,0,4,2026-07-15T10:33:54.632092
73,9,4,4,0,4,2026-07-15T10:33:55.366171
73,9,5,4,0,4,2026-07-15T10:33:56.033537
73,9,6,4,0,4,2026-07-15T10:33:56.686565
73,9,7,4,0,4,2026-07-15T10:33:57.565780
73,9,8,4,0,4,2026-07-15T10:33:58.389006
73,9,9,4,0,4,2026-07-15T10:33:59.070527
73,9,10,4,0,4,2026-07-15T10:33:59.826059
74,1,1,3,0,3,2026-07-15T10:34:00.434606
74,1,2,3,0,3,2026-07-15T10:34:01.241101
74,1,3,3,0,3,2026-07-15T10:34:01.849422
74,1,4,4,0,4,2026-07-15T10:34:02.511146
74,1,5,4,0,4,2026-07-15T10:34:03.048631
74,1,6,3,0,3,2026-07-15T10:34:03.840558
74,1,7,4,0,4,2026-07-15T10:34:04.564776
74,1,8,4,0,4,2026-07-15T10:34:05.130869
74,1,9,3,0,3,2026-07-15T10:34:05.745952
74,1,10,3,0,3,2026-07-15T10:34:10.844762
74,2,1,1,0,1,2026-07-15T10:34:11.531296
74,2,2,1,0,1,2026-07-15T10:34:12.190941
74,2,3,1,0,1,2026-07-15T10:34:13.062769
74,2,4,1,0,1,2026-07-15T10:34:13.718544
74,2,5,1,0,1,2026-07-15T10:34:14.423174
74,2,6,1,0,1,2026-07-15T10:34:15.023671
74,2,7,1,0,1,2026-07-15T10:34:15.898156
74,2,8,1,0,1,2026-07-15T10:34:16.569435
74,2,9,1,0,1,2026-07-15T10:34:17.352000
74,2,10,1,0,1,2026-07-15T10:34:18.013061
74,3,1,3,0,3,2026-07-15T10:34:18.654388
74,3,2,3,0,3,2026-07-15T10:34:19.405917
74,3,3,3,0,3,2026-07-15T10:34:19.984821
74,3,4,3,0,3,2026-07-15T10:34:20.521215
74,3,5,3,0,3,2026-07-15T10:34:21.048502
74,3,6,3,0,3,2026-07-15T10:34:21.765024
74,3,7,3,0,3,2026-07-15T10:34:22.613789
74,3,8,3,0,3,2026-07-15T10:34:23.175230
74,3,9,3,0,3,2026-07-15T10:34:23.771715
74,3,10,3,0,3,2026-07-15T10:34:24.584883
74,4,1,1,0,1,2026-07-15T10:34:25.218522
74,4,2,1,0,1,2026-07-15T10:34:25.768372
74,4,3,1,0,1,2026-07-15T10:34:26.311030
74,4,4,1,0,1,2026-07-15T10:34:26.890272
74,4,5,1,0,1,2026-07-15T10:34:27.450362
74,4,6,1,0,1,2026-07-15T10:34:27.995250
74,4,7,0,0,0,2026-07-15T10:34:28.615754
74,4,8,1,0,1,2026-07-15T10:34:29.189500
74,4,9,1,0,1,2026-07-15T10:34:29.707283
74,4,10,1,0,1,2026-07-15T10:34:31.860781
74,5,1,2,0,2,2026-07-15T10:34:32.392405
74,5,2,2,0,2,2026-07-15T10:34:32.960092
74,5,3,3,0,3,2026-07-15T10:34:33.548520
74,5,4,2,0,2,2026-07-15T10:34:34.109828
74,5,5,3,0,3,2026-07-15T10:34:34.665165
74,5,6,3,0,3,2026-07-15T10:34:35.301184
74,5,7,3,0,3,2026-07-15T10:34:36.055733
74,5,8,2,0,2,2026-07-15T10:34:37.256382
74,5,9,2,0,2,2026-07-15T10:34:44.710926
74,5,10,2,0,2,2026-07-15T10:34:45.480404
74,6,1,1,0,1,2026-07-15T10:34:45.991184
74,6,2,1,0,1,2026-07-15T10:34:46.547140
74,6,3,1,0,1,2026-07-15T10:34:47.180036
74,6,4,1,0,1,2026-07-15T10:34:48.367003
74,6,5,1,0,1,2026-07-15T10:34:49.345145
74,6,6,1,0,1,2026-07-15T10:34:50.350254
74,6,7,1,0,1,2026-07-15T10:34:51.436545
74,6,8,1,0,1,2026-07-15T10:34:52.474488
74,6,9,1,0,1,2026-07-15T10:34:53.727027
74,6,10,1,0,1,2026-07-15T10:34:55.060834
74,7,1,4,0,4,2026-07-15T10:34:55.621195
74,7,2,4,0,4,2026-07-15T10:34:56.213265
74,7,3,4,0,4,2026-07-15T10:34:58.484474
74,7,4,4,0,4,2026-07-15T10:34:59.102462
74,7,5,4,0,4,2026-07-15T10:35:00.526765
74,7,6,4,0,4,2026-07-15T10:35:01.132627
74,7,7,4,0,4,2026-07-15T10:35:01.678659
74,7,8,4,0,4,2026-07-15T10:35:02.295694
74,7,9,4,0,4,2026-07-15T10:35:02.952460
74,7,10,4,0,4,2026-07-15T10:35:03.938165
74,8,1,1,0,1,2026-07-15T10:35:04.498347
74,8,2,1,0,1,2026-07-15T10:35:05.684347
74,8,3,1,0,1,2026-07-15T10:35:06.840883
74,8,4,1,0,1,2026-07-15T10:35:07.528654
74,8,5,1,0,1,2026-07-15T10:35:08.388822
74,8,6,1,0,1,2026-07-15T10:35:08.987807
74,8,7,1,0,1,2026-07-15T10:35:10.005744
74,8,8,1,0,1,2026-07-15T10:35:10.608429
74,8,9,1,0,1,2026-07-15T10:35:11.184457
74,8,10,1,0,1,2026-07-15T10:35:11.778610
74,9,1,5,0,5,2026-07-15T10:35:12.503477
74,9,2,5,0,5,2026-07-15T10:35:13.072824
74,9,3,5,0,5,2026-07-15T10:35:13.771400
74,9,4,5,0,5,2026-07-15T10:35:14.298623
74,9,5,5,0,5,2026-07-15T10:35:22.330940
74,9,6,5,0,5,2026-07-15T10:35:22.877084
74,9,7,5,0,5,2026-07-15T10:35:23.424997
74,9,8,5,0,5,2026-07-15T10:35:23.981749
74,9,9,5,0,5,2026-07-15T10:35:24.557331
74,9,10,5,0,5,2026-07-15T10:35:25.128401
75,1,1,5,0,5,2026-07-15T10:35:25.795133
75,1,2,5,0,5,2026-07-15T10:35:26.424009
75,1,3,5,0,5,2026-07-15T10:35:26.989049
75,1,4,5,0,5,2026-07-15T10:35:27.773228
75,1,5,4,0,4,2026-07-15T10:35:28.366364
75,1,6,4,0,4,2026-07-15T10:35:29.202804
75,1,7,5,0,5,2026-07-15T10:35:29.730130
75,1,8,4,0,4,2026-07-15T10:35:30.284992
75,1,9,5,0,5,2026-07-15T10:35:30.889767
75,1,10,5,0,5,2026-07-15T10:35:31.482410
75,2,1,0,0,0,2026-07-15T10:35:32.067032
75,2,2,0,0,0,2026-07-15T10:35:32.674423
75,2,3,0,0,0,2026-07-15T10:35:33.250515
75,2,4,0,0,0,2026-07-15T10:35:33.828996
75,2,5,0,0,0,2026-07-15T10:35:34.862524
75,2,6,0,0,0,2026-07-15T10:35:35.428027
75,2,7,0,0,0,2026-07-15T10:35:35.976649
75,2,8,0,0,0,2026-07-15T10:35:36.461412
75,2,9,0,0,0,2026-07-15T10:35:37.022038
75,2,10,0,0,0,2026-07-15T10:35:37.471641
75,3,1,2,0,2,2026-07-15T10:35:38.076826
75,3,2,3,0,3,2026-07-15T10:35:38.769778
75,3,3,3,0,3,2026-07-15T10:35:44.571000
75,3,4,3,0,3,2026-07-15T10:35:45.144783
75,3,5,2,0,2,2026-07-15T10:35:46.135701
75,3,6,2,0,2,2026-07-15T10:35:47.463887
75,3,7,2,0,2,2026-07-15T10:35:48.128819
75,3,8,3,0,3,2026-07-15T10:35:48.705892
75,3,9,2,0,2,2026-07-15T10:35:49.313812
75,3,10,3,0,3,2026-07-15T10:35:49.832697
75,4,1,0,0,0,2026-07-15T10:35:56.466496
75,4,2,0,0,0,2026-07-15T10:35:57.174416
75,4,3,0,0,0,2026-07-15T10:35:57.626487
75,4,4,0,0,0,2026-07-15T10:35:58.140568
75,4,5,0,0,0,2026-07-15T10:35:58.639769
75,4,6,0,0,0,2026-07-15T10:35:59.148519
75,4,7,0,0,0,2026-07-15T10:35:59.713762
75,4,8,0,0,0,2026-07-15T10:36:00.191504
75,4,9,0,0,0,2026-07-15T10:36:00.895872
75,4,10,0,0,0,2026-07-15T10:36:01.397371
75,5,1,2,0,2,2026-07-15T10:36:02.028836
75,5,2,2,0,2,2026-07-15T10:36:02.929819
75,5,3,2,0,2,2026-07-15T10:36:03.510485
75,5,4,2,0,2,2026-07-15T10:36:04.090400
75,5,5,2,0,2,2026-07-15T10:36:04.679728
75,5,6,2,0,2,2026-07-15T10:36:05.399505
75,5,7,2,0,2,2026-07-15T10:36:05.939792
75,5,8,2,0,2,2026-07-15T10:36:06.547994
75,5,9,2,0,2,2026-07-15T10:36:07.111169
75,5,10,2,0,2,2026-07-15T10:36:07.708474
75,6,1,0,0,0,2026-07-15T10:36:08.439203
75,6,2,0,0,0,2026-07-15T10:36:09.053632
75,6,3,0,0,0,2026-07-15T10:36:09.768610
75,6,4,0,0,0,2026-07-15T10:36:10.680757
75,6,5,0,0,0,2026-07-15T10:36:11.340753
75,6,6,0,0,0,2026-07-15T10:36:12.022851
75,6,7,0,0,0,2026-07-15T10:36:12.625680
75,6,8,0,0,0,2026-07-15T10:36:15.908383
75,6,9,0,0,0,2026-07-15T10:36:16.501808
75,6,10,0,0,0,2026-07-15T10:36:17.043276
75,7,1,5,0,5,2026-07-15T10:36:17.955881
75,7,2,5,0,5,2026-07-15T10:36:18.954125
75,7,3,5,0,5,2026-07-15T10:36:19.707999
75,7,4,5,0,5,2026-07-15T10:36:20.251801
75,7,5,5,0,5,2026-07-15T10:36:20.920961
75,7,6,5,0,5,2026-07-15T10:36:21.590227
75,7,7,5,0,5,2026-07-15T10:36:22.158775
75,7,8,5,0,5,2026-07-15T10:36:22.916554
75,7,9,5,0,5,2026-07-15T10:36:23.589390
75,7,10,5,0,5,2026-07-15T10:36:24.161007
75,8,1,0,0,0,2026-07-15T10:36:24.994157
75,8,2,0,0,0,2026-07-15T10:36:25.640354
75,8,3,0,0,0,2026-07-15T10:36:26.276624
75,8,4,0,0,0,2026-07-15T10:36:26.951666
75,8,5,0,0,0,2026-07-15T10:36:27.958971
75,8,6,0,0,0,2026-07-15T10:36:28.557597
75,8,7,0,0,0,2026-07-15T10:36:29.110341
75,8,8,0,0,0,2026-07-15T10:36:29.670065
75,8,9,0,0,0,2026-07-15T10:36:30.245260
75,8,10,0,0,0,2026-07-15T10:36:30.864420
75,9,1,5,0,5,2026-07-15T10:36:31.581381
75,9,2,5,0,5,2026-07-15T10:36:32.192873
75,9,3,5,0,5,2026-07-15T10:36:32.742819
75,9,4,5,0,5,2026-07-15T10:36:33.270588
75,9,5,5,0,5,2026-07-15T10:36:33.868259
75,9,6,5,0,5,2026-07-15T10:36:34.478025
75,9,7,5,0,5,2026-07-15T10:36:35.034229
75,9,8,5,0,5,2026-07-15T10:36:35.611712
75,9,9,5,0,5,2026-07-15T10:36:36.291719
75,9,10,5,0,5,2026-07-15T10:36:37.256335
76,1,1,5,0,5,2026-07-15T10:36:37.842597
76,1,2,5,0,5,2026-07-15T10:36:38.594204
76,1,3,5,0,5,2026-07-15T10:36:39.122765
76,1,4,5,0,5,2026-07-15T10:36:39.636376
76,1,5,5,0,5,2026-07-15T10:36:40.285606
76,1,6,5,0,5,2026-07-15T10:36:40.932599
76,1,7,5,0,5,2026-07-15T10:36:41.528219
76,1,8,5,0,5,2026-07-15T10:36:42.097235
76,1,9,5,0,5,2026-07-15T10:36:42.653415
76,1,10,5,0,5,2026-07-15T10:36:43.250778
76,2,1,0,0,0,2026-07-15T10:36:50.831677
76,2,2,0,0,0,2026-07-15T10:36:58.599428
76,2,3,0,0,0,2026-07-15T10:37:07.073796
76,2,4,0,0,0,2026-07-15T10:37:18.286205
76,2,5,0,0,0,2026-07-15T10:37:28.639931
76,2,6,0,0,0,2026-07-15T10:37:39.624344
76,2,7,0,0,0,2026-07-15T10:37:48.280171
76,2,8,0,0,0,2026-07-15T10:37:55.854631
76,2,9,0,0,0,2026-07-15T10:38:26.475863
76,2,10,0,0,0,2026-07-15T10:38:36.271343
76,3,1,4,0,4,2026-07-15T10:38:36.877489
76,3,2,4,0,4,2026-07-15T10:38:37.450485
76,3,3,4,0,4,2026-07-15T10:38:38.036009
76,3,4,4,0,4,2026-07-15T10:38:38.773827
76,3,5,4,0,4,2026-07-15T10:38:39.481852
76,3,6,4,0,4,2026-07-15T10:38:40.006046
76,3,7,4,0,4,2026-07-15T10:38:40.603783
76,3,8,4,0,4,2026-07-15T10:38:41.630492
76,3,9,4,0,4,2026-07-15T10:38:42.438952
76,3,10,4,0,4,2026-07-15T10:38:43.078049
76,4,1,0,0,0,2026-07-15T10:38:43.780006
76,4,2,0,0,0,2026-07-15T10:38:44.370036
76,4,3,0,0,0,2026-07-15T10:38:45.004387
76,4,4,0,0,0,2026-07-15T10:38:45.726191
76,4,5,0,0,0,2026-07-15T10:38:49.002350
76,4,6,0,0,0,2026-07-15T10:38:49.557577
76,4,7,0,0,0,2026-07-15T10:38:50.087916
76,4,8,0,0,0,2026-07-15T10:38:50.753835
76,4,9,0,0,0,2026-07-15T10:38:51.298796
76,4,10,0,0,0,2026-07-15T10:38:52.093860
76,5,1,2,0,2,2026-07-15T10:38:52.656910
76,5,2,2,0,2,2026-07-15T10:38:53.379925
76,5,3,3,0,3,2026-07-15T10:38:54.054001
76,5,4,3,0,3,2026-07-15T10:38:54.623433
76,5,5,2,0,2,2026-07-15T10:38:55.338942
76,5,6,4,0,4,2026-07-15T10:38:55.977218
76,5,7,4,0,4,2026-07-15T10:38:56.516903
76,5,8,4,0,4,2026-07-15T10:38:57.706537
76,5,9,4,0,4,2026-07-15T10:38:58.272433
76,5,10,2,0,2,2026-07-15T10:38:58.845682
76,6,1,0,0,0,2026-07-15T10:38:59.757019
76,6,2,0,0,0,2026-07-15T10:39:00.485569
76,6,3,0,0,0,2026-07-15T10:39:01.254662
76,6,4,0,0,0,2026-07-15T10:39:01.973864
76,6,5,0,0,0,2026-07-15T10:39:02.699667
76,6,6,0,0,0,2026-07-15T10:39:03.397563
76,6,7,0,0,0,2026-07-15T10:39:04.299633
76,6,8,0,0,0,2026-07-15T10:39:05.112826
76,6,9,0,0,0,2026-07-15T10:39:05.898846
76,6,10,0,0,0,2026-07-15T10:39:06.651509
76,7,1,5,0,5,2026-07-15T10:39:07.280075
76,7,2,5,0,5,2026-07-15T10:39:07.947330
76,7,3,5,0,5,2026-07-15T10:39:08.622518
76,7,4,5,0,5,2026-07-15T10:39:11.032777
76,7,5,5,0,5,2026-07-15T10:39:11.840434
76,7,6,5,0,5,2026-07-15T10:39:12.521595
76,7,7,5,0,5,2026-07-15T10:39:13.213331
76,7,8,5,0,5,2026-07-15T10:39:13.877235
76,7,9,5,0,5,2026-07-15T10:39:14.541055
76,7,10,5,0,5,2026-07-15T10:39:15.628265
76,8,1,0,0,0,2026-07-15T10:39:16.444828
76,8,2,0,0,0,2026-07-15T10:39:17.094311
76,8,3,0,0,0,2026-07-15T10:39:17.704501
76,8,4,0,0,0,2026-07-15T10:39:18.388128
76,8,5,0,0,0,2026-07-15T10:39:18.968243
76,8,6,0,0,0,2026-07-15T10:39:19.575277
76,8,7,0,0,0,2026-07-15T10:39:20.210121
76,8,8,0,0,0,2026-07-15T10:39:20.774676
76,8,9,0,0,0,2026-07-15T10:39:21.400249
76,8,10,0,0,0,2026-07-15T10:39:22.324588
76,9,1,5,0,5,2026-07-15T10:39:22.895327
76,9,2,5,0,5,2026-07-15T10:39:23.620749
76,9,3,5,0,5,2026-07-15T10:39:24.395851
76,9,4,5,0,5,2026-07-15T10:39:25.201221
76,9,5,5,0,5,2026-07-15T10:39:25.761110
76,9,6,5,0,5,2026-07-15T10:39:29.627226
76,9,7,5,0,5,2026-07-15T10:39:30.223322
76,9,8,5,0,5,2026-07-15T10:39:30.794194
76,9,9,5,0,5,2026-07-15T10:39:31.363405
76,9,10,5,0,5,2026-07-15T10:39:32.070045
77,1,1,4,0,4,2026-07-15T10:39:32.654562
77,1,2,4,0,4,2026-07-15T10:39:33.208962
77,1,3,4,0,4,2026-07-15T10:39:33.853004
77,1,4,4,0,4,2026-07-15T10:39:34.385215
77,1,5,4,0,4,2026-07-15T10:39:34.960361
77,1,6,4,0,4,2026-07-15T10:39:35.567514
77,1,7,4,0,4,2026-07-15T10:39:36.129159
77,1,8,4,0,4,2026-07-15T10:39:36.699490
77,1,9,4,0,4,2026-07-15T10:39:37.328082
77,1,10,4,0,4,2026-07-15T10:39:37.950461
77,2,1,2,0,2,2026-07-15T10:39:38.581191
77,2,2,2,0,2,2026-07-15T10:39:39.293985
77,2,3,2,0,2,2026-07-15T10:39:40.030538
77,2,4,2,0,2,2026-07-15T10:39:43.992269
77,2,5,2,0,2,2026-07-15T10:39:45.478253
77,2,6,2,0,2,2026-07-15T10:39:47.088849
77,2,7,2,0,2,2026-07-15T10:39:48.534644
77,2,8,2,0,2,2026-07-15T10:39:50.504081
77,2,9,2,0,2,2026-07-15T10:39:52.998266
77,2,10,2,0,2,2026-07-15T10:39:54.799830
77,3,1,2,0,2,2026-07-15T10:39:55.798637
77,3,2,3,0,3,2026-07-15T10:39:56.483961
77,3,3,3,0,3,2026-07-15T10:39:57.451636
77,3,4,3,0,3,2026-07-15T10:39:58.358242
77,3,5,2,0,2,2026-07-15T10:39:58.904057
77,3,6,2,0,2,2026-07-15T10:39:59.495157
77,3,7,3,0,3,2026-07-15T10:40:00.202475
77,3,8,3,0,3,2026-07-15T10:40:00.945708
77,3,9,3,0,3,2026-07-15T10:40:01.635271
77,3,10,3,0,3,2026-07-15T10:40:02.474739
77,4,1,1,0,1,2026-07-15T10:40:03.076319
77,4,2,1,0,1,2026-07-15T10:40:03.672176
77,4,3,1,0,1,2026-07-15T10:40:04.526611
77,4,4,1,0,1,2026-07-15T10:40:05.079861
77,4,5,2,0,2,2026-07-15T10:40:13.116373
77,4,6,1,0,1,2026-07-15T10:40:13.750516
77,4,7,2,0,2,2026-07-15T10:40:14.450572
77,4,8,2,0,2,2026-07-15T10:40:15.022061
77,4,9,1,0,1,2026-07-15T10:40:15.623823
77,4,10,1,0,1,2026-07-15T10:40:16.233051
77,5,1,3,0,3,2026-07-15T10:40:16.816189
77,5,2,3,0,3,2026-07-15T10:40:17.952205
77,5,3,3,0,3,2026-07-15T10:40:18.507426
77,5,4,3,0,3,2026-07-15T10:40:19.271784
77,5,5,3,0,3,2026-07-15T10:40:19.872818
77,5,6,3,0,3,2026-07-15T10:40:20.474908
77,5,7,3,0,3,2026-07-15T10:40:26.955916
77,5,8,3,0,3,2026-07-15T10:40:27.501217
77,5,9,4,0,4,2026-07-15T10:40:28.123647
77,5,10,4,0,4,2026-07-15T10:40:29.048668
77,6,1,1,0,1,2026-07-15T10:40:29.661730
77,6,2,1,0,1,2026-07-15T10:40:30.597271
77,6,3,1,0,1,2026-07-15T10:40:31.177873
77,6,4,1,0,1,2026-07-15T10:40:31.666279
77,6,5,1,0,1,2026-07-15T10:40:32.384762
77,6,6,1,0,1,2026-07-15T10:40:33.039135
77,6,7,1,0,1,2026-07-15T10:40:33.554767
77,6,8,1,0,1,2026-07-15T10:40:34.271564
77,6,9,1,0,1,2026-07-15T10:40:34.844854
77,6,10,1,0,1,2026-07-15T10:40:35.469801
77,7,1,4,0,4,2026-07-15T10:40:36.086841
77,7,2,4,0,4,2026-07-15T10:40:36.680779
77,7,3,4,0,4,2026-07-15T10:40:37.272980
77,7,4,4,0,4,2026-07-15T10:40:37.969126
77,7,5,4,0,4,2026-07-15T10:40:38.691610
77,7,6,4,0,4,2026-07-15T10:40:40.210860
77,7,7,4,0,4,2026-07-15T10:40:40.855717
77,7,8,4,0,4,2026-07-15T10:40:41.428243
77,7,9,4,0,4,2026-07-15T10:40:41.986999
77,7,10,4,0,4,2026-07-15T10:40:42.546288
77,8,1,2,0,2,2026-07-15T10:40:43.080931
77,8,2,2,0,2,2026-07-15T10:40:43.689472
77,8,3,2,0,2,2026-07-15T10:40:44.293814
77,8,4,2,0,2,2026-07-15T10:40:45.036488
77,8,5,2,0,2,2026-07-15T10:40:45.900637
77,8,6,2,0,2,2026-07-15T10:40:47.149487
77,8,7,2,0,2,2026-07-15T10:40:47.798752
77,8,8,2,0,2,2026-07-15T10:40:48.548175
77,8,9,2,0,2,2026-07-15T10:40:49.075244
77,8,10,2,0,2,2026-07-15T10:40:49.674246
77,9,1,4,0,4,2026-07-15T10:40:50.330461
77,9,2,4,0,4,2026-07-15T10:40:50.902901
77,9,3,4,0,4,2026-07-15T10:40:51.408793
77,9,4,4,0,4,2026-07-15T10:40:52.012594
77,9,5,4,0,4,2026-07-15T10:40:52.650871
77,9,6,4,0,4,2026-07-15T10:40:53.319765
77,9,7,4,0,4,2026-07-15T10:40:54.072612
77,9,8,4,0,4,2026-07-15T10:40:54.731996
77,9,9,4,0,4,2026-07-15T10:40:55.335309
77,9,10,4,0,4,2026-07-15T10:40:55.984993
78,1,1,3,0,3,2026-07-15T10:40:56.576343
78,1,2,3,0,3,2026-07-15T10:40:57.118499
78,1,3,3,0,3,2026-07-15T10:40:58.346852
78,1,4,3,0,3,2026-07-15T10:40:59.892793
78,1,5,3,0,3,2026-07-15T10:41:00.558174
78,1,6,3,0,3,2026-07-15T10:41:01.452380
78,1,7,3,0,3,2026-07-15T10:41:02.210689
78,1,8,3,0,3,2026-07-15T10:41:02.768199
78,1,9,3,0,3,2026-07-15T10:41:03.434463
78,1,10,3,0,3,2026-07-15T10:41:04.040256
78,2,1,1,0,1,2026-07-15T10:41:04.564456
78,2,2,1,0,1,2026-07-15T10:41:05.109171
78,2,3,1,0,1,2026-07-15T10:41:05.842471
78,2,4,2,0,2,2026-07-15T10:41:06.342569
78,2,5,1,0,1,2026-07-15T10:41:06.878364
78,2,6,1,0,1,2026-07-15T10:41:07.451251
78,2,7,2,0,2,2026-07-15T10:41:07.947952
78,2,8,1,0,1,2026-07-15T10:41:08.515642
78,2,9,1,0,1,2026-07-15T10:41:09.038812
78,2,10,1,0,1,2026-07-15T10:41:09.666489
78,3,1,2,0,2,2026-07-15T10:41:10.858477
78,3,2,2,0,2,2026-07-15T10:41:11.442725
78,3,3,2,0,2,2026-07-15T10:41:12.194632
78,3,4,2,0,2,2026-07-15T10:41:12.640581
78,3,5,2,0,2,2026-07-15T10:41:13.265934
78,3,6,2,0,2,2026-07-15T10:41:14.191713
78,3,7,2,0,2,2026-07-15T10:41:14.925905
78,3,8,2,0,2,2026-07-15T10:41:15.535763
78,3,9,2,0,2,2026-07-15T10:41:16.217719
78,3,10,2,0,2,2026-07-15T10:41:16.741063
78,4,1,1,0,1,2026-07-15T10:41:17.299421
78,4,2,1,0,1,2026-07-15T10:41:17.962859
78,4,3,1,0,1,2026-07-15T10:41:18.696418
78,4,4,1,0,1,2026-07-15T10:41:19.295885
78,4,5,1,0,1,2026-07-15T10:41:19.910053
78,4,6,1,0,1,2026-07-15T10:41:20.448807
78,4,7,1,0,1,2026-07-15T10:41:21.007838
78,4,8,1,0,1,2026-07-15T10:41:22.054697
78,4,9,1,0,1,2026-07-15T10:41:22.757895
78,4,10,1,0,1,2026-07-15T10:41:23.630450
78,5,1,3,0,3,2026-07-15T10:41:24.328018
78,5,2,3,0,3,2026-07-15T10:41:24.948054
78,5,3,3,0,3,2026-07-15T10:41:25.572123
78,5,4,3,0,3,2026-07-15T10:41:26.148517
78,5,5,3,0,3,2026-07-15T10:41:26.776455
78,5,6,3,0,3,2026-07-15T10:41:27.434350
78,5,7,3,0,3,2026-07-15T10:41:28.031460
78,5,8,3,0,3,2026-07-15T10:41:28.773617
78,5,9,3,0,3,2026-07-15T10:41:29.378960
78,5,10,3,0,3,2026-07-15T10:41:30.020727
78,6,1,0,0,0,2026-07-15T10:41:30.980636
78,6,2,0,0,0,2026-07-15T10:41:32.036910
78,6,3,0,0,0,2026-07-15T10:41:33.003503
78,6,4,0,0,0,2026-07-15T10:41:33.558253
78,6,5,0,0,0,2026-07-15T10:41:34.149727
78,6,6,0,0,0,2026-07-15T10:41:34.787565
78,6,7,0,0,0,2026-07-15T10:41:35.347683
78,6,8,0,0,0,2026-07-15T10:41:35.852836
78,6,9,0,0,0,2026-07-15T10:41:36.385514
78,6,10,0,0,0,2026-07-15T10:41:36.960608
78,7,1,3,0,3,2026-07-15T10:41:37.514439
78,7,2,3,0,3,2026-07-15T10:41:38.222318
78,7,3,3,0,3,2026-07-15T10:41:38.862672
78,7,4,3,0,3,2026-07-15T10:41:39.603308
78,7,5,3,0,3,2026-07-15T10:41:40.222418
78,7,6,3,0,3,2026-07-15T10:41:40.832330
78,7,7,3,0,3,2026-07-15T10:41:41.428919
78,7,8,3,0,3,2026-07-15T10:41:42.106578
78,7,9,3,0,3,2026-07-15T10:41:42.674522
78,7,10,3,0,3,2026-07-15T10:41:43.691775
78,8,1,2,0,2,2026-07-15T10:41:44.438414
78,8,2,2,0,2,2026-07-15T10:41:44.951354
78,8,3,2,0,2,2026-07-15T10:41:45.575539
78,8,4,2,0,2,2026-07-15T10:41:46.260891
78,8,5,2,0,2,2026-07-15T10:41:46.923643
78,8,6,2,0,2,2026-07-15T10:41:47.535559
78,8,7,2,0,2,2026-07-15T10:41:48.080826
78,8,8,2,0,2,2026-07-15T10:41:48.706489
78,8,9,2,0,2,2026-07-15T10:41:49.273681
78,8,10,2,0,2,2026-07-15T10:41:49.944117
78,9,1,4,0,4,2026-07-15T10:41:50.541512
78,9,2,4,0,4,2026-07-15T10:41:51.321207
78,9,3,4,0,4,2026-07-15T10:41:52.651785
78,9,4,4,0,4,2026-07-15T10:41:53.242713
78,9,5,4,0,4,2026-07-15T10:41:53.938947
78,9,6,4,0,4,2026-07-15T10:41:56.998567
78,9,7,4,0,4,2026-07-15T10:41:57.552008
78,9,8,4,0,4,2026-07-15T10:41:58.085099
78,9,9,4,0,4,2026-07-15T10:41:58.856625
78,9,10,4,0,4,2026-07-15T10:41:59.729808
79,1,1,3,0,3,2026-07-15T10:42:00.236105
79,1,2,3,0,3,2026-07-15T10:42:00.848925
79,1,3,3,0,3,2026-07-15T10:42:01.649796
79,1,4,3,0,3,2026-07-15T10:42:02.161938
79,1,5,3,0,3,2026-07-15T10:42:03.081102
79,1,6,3,0,3,2026-07-15T10:42:03.566725
79,1,7,3,0,3,2026-07-15T10:42:04.098560
79,1,8,3,0,3,2026-07-15T10:42:04.898479
79,1,9,3,0,3,2026-07-15T10:42:05.432421
79,1,10,3,0,3,2026-07-15T10:42:05.967550
79,2,1,2,0,2,2026-07-15T10:42:09.547583
79,2,2,2,0,2,2026-07-15T10:42:10.295092
79,2,3,2,0,2,2026-07-15T10:42:11.033772
79,2,4,2,0,2,2026-07-15T10:42:13.239234
79,2,5,2,0,2,2026-07-15T10:42:14.297074
79,2,6,2,0,2,2026-07-15T10:42:14.930825
79,2,7,2,0,2,2026-07-15T10:42:15.517754
79,2,8,2,0,2,2026-07-15T10:42:16.092164
79,2,9,2,0,2,2026-07-15T10:42:16.900880
79,2,10,2,0,2,2026-07-15T10:42:17.551688
79,3,1,2,0,2,2026-07-15T10:42:18.113060
79,3,2,2,0,2,2026-07-15T10:42:18.715322
79,3,3,2,0,2,2026-07-15T10:42:25.709587
79,3,4,2,0,2,2026-07-15T10:42:26.505305
79,3,5,2,0,2,2026-07-15T10:42:27.529246
79,3,6,2,0,2,2026-07-15T10:42:28.616085
79,3,7,2,0,2,2026-07-15T10:42:29.730619
79,3,8,2,0,2,2026-07-15T10:42:30.851763
79,3,9,2,0,2,2026-07-15T10:42:31.788072
79,3,10,2,0,2,2026-07-15T10:42:32.613736
79,4,1,0,0,0,2026-07-15T10:42:33.605995
79,4,2,0,0,0,2026-07-15T10:42:34.420635
79,4,3,0,0,0,2026-07-15T10:42:35.258084
79,4,4,0,0,0,2026-07-15T10:42:36.024181
79,4,5,0,0,0,2026-07-15T10:42:36.745308
79,4,6,0,0,0,2026-07-15T10:42:37.493047
79,4,7,0,0,0,2026-07-15T10:42:38.098694
79,4,8,0,0,0,2026-07-15T10:42:38.765473
79,4,9,1,0,1,2026-07-15T10:42:39.610864
79,4,10,0,0,0,2026-07-15T10:42:40.439431
79,5,1,2,0,2,2026-07-15T10:42:41.000663
79,5,2,2,0,2,2026-07-15T10:42:41.792921
79,5,3,2,0,2,2026-07-15T10:42:42.379273
79,5,4,2,0,2,2026-07-15T10:42:42.979559
79,5,5,2,0,2,2026-07-15T10:42:43.477920
79,5,6,2,0,2,2026-07-15T10:42:44.054130
79,5,7,2,0,2,2026-07-15T10:42:44.670097
79,5,8,2,0,2,2026-07-15T10:42:45.407407
79,5,9,2,0,2,2026-07-15T10:42:46.137850
79,5,10,2,0,2,2026-07-15T10:42:46.780574
79,6,1,1,0,1,2026-07-15T10:42:47.422020
79,6,2,1,0,1,2026-07-15T10:42:47.963249
79,6,3,1,0,1,2026-07-15T10:42:48.631006
79,6,4,1,0,1,2026-07-15T10:42:49.236493
79,6,5,1,0,1,2026-07-15T10:42:49.851208
79,6,6,1,0,1,2026-07-15T10:42:50.446411
79,6,7,1,0,1,2026-07-15T10:42:51.285995
79,6,8,1,0,1,2026-07-15T10:42:51.979609
79,6,9,2,0,2,2026-07-15T10:42:52.670337
79,6,10,2,0,2,2026-07-15T10:42:53.295937
79,7,1,2,0,2,2026-07-15T10:42:54.019423
79,7,2,2,0,2,2026-07-15T10:42:56.563065
79,7,3,3,0,3,2026-07-15T10:42:57.083430
79,7,4,2,0,2,2026-07-15T10:42:57.942367
79,7,5,2,0,2,2026-07-15T10:42:58.537417
79,7,6,3,0,3,2026-07-15T10:42:59.165491
79,7,7,3,0,3,2026-07-15T10:42:59.887362
79,7,8,3,0,3,2026-07-15T10:43:00.500967
79,7,9,2,0,2,2026-07-15T10:43:01.130079
79,7,10,3,0,3,2026-07-15T10:43:01.689920
79,8,1,2,0,2,2026-07-15T10:43:02.216868
79,8,2,2,0,2,2026-07-15T10:43:02.718898
79,8,3,2,0,2,2026-07-15T10:43:03.228010
79,8,4,2,0,2,2026-07-15T10:43:03.880660
79,8,5,2,0,2,2026-07-15T10:43:04.498044
79,8,6,2,0,2,2026-07-15T10:43:05.060991
79,8,7,2,0,2,2026-07-15T10:43:07.977445
79,8,8,2,0,2,2026-07-15T10:43:08.544438
79,8,9,2,0,2,2026-07-15T10:43:09.072277
79,8,10,2,0,2,2026-07-15T10:43:09.770137
79,9,1,4,0,4,2026-07-15T10:43:10.258477
79,9,2,4,0,4,2026-07-15T10:43:10.748478
79,9,3,4,0,4,2026-07-15T10:43:11.354256
79,9,4,4,0,4,2026-07-15T10:43:12.239551
79,9,5,4,0,4,2026-07-15T10:43:12.706047
79,9,6,4,0,4,2026-07-15T10:43:13.215723
79,9,7,4,0,4,2026-07-15T10:43:13.932080
79,9,8,4,0,4,2026-07-15T10:43:14.402764
79,9,9,4,0,4,2026-07-15T10:43:15.014414
79,9,10,4,0,4,2026-07-15T10:43:15.556635
80,1,1,4,0,4,2026-07-15T10:43:16.005314
80,1,2,3,0,3,2026-07-15T10:43:17.090987
80,1,3,3,0,3,2026-07-15T10:43:17.651311
80,1,4,4,0,4,2026-07-15T10:43:18.153283
80,1,5,3,0,3,2026-07-15T10:43:19.351631
80,1,6,4,0,4,2026-07-15T10:43:19.908644
80,1,7,3,0,3,2026-07-15T10:43:20.468615
80,1,8,3,0,3,2026-07-15T10:43:21.151282
80,1,9,3,0,3,2026-07-15T10:43:21.699673
80,1,10,3,0,3,2026-07-15T10:43:22.528374
80,2,1,2,0,2,2026-07-15T10:43:23.170949
80,2,2,1,0,1,2026-07-15T10:43:23.891904
80,2,3,1,0,1,2026-07-15T10:43:24.408175
80,2,4,1,0,1,2026-07-15T10:43:25.086384
80,2,5,2,0,2,2026-07-15T10:43:25.833265
80,2,6,1,0,1,2026-07-15T10:43:26.388347
80,2,7,1,0,1,2026-07-15T10:43:27.003481
80,2,8,1,0,1,2026-07-15T10:43:27.705760
80,2,9,1,0,1,2026-07-15T10:43:28.350365
80,2,10,1,0,1,2026-07-15T10:43:28.908253
80,3,1,3,0,3,2026-07-15T10:43:29.492247
80,3,2,2,0,2,2026-07-15T10:43:30.043367
80,3,3,3,0,3,2026-07-15T10:43:30.690744
80,3,4,3,0,3,2026-07-15T10:43:31.341910
80,3,5,2,0,2,2026-07-15T10:43:31.913011
80,3,6,3,0,3,2026-07-15T10:43:32.491523
80,3,7,3,0,3,2026-07-15T10:43:33.058225
80,3,8,3,0,3,2026-07-15T10:43:33.742201
80,3,9,3,0,3,2026-07-15T10:43:34.269635
80,3,10,3,0,3,2026-07-15T10:43:34.810923
80,4,1,0,0,0,2026-07-15T10:43:35.559648
80,4,2,0,0,0,2026-07-15T10:43:36.383399
80,4,3,0,0,0,2026-07-15T10:43:37.216911
80,4,4,0,0,0,2026-07-15T10:43:38.287469
80,4,5,0,0,0,2026-07-15T10:43:38.988466
80,4,6,0,0,0,2026-07-15T10:43:39.850989
80,4,7,0,0,0,2026-07-15T10:43:40.502601
80,4,8,0,0,0,2026-07-15T10:43:41.523990
80,4,9,0,0,0,2026-07-15T10:43:42.344039
80,4,10,0,0,0,2026-07-15T10:43:43.111274
80,5,1,4,0,4,2026-07-15T10:43:43.588044
80,5,2,4,0,4,2026-07-15T10:43:44.066185
80,5,3,4,0,4,2026-07-15T10:43:51.513688
80,5,4,4,0,4,2026-07-15T10:43:52.111425
80,5,5,4,0,4,2026-07-15T10:43:52.742951
80,5,6,4,0,4,2026-07-15T10:43:53.384275
80,5,7,4,0,4,2026-07-15T10:43:53.860907
80,5,8,4,0,4,2026-07-15T10:43:54.303165
80,5,9,4,0,4,2026-07-15T10:43:55.028227
80,5,10,4,0,4,2026-07-15T10:43:55.482397
80,6,1,0,0,0,2026-07-15T10:43:56.895222
80,6,2,0,0,0,2026-07-15T10:43:58.459802
80,6,3,0,0,0,2026-07-15T10:44:00.305828
80,6,4,0,0,0,2026-07-15T10:44:02.846066
80,6,5,0,0,0,2026-07-15T10:44:05.733729
80,6,6,0,0,0,2026-07-15T10:44:09.119446
80,6,7,0,0,0,2026-07-15T10:44:13.118455
80,6,8,0,0,0,2026-07-15T10:44:17.411603
80,6,9,0,0,0,2026-07-15T10:44:22.801673
80,6,10,0,0,0,2026-07-15T10:44:28.339633
80,7,1,5,0,5,2026-07-15T10:44:30.526475
80,7,2,5,0,5,2026-07-15T10:44:32.356120
80,7,3,5,0,5,2026-07-15T10:44:33.726048
80,7,4,5,0,5,2026-07-15T10:44:35.530810
80,7,5,5,0,5,2026-07-15T10:44:36.942955
80,7,6,5,0,5,2026-07-15T10:44:38.361283
80,7,7,5,0,5,2026-07-15T10:44:39.762118
80,7,8,5,0,5,2026-07-15T10:44:41.144293
80,7,9,5,0,5,2026-07-15T10:44:42.930174
80,7,10,5,0,5,2026-07-15T10:44:44.437921
80,8,1,1,0,1,2026-07-15T10:44:48.329452
80,8,2,1,0,1,2026-07-15T10:44:48.945853
80,8,3,1,0,1,2026-07-15T10:44:49.454453
80,8,4,1,0,1,2026-07-15T10:44:50.006198
80,8,5,1,0,1,2026-07-15T10:44:50.687032
80,8,6,1,0,1,2026-07-15T10:44:51.142983
80,8,7,1,0,1,2026-07-15T10:44:51.609495
80,8,8,1,0,1,2026-07-15T10:44:52.937375
80,8,9,1,0,1,2026-07-15T10:44:53.578264
80,8,10,1,0,1,2026-07-15T10:44:54.085669
80,9,1,5,0,5,2026-07-15T10:44:54.683738
80,9,2,5,0,5,2026-07-15T10:44:55.371312
80,9,3,5,0,5,2026-07-15T10:44:56.012054
80,9,4,5,0,5,2026-07-15T10:44:56.591712
80,9,5,5,0,5,2026-07-15T10:44:57.192825
80,9,6,5,0,5,2026-07-15T10:44:57.840820
80,9,7,5,0,5,2026-07-15T10:44:58.476952
80,9,8,5,0,5,2026-07-15T10:44:59.159935
80,9,9,5,0,5,2026-07-15T10:45:01.139464
80,9,10,5,0,5,2026-07-15T10:45:02.256418
81,1,1,2,0,2,2026-07-15T10:45:02.769221
81,1,2,2,0,2,2026-07-15T10:45:03.485922
81,1,3,2,0,2,2026-07-15T10:45:04.325981
81,1,4,2,0,2,2026-07-15T10:45:04.858210
81,1,5,2,0,2,2026-07-15T10:45:05.360950
81,1,6,2,0,2,2026-07-15T10:45:05.961413
81,1,7,2,0,2,2026-07-15T10:45:06.559993
81,1,8,2,0,2,2026-07-15T10:45:07.032201
81,1,9,2,0,2,2026-07-15T10:45:07.587144
81,1,10,2,0,2,2026-07-15T10:45:08.153653
81,2,1,0,0,0,2026-07-15T10:45:08.708389
81,2,2,0,0,0,2026-07-15T10:45:09.528669
81,2,3,1,0,1,2026-07-15T10:45:10.169415
81,2,4,0,0,0,2026-07-15T10:45:10.762572
81,2,5,0,0,0,2026-07-15T10:45:11.325977
81,2,6,0,0,0,2026-07-15T10:45:11.937953
81,2,7,1,0,1,2026-07-15T10:45:12.606913
81,2,8,1,0,1,2026-07-15T10:45:13.238055
81,2,9,0,0,0,2026-07-15T10:45:13.764034
81,2,10,0,0,0,2026-07-15T10:45:14.349548
81,3,1,1,0,1,2026-07-15T10:45:15.057823
81,3,2,1,0,1,2026-07-15T10:45:15.681838
81,3,3,1,0,1,2026-07-15T10:45:16.286607
81,3,4,1,0,1,2026-07-15T10:45:16.879822
81,3,5,1,0,1,2026-07-15T10:45:17.465310
81,3,6,1,0,1,2026-07-15T10:45:18.129586
81,3,7,1,0,1,2026-07-15T10:45:18.996704
81,3,8,1,0,1,2026-07-15T10:45:19.722048
81,3,9,1,0,1,2026-07-15T10:45:20.312465
81,3,10,1,0,1,2026-07-15T10:45:21.001572
81,4,1,0,0,0,2026-07-15T10:45:23.995978
81,4,2,0,0,0,2026-07-15T10:45:26.325455
81,4,3,0,0,0,2026-07-15T10:45:28.287656
81,4,4,0,0,0,2026-07-15T10:45:30.110702
81,4,5,0,0,0,2026-07-15T10:45:32.026217
81,4,6,0,0,0,2026-07-15T10:45:33.872122
81,4,7,0,0,0,2026-07-15T10:45:35.837624
81,4,8,0,0,0,2026-07-15T10:45:37.936322
81,4,9,0,0,0,2026-07-15T10:45:39.699598
81,4,10,0,0,0,2026-07-15T10:45:41.596084
81,5,1,1,0,1,2026-07-15T10:45:42.286603
81,5,2,1,0,1,2026-07-15T10:45:43.420917
81,5,3,1,0,1,2026-07-15T10:45:44.241003
81,5,4,1,0,1,2026-07-15T10:45:45.223435
81,5,5,1,0,1,2026-07-15T10:45:45.968665
81,5,6,1,0,1,2026-07-15T10:45:46.649422
81,5,7,1,0,1,2026-07-15T10:45:47.811530
81,5,8,1,0,1,2026-07-15T10:45:48.494497
81,5,9,1,0,1,2026-07-15T10:45:56.446879
81,5,10,1,0,1,2026-07-15T10:45:57.143723
81,6,1,0,0,0,2026-07-15T10:45:57.827210
81,6,2,0,0,0,2026-07-15T10:45:58.541303
81,6,3,0,0,0,2026-07-15T10:45:59.395563
81,6,4,0,0,0,2026-07-15T10:46:00.059669
81,6,5,0,0,0,2026-07-15T10:46:00.757763
81,6,6,0,0,0,2026-07-15T10:46:01.634744
81,6,7,0,0,0,2026-07-15T10:46:02.367188
81,6,8,0,0,0,2026-07-15T10:46:03.081286
81,6,9,0,0,0,2026-07-15T10:46:03.865942
81,6,10,0,0,0,2026-07-15T10:46:10.277037
81,7,1,2,0,2,2026-07-15T10:46:11.042711
81,7,2,2,0,2,2026-07-15T10:46:11.608468
81,7,3,2,0,2,2026-07-15T10:46:12.310573
81,7,4,2,0,2,2026-07-15T10:46:13.088962
81,7,5,2,0,2,2026-07-15T10:46:13.630849
81,7,6,3,0,3,2026-07-15T10:46:14.172427
81,7,7,3,0,3,2026-07-15T10:46:14.744681
81,7,8,2,0,2,2026-07-15T10:46:15.268701
81,7,9,2,0,2,2026-07-15T10:46:16.053515
81,7,10,3,0,3,2026-07-15T10:46:16.597453
81,8,1,1,0,1,2026-07-15T10:46:17.728109
81,8,2,1,0,1,2026-07-15T10:46:18.340249
81,8,3,1,0,1,2026-07-15T10:46:18.944615
81,8,4,1,0,1,2026-07-15T10:46:19.601999
81,8,5,1,0,1,2026-07-15T10:46:20.246729
81,8,6,0,0,0,2026-07-15T10:46:20.833256
81,8,7,1,0,1,2026-07-15T10:46:21.668594
81,8,8,0,0,0,2026-07-15T10:46:22.254233
81,8,9,1,0,1,2026-07-15T10:46:22.848507
81,8,10,1,0,1,2026-07-15T10:46:23.462402
81,9,1,4,0,4,2026-07-15T10:46:24.189784
81,9,2,4,0,4,2026-07-15T10:46:33.901337
81,9,3,4,0,4,2026-07-15T10:46:34.446781
81,9,4,3,0,3,2026-07-15T10:46:35.435941
81,9,5,3,0,3,2026-07-15T10:46:36.252646
81,9,6,4,0,4,2026-07-15T10:46:36.875917
81,9,7,4,0,4,2026-07-15T10:46:37.502188
81,9,8,3,0,3,2026-07-15T10:46:38.076326
81,9,9,3,0,3,2026-07-15T10:46:38.616893
81,9,10,3,0,3,2026-07-15T10:46:39.458345
82,1,1,3,0,3,2026-07-15T10:46:40.013993
82,1,2,3,0,3,2026-07-15T10:46:40.595350
82,1,3,3,0,3,2026-07-15T10:46:41.328109
82,1,4,3,0,3,2026-07-15T10:46:41.900924
82,1,5,3,0,3,2026-07-15T10:46:42.665519
82,1,6,3,0,3,2026-07-15T10:46:43.446094
82,1,7,3,0,3,2026-07-15T10:46:44.553111
82,1,8,3,0,3,2026-07-15T10:46:45.123151
82,1,9,3,0,3,2026-07-15T10:46:45.637603
82,1,10,3,0,3,2026-07-15T10:46:46.139204
82,2,1,1,0,1,2026-07-15T10:46:46.705884
82,2,2,1,0,1,2026-07-15T10:46:47.307065
82,2,3,1,0,1,2026-07-15T10:46:48.074208
82,2,4,1,0,1,2026-07-15T10:46:48.661374
82,2,5,1,0,1,2026-07-15T10:46:49.215810
82,2,6,1,0,1,2026-07-15T10:46:49.881659
82,2,7,1,0,1,2026-07-15T10:46:50.496226
82,2,8,1,0,1,2026-07-15T10:46:51.164093
82,2,9,1,0,1,2026-07-15T10:46:51.751852
82,2,10,1,0,1,2026-07-15T10:46:52.345072
82,3,1,2,0,2,2026-07-15T10:46:53.158625
82,3,2,2,0,2,2026-07-15T10:46:54.065453
82,3,3,2,0,2,2026-07-15T10:46:54.643546
82,3,4,2,0,2,2026-07-15T10:46:55.186824
82,3,5,2,0,2,2026-07-15T10:46:57.355397
82,3,6,2,0,2,2026-07-15T10:46:57.910110
82,3,7,2,0,2,2026-07-15T10:46:58.422526
82,3,8,2,0,2,2026-07-15T10:46:58.990206
82,3,9,2,0,2,2026-07-15T10:47:00.427513
82,3,10,2,0,2,2026-07-15T10:47:01.036994
82,4,1,1,0,1,2026-07-15T10:47:01.862810
82,4,2,1,0,1,2026-07-15T10:47:02.475703
82,4,3,1,0,1,2026-07-15T10:47:03.043697
82,4,4,1,0,1,2026-07-15T10:47:03.612114
82,4,5,1,0,1,2026-07-15T10:47:04.192533
82,4,6,2,0,2,2026-07-15T10:47:04.782599
82,4,7,2,0,2,2026-07-15T10:47:05.370992
82,4,8,1,0,1,2026-07-15T10:47:05.925728
82,4,9,1,0,1,2026-07-15T10:47:06.601873
82,4,10,1,0,1,2026-07-15T10:47:07.282573
82,5,1,3,0,3,2026-07-15T10:47:07.891584
82,5,2,3,0,3,2026-07-15T10:47:08.434733
82,5,3,3,0,3,2026-07-15T10:47:09.029737
82,5,4,3,0,3,2026-07-15T10:47:09.645077
82,5,5,3,0,3,2026-07-15T10:47:10.222703
82,5,6,3,0,3,2026-07-15T10:47:10.870672
82,5,7,3,0,3,2026-07-15T10:47:11.435641
82,5,8,3,0,3,2026-07-15T10:47:11.981396
82,5,9,3,0,3,2026-07-15T10:47:12.470957
82,5,10,3,0,3,2026-07-15T10:47:13.022831
82,6,1,1,0,1,2026-07-15T10:47:13.765941
82,6,2,1,0,1,2026-07-15T10:47:14.310314
82,6,3,1,0,1,2026-07-15T10:47:14.861814
82,6,4,1,0,1,2026-07-15T10:47:15.467793
82,6,5,1,0,1,2026-07-15T10:47:16.352179
82,6,6,1,0,1,2026-07-15T10:47:17.055060
82,6,7,1,0,1,2026-07-15T10:47:17.622916
82,6,8,1,0,1,2026-07-15T10:47:18.293748
82,6,9,1,0,1,2026-07-15T10:47:18.905296
82,6,10,1,0,1,2026-07-15T10:47:19.456289
82,7,1,4,0,4,2026-07-15T10:47:19.939444
82,7,2,4,0,4,2026-07-15T10:47:20.444429
82,7,3,4,0,4,2026-07-15T10:47:22.329613
82,7,4,4,0,4,2026-07-15T10:47:22.955094
82,7,5,4,0,4,2026-07-15T10:47:23.490462
82,7,6,4,0,4,2026-07-15T10:47:24.030145
82,7,7,4,0,4,2026-07-15T10:47:24.620681
82,7,8,4,0,4,2026-07-15T10:47:25.257395
82,7,9,4,0,4,2026-07-15T10:47:25.769737
82,7,10,4,0,4,2026-07-15T10:47:26.293378
82,8,1,2,0,2,2026-07-15T10:47:27.052864
82,8,2,2,0,2,2026-07-15T10:47:27.702274
82,8,3,2,0,2,2026-07-15T10:47:28.590536
82,8,4,2,0,2,2026-07-15T10:47:29.337509
82,8,5,2,0,2,2026-07-15T10:47:29.918300
82,8,6,2,0,2,2026-07-15T10:47:30.522871
82,8,7,2,0,2,2026-07-15T10:47:31.367871
82,8,8,2,0,2,2026-07-15T10:47:31.998111
82,8,9,2,0,2,2026-07-15T10:47:32.568066
82,8,10,2,0,2,2026-07-15T10:47:33.343506
82,9,1,4,0,4,2026-07-15T10:47:34.112977
82,9,2,4,0,4,2026-07-15T10:47:34.795828
82,9,3,4,0,4,2026-07-15T10:47:35.487607
82,9,4,4,0,4,2026-07-15T10:47:36.280964
82,9,5,4,0,4,2026-07-15T10:47:37.394172
82,9,6,4,0,4,2026-07-15T10:47:38.213334
82,9,7,4,0,4,2026-07-15T10:47:38.900813
82,9,8,4,0,4,2026-07-15T10:47:39.628685
82,9,9,4,0,4,2026-07-15T10:47:45.015042
82,9,10,4,0,4,2026-07-15T10:47:46.008085
83,1,1,3,0,3,2026-07-15T10:47:46.610553
83,1,2,3,0,3,2026-07-15T10:47:47.135679
83,1,3,3,0,3,2026-07-15T10:47:47.839240
83,1,4,3,0,3,2026-07-15T10:47:48.916209
83,1,5,3,0,3,2026-07-15T10:47:49.478732
83,1,6,3,0,3,2026-07-15T10:47:49.996756
83,1,7,3,0,3,2026-07-15T10:47:55.588130
83,1,8,3,0,3,2026-07-15T10:47:56.207071
83,1,9,3,0,3,2026-07-15T10:47:57.715613
83,1,10,3,0,3,2026-07-15T10:47:58.299503
83,2,1,2,0,2,2026-07-15T10:48:02.922121
83,2,2,2,0,2,2026-07-15T10:48:03.813597
83,2,3,2,0,2,2026-07-15T10:48:04.654886
83,2,4,2,0,2,2026-07-15T10:48:05.314115
83,2,5,2,0,2,2026-07-15T10:48:06.169189
83,2,6,2,0,2,2026-07-15T10:48:06.881764
83,2,7,2,0,2,2026-07-15T10:48:07.516886
83,2,8,2,0,2,2026-07-15T10:48:08.155218
83,2,9,2,0,2,2026-07-15T10:48:08.750567
83,2,10,2,0,2,2026-07-15T10:48:09.304460
83,3,1,2,0,2,2026-07-15T10:48:10.229601
83,3,2,2,0,2,2026-07-15T10:48:11.831647
83,3,3,2,0,2,2026-07-15T10:48:12.378530
83,3,4,2,0,2,2026-07-15T10:48:13.470065
83,3,5,2,0,2,2026-07-15T10:48:14.227434
83,3,6,2,0,2,2026-07-15T10:48:14.874879
83,3,7,2,0,2,2026-07-15T10:48:15.411236
83,3,8,2,0,2,2026-07-15T10:48:15.912256
83,3,9,2,0,2,2026-07-15T10:48:16.417960
83,3,10,2,0,2,2026-07-15T10:48:17.023987
83,4,1,1,0,1,2026-07-15T10:48:17.620738
83,4,2,1,0,1,2026-07-15T10:48:21.184290
83,4,3,1,0,1,2026-07-15T10:48:21.791221
83,4,4,1,0,1,2026-07-15T10:48:22.355515
83,4,5,1,0,1,2026-07-15T10:48:23.090769
83,4,6,1,0,1,2026-07-15T10:48:23.757303
83,4,7,1,0,1,2026-07-15T10:48:24.354138
83,4,8,1,0,1,2026-07-15T10:48:24.910586
83,4,9,1,0,1,2026-07-15T10:48:25.582711
83,4,10,1,0,1,2026-07-15T10:48:26.340967
83,5,1,3,0,3,2026-07-15T10:48:26.921394
83,5,2,3,0,3,2026-07-15T10:48:27.494238
83,5,3,3,0,3,2026-07-15T10:48:28.322863
83,5,4,3,0,3,2026-07-15T10:48:29.002045
83,5,5,3,0,3,2026-07-15T10:48:29.643075
83,5,6,3,0,3,2026-07-15T10:48:30.168443
83,5,7,3,0,3,2026-07-15T10:48:30.783114
83,5,8,3,0,3,2026-07-15T10:48:31.401699
83,5,9,3,0,3,2026-07-15T10:48:32.999350
83,5,10,3,0,3,2026-07-15T10:48:33.588978
83,6,1,0,0,0,2026-07-15T10:48:34.207473
83,6,2,0,0,0,2026-07-15T10:48:34.737563
83,6,3,0,0,0,2026-07-15T10:48:35.353474
83,6,4,0,0,0,2026-07-15T10:48:35.967299
83,6,5,0,0,0,2026-07-15T10:48:36.512748
83,6,6,0,0,0,2026-07-15T10:48:37.429017
83,6,7,0,0,0,2026-07-15T10:48:37.920560
83,6,8,0,0,0,2026-07-15T10:48:38.577401
83,6,9,0,0,0,2026-07-15T10:48:39.224448
83,6,10,0,0,0,2026-07-15T10:48:40.164068
83,7,1,4,0,4,2026-07-15T10:48:40.847631
83,7,2,4,0,4,2026-07-15T10:48:41.550780
83,7,3,4,0,4,2026-07-15T10:48:42.320377
83,7,4,4,0,4,2026-07-15T10:48:43.201679
83,7,5,4,0,4,2026-07-15T10:48:43.934796
83,7,6,4,0,4,2026-07-15T10:48:44.875147
83,7,7,4,0,4,2026-07-15T10:48:47.028516
83,7,8,4,0,4,2026-07-15T10:48:51.055574
83,7,9,4,0,4,2026-07-15T10:48:51.818308
83,7,10,4,0,4,2026-07-15T10:48:52.510640
83,8,1,0,0,0,2026-07-15T10:48:53.076709
83,8,2,0,0,0,2026-07-15T10:48:53.768686
83,8,3,0,0,0,2026-07-15T10:48:54.827365
83,8,4,0,0,0,2026-07-15T10:48:55.363835
83,8,5,0,0,0,2026-07-15T10:48:55.905625
83,8,6,0,0,0,2026-07-15T10:48:56.423263
83,8,7,0,0,0,2026-07-15T10:48:57.399045
83,8,8,0,0,0,2026-07-15T10:48:57.926591
83,8,9,0,0,0,2026-07-15T10:48:58.570919
83,8,10,0,0,0,2026-07-15T10:48:59.182527
83,9,1,5,0,5,2026-07-15T10:48:59.957684
83,9,2,5,0,5,2026-07-15T10:49:00.851329
83,9,3,4,0,4,2026-07-15T10:49:01.444851
83,9,4,5,0,5,2026-07-15T10:49:02.099680
83,9,5,4,0,4,2026-07-15T10:49:02.661633
83,9,6,5,0,5,2026-07-15T10:49:03.202124
83,9,7,5,0,5,2026-07-15T10:49:04.094105
83,9,8,5,0,5,2026-07-15T10:49:04.703968
83,9,9,5,0,5,2026-07-15T10:49:06.242364
83,9,10,4,0,4,2026-07-15T10:49:07.096058
84,1,1,3,0,3,2026-07-15T10:49:08.766073
84,1,2,3,0,3,2026-07-15T10:49:09.764536
84,1,3,3,0,3,2026-07-15T10:49:10.294421
84,1,4,3,0,3,2026-07-15T10:49:10.800772
84,1,5,3,0,3,2026-07-15T10:49:11.430222
84,1,6,3,0,3,2026-07-15T10:49:11.975834
84,1,7,3,0,3,2026-07-15T10:49:12.505914
84,1,8,3,0,3,2026-07-15T10:49:13.031406
84,1,9,3,0,3,2026-07-15T10:49:13.614353
84,1,10,3,0,3,2026-07-15T10:49:14.271541
84,2,1,1,0,1,2026-07-15T10:49:14.854091
84,2,2,1,0,1,2026-07-15T10:49:15.494630
84,2,3,1,0,1,2026-07-15T10:49:16.108251
84,2,4,1,0,1,2026-07-15T10:49:16.695013
84,2,5,1,0,1,2026-07-15T10:49:17.242851
84,2,6,1,0,1,2026-07-15T10:49:17.850228
84,2,7,1,0,1,2026-07-15T10:49:19.509598
84,2,8,1,0,1,2026-07-15T10:49:20.611339
84,2,9,1,0,1,2026-07-15T10:49:23.442315
84,2,10,1,0,1,2026-07-15T10:49:23.973109
84,3,1,2,0,2,2026-07-15T10:49:24.611175
84,3,2,2,0,2,2026-07-15T10:49:25.301397
84,3,3,3,0,3,2026-07-15T10:49:25.902650
84,3,4,2,0,2,2026-07-15T10:49:26.455927
84,3,5,3,0,3,2026-07-15T10:49:27.048242
84,3,6,2,0,2,2026-07-15T10:49:27.799348
84,3,7,3,0,3,2026-07-15T10:49:28.341098
84,3,8,3,0,3,2026-07-15T10:49:29.071164
84,3,9,3,0,3,2026-07-15T10:49:29.676362
84,3,10,3,0,3,2026-07-15T10:49:30.847558
84,4,1,1,0,1,2026-07-15T10:49:31.451706
84,4,2,1,0,1,2026-07-15T10:49:32.988865
84,4,3,1,0,1,2026-07-15T10:49:33.690698
84,4,4,1,0,1,2026-07-15T10:49:34.543439
84,4,5,1,0,1,2026-07-15T10:49:35.145324
84,4,6,1,0,1,2026-07-15T10:49:35.926657
84,4,7,1,0,1,2026-07-15T10:49:36.648517
84,4,8,1,0,1,2026-07-15T10:49:37.408991
84,4,9,1,0,1,2026-07-15T10:49:38.038420
84,4,10,1,0,1,2026-07-15T10:49:38.808000
84,5,1,2,0,2,2026-07-15T10:49:45.130561
84,5,2,3,0,3,2026-07-15T10:49:45.731112
84,5,3,3,0,3,2026-07-15T10:49:46.345688
84,5,4,2,0,2,2026-07-15T10:49:47.068699
84,5,5,3,0,3,2026-07-15T10:49:47.593150
84,5,6,3,0,3,2026-07-15T10:49:48.274423
84,5,7,3,0,3,2026-07-15T10:49:48.823682
84,5,8,3,0,3,2026-07-15T10:49:49.571586
84,5,9,3,0,3,2026-07-15T10:49:50.264407
84,5,10,3,0,3,2026-07-15T10:49:50.932005
84,6,1,2,0,2,2026-07-15T10:49:53.587722
84,6,2,2,0,2,2026-07-15T10:49:56.699101
84,6,3,2,0,2,2026-07-15T10:49:59.663298
84,6,4,2,0,2,2026-07-15T10:50:02.474134
84,6,5,2,0,2,2026-07-15T10:50:04.954656
84,6,6,2,0,2,2026-07-15T10:50:07.070247
84,6,7,2,0,2,2026-07-15T10:50:09.012548
84,6,8,2,0,2,2026-07-15T10:50:10.951262
84,6,9,2,0,2,2026-07-15T10:50:12.793554
84,6,10,2,0,2,2026-07-15T10:50:14.518952
84,7,1,4,0,4,2026-07-15T10:50:23.197334
84,7,2,4,0,4,2026-07-15T10:50:38.645044
84,7,3,4,0,4,2026-07-15T10:50:48.024229
84,7,4,4,0,4,2026-07-15T10:50:56.978728
84,7,5,4,0,4,2026-07-15T10:51:07.458494
84,7,6,4,0,4,2026-07-15T10:51:30.383367
84,7,7,4,0,4,2026-07-15T10:51:56.571891
84,7,8,4,0,4,2026-07-15T10:52:26.603397
84,7,9,4,0,4,2026-07-15T10:52:57.233891
84,7,10,4,0,4,2026-07-15T10:53:11.071612
84,8,1,2,0,2,2026-07-15T10:53:11.587902
84,8,2,2,0,2,2026-07-15T10:53:12.101766
84,8,3,2,0,2,2026-07-15T10:53:12.585320
84,8,4,2,0,2,2026-07-15T10:53:13.159543
84,8,5,2,0,2,2026-07-15T10:53:14.034507
84,8,6,2,0,2,2026-07-15T10:53:14.725057
84,8,7,2,0,2,2026-07-15T10:53:15.583148
84,8,8,2,0,2,2026-07-15T10:53:16.096089
84,8,9,2,0,2,2026-07-15T10:53:16.794286
84,8,10,2,0,2,2026-07-15T10:53:17.408033
84,9,1,4,0,4,2026-07-15T10:53:19.242803
84,9,2,4,0,4,2026-07-15T10:53:19.794821
84,9,3,4,0,4,2026-07-15T10:53:20.359154
84,9,4,4,0,4,2026-07-15T10:53:20.988234
84,9,5,4,0,4,2026-07-15T10:53:22.014035
84,9,6,4,0,4,2026-07-15T10:53:22.807782
84,9,7,4,0,4,2026-07-15T10:53:23.648256
84,9,8,4,0,4,2026-07-15T10:53:24.181911
84,9,9,4,0,4,2026-07-15T10:53:26.360736
84,9,10,4,0,4,2026-07-15T10:53:26.989801
85,1,1,3,0,3,2026-07-15T10:53:27.645787
85,1,2,3,0,3,2026-07-15T10:53:28.221906
85,1,3,4,0,4,2026-07-15T10:53:29.078232
85,1,4,3,0,3,2026-07-15T10:53:29.940214
85,1,5,3,0,3,2026-07-15T10:53:30.615234
85,1,6,3,0,3,2026-07-15T10:53:31.227173
85,1,7,3,0,3,2026-07-15T10:53:31.822961
85,1,8,3,0,3,2026-07-15T10:53:32.411100
85,1,9,3,0,3,2026-07-15T10:53:33.453745
85,1,10,3,0,3,2026-07-15T10:53:33.964386
85,2,1,2,0,2,2026-07-15T10:53:34.463727
85,2,2,2,0,2,2026-07-15T10:53:34.959967
85,2,3,2,0,2,2026-07-15T10:53:35.516754
85,2,4,2,0,2,2026-07-15T10:53:35.982454
85,2,5,2,0,2,2026-07-15T10:53:36.477357
85,2,6,2,0,2,2026-07-15T10:53:36.985084
85,2,7,2,0,2,2026-07-15T10:53:37.493979
85,2,8,2,0,2,2026-07-15T10:53:38.301797
85,2,9,2,0,2,2026-07-15T10:53:39.169253
85,2,10,2,0,2,2026-07-15T10:53:39.624983
85,3,1,2,0,2,2026-07-15T10:53:40.225684
85,3,2,2,0,2,2026-07-15T10:53:41.012453
85,3,3,2,0,2,2026-07-15T10:53:43.100844
85,3,4,2,0,2,2026-07-15T10:53:43.688254
85,3,5,2,0,2,2026-07-15T10:53:44.957074
85,3,6,2,0,2,2026-07-15T10:53:45.546162
85,3,7,2,0,2,2026-07-15T10:53:46.396104
85,3,8,2,0,2,2026-07-15T10:53:46.935984
85,3,9,2,0,2,2026-07-15T10:53:47.677950
85,3,10,2,0,2,2026-07-15T10:53:48.239213
85,4,1,2,0,2,2026-07-15T10:53:49.663134
85,4,2,2,0,2,2026-07-15T10:53:50.613018
85,4,3,1,0,1,2026-07-15T10:53:51.480820
85,4,4,2,0,2,2026-07-15T10:53:52.180859
85,4,5,2,0,2,2026-07-15T10:53:52.911640
85,4,6,1,0,1,2026-07-15T10:53:53.965903
85,4,7,1,0,1,2026-07-15T10:53:54.638470
85,4,8,1,0,1,2026-07-15T10:53:55.337427
85,4,9,1,0,1,2026-07-15T10:53:56.236800
85,4,10,1,0,1,2026-07-15T10:53:57.010510
85,5,1,3,0,3,2026-07-15T10:53:58.763102
85,5,2,3,0,3,2026-07-15T10:54:00.766830
85,5,3,3,0,3,2026-07-15T10:54:01.896174
85,5,4,3,0,3,2026-07-15T10:54:02.784987
85,5,5,3,0,3,2026-07-15T10:54:03.451316
85,5,6,3,0,3,2026-07-15T10:54:03.995985
85,5,7,3,0,3,2026-07-15T10:54:04.585450
85,5,8,3,0,3,2026-07-15T10:54:05.227851
85,5,9,3,0,3,2026-07-15T10:54:05.837953
85,5,10,3,0,3,2026-07-15T10:54:06.456549
85,6,1,0,0,0,2026-07-15T10:54:07.036385
85,6,2,0,0,0,2026-07-15T10:54:07.952534
85,6,3,0,0,0,2026-07-15T10:54:09.614955
85,6,4,0,0,0,2026-07-15T10:54:10.335822
85,6,5,0,0,0,2026-07-15T10:54:11.144991
85,6,6,0,0,0,2026-07-15T10:54:11.643946
85,6,7,0,0,0,2026-07-15T10:54:12.417281
85,6,8,0,0,0,2026-07-15T10:54:13.096785
85,6,9,0,0,0,2026-07-15T10:54:13.685168
85,6,10,0,0,0,2026-07-15T10:54:14.259749
85,7,1,4,0,4,2026-07-15T10:54:14.777812
85,7,2,4,0,4,2026-07-15T10:54:15.521581
85,7,3,4,0,4,2026-07-15T10:54:16.055182
85,7,4,4,0,4,2026-07-15T10:54:16.813036
85,7,5,4,0,4,2026-07-15T10:54:17.394745
85,7,6,4,0,4,2026-07-15T10:54:17.970900
85,7,7,4,0,4,2026-07-15T10:54:18.492425
85,7,8,4,0,4,2026-07-15T10:54:19.162111
85,7,9,4,0,4,2026-07-15T10:54:19.666285
85,7,10,4,0,4,2026-07-15T10:54:20.182021
85,8,1,2,0,2,2026-07-15T10:54:25.389944
85,8,2,2,0,2,2026-07-15T10:54:29.969766
85,8,3,2,0,2,2026-07-15T10:54:34.281698
85,8,4,2,0,2,2026-07-15T10:54:39.115430
85,8,5,2,0,2,2026-07-15T10:54:44.112861
85,8,6,2,0,2,2026-07-15T10:54:48.618936
85,8,7,2,0,2,2026-07-15T10:54:52.842040
85,8,8,2,0,2,2026-07-15T10:54:57.963173
85,8,9,2,0,2,2026-07-15T10:55:04.148842
85,8,10,2,0,2,2026-07-15T10:55:09.698279
85,9,1,4,0,4,2026-07-15T10:55:10.357580
85,9,2,4,0,4,2026-07-15T10:55:10.968130
85,9,3,4,0,4,2026-07-15T10:55:11.575111
85,9,4,4,0,4,2026-07-15T10:55:12.198054
85,9,5,4,0,4,2026-07-15T10:55:12.758418
85,9,6,4,0,4,2026-07-15T10:55:13.784682
85,9,7,4,0,4,2026-07-15T10:55:14.451178
85,9,8,4,0,4,2026-07-15T10:55:15.166466
85,9,9,4,0,4,2026-07-15T10:55:15.727809
85,9,10,4,0,4,2026-07-15T10:55:16.781874
86,1,1,2,0,2,2026-07-15T10:55:22.962978
86,1,2,2,0,2,2026-07-15T10:55:29.818508
86,1,3,2,0,2,2026-07-15T10:55:36.363465
86,1,4,2,0,2,2026-07-15T10:55:41.689960
86,1,5,2,0,2,2026-07-15T10:55:46.605922
86,1,6,2,0,2,2026-07-15T10:55:50.959993
86,1,7,2,0,2,2026-07-15T10:55:54.937013
86,1,8,2,0,2,2026-07-15T10:55:58.586599
86,1,9,2,0,2,2026-07-15T10:56:02.000238
86,1,10,2,0,2,2026-07-15T10:56:05.030274
86,2,1,0,0,0,2026-07-15T10:56:05.651915
86,2,2,0,0,0,2026-07-15T10:56:06.112369
86,2,3,0,0,0,2026-07-15T10:56:06.879430
86,2,4,0,0,0,2026-07-15T10:56:07.498410
86,2,5,0,0,0,2026-07-15T10:56:08.055703
86,2,6,0,0,0,2026-07-15T10:56:08.579756
86,2,7,0,0,0,2026-07-15T10:56:09.144924
86,2,8,0,0,0,2026-07-15T10:56:09.746264
86,2,9,0,0,0,2026-07-15T10:56:10.362215
86,2,10,0,0,0,2026-07-15T10:56:10.935152
86,3,1,2,0,2,2026-07-15T10:56:11.429058
86,3,2,2,0,2,2026-07-15T10:56:12.161408
86,3,3,2,0,2,2026-07-15T10:56:12.819798
86,3,4,2,0,2,2026-07-15T10:56:13.451679
86,3,5,2,0,2,2026-07-15T10:56:14.185394
86,3,6,2,0,2,2026-07-15T10:56:18.656650
86,3,7,2,0,2,2026-07-15T10:56:19.461807
86,3,8,2,0,2,2026-07-15T10:56:20.160358
86,3,9,2,0,2,2026-07-15T10:56:20.760927
86,3,10,2,0,2,2026-07-15T10:56:21.315149
86,4,1,0,0,0,2026-07-15T10:56:22.285851
86,4,2,0,0,0,2026-07-15T10:56:23.304720
86,4,3,0,0,0,2026-07-15T10:56:24.561882
86,4,4,0,0,0,2026-07-15T10:56:25.347241
86,4,5,0,0,0,2026-07-15T10:56:25.981654
86,4,6,0,0,0,2026-07-15T10:56:26.973858
86,4,7,0,0,0,2026-07-15T10:56:27.689085
86,4,8,0,0,0,2026-07-15T10:56:28.242366
86,4,9,0,0,0,2026-07-15T10:56:29.099891
86,4,10,0,0,0,2026-07-15T10:56:29.682718
86,5,1,2,0,2,2026-07-15T10:56:30.268408
86,5,2,2,0,2,2026-07-15T10:56:30.842828
86,5,3,2,0,2,2026-07-15T10:56:31.459930
86,5,4,2,0,2,2026-07-15T10:56:32.126050
86,5,5,2,0,2,2026-07-15T10:56:32.650150
86,5,6,2,0,2,2026-07-15T10:56:33.196412
86,5,7,2,0,2,2026-07-15T10:56:33.707183
86,5,8,2,0,2,2026-07-15T10:56:34.204485
86,5,9,2,0,2,2026-07-15T10:56:34.837056
86,5,10,2,0,2,2026-07-15T10:56:35.354976
86,6,1,0,0,0,2026-07-15T10:56:37.400340
86,6,2,0,0,0,2026-07-15T10:56:39.057452
86,6,3,0,0,0,2026-07-15T10:56:40.878157
86,6,4,0,0,0,2026-07-15T10:56:42.510509
86,6,5,0,0,0,2026-07-15T10:56:44.254467
86,6,6,0,0,0,2026-07-15T10:56:45.749910
86,6,7,0,0,0,2026-07-15T10:56:47.196399
86,6,8,0,0,0,2026-07-15T10:56:48.763495
86,6,9,0,0,0,2026-07-15T10:56:50.402065
86,6,10,0,0,0,2026-07-15T10:56:51.729448
86,7,1,2,0,2,2026-07-15T10:56:52.448423
86,7,2,2,0,2,2026-07-15T10:56:53.092820
86,7,3,2,0,2,2026-07-15T10:56:53.792057
86,7,4,2,0,2,2026-07-15T10:56:54.597971
86,7,5,2,0,2,2026-07-15T10:56:55.622125
86,7,6,2,0,2,2026-07-15T10:56:56.443772
86,7,7,2,0,2,2026-07-15T10:56:57.133111
86,7,8,2,0,2,2026-07-15T10:56:58.080156
86,7,9,2,0,2,2026-07-15T10:56:59.096264
86,7,10,2,0,2,2026-07-15T10:56:59.801217
86,8,1,0,0,0,2026-07-15T10:57:00.641469
86,8,2,0,0,0,2026-07-15T10:57:01.228701
86,8,3,0,0,0,2026-07-15T10:57:01.870922
86,8,4,0,0,0,2026-07-15T10:57:02.565247
86,8,5,0,0,0,2026-07-15T10:57:03.120090
86,8,6,0,0,0,2026-07-15T10:57:03.711439
86,8,7,0,0,0,2026-07-15T10:57:04.353158
86,8,8,0,0,0,2026-07-15T10:57:04.940830
86,8,9,0,0,0,2026-07-15T10:57:05.494049
86,8,10,0,0,0,2026-07-15T10:57:06.169463
86,9,1,4,0,4,2026-07-15T10:57:06.886707
86,9,2,4,0,4,2026-07-15T10:57:07.974484
86,9,3,3,0,3,2026-07-15T10:57:08.530106
86,9,4,3,0,3,2026-07-15T10:57:09.097832
86,9,5,4,0,4,2026-07-15T10:57:09.759782
86,9,6,4,0,4,2026-07-15T10:57:10.470886
86,9,7,3,0,3,2026-07-15T10:57:11.046743
86,9,8,4,0,4,2026-07-15T10:57:11.777008
86,9,9,3,0,3,2026-07-15T10:57:12.417352
86,9,10,3,0,3,2026-07-15T10:57:13.999222
87,1,1,4,0,4,2026-07-15T10:57:14.727537
87,1,2,4,0,4,2026-07-15T10:57:15.604108
87,1,3,4,0,4,2026-07-15T10:57:16.550223
87,1,4,4,0,4,2026-07-15T10:57:17.404875
87,1,5,4,0,4,2026-07-15T10:57:18.324579
87,1,6,4,0,4,2026-07-15T10:57:18.989053
87,1,7,4,0,4,2026-07-15T10:57:23.212325
87,1,8,4,0,4,2026-07-15T10:57:23.986396
87,1,9,4,0,4,2026-07-15T10:57:24.693673
87,1,10,4,0,4,2026-07-15T10:57:25.525224
87,2,1,2,0,2,2026-07-15T10:57:26.108721
87,2,2,2,0,2,2026-07-15T10:57:26.752880
87,2,3,2,0,2,2026-07-15T10:57:27.391681
87,2,4,2,0,2,2026-07-15T10:57:27.977474
87,2,5,2,0,2,2026-07-15T10:57:28.597374
87,2,6,2,0,2,2026-07-15T10:57:30.169502
87,2,7,2,0,2,2026-07-15T10:57:31.551020
87,2,8,2,0,2,2026-07-15T10:57:32.281776
87,2,9,2,0,2,2026-07-15T10:57:33.086495
87,2,10,2,0,2,2026-07-15T10:57:33.708224
87,3,1,3,0,3,2026-07-15T10:57:34.264860
87,3,2,3,0,3,2026-07-15T10:57:34.946018
87,3,3,3,0,3,2026-07-15T10:57:35.739422
87,3,4,3,0,3,2026-07-15T10:57:36.607894
87,3,5,3,0,3,2026-07-15T10:57:37.526672
87,3,6,3,0,3,2026-07-15T10:57:38.221116
87,3,7,3,0,3,2026-07-15T10:57:38.814004
87,3,8,3,0,3,2026-07-15T10:57:39.552965
87,3,9,3,0,3,2026-07-15T10:57:40.373735
87,3,10,4,0,4,2026-07-15T10:57:41.034553
87,4,1,1,0,1,2026-07-15T10:57:41.702664
87,4,2,1,0,1,2026-07-15T10:57:42.246028
87,4,3,1,0,1,2026-07-15T10:57:42.808437
87,4,4,1,0,1,2026-07-15T10:57:43.355953
87,4,5,1,0,1,2026-07-15T10:57:44.058522
87,4,6,1,0,1,2026-07-15T10:57:44.734317
87,4,7,1,0,1,2026-07-15T10:57:45.304196
87,4,8,1,0,1,2026-07-15T10:57:45.907449
87,4,9,1,0,1,2026-07-15T10:57:46.619022
87,4,10,1,0,1,2026-07-15T10:57:47.271663
87,5,1,2,0,2,2026-07-15T10:57:47.845743
87,5,2,2,0,2,2026-07-15T10:57:48.582097
87,5,3,2,0,2,2026-07-15T10:57:49.136569
87,5,4,2,0,2,2026-07-15T10:57:49.997361
87,5,5,2,0,2,2026-07-15T10:57:50.544437
87,5,6,3,0,3,2026-07-15T10:57:51.226718
87,5,7,2,0,2,2026-07-15T10:57:51.770428
87,5,8,2,0,2,2026-07-15T10:57:52.320802
87,5,9,2,0,2,2026-07-15T10:57:52.967369
87,5,10,2,0,2,2026-07-15T10:57:53.562783
87,6,1,1,0,1,2026-07-15T10:57:54.182358
87,6,2,2,0,2,2026-07-15T10:57:54.796850
87,6,3,1,0,1,2026-07-15T10:57:55.649796
87,6,4,1,0,1,2026-07-15T10:57:56.179384
87,6,5,2,0,2,2026-07-15T10:57:56.743199
87,6,6,1,0,1,2026-07-15T10:57:57.390095
87,6,7,2,0,2,2026-07-15T10:57:58.033103
87,6,8,1,0,1,2026-07-15T10:57:58.611099
87,6,9,2,0,2,2026-07-15T10:57:59.259330
87,6,10,2,0,2,2026-07-15T10:57:59.800081
87,7,1,4,0,4,2026-07-15T10:58:00.444246
87,7,2,4,0,4,2026-07-15T10:58:01.057745
87,7,3,4,0,4,2026-07-15T10:58:01.671425
87,7,4,4,0,4,2026-07-15T10:58:02.275016
87,7,5,4,0,4,2026-07-15T10:58:03.029347
87,7,6,4,0,4,2026-07-15T10:58:04.064906
87,7,7,4,0,4,2026-07-15T10:58:05.052880
87,7,8,4,0,4,2026-07-15T10:58:05.630037
87,7,9,4,0,4,2026-07-15T10:58:06.206989
87,7,10,4,0,4,2026-07-15T10:58:06.790181
87,8,1,2,0,2,2026-07-15T10:58:08.646795
87,8,2,2,0,2,2026-07-15T10:58:10.706221
87,8,3,3,0,3,2026-07-15T10:58:13.447421
87,8,4,2,0,2,2026-07-15T10:58:16.976513
87,8,5,3,0,3,2026-07-15T10:58:19.502412
87,8,6,2,0,2,2026-07-15T10:58:21.607760
87,8,7,2,0,2,2026-07-15T10:58:23.823262
87,8,8,3,0,3,2026-07-15T10:58:26.293318
87,8,9,3,0,3,2026-07-15T10:58:29.020797
87,8,10,2,0,2,2026-07-15T10:58:31.197385
87,9,1,5,0,5,2026-07-15T10:58:31.776572
87,9,2,5,0,5,2026-07-15T10:58:33.468591
87,9,3,5,0,5,2026-07-15T10:58:34.851610
87,9,4,5,0,5,2026-07-15T10:58:35.489280
87,9,5,5,0,5,2026-07-15T10:58:36.163104
87,9,6,5,0,5,2026-07-15T10:58:36.899010
87,9,7,5,0,5,2026-07-15T10:58:38.418553
87,9,8,5,0,5,2026-07-15T10:58:39.101305
87,9,9,5,0,5,2026-07-15T10:58:40.071181
87,9,10,5,0,5,2026-07-15T10:58:40.791112
88,1,1,3,0,3,2026-07-15T10:58:41.340038
88,1,2,3,0,3,2026-07-15T10:58:42.016197
88,1,3,3,0,3,2026-07-15T10:58:42.632252
88,1,4,4,0,4,2026-07-15T10:58:43.273564
88,1,5,4,0,4,2026-07-15T10:58:43.862593
88,1,6,3,0,3,2026-07-15T10:58:44.501056
88,1,7,4,0,4,2026-07-15T10:58:45.297006
88,1,8,4,0,4,2026-07-15T10:58:45.910973
88,1,9,4,0,4,2026-07-15T10:58:46.472340
88,1,10,4,0,4,2026-07-15T10:58:47.588140
88,2,1,1,0,1,2026-07-15T10:58:48.297712
88,2,2,1,0,1,2026-07-15T10:58:48.874934
88,2,3,1,0,1,2026-07-15T10:58:49.595746
88,2,4,1,0,1,2026-07-15T10:58:50.210070
88,2,5,1,0,1,2026-07-15T10:58:51.031685
88,2,6,1,0,1,2026-07-15T10:58:51.541517
88,2,7,1,0,1,2026-07-15T10:58:52.054193
88,2,8,1,0,1,2026-07-15T10:58:52.566049
88,2,9,1,0,1,2026-07-15T10:58:53.620865
88,2,10,1,0,1,2026-07-15T10:58:54.204841
88,3,1,4,0,4,2026-07-15T10:58:55.845498
88,3,2,4,0,4,2026-07-15T10:58:57.788898
88,3,3,4,0,4,2026-07-15T10:58:59.926145
88,3,4,4,0,4,2026-07-15T10:59:02.048849
88,3,5,4,0,4,2026-07-15T10:59:04.340924
88,3,6,4,0,4,2026-07-15T10:59:06.997149
88,3,7,4,0,4,2026-07-15T10:59:10.011768
88,3,8,4,0,4,2026-07-15T10:59:12.563808
88,3,9,4,0,4,2026-07-15T10:59:14.684016
88,3,10,4,0,4,2026-07-15T10:59:16.836207
88,4,1,0,0,0,2026-07-15T10:59:17.447253
88,4,2,1,0,1,2026-07-15T10:59:18.042150
88,4,3,0,0,0,2026-07-15T10:59:18.853748
88,4,4,1,0,1,2026-07-15T10:59:19.415809
88,4,5,0,0,0,2026-07-15T10:59:20.111105
88,4,6,0,0,0,2026-07-15T10:59:20.766432
88,4,7,0,0,0,2026-07-15T10:59:21.387458
88,4,8,1,0,1,2026-07-15T10:59:22.093831
88,4,9,0,0,0,2026-07-15T10:59:22.774834
88,4,10,1,0,1,2026-07-15T10:59:23.412626
88,5,1,2,0,2,2026-07-15T10:59:23.901061
88,5,2,2,0,2,2026-07-15T10:59:24.544912
88,5,3,2,0,2,2026-07-15T10:59:24.973971
88,5,4,2,0,2,2026-07-15T10:59:25.450829
88,5,5,2,0,2,2026-07-15T10:59:25.949127
88,5,6,2,0,2,2026-07-15T10:59:26.459027
88,5,7,2,0,2,2026-07-15T10:59:27.125030
88,5,8,2,0,2,2026-07-15T10:59:27.594847
88,5,9,2,0,2,2026-07-15T10:59:28.303162
88,5,10,2,0,2,2026-07-15T10:59:28.814188
88,6,1,1,0,1,2026-07-15T10:59:29.328667
88,6,2,1,0,1,2026-07-15T10:59:29.843456
88,6,3,1,0,1,2026-07-15T10:59:30.391718
88,6,4,1,0,1,2026-07-15T10:59:31.273891
88,6,5,1,0,1,2026-07-15T10:59:31.830522
88,6,6,1,0,1,2026-07-15T10:59:32.529043
88,6,7,1,0,1,2026-07-15T10:59:33.317287
88,6,8,1,0,1,2026-07-15T10:59:34.012427
88,6,9,1,0,1,2026-07-15T10:59:34.651711
88,6,10,1,0,1,2026-07-15T10:59:35.368501
88,7,1,4,0,4,2026-07-15T10:59:36.216441
88,7,2,4,0,4,2026-07-15T10:59:37.049414
88,7,3,4,0,4,2026-07-15T10:59:38.335432
88,7,4,4,0,4,2026-07-15T10:59:39.289638
88,7,5,4,0,4,2026-07-15T10:59:39.975633
88,7,6,4,0,4,2026-07-15T10:59:40.898224
88,7,7,4,0,4,2026-07-15T10:59:41.624879
88,7,8,4,0,4,2026-07-15T10:59:42.298513
88,7,9,4,0,4,2026-07-15T10:59:43.152691
88,7,10,4,0,4,2026-07-15T10:59:44.471169
88,8,1,1,0,1,2026-07-15T10:59:45.155729
88,8,2,0,0,0,2026-07-15T10:59:45.741398
88,8,3,1,0,1,2026-07-15T10:59:46.449510
88,8,4,1,0,1,2026-07-15T10:59:47.057624
88,8,5,1,0,1,2026-07-15T10:59:47.597444
88,8,6,1,0,1,2026-07-15T10:59:48.118059
88,8,7,1,0,1,2026-07-15T10:59:49.294079
88,8,8,1,0,1,2026-07-15T10:59:50.424001
88,8,9,1,0,1,2026-07-15T10:59:51.164757
88,8,10,1,0,1,2026-07-15T10:59:51.707813
88,9,1,5,0,5,2026-07-15T10:59:52.571589
88,9,2,5,0,5,2026-07-15T10:59:53.135162
88,9,3,5,0,5,2026-07-15T10:59:53.764197
88,9,4,5,0,5,2026-07-15T10:59:54.393997
88,9,5,5,0,5,2026-07-15T10:59:54.927376
88,9,6,5,0,5,2026-07-15T10:59:55.357316
88,9,7,5,0,5,2026-07-15T10:59:55.814622
88,9,8,5,0,5,2026-07-15T10:59:56.567688
88,9,9,5,0,5,2026-07-15T10:59:57.333713
88,9,10,5,0,5,2026-07-15T10:59:58.477651
89,1,1,3,0,3,2026-07-15T10:59:59.437045
89,1,2,3,0,3,2026-07-15T11:00:00.244724
89,1,3,3,0,3,2026-07-15T11:00:01.085441
89,1,4,2,0,2,2026-07-15T11:00:01.943418
89,1,5,3,0,3,2026-07-15T11:00:02.660267
89,1,6,2,0,2,2026-07-15T11:00:03.426435
89,1,7,2,0,2,2026-07-15T11:00:04.193597
89,1,8,3,0,3,2026-07-15T11:00:05.201424
89,1,9,2,0,2,2026-07-15T11:00:06.248478
89,1,10,2,0,2,2026-07-15T11:00:07.124313
89,2,1,1,0,1,2026-07-15T11:00:10.327971
89,2,2,1,0,1,2026-07-15T11:00:14.141441
89,2,3,1,0,1,2026-07-15T11:00:17.202788
89,2,4,1,0,1,2026-07-15T11:00:20.478557
89,2,5,1,0,1,2026-07-15T11:00:23.659240
89,2,6,1,0,1,2026-07-15T11:00:26.774389
89,2,7,1,0,1,2026-07-15T11:00:30.080789
89,2,8,1,0,1,2026-07-15T11:00:33.206020
89,2,9,1,0,1,2026-07-15T11:00:35.990581
89,2,10,1,0,1,2026-07-15T11:00:38.961727
89,3,1,3,0,3,2026-07-15T11:00:39.713692
89,3,2,3,0,3,2026-07-15T11:00:40.496347
89,3,3,3,0,3,2026-07-15T11:00:41.214356
89,3,4,3,0,3,2026-07-15T11:00:42.125146
89,3,5,3,0,3,2026-07-15T11:00:43.368141
89,3,6,3,0,3,2026-07-15T11:00:44.321555
89,3,7,3,0,3,2026-07-15T11:00:45.087143
89,3,8,3,0,3,2026-07-15T11:00:45.822967
89,3,9,3,0,3,2026-07-15T11:00:46.639548
89,3,10,3,0,3,2026-07-15T11:00:47.459285
89,4,1,0,0,0,2026-07-15T11:00:48.221261
89,4,2,0,0,0,2026-07-15T11:00:48.995074
89,4,3,0,0,0,2026-07-15T11:00:49.918902
89,4,4,0,0,0,2026-07-15T11:00:50.679431
89,4,5,0,0,0,2026-07-15T11:00:51.370859
89,4,6,0,0,0,2026-07-15T11:00:52.103738
89,4,7,0,0,0,2026-07-15T11:00:52.911112
89,4,8,0,0,0,2026-07-15T11:00:53.612182
89,4,9,0,0,0,2026-07-15T11:00:54.510448
89,4,10,0,0,0,2026-07-15T11:00:55.136476
89,5,1,3,0,3,2026-07-15T11:00:55.857211
89,5,2,3,0,3,2026-07-15T11:00:56.526760
89,5,3,3,0,3,2026-07-15T11:00:57.277678
89,5,4,3,0,3,2026-07-15T11:00:58.220319
89,5,5,3,0,3,2026-07-15T11:00:59.032835
89,5,6,3,0,3,2026-07-15T11:00:59.670085
89,5,7,3,0,3,2026-07-15T11:01:00.645744
89,5,8,3,0,3,2026-07-15T11:01:02.410613
89,5,9,3,0,3,2026-07-15T11:01:04.357520
89,5,10,3,0,3,2026-07-15T11:01:06.188608
89,6,1,0,0,0,2026-07-15T11:01:06.813656
89,6,2,0,0,0,2026-07-15T11:01:07.633040
89,6,3,0,0,0,2026-07-15T11:01:08.452516
89,6,4,0,0,0,2026-07-15T11:01:09.156851
89,6,5,0,0,0,2026-07-15T11:01:09.784654
89,6,6,0,0,0,2026-07-15T11:01:10.603378
89,6,7,0,0,0,2026-07-15T11:01:11.217907
89,6,8,0,0,0,2026-07-15T11:01:11.830826
89,6,9,0,0,0,2026-07-15T11:01:12.547238
89,6,10,0,0,0,2026-07-15T11:01:13.265008
89,7,1,4,0,4,2026-07-15T11:01:13.824635
89,7,2,4,0,4,2026-07-15T11:01:15.006835
89,7,3,4,0,4,2026-07-15T11:01:15.562954
89,7,4,4,0,4,2026-07-15T11:01:27.294846
89,7,5,4,0,4,2026-07-15T11:01:27.907678
89,7,6,4,0,4,2026-07-15T11:01:28.524080
89,7,7,4,0,4,2026-07-15T11:01:33.499001
89,7,8,4,0,4,2026-07-15T11:01:34.154580
89,7,9,4,0,4,2026-07-15T11:01:34.654408
89,7,10,4,0,4,2026-07-15T11:01:35.486007
89,8,1,1,0,1,2026-07-15T11:01:36.920861
89,8,2,1,0,1,2026-07-15T11:01:38.047073
89,8,3,1,0,1,2026-07-15T11:01:39.155186
89,8,4,1,0,1,2026-07-15T11:01:39.778518
89,8,5,1,0,1,2026-07-15T11:01:40.400965
89,8,6,1,0,1,2026-07-15T11:01:41.017220
89,8,7,1,0,1,2026-07-15T11:01:41.711014
89,8,8,1,0,1,2026-07-15T11:01:42.449866
89,8,9,1,0,1,2026-07-15T11:01:43.268007
89,8,10,1,0,1,2026-07-15T11:01:43.883697
89,9,1,4,0,4,2026-07-15T11:01:44.601111
89,9,2,4,0,4,2026-07-15T11:01:45.318806
89,9,3,4,0,4,2026-07-15T11:01:46.136597
89,9,4,4,0,4,2026-07-15T11:01:47.263221
89,9,5,4,0,4,2026-07-15T11:01:48.287708
89,9,6,4,0,4,2026-07-15T11:01:49.106702
89,9,7,4,0,4,2026-07-15T11:01:49.897091
89,9,8,4,0,4,2026-07-15T11:01:50.744098
89,9,9,4,0,4,2026-07-15T11:01:51.508857
89,9,10,4,0,4,2026-07-15T11:01:52.285912
90,1,1,3,0,3,2026-07-15T11:01:52.977986
90,1,2,3,0,3,2026-07-15T11:01:53.648091
90,1,3,3,0,3,2026-07-15T11:01:54.636635
90,1,4,3,0,3,2026-07-15T11:01:55.235515
90,1,5,3,0,3,2026-07-15T11:01:56.170836
90,1,6,3,0,3,2026-07-15T11:01:56.725202
90,1,7,3,0,3,2026-07-15T11:01:57.503875
90,1,8,3,0,3,2026-07-15T11:01:58.103564
90,1,9,3,0,3,2026-07-15T11:01:58.842835
90,1,10,3,0,3,2026-07-15T11:01:59.385138
90,2,1,2,0,2,2026-07-15T11:02:00.499848
90,2,2,2,0,2,2026-07-15T11:02:01.063102
90,2,3,2,0,2,2026-07-15T11:02:01.774436
90,2,4,2,0,2,2026-07-15T11:02:02.458665
90,2,5,2,0,2,2026-07-15T11:02:03.157705
90,2,6,2,0,2,2026-07-15T11:02:03.725871
90,2,7,2,0,2,2026-07-15T11:02:04.299572
90,2,8,2,0,2,2026-07-15T11:02:04.999368
90,2,9,2,0,2,2026-07-15T11:02:05.589957
90,2,10,2,0,2,2026-07-15T11:02:06.142533
90,3,1,2,0,2,2026-07-15T11:02:07.135311
90,3,2,2,0,2,2026-07-15T11:02:07.955663
90,3,3,2,0,2,2026-07-15T11:02:08.735045
90,3,4,2,0,2,2026-07-15T11:02:09.339557
90,3,5,2,0,2,2026-07-15T11:02:09.957751
90,3,6,2,0,2,2026-07-15T11:02:10.770969
90,3,7,2,0,2,2026-07-15T11:02:11.669009
90,3,8,2,0,2,2026-07-15T11:02:12.220594
90,3,9,2,0,2,2026-07-15T11:02:12.867201
90,3,10,2,0,2,2026-07-15T11:02:14.210795
90,4,1,0,0,0,2026-07-15T11:02:14.951892
90,4,2,1,0,1,2026-07-15T11:02:16.692569
90,4,3,0,0,0,2026-07-15T11:02:17.331929
90,4,4,1,0,1,2026-07-15T11:02:17.847012
90,4,5,1,0,1,2026-07-15T11:02:18.461793
90,4,6,0,0,0,2026-07-15T11:02:19.081889
90,4,7,1,0,1,2026-07-15T11:02:19.643566
90,4,8,0,0,0,2026-07-15T11:02:20.499914
90,4,9,0,0,0,2026-07-15T11:02:20.986186
90,4,10,1,0,1,2026-07-15T11:02:21.476892
90,5,1,3,0,3,2026-07-15T11:02:26.428928
90,5,2,3,0,3,2026-07-15T11:02:27.198872
90,5,3,3,0,3,2026-07-15T11:02:27.762596
90,5,4,3,0,3,2026-07-15T11:02:28.426575
90,5,5,3,0,3,2026-07-15T11:02:29.014997
90,5,6,3,0,3,2026-07-15T11:02:29.547611
90,5,7,3,0,3,2026-07-15T11:02:30.477409
90,5,8,3,0,3,2026-07-15T11:02:31.087005
90,5,9,3,0,3,2026-07-15T11:02:31.987991
90,5,10,3,0,3,2026-07-15T11:02:32.493867
90,6,1,1,0,1,2026-07-15T11:02:33.144313
90,6,2,0,0,0,2026-07-15T11:02:33.818766
90,6,3,1,0,1,2026-07-15T11:02:34.469583
90,6,4,1,0,1,2026-07-15T11:02:35.038280
90,6,5,0,0,0,2026-07-15T11:02:35.596898
90,6,6,0,0,0,2026-07-15T11:02:36.220004
90,6,7,1,0,1,2026-07-15T11:02:36.757674
90,6,8,1,0,1,2026-07-15T11:02:37.346953
90,6,9,1,0,1,2026-07-15T11:02:43.053005
90,6,10,1,0,1,2026-07-15T11:02:43.881899
90,7,1,4,0,4,2026-07-15T11:02:44.489315
90,7,2,4,0,4,2026-07-15T11:02:45.111245
90,7,3,4,0,4,2026-07-15T11:02:45.938246
90,7,4,4,0,4,2026-07-15T11:02:46.590999
90,7,5,4,0,4,2026-07-15T11:02:47.191426
90,7,6,4,0,4,2026-07-15T11:02:47.824769
90,7,7,4,0,4,2026-07-15T11:02:48.778621
90,7,8,4,0,4,2026-07-15T11:02:49.363505
90,7,9,4,0,4,2026-07-15T11:02:50.046739
90,7,10,4,0,4,2026-07-15T11:02:50.668856
90,8,1,2,0,2,2026-07-15T11:02:51.263406
90,8,2,2,0,2,2026-07-15T11:02:51.811937
90,8,3,2,0,2,2026-07-15T11:02:52.899915
90,8,4,2,0,2,2026-07-15T11:02:53.547443
90,8,5,2,0,2,2026-07-15T11:02:54.543555
90,8,6,2,0,2,2026-07-15T11:02:55.198320
90,8,7,2,0,2,2026-07-15T11:02:56.380723
90,8,8,2,0,2,2026-07-15T11:02:57.234465
90,8,9,2,0,2,2026-07-15T11:02:57.942684
90,8,10,2,0,2,2026-07-15T11:02:58.624004
90,9,1,4,0,4,2026-07-15T11:02:59.409219
90,9,2,4,0,4,2026-07-15T11:02:59.993302
90,9,3,4,0,4,2026-07-15T11:03:02.635505
90,9,4,4,0,4,2026-07-15T11:03:03.296681
90,9,5,4,0,4,2026-07-15T11:03:03.905877
90,9,6,4,0,4,2026-07-15T11:03:04.575439
90,9,7,4,0,4,2026-07-15T11:03:05.353627
90,9,8,4,0,4,2026-07-15T11:03:05.891984
90,9,9,4,0,4,2026-07-15T11:03:06.450349
90,9,10,4,0,4,2026-07-15T11:03:06.983159
91,1,1,3,0,3,2026-07-15T11:03:07.651203
91,1,2,3,0,3,2026-07-15T11:03:08.325617
91,1,3,3,0,3,2026-07-15T11:03:08.979046
91,1,4,3,0,3,2026-07-15T11:03:09.565511
91,1,5,3,0,3,2026-07-15T11:03:10.174333
91,1,6,3,0,3,2026-07-15T11:03:12.193097
91,1,7,3,0,3,2026-07-15T11:03:12.814862
91,1,8,3,0,3,2026-07-15T11:03:13.465440
91,1,9,3,0,3,2026-07-15T11:03:14.132449
91,1,10,3,0,3,2026-07-15T11:03:14.814655
91,2,1,2,0,2,2026-07-15T11:03:15.356179
91,2,2,2,0,2,2026-07-15T11:03:15.916312
91,2,3,2,0,2,2026-07-15T11:03:16.561548
91,2,4,2,0,2,2026-07-15T11:03:17.227591
91,2,5,2,0,2,2026-07-15T11:03:17.840002
91,2,6,2,0,2,2026-07-15T11:03:18.503583
91,2,7,2,0,2,2026-07-15T11:03:19.117349
91,2,8,2,0,2,2026-07-15T11:03:19.749049
91,2,9,2,0,2,2026-07-15T11:03:20.503735
91,2,10,2,0,2,2026-07-15T11:03:21.041441
91,3,1,2,0,2,2026-07-15T11:03:21.575272
91,3,2,2,0,2,2026-07-15T11:03:22.161864
91,3,3,2,0,2,2026-07-15T11:03:24.388583
91,3,4,2,0,2,2026-07-15T11:03:25.036733
91,3,5,2,0,2,2026-07-15T11:03:25.914637
91,3,6,2,0,2,2026-07-15T11:03:26.585627
91,3,7,2,0,2,2026-07-15T11:03:27.163452
91,3,8,2,0,2,2026-07-15T11:03:27.755394
91,3,9,2,0,2,2026-07-15T11:03:28.923888
91,3,10,2,0,2,2026-07-15T11:03:29.435932
91,4,1,1,0,1,2026-07-15T11:03:30.315467
91,4,2,1,0,1,2026-07-15T11:03:30.897661
91,4,3,1,0,1,2026-07-15T11:03:31.731231
91,4,4,1,0,1,2026-07-15T11:03:32.313885
91,4,5,1,0,1,2026-07-15T11:03:32.890115
91,4,6,1,0,1,2026-07-15T11:03:33.543461
91,4,7,1,0,1,2026-07-15T11:03:34.094584
91,4,8,1,0,1,2026-07-15T11:03:34.668446
91,4,9,1,0,1,2026-07-15T11:03:35.396831
91,4,10,1,0,1,2026-07-15T11:03:35.956286
91,5,1,3,0,3,2026-07-15T11:03:36.627161
91,5,2,3,0,3,2026-07-15T11:03:37.930827
91,5,3,3,0,3,2026-07-15T11:03:38.778696
91,5,4,3,0,3,2026-07-15T11:03:39.596705
91,5,5,3,0,3,2026-07-15T11:03:40.173182
91,5,6,3,0,3,2026-07-15T11:03:40.927028
91,5,7,3,0,3,2026-07-15T11:03:41.746166
91,5,8,3,0,3,2026-07-15T11:03:42.464787
91,5,9,3,0,3,2026-07-15T11:03:43.179713
91,5,10,4,0,4,2026-07-15T11:03:43.749115
91,6,1,0,0,0,2026-07-15T11:03:44.485172
91,6,2,0,0,0,2026-07-15T11:03:45.331983
91,6,3,0,0,0,2026-07-15T11:03:46.442087
91,6,4,0,0,0,2026-07-15T11:03:47.275879
91,6,5,0,0,0,2026-07-15T11:03:47.997902
91,6,6,0,0,0,2026-07-15T11:03:48.933261
91,6,7,0,0,0,2026-07-15T11:03:49.759295
91,6,8,1,0,1,2026-07-15T11:03:50.530776
91,6,9,0,0,0,2026-07-15T11:03:51.476902
91,6,10,0,0,0,2026-07-15T11:03:52.233672
91,7,1,4,0,4,2026-07-15T11:03:53.082899
91,7,2,4,0,4,2026-07-15T11:03:53.717000
91,7,3,4,0,4,2026-07-15T11:03:54.348838
91,7,4,4,0,4,2026-07-15T11:03:54.990110
91,7,5,4,0,4,2026-07-15T11:03:55.988833
91,7,6,4,0,4,2026-07-15T11:03:57.061390
91,7,7,4,0,4,2026-07-15T11:03:57.704797
91,7,8,4,0,4,2026-07-15T11:03:58.460957
91,7,9,4,0,4,2026-07-15T11:03:59.039500
91,7,10,4,0,4,2026-07-15T11:03:59.614616
91,8,1,2,0,2,2026-07-15T11:04:00.203557
91,8,2,1,0,1,2026-07-15T11:04:00.755887
91,8,3,2,0,2,2026-07-15T11:04:01.665002
91,8,4,2,0,2,2026-07-15T11:04:02.330238
91,8,5,2,0,2,2026-07-15T11:04:02.919371
91,8,6,2,0,2,2026-07-15T11:04:03.446801
91,8,7,2,0,2,2026-07-15T11:04:04.497883
91,8,8,2,0,2,2026-07-15T11:04:05.403094
91,8,9,1,0,1,2026-07-15T11:04:06.118365
91,8,10,1,0,1,2026-07-15T11:04:06.842167
91,9,1,5,0,5,2026-07-15T11:04:07.495052
91,9,2,5,0,5,2026-07-15T11:04:08.268134
91,9,3,5,0,5,2026-07-15T11:04:08.972771
91,9,4,5,0,5,2026-07-15T11:04:09.703149
91,9,5,5,0,5,2026-07-15T11:04:10.625586
91,9,6,5,0,5,2026-07-15T11:04:11.547215
91,9,7,5,0,5,2026-07-15T11:04:12.468680
91,9,8,5,0,5,2026-07-15T11:04:13.388543
91,9,9,5,0,5,2026-07-15T11:04:14.181726
91,9,10,5,0,5,2026-07-15T11:04:14.822323
92,1,1,3,0,3,2026-07-15T11:04:15.644047
92,1,2,3,0,3,2026-07-15T11:04:16.215811
92,1,3,3,0,3,2026-07-15T11:04:16.802356
92,1,4,3,0,3,2026-07-15T11:04:17.520991
92,1,5,3,0,3,2026-07-15T11:04:18.121515
92,1,6,3,0,3,2026-07-15T11:04:18.682623
92,1,7,3,0,3,2026-07-15T11:04:19.263127
92,1,8,3,0,3,2026-07-15T11:04:20.396643
92,1,9,3,0,3,2026-07-15T11:04:21.013179
92,1,10,3,0,3,2026-07-15T11:04:21.673540
92,2,1,2,0,2,2026-07-15T11:04:22.618404
92,2,2,2,0,2,2026-07-15T11:04:23.452993
92,2,3,2,0,2,2026-07-15T11:04:24.551425
92,2,4,2,0,2,2026-07-15T11:04:25.369321
92,2,5,2,0,2,2026-07-15T11:04:27.010842
92,2,6,2,0,2,2026-07-15T11:04:27.829611
92,2,7,2,0,2,2026-07-15T11:04:28.840621
92,2,8,2,0,2,2026-07-15T11:04:29.544288
92,2,9,2,0,2,2026-07-15T11:04:30.391063
92,2,10,2,0,2,2026-07-15T11:04:31.103630
92,3,1,3,0,3,2026-07-15T11:04:31.651170
92,3,2,3,0,3,2026-07-15T11:04:32.335697
92,3,3,2,0,2,2026-07-15T11:04:33.096984
92,3,4,2,0,2,2026-07-15T11:04:33.869208
92,3,5,3,0,3,2026-07-15T11:04:34.466945
92,3,6,3,0,3,2026-07-15T11:04:35.324538
92,3,7,2,0,2,2026-07-15T11:04:35.874326
92,3,8,3,0,3,2026-07-15T11:04:36.527237
92,3,9,3,0,3,2026-07-15T11:04:47.264035
92,3,10,3,0,3,2026-07-15T11:04:47.872126
92,4,1,1,0,1,2026-07-15T11:04:48.512241
92,4,2,1,0,1,2026-07-15T11:04:49.232030
92,4,3,1,0,1,2026-07-15T11:04:49.863618
92,4,4,1,0,1,2026-07-15T11:04:50.408903
92,4,5,1,0,1,2026-07-15T11:04:51.424526
92,4,6,1,0,1,2026-07-15T11:04:52.200646
92,4,7,1,0,1,2026-07-15T11:04:53.223510
92,4,8,1,0,1,2026-07-15T11:04:53.905297
92,4,9,1,0,1,2026-07-15T11:04:54.556960
92,4,10,1,0,1,2026-07-15T11:04:55.124157
92,5,1,4,0,4,2026-07-15T11:04:55.681812
92,5,2,4,0,4,2026-07-15T11:04:56.501424
92,5,3,4,0,4,2026-07-15T11:04:57.310495
92,5,4,4,0,4,2026-07-15T11:04:58.754581
92,5,5,3,0,3,2026-07-15T11:04:59.418870
92,5,6,4,0,4,2026-07-15T11:05:00.046605
92,5,7,4,0,4,2026-07-15T11:05:00.594725
92,5,8,4,0,4,2026-07-15T11:05:01.136174
92,5,9,4,0,4,2026-07-15T11:05:01.826533
92,5,10,4,0,4,2026-07-15T11:05:02.433614
92,6,1,1,0,1,2026-07-15T11:05:02.996106
92,6,2,1,0,1,2026-07-15T11:05:03.526529
92,6,3,1,0,1,2026-07-15T11:05:04.079404
92,6,4,1,0,1,2026-07-15T11:05:04.582960
92,6,5,1,0,1,2026-07-15T11:05:05.103530
92,6,6,1,0,1,2026-07-15T11:05:05.737032
92,6,7,1,0,1,2026-07-15T11:05:06.536946
92,6,8,1,0,1,2026-07-15T11:05:07.588966
92,6,9,1,0,1,2026-07-15T11:05:08.127013
92,6,10,1,0,1,2026-07-15T11:05:08.687674
92,7,1,4,0,4,2026-07-15T11:05:09.240395
92,7,2,4,0,4,2026-07-15T11:05:09.749499
92,7,3,4,0,4,2026-07-15T11:05:10.310533
92,7,4,4,0,4,2026-07-15T11:05:10.851248
92,7,5,4,0,4,2026-07-15T11:05:11.506970
92,7,6,4,0,4,2026-07-15T11:05:12.091100
92,7,7,4,0,4,2026-07-15T11:05:12.710176
92,7,8,4,0,4,2026-07-15T11:05:13.500525
92,7,9,4,0,4,2026-07-15T11:05:14.299559
92,7,10,4,0,4,2026-07-15T11:05:14.779483
92,8,1,2,0,2,2026-07-15T11:05:15.546792
92,8,2,2,0,2,2026-07-15T11:05:16.337409
92,8,3,2,0,2,2026-07-15T11:05:17.592233
92,8,4,2,0,2,2026-07-15T11:05:18.550960
92,8,5,2,0,2,2026-07-15T11:05:19.231394
92,8,6,2,0,2,2026-07-15T11:05:19.980235
92,8,7,2,0,2,2026-07-15T11:05:20.573018
92,8,8,2,0,2,2026-07-15T11:05:21.486287
92,8,9,2,0,2,2026-07-15T11:05:22.163047
92,8,10,2,0,2,2026-07-15T11:05:22.832564
92,9,1,5,0,5,2026-07-15T11:05:23.404073
92,9,2,5,0,5,2026-07-15T11:05:23.906738
92,9,3,4,0,4,2026-07-15T11:05:24.657292
92,9,4,5,0,5,2026-07-15T11:05:25.277917
92,9,5,5,0,5,2026-07-15T11:05:25.941254
92,9,6,5,0,5,2026-07-15T11:05:26.560877
92,9,7,5,0,5,2026-07-15T11:05:27.277423
92,9,8,5,0,5,2026-07-15T11:05:27.937974
92,9,9,5,0,5,2026-07-15T11:05:28.720903
92,9,10,5,0,5,2026-07-15T11:05:29.290440
93,1,1,3,0,3,2026-07-15T11:05:29.843436
93,1,2,3,0,3,2026-07-15T11:05:30.496563
93,1,3,3,0,3,2026-07-15T11:05:31.056649
93,1,4,3,0,3,2026-07-15T11:05:31.743075
93,1,5,3,0,3,2026-07-15T11:05:32.444859
93,1,6,3,0,3,2026-07-15T11:05:33.333564
93,1,7,3,0,3,2026-07-15T11:05:34.044138
93,1,8,3,0,3,2026-07-15T11:05:34.721118
93,1,9,3,0,3,2026-07-15T11:05:35.315709
93,1,10,3,0,3,2026-07-15T11:05:35.883768
93,2,1,2,0,2,2026-07-15T11:05:36.845761
93,2,2,2,0,2,2026-07-15T11:05:44.424211
93,2,3,2,0,2,2026-07-15T11:05:44.953973
93,2,4,2,0,2,2026-07-15T11:05:45.669249
93,2,5,2,0,2,2026-07-15T11:05:46.384566
93,2,6,2,0,2,2026-07-15T11:05:46.957435
93,2,7,2,0,2,2026-07-15T11:05:47.493891
93,2,8,2,0,2,2026-07-15T11:05:48.015082
93,2,9,2,0,2,2026-07-15T11:05:49.647889
93,2,10,2,0,2,2026-07-15T11:05:50.354700
93,3,1,3,0,3,2026-07-15T11:05:50.973190
93,3,2,3,0,3,2026-07-15T11:05:51.457513
93,3,3,3,0,3,2026-07-15T11:05:52.004669
93,3,4,3,0,3,2026-07-15T11:05:52.568981
93,3,5,3,0,3,2026-07-15T11:05:53.231794
93,3,6,3,0,3,2026-07-15T11:05:53.821202
93,3,7,3,0,3,2026-07-15T11:05:55.280703
93,3,8,3,0,3,2026-07-15T11:05:55.891591
93,3,9,3,0,3,2026-07-15T11:05:56.918288
93,3,10,3,0,3,2026-07-15T11:05:57.664172
93,4,1,1,0,1,2026-07-15T11:05:58.222135
93,4,2,1,0,1,2026-07-15T11:05:58.863558
93,4,3,1,0,1,2026-07-15T11:05:59.479210
93,4,4,1,0,1,2026-07-15T11:06:00.134479
93,4,5,1,0,1,2026-07-15T11:06:00.698130
93,4,6,1,0,1,2026-07-15T11:06:01.647981
93,4,7,1,0,1,2026-07-15T11:06:02.159140
93,4,8,1,0,1,2026-07-15T11:06:02.755604
93,4,9,1,0,1,2026-07-15T11:06:03.574664
93,4,10,1,0,1,2026-07-15T11:06:04.154241
93,5,1,3,0,3,2026-07-15T11:06:04.958590
93,5,2,3,0,3,2026-07-15T11:06:05.514421
93,5,3,3,0,3,2026-07-15T11:06:06.237361
93,5,4,3,0,3,2026-07-15T11:06:06.849921
93,5,5,3,0,3,2026-07-15T11:06:07.537808
93,5,6,3,0,3,2026-07-15T11:06:08.057031
93,5,7,3,0,3,2026-07-15T11:06:08.692301
93,5,8,3,0,3,2026-07-15T11:06:09.411236
93,5,9,3,0,3,2026-07-15T11:06:10.011214
93,5,10,3,0,3,2026-07-15T11:06:10.538027
93,6,1,0,0,0,2026-07-15T11:06:11.461917
93,6,2,0,0,0,2026-07-15T11:06:12.276174
93,6,3,0,0,0,2026-07-15T11:06:13.032116
93,6,4,0,0,0,2026-07-15T11:06:13.728030
93,6,5,0,0,0,2026-07-15T11:06:14.326480
93,6,6,0,0,0,2026-07-15T11:06:15.349807
93,6,7,0,0,0,2026-07-15T11:06:15.904626
93,6,8,1,0,1,2026-07-15T11:06:16.682014
93,6,9,0,0,0,2026-07-15T11:06:17.376825
93,6,10,1,0,1,2026-07-15T11:06:17.913779
93,7,1,4,0,4,2026-07-15T11:06:18.525397
93,7,2,4,0,4,2026-07-15T11:06:19.080634
93,7,3,4,0,4,2026-07-15T11:06:30.111163
93,7,4,4,0,4,2026-07-15T11:06:30.711385
93,7,5,4,0,4,2026-07-15T11:06:31.352919
93,7,6,4,0,4,2026-07-15T11:06:32.249055
93,7,7,4,0,4,2026-07-15T11:06:32.808997
93,7,8,4,0,4,2026-07-15T11:06:33.474170
93,7,9,4,0,4,2026-07-15T11:06:34.266118
93,7,10,4,0,4,2026-07-15T11:06:34.954216
93,8,1,1,0,1,2026-07-15T11:06:35.523673
93,8,2,1,0,1,2026-07-15T11:06:36.111672
93,8,3,2,0,2,2026-07-15T11:06:36.752059
93,8,4,1,0,1,2026-07-15T11:06:37.320940
93,8,5,1,0,1,2026-07-15T11:06:37.961388
93,8,6,1,0,1,2026-07-15T11:06:38.567080
93,8,7,2,0,2,2026-07-15T11:06:39.154937
93,8,8,1,0,1,2026-07-15T11:06:39.722172
93,8,9,2,0,2,2026-07-15T11:06:40.330138
93,8,10,1,0,1,2026-07-15T11:06:40.949672
93,9,1,4,0,4,2026-07-15T11:06:41.770294
93,9,2,4,0,4,2026-07-15T11:06:42.928852
93,9,3,4,0,4,2026-07-15T11:06:43.688883
93,9,4,4,0,4,2026-07-15T11:06:44.227097
93,9,5,4,0,4,2026-07-15T11:06:44.872686
93,9,6,4,0,4,2026-07-15T11:06:45.558492
93,9,7,4,0,4,2026-07-15T11:06:46.071356
93,9,8,4,0,4,2026-07-15T11:06:46.632744
93,9,9,4,0,4,2026-07-15T11:06:47.197346
93,9,10,4,0,4,2026-07-15T11:06:47.957324
94,1,1,2,0,2,2026-07-15T11:06:48.728646
94,1,2,2,0,2,2026-07-15T11:06:49.651972
94,1,3,2,0,2,2026-07-15T11:06:50.371255
94,1,4,2,0,2,2026-07-15T11:06:50.943066
94,1,5,2,0,2,2026-07-15T11:06:51.598670
94,1,6,2,0,2,2026-07-15T11:06:59.238076
94,1,7,2,0,2,2026-07-15T11:06:59.730640
94,1,8,2,0,2,2026-07-15T11:07:00.274971
94,1,9,2,0,2,2026-07-15T11:07:00.777543
94,1,10,2,0,2,2026-07-15T11:07:01.273305
94,2,1,2,0,2,2026-07-15T11:07:01.851892
94,2,2,2,0,2,2026-07-15T11:07:02.666662
94,2,3,2,0,2,2026-07-15T11:07:03.264332
94,2,4,2,0,2,2026-07-15T11:07:03.884538
94,2,5,2,0,2,2026-07-15T11:07:04.430753
94,2,6,2,0,2,2026-07-15T11:07:05.040639
94,2,7,2,0,2,2026-07-15T11:07:06.139148
94,2,8,2,0,2,2026-07-15T11:07:06.756227
94,2,9,2,0,2,2026-07-15T11:07:07.472673
94,2,10,2,0,2,2026-07-15T11:07:08.226303
94,3,1,2,0,2,2026-07-15T11:07:08.903326
94,3,2,2,0,2,2026-07-15T11:07:09.519316
94,3,3,2,0,2,2026-07-15T11:07:10.244260
94,3,4,2,0,2,2026-07-15T11:07:11.140956
94,3,5,2,0,2,2026-07-15T11:07:12.194712
94,3,6,2,0,2,2026-07-15T11:07:12.798149
94,3,7,2,0,2,2026-07-15T11:07:13.369119
94,3,8,2,0,2,2026-07-15T11:07:14.060857
94,3,9,2,0,2,2026-07-15T11:07:14.845727
94,3,10,2,0,2,2026-07-15T11:07:15.418843
94,4,1,0,0,0,2026-07-15T11:07:16.469001
94,4,2,0,0,0,2026-07-15T11:07:17.438821
94,4,3,0,0,0,2026-07-15T11:07:18.241983
94,4,4,0,0,0,2026-07-15T11:07:18.991195
94,4,5,0,0,0,2026-07-15T11:07:19.611845
94,4,6,0,0,0,2026-07-15T11:07:20.273106
94,4,7,0,0,0,2026-07-15T11:07:20.941517
94,4,8,0,0,0,2026-07-15T11:07:21.510994
94,4,9,0,0,0,2026-07-15T11:07:22.049506
94,4,10,0,0,0,2026-07-15T11:07:22.703074
94,5,1,3,0,3,2026-07-15T11:07:23.343607
94,5,2,3,0,3,2026-07-15T11:07:24.157375
94,5,3,3,0,3,2026-07-15T11:07:24.826052
94,5,4,3,0,3,2026-07-15T11:07:28.232992
94,5,5,3,0,3,2026-07-15T11:07:28.876986
94,5,6,3,0,3,2026-07-15T11:07:29.737350
94,5,7,3,0,3,2026-07-15T11:07:30.434384
94,5,8,3,0,3,2026-07-15T11:07:31.130152
94,5,9,3,0,3,2026-07-15T11:07:31.740187
94,5,10,3,0,3,2026-07-15T11:07:32.279017
94,6,1,0,0,0,2026-07-15T11:07:32.968366
94,6,2,0,0,0,2026-07-15T11:07:33.583144
94,6,3,0,0,0,2026-07-15T11:07:34.168267
94,6,4,0,0,0,2026-07-15T11:07:34.898742
94,6,5,0,0,0,2026-07-15T11:07:35.463964
94,6,6,0,0,0,2026-07-15T11:07:36.127756
94,6,7,0,0,0,2026-07-15T11:07:36.756832
94,6,8,0,0,0,2026-07-15T11:07:37.322696
94,6,9,0,0,0,2026-07-15T11:07:37.960476
94,6,10,0,0,0,2026-07-15T11:07:38.925632
94,7,1,4,0,4,2026-07-15T11:07:39.542959
94,7,2,4,0,4,2026-07-15T11:07:40.101680
94,7,3,4,0,4,2026-07-15T11:07:40.795009
94,7,4,4,0,4,2026-07-15T11:07:41.290700
94,7,5,4,0,4,2026-07-15T11:07:41.877029
94,7,6,4,0,4,2026-07-15T11:07:42.388639
94,7,7,4,0,4,2026-07-15T11:07:46.073405
94,7,8,4,0,4,2026-07-15T11:07:51.294565
94,7,9,4,0,4,2026-07-15T11:07:51.843898
94,7,10,4,0,4,2026-07-15T11:07:52.553624
94,8,1,1,0,1,2026-07-15T11:07:53.429024
94,8,2,0,0,0,2026-07-15T11:07:54.125182
94,8,3,0,0,0,2026-07-15T11:07:55.041565
94,8,4,0,0,0,2026-07-15T11:07:56.004378
94,8,5,0,0,0,2026-07-15T11:07:56.727252
94,8,6,1,0,1,2026-07-15T11:07:57.430249
94,8,7,0,0,0,2026-07-15T11:07:58.183214
94,8,8,0,0,0,2026-07-15T11:07:58.836235
94,8,9,1,0,1,2026-07-15T11:07:59.830505
94,8,10,0,0,0,2026-07-15T11:08:00.960394
94,9,1,4,0,4,2026-07-15T11:08:01.537499
94,9,2,4,0,4,2026-07-15T11:08:02.120528
94,9,3,4,0,4,2026-07-15T11:08:02.663928
94,9,4,4,0,4,2026-07-15T11:08:03.218895
94,9,5,4,0,4,2026-07-15T11:08:04.132404
94,9,6,4,0,4,2026-07-15T11:08:04.813889
94,9,7,4,0,4,2026-07-15T11:08:05.427627
94,9,8,4,0,4,2026-07-15T11:08:06.211464
94,9,9,4,0,4,2026-07-15T11:08:06.938309
94,9,10,4,0,4,2026-07-15T11:08:07.458371
95,1,1,3,0,3,2026-07-15T11:08:08.211962
95,1,2,3,0,3,2026-07-15T11:08:09.115238
95,1,3,3,0,3,2026-07-15T11:08:10.036478
95,1,4,3,0,3,2026-07-15T11:08:10.824405
95,1,5,3,0,3,2026-07-15T11:08:11.684043
95,1,6,3,0,3,2026-07-15T11:08:12.642986
95,1,7,2,0,2,2026-07-15T11:08:13.518010
95,1,8,3,0,3,2026-07-15T11:08:14.234212
95,1,9,3,0,3,2026-07-15T11:08:14.990482
95,1,10,3,0,3,2026-07-15T11:08:15.877706
95,2,1,1,0,1,2026-07-15T11:08:16.401907
95,2,2,2,0,2,2026-07-15T11:08:16.988469
95,2,3,2,0,2,2026-07-15T11:08:17.613225
95,2,4,2,0,2,2026-07-15T11:08:18.116095
95,2,5,2,0,2,2026-07-15T11:08:19.228073
95,2,6,2,0,2,2026-07-15T11:08:19.793986
95,2,7,2,0,2,2026-07-15T11:08:20.332415
95,2,8,2,0,2,2026-07-15T11:08:20.847646
95,2,9,2,0,2,2026-07-15T11:08:21.561313
95,2,10,2,0,2,2026-07-15T11:08:22.138147
95,3,1,2,0,2,2026-07-15T11:08:32.564073
95,3,2,2,0,2,2026-07-15T11:08:33.165099
95,3,3,2,0,2,2026-07-15T11:08:33.896171
95,3,4,2,0,2,2026-07-15T11:08:34.510492
95,3,5,2,0,2,2026-07-15T11:08:35.637169
95,3,6,2,0,2,2026-07-15T11:08:36.249703
95,3,7,2,0,2,2026-07-15T11:08:36.791057
95,3,8,2,0,2,2026-07-15T11:08:37.345837
95,3,9,2,0,2,2026-07-15T11:08:37.991755
95,3,10,2,0,2,2026-07-15T11:08:38.556148
95,4,1,0,0,0,2026-07-15T11:08:39.117870
95,4,2,0,0,0,2026-07-15T11:08:39.732550
95,4,3,0,0,0,2026-07-15T11:08:40.243181
95,4,4,0,0,0,2026-07-15T11:08:40.806314
95,4,5,0,0,0,2026-07-15T11:08:41.346847
95,4,6,0,0,0,2026-07-15T11:08:41.883367
95,4,7,0,0,0,2026-07-15T11:08:42.999295
95,4,8,0,0,0,2026-07-15T11:08:43.651789
95,4,9,0,0,0,2026-07-15T11:08:44.442336
95,4,10,0,0,0,2026-07-15T11:08:44.955408
95,5,1,3,0,3,2026-07-15T11:08:45.581422
95,5,2,3,0,3,2026-07-15T11:08:46.228393
95,5,3,3,0,3,2026-07-15T11:08:46.746095
95,5,4,3,0,3,2026-07-15T11:08:47.514734
95,5,5,3,0,3,2026-07-15T11:08:48.050680
95,5,6,3,0,3,2026-07-15T11:08:48.594990
95,5,7,3,0,3,2026-07-15T11:08:49.666105
95,5,8,3,0,3,2026-07-15T11:08:50.279884
95,5,9,3,0,3,2026-07-15T11:08:58.196270
95,5,10,3,0,3,2026-07-15T11:08:58.994443
95,6,1,0,0,0,2026-07-15T11:08:59.723392
95,6,2,0,0,0,2026-07-15T11:09:00.408767
95,6,3,0,0,0,2026-07-15T11:09:01.093944
95,6,4,0,0,0,2026-07-15T11:09:02.287447
95,6,5,0,0,0,2026-07-15T11:09:03.332847
95,6,6,0,0,0,2026-07-15T11:09:04.116373
95,6,7,0,0,0,2026-07-15T11:09:04.821495
95,6,8,0,0,0,2026-07-15T11:09:05.548774
95,6,9,0,0,0,2026-07-15T11:09:06.254383
95,6,10,0,0,0,2026-07-15T11:09:06.843234
95,7,1,4,0,4,2026-07-15T11:09:07.381647
95,7,2,4,0,4,2026-07-15T11:09:07.951914
95,7,3,4,0,4,2026-07-15T11:09:08.589865
95,7,4,4,0,4,2026-07-15T11:09:09.429652
95,7,5,4,0,4,2026-07-15T11:09:10.001808
95,7,6,4,0,4,2026-07-15T11:09:10.608177
95,7,7,4,0,4,2026-07-15T11:09:11.172510
95,7,8,4,0,4,2026-07-15T11:09:11.990791
95,7,9,4,0,4,2026-07-15T11:09:12.602790
95,7,10,4,0,4,2026-07-15T11:09:13.422365
95,8,1,2,0,2,2026-07-15T11:09:14.353273
95,8,2,0,0,0,2026-07-15T11:09:14.852475
95,8,3,2,0,2,2026-07-15T11:09:15.676075
95,8,4,2,0,2,2026-07-15T11:09:16.248656
95,8,5,0,0,0,2026-07-15T11:09:16.795754
95,8,6,2,0,2,2026-07-15T11:09:17.708002
95,8,7,2,0,2,2026-07-15T11:09:18.848509
95,8,8,2,0,2,2026-07-15T11:09:19.462535
95,8,9,2,0,2,2026-07-15T11:09:20.281680
95,8,10,2,0,2,2026-07-15T11:09:20.795474
95,9,1,4,0,4,2026-07-15T11:09:21.406913
95,9,2,4,0,4,2026-07-15T11:09:22.023125
95,9,3,4,0,4,2026-07-15T11:09:22.844346
95,9,4,4,0,4,2026-07-15T11:09:23.554325
95,9,5,4,0,4,2026-07-15T11:09:24.182813
95,9,6,4,0,4,2026-07-15T11:09:24.891433
95,9,7,4,0,4,2026-07-15T11:09:25.560175
95,9,8,4,0,4,2026-07-15T11:09:26.121381
95,9,9,4,0,4,2026-07-15T11:09:26.689893
95,9,10,4,0,4,2026-07-15T11:09:27.317932
96,1,1,3,0,3,2026-07-15T11:09:27.884452
96,1,2,4,0,4,2026-07-15T11:09:28.473233
96,1,3,3,0,3,2026-07-15T11:09:29.405607
96,1,4,4,0,4,2026-07-15T11:09:30.215000
96,1,5,4,0,4,2026-07-15T11:09:30.785005
96,1,6,4,0,4,2026-07-15T11:09:36.136562
96,1,7,3,0,3,2026-07-15T11:09:36.667752
96,1,8,3,0,3,2026-07-15T11:09:37.279742
96,1,9,4,0,4,2026-07-15T11:09:38.006660
96,1,10,3,0,3,2026-07-15T11:09:38.601689
96,2,1,2,0,2,2026-07-15T11:09:39.328541
96,2,2,2,0,2,2026-07-15T11:09:39.914951
96,2,3,2,0,2,2026-07-15T11:09:40.660781
96,2,4,2,0,2,2026-07-15T11:09:41.298548
96,2,5,2,0,2,2026-07-15T11:09:41.987927
96,2,6,2,0,2,2026-07-15T11:09:42.604039
96,2,7,2,0,2,2026-07-15T11:09:43.221409
96,2,8,2,0,2,2026-07-15T11:09:43.900369
96,2,9,2,0,2,2026-07-15T11:09:44.859853
96,2,10,2,0,2,2026-07-15T11:09:45.765244
96,3,1,3,0,3,2026-07-15T11:09:46.586922
96,3,2,3,0,3,2026-07-15T11:09:47.215364
96,3,3,3,0,3,2026-07-15T11:09:47.933606
96,3,4,2,0,2,2026-07-15T11:09:48.852161
96,3,5,2,0,2,2026-07-15T11:09:49.468545
96,3,6,2,0,2,2026-07-15T11:09:50.403190
96,3,7,2,0,2,2026-07-15T11:09:51.001934
96,3,8,3,0,3,2026-07-15T11:09:51.639160
96,3,9,3,0,3,2026-07-15T11:09:52.230952
96,3,10,3,0,3,2026-07-15T11:09:52.846930
96,4,1,1,0,1,2026-07-15T11:09:53.564361
96,4,2,1,0,1,2026-07-15T11:09:54.383163
96,4,3,1,0,1,2026-07-15T11:09:54.961094
96,4,4,1,0,1,2026-07-15T11:09:55.716863
96,4,5,1,0,1,2026-07-15T11:09:56.363984
96,4,6,1,0,1,2026-07-15T11:09:56.893880
96,4,7,1,0,1,2026-07-15T11:09:57.509863
96,4,8,1,0,1,2026-07-15T11:09:58.135761
96,4,9,1,0,1,2026-07-15T11:09:58.721561
96,4,10,1,0,1,2026-07-15T11:09:59.469740
96,5,1,3,0,3,2026-07-15T11:10:07.121068
96,5,2,3,0,3,2026-07-15T11:10:19.058738
96,5,3,3,0,3,2026-07-15T11:10:29.142797
96,5,4,3,0,3,2026-07-15T11:10:42.090968
96,5,5,3,0,3,2026-07-15T11:10:49.307269
96,5,6,3,0,3,2026-07-15T11:10:55.004846
96,5,7,3,0,3,2026-07-15T11:10:59.382559
96,5,8,3,0,3,2026-07-15T11:11:02.930798
96,5,9,3,0,3,2026-07-15T11:11:06.063706
96,5,10,3,0,3,2026-07-15T11:11:08.213777
96,6,1,0,0,0,2026-07-15T11:11:10.149275
96,6,2,0,0,0,2026-07-15T11:11:10.716418
96,6,3,0,0,0,2026-07-15T11:11:11.389014
96,6,4,0,0,0,2026-07-15T11:11:12.006698
96,6,5,0,0,0,2026-07-15T11:11:12.656582
96,6,6,0,0,0,2026-07-15T11:11:13.820977
96,6,7,0,0,0,2026-07-15T11:11:14.542138
96,6,8,0,0,0,2026-07-15T11:11:15.154711
96,6,9,0,0,0,2026-07-15T11:11:16.706275
96,6,10,0,0,0,2026-07-15T11:11:18.252649
96,7,1,4,0,4,2026-07-15T11:11:18.906094
96,7,2,4,0,4,2026-07-15T11:11:19.641452
96,7,3,4,0,4,2026-07-15T11:11:20.348460
96,7,4,4,0,4,2026-07-15T11:11:21.016423
96,7,5,4,0,4,2026-07-15T11:11:22.006555
96,7,6,4,0,4,2026-07-15T11:11:22.692998
96,7,7,4,0,4,2026-07-15T11:11:23.367656
96,7,8,4,0,4,2026-07-15T11:11:24.012621
96,7,9,4,0,4,2026-07-15T11:11:24.775642
96,7,10,4,0,4,2026-07-15T11:11:25.550269
96,8,1,2,0,2,2026-07-15T11:11:26.070030
96,8,2,2,0,2,2026-07-15T11:11:26.730067
96,8,3,2,0,2,2026-07-15T11:11:27.279391
96,8,4,2,0,2,2026-07-15T11:11:28.610309
96,8,5,2,0,2,2026-07-15T11:11:29.183577
96,8,6,2,0,2,2026-07-15T11:11:29.887236
96,8,7,2,0,2,2026-07-15T11:11:30.721049
96,8,8,2,0,2,2026-07-15T11:11:31.245225
96,8,9,2,0,2,2026-07-15T11:11:31.814963
96,8,10,2,0,2,2026-07-15T11:11:32.928362
96,9,1,4,0,4,2026-07-15T11:11:33.579425
96,9,2,4,0,4,2026-07-15T11:11:34.449674
96,9,3,4,0,4,2026-07-15T11:11:34.973343
96,9,4,4,0,4,2026-07-15T11:11:35.495513
96,9,5,4,0,4,2026-07-15T11:11:36.072588
96,9,6,4,0,4,2026-07-15T11:11:36.581937
96,9,7,4,0,4,2026-07-15T11:11:37.169678
96,9,8,4,0,4,2026-07-15T11:11:37.697577
96,9,9,4,0,4,2026-07-15T11:11:39.534025
96,9,10,4,0,4,2026-07-15T11:11:40.161504
97,1,1,3,0,3,2026-07-15T11:11:40.898641
97,1,2,3,0,3,2026-07-15T11:11:41.564614
97,1,3,3,0,3,2026-07-15T11:11:42.208373
97,1,4,3,0,3,2026-07-15T11:11:42.948214
97,1,5,3,0,3,2026-07-15T11:11:43.643547
97,1,6,3,0,3,2026-07-15T11:11:44.209933
97,1,7,3,0,3,2026-07-15T11:11:44.876367
97,1,8,3,0,3,2026-07-15T11:11:45.485601
97,1,9,3,0,3,2026-07-15T11:11:46.090789
97,1,10,3,0,3,2026-07-15T11:11:46.800039
97,2,1,2,0,2,2026-07-15T11:11:47.535558
97,2,2,2,0,2,2026-07-15T11:11:48.958991
97,2,3,2,0,2,2026-07-15T11:11:56.140407
97,2,4,2,0,2,2026-07-15T11:11:57.230566
97,2,5,2,0,2,2026-07-15T11:11:57.750951
97,2,6,2,0,2,2026-07-15T11:11:58.494355
97,2,7,2,0,2,2026-07-15T11:11:59.104552
97,2,8,2,0,2,2026-07-15T11:11:59.651737
97,2,9,2,0,2,2026-07-15T11:12:00.231355
97,2,10,2,0,2,2026-07-15T11:12:00.739947
97,3,1,2,0,2,2026-07-15T11:12:01.308165
97,3,2,2,0,2,2026-07-15T11:12:01.890638
97,3,3,2,0,2,2026-07-15T11:12:02.596879
97,3,4,2,0,2,2026-07-15T11:12:03.425837
97,3,5,2,0,2,2026-07-15T11:12:04.122618
97,3,6,2,0,2,2026-07-15T11:12:04.737855
97,3,7,2,0,2,2026-07-15T11:12:05.249728
97,3,8,2,0,2,2026-07-15T11:12:05.864738
97,3,9,2,0,2,2026-07-15T11:12:06.890065
97,3,10,2,0,2,2026-07-15T11:12:07.692116
97,4,1,0,0,0,2026-07-15T11:12:09.006985
97,4,2,0,0,0,2026-07-15T11:12:10.455639
97,4,3,0,0,0,2026-07-15T11:12:11.674483
97,4,4,0,0,0,2026-07-15T11:12:12.805817
97,4,5,0,0,0,2026-07-15T11:12:14.017866
97,4,6,0,0,0,2026-07-15T11:12:15.383709
97,4,7,0,0,0,2026-07-15T11:12:16.407547
97,4,8,0,0,0,2026-07-15T11:12:17.624115
97,4,9,0,0,0,2026-07-15T11:12:19.126160
97,4,10,0,0,0,2026-07-15T11:12:20.682475
97,5,1,3,0,3,2026-07-15T11:12:21.341145
97,5,2,3,0,3,2026-07-15T11:12:22.117163
97,5,3,3,0,3,2026-07-15T11:12:22.740879
97,5,4,3,0,3,2026-07-15T11:12:24.149023
97,5,5,3,0,3,2026-07-15T11:12:25.073005
97,5,6,3,0,3,2026-07-15T11:12:25.668687
97,5,7,3,0,3,2026-07-15T11:12:26.478525
97,5,8,3,0,3,2026-07-15T11:12:27.118290
97,5,9,3,0,3,2026-07-15T11:12:27.773357
97,5,10,3,0,3,2026-07-15T11:12:28.392457
97,6,1,1,0,1,2026-07-15T11:12:29.135666
97,6,2,1,0,1,2026-07-15T11:12:30.012854
97,6,3,1,0,1,2026-07-15T11:12:30.811960
97,6,4,1,0,1,2026-07-15T11:12:31.643158
97,6,5,1,0,1,2026-07-15T11:12:32.374916
97,6,6,0,0,0,2026-07-15T11:12:33.096181
97,6,7,0,0,0,2026-07-15T11:12:33.890234
97,6,8,1,0,1,2026-07-15T11:12:34.741028
97,6,9,1,0,1,2026-07-15T11:12:35.469074
97,6,10,1,0,1,2026-07-15T11:12:36.482253
97,7,1,4,0,4,2026-07-15T11:12:37.060980
97,7,2,4,0,4,2026-07-15T11:12:37.712477
97,7,3,4,0,4,2026-07-15T11:12:38.430055
97,7,4,4,0,4,2026-07-15T11:12:39.145904
97,7,5,4,0,4,2026-07-15T11:12:39.863054
97,7,6,4,0,4,2026-07-15T11:12:40.441871
97,7,7,4,0,4,2026-07-15T11:12:41.090799
97,7,8,4,0,4,2026-07-15T11:12:41.807183
97,7,9,4,0,4,2026-07-15T11:12:42.420743
97,7,10,4,0,4,2026-07-15T11:12:43.039950
97,8,1,2,0,2,2026-07-15T11:12:43.752217
97,8,2,2,0,2,2026-07-15T11:12:44.368370
97,8,3,1,0,1,2026-07-15T11:12:45.082522
97,8,4,1,0,1,2026-07-15T11:12:45.608310
97,8,5,1,0,1,2026-07-15T11:12:46.210447
97,8,6,2,0,2,2026-07-15T11:12:46.777283
97,8,7,2,0,2,2026-07-15T11:12:47.321129
97,8,8,1,0,1,2026-07-15T11:12:48.534880
97,8,9,1,0,1,2026-07-15T11:12:49.281819
97,8,10,2,0,2,2026-07-15T11:12:49.896770
97,9,1,5,0,5,2026-07-15T11:12:50.512774
97,9,2,5,0,5,2026-07-15T11:12:51.021453
97,9,3,5,0,5,2026-07-15T11:12:51.583544
97,9,4,5,0,5,2026-07-15T11:12:52.016675
97,9,5,4,0,4,2026-07-15T11:12:52.678822
97,9,6,5,0,5,2026-07-15T11:12:53.277296
97,9,7,4,0,4,2026-07-15T11:12:53.771854
97,9,8,5,0,5,2026-07-15T11:12:54.234439
97,9,9,4,0,4,2026-07-15T11:12:54.784739
97,9,10,5,0,5,2026-07-15T11:12:56.348268
98,1,1,3,0,3,2026-07-15T11:12:56.952155
98,1,2,3,0,3,2026-07-15T11:12:57.679950
98,1,3,3,0,3,2026-07-15T11:12:58.395670
98,1,4,3,0,3,2026-07-15T11:12:59.039688
98,1,5,3,0,3,2026-07-15T11:12:59.830175
98,1,6,3,0,3,2026-07-15T11:13:00.662439
98,1,7,3,0,3,2026-07-15T11:13:01.599793
98,1,8,3,0,3,2026-07-15T11:13:02.165317
98,1,9,3,0,3,2026-07-15T11:13:02.741239
98,1,10,3,0,3,2026-07-15T11:13:03.312460
98,2,1,1,0,1,2026-07-15T11:13:03.956045
98,2,2,1,0,1,2026-07-15T11:13:04.746532
98,2,3,1,0,1,2026-07-15T11:13:05.563250
98,2,4,1,0,1,2026-07-15T11:13:06.180428
98,2,5,1,0,1,2026-07-15T11:13:07.032053
98,2,6,1,0,1,2026-07-15T11:13:07.648924
98,2,7,1,0,1,2026-07-15T11:13:08.314373
98,2,8,1,0,1,2026-07-15T11:13:08.930175
98,2,9,1,0,1,2026-07-15T11:13:09.761094
98,2,10,1,0,1,2026-07-15T11:13:10.306808
98,3,1,2,0,2,2026-07-15T11:13:10.860086
98,3,2,2,0,2,2026-07-15T11:13:11.401313
98,3,3,2,0,2,2026-07-15T11:13:11.939509
98,3,4,2,0,2,2026-07-15T11:13:12.528920
98,3,5,2,0,2,2026-07-15T11:13:13.212174
98,3,6,2,0,2,2026-07-15T11:13:13.987644
98,3,7,3,0,3,2026-07-15T11:13:14.576753
98,3,8,3,0,3,2026-07-15T11:13:15.124325
98,3,9,2,0,2,2026-07-15T11:13:15.772754
98,3,10,2,0,2,2026-07-15T11:13:16.344972
98,4,1,0,0,0,2026-07-15T11:13:16.914437
98,4,2,0,0,0,2026-07-15T11:13:17.390137
98,4,3,0,0,0,2026-07-15T11:13:18.122511
98,4,4,0,0,0,2026-07-15T11:13:18.677526
98,4,5,0,0,0,2026-07-15T11:13:19.275442
98,4,6,0,0,0,2026-07-15T11:13:19.831716
98,4,7,0,0,0,2026-07-15T11:13:20.535334
98,4,8,0,0,0,2026-07-15T11:13:21.135629
98,4,9,0,0,0,2026-07-15T11:13:21.709603
98,4,10,0,0,0,2026-07-15T11:13:22.278399
98,5,1,3,0,3,2026-07-15T11:13:23.174098
98,5,2,3,0,3,2026-07-15T11:13:24.129977
98,5,3,3,0,3,2026-07-15T11:13:24.733430
98,5,4,3,0,3,2026-07-15T11:13:25.299384
98,5,5,3,0,3,2026-07-15T11:13:25.827018
98,5,6,3,0,3,2026-07-15T11:13:26.392754
98,5,7,3,0,3,2026-07-15T11:13:26.997191
98,5,8,3,0,3,2026-07-15T11:13:30.445460
98,5,9,3,0,3,2026-07-15T11:13:31.036443
98,5,10,3,0,3,2026-07-15T11:13:31.780595
98,6,1,0,0,0,2026-07-15T11:13:32.394858
98,6,2,0,0,0,2026-07-15T11:13:33.251206
98,6,3,0,0,0,2026-07-15T11:13:34.070884
98,6,4,0,0,0,2026-07-15T11:13:34.672106
98,6,5,0,0,0,2026-07-15T11:13:35.370312
98,6,6,0,0,0,2026-07-15T11:13:35.979180
98,6,7,0,0,0,2026-07-15T11:13:36.775199
98,6,8,0,0,0,2026-07-15T11:13:37.343005
98,6,9,0,0,0,2026-07-15T11:13:38.121334
98,6,10,0,0,0,2026-07-15T11:13:38.846105
98,7,1,5,0,5,2026-07-15T11:13:39.765832
98,7,2,5,0,5,2026-07-15T11:13:40.348585
98,7,3,5,0,5,2026-07-15T11:13:40.950559
98,7,4,5,0,5,2026-07-15T11:13:41.624789
98,7,5,5,0,5,2026-07-15T11:13:42.327290
98,7,6,5,0,5,2026-07-15T11:13:43.525603
98,7,7,5,0,5,2026-07-15T11:13:44.144771
98,7,8,5,0,5,2026-07-15T11:13:44.705019
98,7,9,5,0,5,2026-07-15T11:13:45.363246
98,7,10,5,0,5,2026-07-15T11:13:46.659699
98,8,1,1,0,1,2026-07-15T11:13:47.341373
98,8,2,2,0,2,2026-07-15T11:13:47.780896
98,8,3,1,0,1,2026-07-15T11:13:48.267292
98,8,4,1,0,1,2026-07-15T11:13:48.799415
98,8,5,1,0,1,2026-07-15T11:13:49.391138
98,8,6,1,0,1,2026-07-15T11:13:49.902151
98,8,7,1,0,1,2026-07-15T11:13:50.463756
98,8,8,2,0,2,2026-07-15T11:13:51.134890
98,8,9,1,0,1,2026-07-15T11:13:51.758716
98,8,10,1,0,1,2026-07-15T11:13:52.260343
98,9,1,4,0,4,2026-07-15T11:13:58.095277
98,9,2,4,0,4,2026-07-15T11:14:02.917219
98,9,3,4,0,4,2026-07-15T11:14:06.632857
98,9,4,4,0,4,2026-07-15T11:14:11.818547
98,9,5,4,0,4,2026-07-15T11:14:22.694251
98,9,6,4,0,4,2026-07-15T11:14:31.814057
98,9,7,4,0,4,2026-07-15T11:14:40.520632
98,9,8,4,0,4,2026-07-15T11:14:47.044751
98,9,9,4,0,4,2026-07-15T11:14:51.733458
98,9,10,4,0,4,2026-07-15T11:14:56.361996
99,1,1,3,0,3,2026-07-15T11:14:56.875209
99,1,2,3,0,3,2026-07-15T11:14:57.470744
99,1,3,3,0,3,2026-07-15T11:14:58.020693
99,1,4,3,0,3,2026-07-15T11:14:58.616976
99,1,5,3,0,3,2026-07-15T11:14:59.106059
99,1,6,3,0,3,2026-07-15T11:14:59.947560
99,1,7,3,0,3,2026-07-15T11:15:00.562494
99,1,8,3,0,3,2026-07-15T11:15:01.066328
99,1,9,3,0,3,2026-07-15T11:15:03.735154
99,1,10,3,0,3,2026-07-15T11:15:04.759169
99,2,1,2,0,2,2026-07-15T11:15:05.300814
99,2,2,2,0,2,2026-07-15T11:15:06.072842
99,2,3,2,0,2,2026-07-15T11:15:06.651125
99,2,4,2,0,2,2026-07-15T11:15:07.320679
99,2,5,2,0,2,2026-07-15T11:15:08.037870
99,2,6,2,0,2,2026-07-15T11:15:08.535808
99,2,7,2,0,2,2026-07-15T11:15:09.264866
99,2,8,2,0,2,2026-07-15T11:15:09.955166
99,2,9,2,0,2,2026-07-15T11:15:10.608298
99,2,10,2,0,2,2026-07-15T11:15:11.312570
99,3,1,3,0,3,2026-07-15T11:15:12.000976
99,3,2,3,0,3,2026-07-15T11:15:12.621490
99,3,3,3,0,3,2026-07-15T11:15:13.257130
99,3,4,3,0,3,2026-07-15T11:15:13.901017
99,3,5,3,0,3,2026-07-15T11:15:14.590808
99,3,6,3,0,3,2026-07-15T11:15:16.199030
99,3,7,3,0,3,2026-07-15T11:15:16.792656
99,3,8,3,0,3,2026-07-15T11:15:17.362315
99,3,9,3,0,3,2026-07-15T11:15:18.011607
99,3,10,3,0,3,2026-07-15T11:15:18.683783
99,4,1,2,0,2,2026-07-15T11:15:19.544006
99,4,2,2,0,2,2026-07-15T11:15:20.187986
99,4,3,2,0,2,2026-07-15T11:15:21.897144
99,4,4,2,0,2,2026-07-15T11:15:22.680578
99,4,5,2,0,2,2026-07-15T11:15:23.394842
99,4,6,2,0,2,2026-07-15T11:15:24.421279
99,4,7,2,0,2,2026-07-15T11:15:25.547858
99,4,8,2,0,2,2026-07-15T11:15:26.468655
99,4,9,2,0,2,2026-07-15T11:15:27.242953
99,4,10,2,0,2,2026-07-15T11:15:28.002538
99,5,1,3,0,3,2026-07-15T11:15:28.750954
99,5,2,3,0,3,2026-07-15T11:15:29.317795
99,5,3,3,0,3,2026-07-15T11:15:30.052753
99,5,4,3,0,3,2026-07-15T11:15:30.874438
99,5,5,4,0,4,2026-07-15T11:15:31.582323
99,5,6,3,0,3,2026-07-15T11:15:32.202254
99,5,7,3,0,3,2026-07-15T11:15:32.732742
99,5,8,3,0,3,2026-07-15T11:15:33.409424
99,5,9,3,0,3,2026-07-15T11:15:34.149562
99,5,10,3,0,3,2026-07-15T11:15:35.864377
99,6,1,2,0,2,2026-07-15T11:15:36.502905
99,6,2,2,0,2,2026-07-15T11:15:37.118608
99,6,3,2,0,2,2026-07-15T11:15:37.739701
99,6,4,2,0,2,2026-07-15T11:15:38.347920
99,6,5,2,0,2,2026-07-15T11:15:39.024229
99,6,6,2,0,2,2026-07-15T11:15:39.582110
99,6,7,2,0,2,2026-07-15T11:15:40.590587
99,6,8,2,0,2,2026-07-15T11:15:41.388296
99,6,9,2,0,2,2026-07-15T11:15:41.952284
99,6,10,2,0,2,2026-07-15T11:15:42.526617
99,7,1,4,0,4,2026-07-15T11:15:43.159028
99,7,2,4,0,4,2026-07-15T11:15:44.183117
99,7,3,4,0,4,2026-07-15T11:15:44.892488
99,7,4,4,0,4,2026-07-15T11:15:45.824015
99,7,5,4,0,4,2026-07-15T11:15:46.437394
99,7,6,4,0,4,2026-07-15T11:15:46.989390
99,7,7,4,0,4,2026-07-15T11:15:47.600510
99,7,8,4,0,4,2026-07-15T11:15:48.221099
99,7,9,4,0,4,2026-07-15T11:15:48.895301
99,7,10,4,0,4,2026-07-15T11:15:49.512680
99,8,1,3,0,3,2026-07-15T11:15:50.150955
99,8,2,3,0,3,2026-07-15T11:15:50.762692
99,8,3,2,0,2,2026-07-15T11:15:51.342618
99,8,4,3,0,3,2026-07-15T11:15:51.967986
99,8,5,3,0,3,2026-07-15T11:15:52.578466
99,8,6,3,0,3,2026-07-15T11:15:53.104867
99,8,7,2,0,2,2026-07-15T11:15:53.750411
99,8,8,3,0,3,2026-07-15T11:15:54.412977
99,8,9,3,0,3,2026-07-15T11:15:54.987271
99,8,10,3,0,3,2026-07-15T11:15:55.857733
99,9,1,5,0,5,2026-07-15T11:15:56.486929
99,9,2,5,0,5,2026-07-15T11:15:57.163451
99,9,3,5,0,5,2026-07-15T11:15:57.757083
99,9,4,5,0,5,2026-07-15T11:15:58.289785
99,9,5,4,0,4,2026-07-15T11:15:58.928981
99,9,6,4,0,4,2026-07-15T11:15:59.605441
99,9,7,4,0,4,2026-07-15T11:16:07.649372
99,9,8,5,0,5,2026-07-15T11:16:08.236522
99,9,9,4,0,4,2026-07-15T11:16:08.783651
99,9,10,5,0,5,2026-07-15T11:16:09.306738
