persona_id,question_id,run_index,rating,failures,response,collected_at
0,1,1,2,0,2,2026-07-15T08:49:49.443017
0,1,2,2,0,2,2026-07-15T08:49:50.017527
0,1,3,2,0,2,2026-07-15T08:49:50.666748
0,1,4,2,0,2,2026-07-15T08:49:51.150541
0,1,5,2,0,2,2026-07-15T08:49:51.702719
0,1,6,2,0,2,2026-07-15T08:49:52.289065
0,1,7,2,0,2,2026-07-15T08:49:52.834507
0,1,8,2,0,2,2026-07-15T08:49:53.303513
0,1,9,2,0,2,2026-07-15T08:49:53.882917
0,1,10,2,0,2,2026-07-15T08:49:54.416431
0,2,1,1,0,1,2026-07-15T08:49:55.044780
0,2,2,1,0,1,2026-07-15T08:49:56.949575
0,2,3,1,0,1,2026-07-15T08:49:57.436883
0,2,4,1,0,1,2026-07-15T08:49:57.938792
0,2,5,1,0,1,2026-07-15T08:49:58.505285
0,2,6,1,0,1,2026-07-15T08:49:58.998001
0,2,7,1,0,1,2026-07-15T08:50:00.195907
0,2,8,1,0,1,2026-07-15T08:50:03.913698
0,2,9,1,0,1,2026-07-15T08:50:04.565680
0,2,10,1,0,1,2026-07-15T08:50:05.074801
0,3,1,2,0,2,2026-07-15T08:50:05.615483
0,3,2,2,0,2,2026-07-15T08:50:06.231918
0,3,3,2,0,2,2026-07-15T08:50:06.854604
0,3,4,2,0,2,2026-07-15T08:50:07.427646
0,3,5,2,0,2,2026-07-15T08:50:07.939782
0,3,6,2,0,2,2026-07-15T08:50:08.528493
0,3,7,2,0,2,2026-07-15T08:50:09.158054
0,3,8,2,0,2,2026-07-15T08:50:09.700062
0,3,9,2,0,2,2026-07-15T08:50:10.416941
0,3,10,2,0,2,2026-07-15T08:50:11.045367
0,4,1,0,0,0,2026-07-15T08:50:11.966070
0,4,2,0,0,0,2026-07-15T08:50:12.497708
0,4,3,0,0,0,2026-07-15T08:50:13.062191
0,4,4,0,0,0,2026-07-15T08:50:13.628336
0,4,5,0,0,0,2026-07-15T08:50:14.635962
0,4,6,0,0,0,2026-07-15T08:50:15.196152
0,4,7,0,0,0,2026-07-15T08:50:15.635163
0,4,8,0,0,0,2026-07-15T08:50:16.336668
0,4,9,0,0,0,2026-07-15T08:50:16.854775
0,4,10,0,0,0,2026-07-15T08:50:19.572196
0,5,1,4,0,4,2026-07-15T08:50:20.011206
0,5,2,4,0,4,2026-07-15T08:50:20.537934
0,5,3,4,0,4,2026-07-15T08:50:21.028037
0,5,4,4,0,4,2026-07-15T08:50:21.580242
0,5,5,4,0,4,2026-07-15T08:50:22.037542
0,5,6,4,0,4,2026-07-15T08:50:22.591251
0,5,7,4,0,4,2026-07-15T08:50:23.197286
0,5,8,4,0,4,2026-07-15T08:50:24.052331
0,5,9,4,0,4,2026-07-15T08:50:24.609074
0,5,10,4,0,4,2026-07-15T08:50:25.047601
0,6,1,0,0,0,2026-07-15T08:50:25.517068
0,6,2,0,0,0,2026-07-15T08:50:26.234477
0,6,3,0,0,0,2026-07-15T08:50:26.745373
0,6,4,0,0,0,2026-07-15T08:50:27.177918
0,6,5,0,0,0,2026-07-15T08:50:27.675990
0,6,6,0,0,0,2026-07-15T08:50:28.129798
0,6,7,0,0,0,2026-07-15T08:50:28.872693
0,6,8,0,0,0,2026-07-15T08:50:29.446374
0,6,9,0,0,0,2026-07-15T08:50:30.105794
0,6,10,0,0,0,2026-07-15T08:50:30.613684
0,7,1,4,0,4,2026-07-15T08:50:31.050418
0,7,2,4,0,4,2026-07-15T08:50:31.548629
0,7,3,4,0,4,2026-07-15T08:50:38.355125
0,7,4,4,0,4,2026-07-15T08:50:38.853734
0,7,5,4,0,4,2026-07-15T08:50:39.341626
0,7,6,4,0,4,2026-07-15T08:50:39.817516
0,7,7,4,0,4,2026-07-15T08:50:40.351229
0,7,8,4,0,4,2026-07-15T08:50:41.010200
0,7,9,4,0,4,2026-07-15T08:50:41.614704
0,7,10,4,0,4,2026-07-15T08:50:42.142331
0,8,1,1,0,1,2026-07-15T08:50:42.649464
0,8,2,1,0,1,2026-07-15T08:50:43.450384
0,8,3,1,0,1,2026-07-15T08:50:43.899707
0,8,4,1,0,1,2026-07-15T08:50:44.425000
0,8,5,1,0,1,2026-07-15T08:50:44.919057
0,8,6,1,0,1,2026-07-15T08:50:46.048981
0,8,7,1,0,1,2026-07-15T08:50:46.502682
0,8,8,1,0,1,2026-07-15T08:50:47.133662
0,8,9,1,0,1,2026-07-15T08:50:47.655182
0,8,10,1,0,1,2026-07-15T08:50:48.293094
0,9,1,4,0,4,2026-07-15T08:50:49.109498
0,9,2,4,0,4,2026-07-15T08:50:49.584007
0,9,3,4,0,4,2026-07-15T08:50:50.145913
0,9,4,4,0,4,2026-07-15T08:50:50.808221
0,9,5,4,0,4,2026-07-15T08:50:51.399648
0,9,6,4,0,4,2026-07-15T08:50:51.874669
0,9,7,4,0,4,2026-07-15T08:50:52.322293
0,9,8,4,0,4,2026-07-15T08:50:52.871734
0,9,9,4,0,4,2026-07-15T08:50:53.336276
0,9,10,4,0,4,2026-07-15T08:50:58.425457
1,1,1,4,0,4,2026-07-15T08:50:58.855951
1,1,2,4,0,4,2026-07-15T08:50:59.472306
1,1,3,5,0,5,2026-07-15T08:50:59.914625
1,1,4,4,0,4,2026-07-15T08:51:00.327706
1,1,5,5,0,5,2026-07-15T08:51:00.760786
1,1,6,5,0,5,2026-07-15T08:51:01.215372
1,1,7,5,0,5,2026-07-15T08:51:01.802034
1,1,8,4,0,4,2026-07-15T08:51:02.272986
1,1,9,4,0,4,2026-07-15T08:51:02.951171
1,1,10,5,0,5,2026-07-15T08:51:03.391014
1,2,1,0,0,0,2026-07-15T08:51:04.118120
1,2,2,0,0,0,2026-07-15T08:51:04.741753
1,2,3,0,0,0,2026-07-15T08:51:05.198537
1,2,4,0,0,0,2026-07-15T08:51:05.684493
1,2,5,0,0,0,2026-07-15T08:51:06.248992
1,2,6,0,0,0,2026-07-15T08:51:06.818525
1,2,7,0,0,0,2026-07-15T08:51:07.308916
1,2,8,0,0,0,2026-07-15T08:51:08.152010
1,2,9,0,0,0,2026-07-15T08:51:08.718319
1,2,10,0,0,0,2026-07-15T08:51:09.289284
1,3,1,4,0,4,2026-07-15T08:51:12.251085
1,3,2,4,0,4,2026-07-15T08:51:12.681141
1,3,3,4,0,4,2026-07-15T08:51:13.156374
1,3,4,4,0,4,2026-07-15T08:51:13.786741
1,3,5,4,0,4,2026-07-15T08:51:14.225755
1,3,6,4,0,4,2026-07-15T08:51:14.705069
1,3,7,4,0,4,2026-07-15T08:51:15.183213
1,3,8,4,0,4,2026-07-15T08:51:15.711941
1,3,9,4,0,4,2026-07-15T08:51:16.156090
1,3,10,4,0,4,2026-07-15T08:51:16.701597
1,4,1,0,0,0,2026-07-15T08:51:17.286537
1,4,2,0,0,0,2026-07-15T08:51:17.813871
1,4,3,0,0,0,2026-07-15T08:51:18.295181
1,4,4,2,0,2,2026-07-15T08:51:19.005910
1,4,5,0,0,0,2026-07-15T08:51:19.474951
1,4,6,0,0,0,2026-07-15T08:51:20.036093
1,4,7,0,0,0,2026-07-15T08:51:20.509623
1,4,8,0,0,0,2026-07-15T08:51:21.098573
1,4,9,2,0,2,2026-07-15T08:51:21.600243
1,4,10,0,0,0,2026-07-15T08:51:22.414330
1,5,1,5,0,5,2026-07-15T08:51:22.939552
1,5,2,5,0,5,2026-07-15T08:51:23.393865
1,5,3,5,0,5,2026-07-15T08:51:24.493840
1,5,4,5,0,5,2026-07-15T08:51:25.121900
1,5,5,5,0,5,2026-07-15T08:51:25.587400
1,5,6,5,0,5,2026-07-15T08:51:26.144063
1,5,7,5,0,5,2026-07-15T08:51:26.686552
1,5,8,5,0,5,2026-07-15T08:51:27.204417
1,5,9,5,0,5,2026-07-15T08:51:27.723467
1,5,10,5,0,5,2026-07-15T08:51:28.527272
1,6,1,0,0,0,2026-07-15T08:51:29.007790
1,6,2,0,0,0,2026-07-15T08:51:29.494334
1,6,3,0,0,0,2026-07-15T08:51:29.935543
1,6,4,0,0,0,2026-07-15T08:51:30.485984
1,6,5,0,0,0,2026-07-15T08:51:31.058829
1,6,6,0,0,0,2026-07-15T08:51:31.498940
1,6,7,0,0,0,2026-07-15T08:51:32.052225
1,6,8,0,0,0,2026-07-15T08:51:32.568461
1,6,9,0,0,0,2026-07-15T08:51:33.153854
1,6,10,0,0,0,2026-07-15T08:51:33.711237
1,7,1,5,0,5,2026-07-15T08:51:34.165251
1,7,2,5,0,5,2026-07-15T08:51:34.578111
1,7,3,5,0,5,2026-07-15T08:51:35.030871
1,7,4,5,0,5,2026-07-15T08:51:35.555708
1,7,5,5,0,5,2026-07-15T08:51:36.025838
1,7,6,5,0,5,2026-07-15T08:51:36.548263
1,7,7,5,0,5,2026-07-15T08:51:37.352441
1,7,8,5,0,5,2026-07-15T08:51:37.849756
1,7,9,5,0,5,2026-07-15T08:51:38.364047
1,7,10,5,0,5,2026-07-15T08:51:38.964644
1,8,1,2,0,2,2026-07-15T08:51:39.582697
1,8,2,5,0,5,2026-07-15T08:51:40.183811
1,8,3,5,0,5,2026-07-15T08:51:40.736076
1,8,4,5,0,5,2026-07-15T08:51:41.247515
1,8,5,2,0,2,2026-07-15T08:51:42.061542
1,8,6,2,0,2,2026-07-15T08:51:42.652590
1,8,7,5,0,5,2026-07-15T08:51:43.365644
1,8,8,5,0,5,2026-07-15T08:51:43.934081
1,8,9,2,0,2,2026-07-15T08:51:44.460257
1,8,10,2,0,2,2026-07-15T08:51:44.941303
1,9,1,5,0,5,2026-07-15T08:51:45.706623
1,9,2,5,0,5,2026-07-15T08:51:46.203204
1,9,3,5,0,5,2026-07-15T08:51:46.661060
1,9,4,5,0,5,2026-07-15T08:51:47.191498
1,9,5,5,0,5,2026-07-15T08:51:47.670491
1,9,6,5,0,5,2026-07-15T08:51:48.216438
1,9,7,5,0,5,2026-07-15T08:51:48.760377
1,9,8,5,0,5,2026-07-15T08:51:49.267496
1,9,9,5,0,5,2026-07-15T08:51:49.839990
1,9,10,5,0,5,2026-07-15T08:51:50.332702
2,1,1,3,0,3,2026-07-15T08:51:50.831011
2,1,2,3,0,3,2026-07-15T08:51:51.469792
2,1,3,3,0,3,2026-07-15T08:51:52.202747
2,1,4,3,0,3,2026-07-15T08:51:53.041356
2,1,5,3,0,3,2026-07-15T08:51:53.516041
2,1,6,3,0,3,2026-07-15T08:51:53.983153
2,1,7,3,0,3,2026-07-15T08:51:54.427476
2,1,8,3,0,3,2026-07-15T08:51:54.965592
2,1,9,3,0,3,2026-07-15T08:51:55.558120
2,1,10,3,0,3,2026-07-15T08:51:56.001260
2,2,1,0,0,0,2026-07-15T08:51:56.582205
2,2,2,2,0,2,2026-07-15T08:51:57.087786
2,2,3,0,0,0,2026-07-15T08:51:57.683368
2,2,4,0,0,0,2026-07-15T08:51:58.149200
2,2,5,0,0,0,2026-07-15T08:51:58.686604
2,2,6,0,0,0,2026-07-15T08:51:59.722689
2,2,7,0,0,0,2026-07-15T08:52:00.451710
2,2,8,2,0,2,2026-07-15T08:52:01.030528
2,2,9,0,0,0,2026-07-15T08:52:01.577351
2,2,10,0,0,0,2026-07-15T08:52:02.098399
2,3,1,4,0,4,2026-07-15T08:52:02.993878
2,3,2,4,0,4,2026-07-15T08:52:03.679036
2,3,3,4,0,4,2026-07-15T08:52:04.190807
2,3,4,4,0,4,2026-07-15T08:52:04.723288
2,3,5,4,0,4,2026-07-15T08:52:05.263549
2,3,6,4,0,4,2026-07-15T08:52:06.074009
2,3,7,4,0,4,2026-07-15T08:52:06.848725
2,3,8,4,0,4,2026-07-15T08:52:07.458817
2,3,9,4,0,4,2026-07-15T08:52:08.076628
2,3,10,4,0,4,2026-07-15T08:52:08.618697
2,4,1,0,0,0,2026-07-15T08:52:09.098581
2,4,2,0,0,0,2026-07-15T08:52:09.731608
2,4,3,0,0,0,2026-07-15T08:52:10.239112
2,4,4,0,0,0,2026-07-15T08:52:10.788601
2,4,5,0,0,0,2026-07-15T08:52:11.292998
2,4,6,0,0,0,2026-07-15T08:52:14.466174
2,4,7,0,0,0,2026-07-15T08:52:14.995855
2,4,8,0,0,0,2026-07-15T08:52:15.731142
2,4,9,0,0,0,2026-07-15T08:52:16.247293
2,4,10,0,0,0,2026-07-15T08:52:16.749090
2,5,1,4,0,4,2026-07-15T08:52:17.252523
2,5,2,4,0,4,2026-07-15T08:52:17.878811
2,5,3,4,0,4,2026-07-15T08:52:18.374288
2,5,4,4,0,4,2026-07-15T08:52:18.853780
2,5,5,4,0,4,2026-07-15T08:52:19.444990
2,5,6,4,0,4,2026-07-15T08:52:20.004877
2,5,7,4,0,4,2026-07-15T08:52:20.509235
2,5,8,4,0,4,2026-07-15T08:52:21.318042
2,5,9,4,0,4,2026-07-15T08:52:21.854969
2,5,10,4,0,4,2026-07-15T08:52:22.860595
2,6,1,0,0,0,2026-07-15T08:52:23.360961
2,6,2,0,0,0,2026-07-15T08:52:23.815786
2,6,3,0,0,0,2026-07-15T08:52:24.250199
2,6,4,0,0,0,2026-07-15T08:52:24.829004
2,6,5,0,0,0,2026-07-15T08:52:25.424639
2,6,6,0,0,0,2026-07-15T08:52:26.029459
2,6,7,0,0,0,2026-07-15T08:52:26.498422
2,6,8,0,0,0,2026-07-15T08:52:26.978065
2,6,9,0,0,0,2026-07-15T08:52:27.646872
2,6,10,0,0,0,2026-07-15T08:52:28.110796
2,7,1,4,0,4,2026-07-15T08:52:28.564911
2,7,2,4,0,4,2026-07-15T08:52:29.189692
2,7,3,4,0,4,2026-07-15T08:52:29.670458
2,7,4,4,0,4,2026-07-15T08:52:30.169701
2,7,5,4,0,4,2026-07-15T08:52:30.657387
2,7,6,4,0,4,2026-07-15T08:52:31.158367
2,7,7,4,0,4,2026-07-15T08:52:31.628485
2,7,8,4,0,4,2026-07-15T08:52:32.296183
2,7,9,4,0,4,2026-07-15T08:52:32.837413
2,7,10,4,0,4,2026-07-15T08:52:33.336550
2,8,1,2,0,2,2026-07-15T08:52:34.394401
2,8,2,2,0,2,2026-07-15T08:52:34.973937
2,8,3,2,0,2,2026-07-15T08:52:38.116335
2,8,4,2,0,2,2026-07-15T08:52:38.658724
2,8,5,2,0,2,2026-07-15T08:52:39.152473
2,8,6,2,0,2,2026-07-15T08:52:39.898181
2,8,7,2,0,2,2026-07-15T08:52:40.683818
2,8,8,2,0,2,2026-07-15T08:52:41.184452
2,8,9,2,0,2,2026-07-15T08:52:41.742570
2,8,10,2,0,2,2026-07-15T08:52:42.374627
2,9,1,4,0,4,2026-07-15T08:52:42.794674
2,9,2,4,0,4,2026-07-15T08:52:43.529643
2,9,3,4,0,4,2026-07-15T08:52:43.949212
2,9,4,4,0,4,2026-07-15T08:52:44.384103
2,9,5,4,0,4,2026-07-15T08:52:44.847097
2,9,6,4,0,4,2026-07-15T08:52:45.502834
2,9,7,4,0,4,2026-07-15T08:52:45.938172
2,9,8,4,0,4,2026-07-15T08:52:46.404698
2,9,9,4,0,4,2026-07-15T08:52:46.788185
2,9,10,4,0,4,2026-07-15T08:52:47.192457
3,1,1,2,0,2,2026-07-15T08:52:47.797582
3,1,2,3,0,3,2026-07-15T08:52:48.463346
3,1,3,2,0,2,2026-07-15T08:52:49.289422
3,1,4,3,0,3,2026-07-15T08:52:50.106912
3,1,5,3,0,3,2026-07-15T08:52:50.758918
3,1,6,3,0,3,2026-07-15T08:52:51.230179
3,1,7,2,0,2,2026-07-15T08:52:51.708840
3,1,8,2,0,2,2026-07-15T08:52:52.242469
3,1,9,3,0,3,2026-07-15T08:52:52.717570
3,1,10,3,0,3,2026-07-15T08:52:56.129355
3,2,1,2,0,2,2026-07-15T08:52:56.689395
3,2,2,2,0,2,2026-07-15T08:52:57.187029
3,2,3,2,0,2,2026-07-15T08:52:58.041048
3,2,4,2,0,2,2026-07-15T08:52:58.673946
3,2,5,2,0,2,2026-07-15T08:52:59.192313
3,2,6,2,0,2,2026-07-15T08:52:59.646687
3,2,7,2,0,2,2026-07-15T08:53:00.157904
3,2,8,2,0,2,2026-07-15T08:53:00.859462
3,2,9,2,0,2,2026-07-15T08:53:01.428284
3,2,10,2,0,2,2026-07-15T08:53:01.890533
3,3,1,3,0,3,2026-07-15T08:53:02.455972
3,3,2,3,0,3,2026-07-15T08:53:03.767265
3,3,3,3,0,3,2026-07-15T08:53:04.250187
3,3,4,3,0,3,2026-07-15T08:53:04.732115
3,3,5,3,0,3,2026-07-15T08:53:05.266947
3,3,6,3,0,3,2026-07-15T08:53:05.812291
3,3,7,3,0,3,2026-07-15T08:53:06.344432
3,3,8,3,0,3,2026-07-15T08:53:12.977338
3,3,9,3,0,3,2026-07-15T08:53:13.548118
3,3,10,3,0,3,2026-07-15T08:53:14.021165
3,4,1,0,0,0,2026-07-15T08:53:14.533399
3,4,2,0,0,0,2026-07-15T08:53:15.058717
3,4,3,0,0,0,2026-07-15T08:53:15.526957
3,4,4,0,0,0,2026-07-15T08:53:16.179199
3,4,5,0,0,0,2026-07-15T08:53:16.669997
3,4,6,0,0,0,2026-07-15T08:53:17.165047
3,4,7,0,0,0,2026-07-15T08:53:17.616106
3,4,8,0,0,0,2026-07-15T08:53:18.208328
3,4,9,0,0,0,2026-07-15T08:53:18.826328
3,4,10,0,0,0,2026-07-15T08:53:19.335807
3,5,1,4,0,4,2026-07-15T08:53:20.092275
3,5,2,4,0,4,2026-07-15T08:53:20.593860
3,5,3,4,0,4,2026-07-15T08:53:21.963746
3,5,4,4,0,4,2026-07-15T08:53:22.513004
3,5,5,4,0,4,2026-07-15T08:53:23.606583
3,5,6,4,0,4,2026-07-15T08:53:24.052801
3,5,7,4,0,4,2026-07-15T08:53:24.560026
3,5,8,4,0,4,2026-07-15T08:53:25.093597
3,5,9,4,0,4,2026-07-15T08:53:25.639434
3,5,10,4,0,4,2026-07-15T08:53:26.225641
3,6,1,0,0,0,2026-07-15T08:53:26.909421
3,6,2,0,0,0,2026-07-15T08:53:27.428913
3,6,3,0,0,0,2026-07-15T08:53:29.215608
3,6,4,0,0,0,2026-07-15T08:53:29.649207
3,6,5,0,0,0,2026-07-15T08:53:30.157351
3,6,6,0,0,0,2026-07-15T08:53:30.637588
3,6,7,0,0,0,2026-07-15T08:53:31.083033
3,6,8,0,0,0,2026-07-15T08:53:31.560654
3,6,9,0,0,0,2026-07-15T08:53:32.311209
3,6,10,0,0,0,2026-07-15T08:53:32.753100
3,7,1,4,0,4,2026-07-15T08:53:33.303445
3,7,2,4,0,4,2026-07-15T08:53:33.777126
3,7,3,4,0,4,2026-07-15T08:53:34.607398
3,7,4,4,0,4,2026-07-15T08:53:35.253502
3,7,5,4,0,4,2026-07-15T08:53:35.773435
3,7,6,4,0,4,2026-07-15T08:53:36.260932
3,7,7,4,0,4,2026-07-15T08:53:36.723680
3,7,8,4,0,4,2026-07-15T08:53:37.285596
3,7,9,4,0,4,2026-07-15T08:53:37.816425
3,7,10,4,0,4,2026-07-15T08:53:38.292025
3,8,1,2,0,2,2026-07-15T08:53:38.735821
3,8,2,0,0,0,2026-07-15T08:53:39.172209
3,8,3,2,0,2,2026-07-15T08:53:39.593792
3,8,4,2,0,2,2026-07-15T08:53:40.028940
3,8,5,2,0,2,2026-07-15T08:53:40.450360
3,8,6,0,0,0,2026-07-15T08:53:40.895455
3,8,7,2,0,2,2026-07-15T08:53:41.343654
3,8,8,2,0,2,2026-07-15T08:53:41.829316
3,8,9,0,0,0,2026-07-15T08:53:42.241871
3,8,10,2,0,2,2026-07-15T08:53:42.598962
3,9,1,4,0,4,2026-07-15T08:53:43.029153
3,9,2,4,0,4,2026-07-15T08:53:43.539036
3,9,3,4,0,4,2026-07-15T08:53:44.020231
3,9,4,4,0,4,2026-07-15T08:53:44.434631
3,9,5,4,0,4,2026-07-15T08:53:44.885036
3,9,6,4,0,4,2026-07-15T08:53:45.297472
3,9,7,4,0,4,2026-07-15T08:53:45.881403
3,9,8,4,0,4,2026-07-15T08:53:46.313043
3,9,9,4,0,4,2026-07-15T08:53:46.745018
3,9,10,4,0,4,2026-07-15T08:53:47.105370
4,1,1,3,0,3,2026-07-15T08:53:47.542355
4,1,2,3,0,3,2026-07-15T08:53:48.028519
4,1,3,3,0,3,2026-07-15T08:53:48.463978
4,1,4,3,0,3,2026-07-15T08:53:48.889192
4,1,5,3,0,3,2026-07-15T08:53:49.286504
4,1,6,3,0,3,2026-07-15T08:53:49.788832
4,1,7,3,0,3,2026-07-15T08:53:50.303974
4,1,8,3,0,3,2026-07-15T08:53:50.811293
4,1,9,3,0,3,2026-07-15T08:53:51.228620
4,1,10,3,0,3,2026-07-15T08:53:51.695361
4,2,1,2,0,2,2026-07-15T08:53:52.211404
4,2,2,2,0,2,2026-07-15T08:53:52.855210
4,2,3,2,0,2,2026-07-15T08:53:53.845516
4,2,4,2,0,2,2026-07-15T08:53:54.405198
4,2,5,2,0,2,2026-07-15T08:53:54.909803
4,2,6,2,0,2,2026-07-15T08:53:55.440709
4,2,7,2,0,2,2026-07-15T08:53:55.997314
4,2,8,2,0,2,2026-07-15T08:53:56.536566
4,2,9,2,0,2,2026-07-15T08:53:57.077331
4,2,10,2,0,2,2026-07-15T08:53:57.576973
4,3,1,3,0,3,2026-07-15T08:54:00.593597
4,3,2,2,0,2,2026-07-15T08:54:01.422903
4,3,3,2,0,2,2026-07-15T08:54:02.524024
4,3,4,2,0,2,2026-07-15T08:54:03.035766
4,3,5,3,0,3,2026-07-15T08:54:03.527142
4,3,6,2,0,2,2026-07-15T08:54:04.310591
4,3,7,3,0,3,2026-07-15T08:54:04.822007
4,3,8,2,0,2,2026-07-15T08:54:05.302848
4,3,9,2,0,2,2026-07-15T08:54:05.797953
4,3,10,3,0,3,2026-07-15T08:54:06.297891
4,4,1,2,0,2,2026-07-15T08:54:07.001987
4,4,2,2,0,2,2026-07-15T08:54:07.521430
4,4,3,2,0,2,2026-07-15T08:54:08.094264
4,4,4,2,0,2,2026-07-15T08:54:09.969927
4,4,5,2,0,2,2026-07-15T08:54:10.410948
4,4,6,2,0,2,2026-07-15T08:54:10.972996
4,4,7,2,0,2,2026-07-15T08:54:11.753711
4,4,8,2,0,2,2026-07-15T08:54:12.265430
4,4,9,2,0,2,2026-07-15T08:54:13.222542
4,4,10,2,0,2,2026-07-15T08:54:13.741189
4,5,1,4,0,4,2026-07-15T08:54:14.197003
4,5,2,4,0,4,2026-07-15T08:54:14.648402
4,5,3,4,0,4,2026-07-15T08:54:15.063548
4,5,4,4,0,4,2026-07-15T08:54:15.672164
4,5,5,4,0,4,2026-07-15T08:54:16.274517
4,5,6,4,0,4,2026-07-15T08:54:16.837215
4,5,7,4,0,4,2026-07-15T08:54:17.396280
4,5,8,4,0,4,2026-07-15T08:54:17.837953
4,5,9,4,0,4,2026-07-15T08:54:18.230883
4,5,10,4,0,4,2026-07-15T08:54:18.733876
4,6,1,0,0,0,2026-07-15T08:54:20.160639
4,6,2,1,0,1,2026-07-15T08:54:20.644342
4,6,3,2,0,2,2026-07-15T08:54:21.269449
4,6,4,0,0,0,2026-07-15T08:54:21.834428
4,6,5,0,0,0,2026-07-15T08:54:22.351574
4,6,6,0,0,0,2026-07-15T08:54:22.828935
4,6,7,0,0,0,2026-07-15T08:54:23.302721
4,6,8,1,0,1,2026-07-15T08:54:23.980913
4,6,9,0,0,0,2026-07-15T08:54:24.577948
4,6,10,0,0,0,2026-07-15T08:54:25.139757
4,7,1,4,0,4,2026-07-15T08:54:25.840920
4,7,2,4,0,4,2026-07-15T08:54:26.324912
4,7,3,4,0,4,2026-07-15T08:54:26.915497
4,7,4,4,0,4,2026-07-15T08:54:27.606044
4,7,5,4,0,4,2026-07-15T08:54:28.084531
4,7,6,4,0,4,2026-07-15T08:54:28.570938
4,7,7,4,0,4,2026-07-15T08:54:29.072228
4,7,8,4,0,4,2026-07-15T08:54:29.578291
4,7,9,4,0,4,2026-07-15T08:54:30.069483
4,7,10,4,0,4,2026-07-15T08:54:30.555814
4,8,1,2,0,2,2026-07-15T08:54:31.126705
4,8,2,2,0,2,2026-07-15T08:54:31.684052
4,8,3,2,0,2,2026-07-15T08:54:32.188066
4,8,4,2,0,2,2026-07-15T08:54:32.686053
4,8,5,2,0,2,2026-07-15T08:54:33.330660
4,8,6,2,0,2,2026-07-15T08:54:33.972660
4,8,7,2,0,2,2026-07-15T08:54:34.908858
4,8,8,2,0,2,2026-07-15T08:54:35.718053
4,8,9,2,0,2,2026-07-15T08:54:36.226126
4,8,10,2,0,2,2026-07-15T08:54:36.671932
4,9,1,4,0,4,2026-07-15T08:54:37.302288
4,9,2,4,0,4,2026-07-15T08:54:37.824083
4,9,3,4,0,4,2026-07-15T08:54:38.325142
4,9,4,4,0,4,2026-07-15T08:54:38.928758
4,9,5,4,0,4,2026-07-15T08:54:39.463863
4,9,6,4,0,4,2026-07-15T08:54:40.043391
4,9,7,4,0,4,2026-07-15T08:54:40.562200
4,9,8,4,0,4,2026-07-15T08:54:41.052996
4,9,9,4,0,4,2026-07-15T08:54:42.164750
4,9,10,4,0,4,2026-07-15T08:54:42.690252
5,1,1,2,0,2,2026-07-15T08:54:43.099126
5,1,2,2,0,2,2026-07-15T08:54:43.506293
5,1,3,3,0,3,2026-07-15T08:54:43.948513
5,1,4,2,0,2,2026-07-15T08:54:44.327640
5,1,5,2,0,2,2026-07-15T08:54:44.721684
5,1,6,2,0,2,2026-07-15T08:54:45.213048
5,1,7,2,0,2,2026-07-15T08:54:45.627642
5,1,8,2,0,2,2026-07-15T08:54:46.083241
5,1,9,2,0,2,2026-07-15T08:54:46.544117
5,1,10,2,0,2,2026-07-15T08:54:47.083722
5,2,1,2,0,2,2026-07-15T08:54:47.752271
5,2,2,2,0,2,2026-07-15T08:54:48.289623
5,2,3,2,0,2,2026-07-15T08:54:48.915333
5,2,4,2,0,2,2026-07-15T08:54:49.431576
5,2,5,2,0,2,2026-07-15T08:54:49.963263
5,2,6,2,0,2,2026-07-15T08:54:50.481526
5,2,7,2,0,2,2026-07-15T08:54:50.998020
5,2,8,2,0,2,2026-07-15T08:54:51.625453
5,2,9,2,0,2,2026-07-15T08:54:52.537029
5,2,10,2,0,2,2026-07-15T08:54:53.175957
5,3,1,3,0,3,2026-07-15T08:54:53.706363
5,3,2,3,0,3,2026-07-15T08:54:54.205547
5,3,3,3,0,3,2026-07-15T08:54:54.686613
5,3,4,3,0,3,2026-07-15T08:54:55.160807
5,3,5,3,0,3,2026-07-15T08:54:55.594948
5,3,6,3,0,3,2026-07-15T08:54:56.104722
5,3,7,3,0,3,2026-07-15T08:54:56.605185
5,3,8,3,0,3,2026-07-15T08:54:57.087558
5,3,9,3,0,3,2026-07-15T08:54:57.524067
5,3,10,3,0,3,2026-07-15T08:54:58.118042
5,4,1,1,0,1,2026-07-15T08:54:58.732045
5,4,2,1,0,1,2026-07-15T08:54:59.276717
5,4,3,1,0,1,2026-07-15T08:54:59.776808
5,4,4,0,0,0,2026-07-15T08:55:00.459209
5,4,5,0,0,0,2026-07-15T08:55:00.954162
5,4,6,0,0,0,2026-07-15T08:55:01.436456
5,4,7,1,0,1,2026-07-15T08:55:01.917436
5,4,8,0,0,0,2026-07-15T08:55:02.677585
5,4,9,1,0,1,2026-07-15T08:55:03.228316
5,4,10,1,0,1,2026-07-15T08:55:03.874523
5,5,1,4,0,4,2026-07-15T08:55:04.427016
5,5,2,4,0,4,2026-07-15T08:55:04.915580
5,5,3,4,0,4,2026-07-15T08:55:05.644922
5,5,4,4,0,4,2026-07-15T08:55:06.190574
5,5,5,4,0,4,2026-07-15T08:55:06.843828
5,5,6,4,0,4,2026-07-15T08:55:07.312900
5,5,7,4,0,4,2026-07-15T08:55:07.832951
5,5,8,4,0,4,2026-07-15T08:55:08.311903
5,5,9,4,0,4,2026-07-15T08:55:08.958391
5,5,10,4,0,4,2026-07-15T08:55:09.667224
5,6,1,0,0,0,2026-07-15T08:55:10.187269
5,6,2,0,0,0,2026-07-15T08:55:10.704676
5,6,3,0,0,0,2026-07-15T08:55:11.207974
5,6,4,0,0,0,2026-07-15T08:55:12.036466
5,6,5,0,0,0,2026-07-15T08:55:12.732187
5,6,6,0,0,0,2026-07-15T08:55:13.222247
5,6,7,0,0,0,2026-07-15T08:55:13.727950
5,6,8,0,0,0,2026-07-15T08:55:14.181969
5,6,9,0,0,0,2026-07-15T08:55:14.723363
5,6,10,0,0,0,2026-07-15T08:55:15.360812
5,7,1,4,0,4,2026-07-15T08:55:15.880741
5,7,2,4,0,4,2026-07-15T08:55:16.493667
5,7,3,4,0,4,2026-07-15T08:55:17.082324
5,7,4,4,0,4,2026-07-15T08:55:17.700052
5,7,5,4,0,4,2026-07-15T08:55:18.310380
5,7,6,4,0,4,2026-07-15T08:55:18.931489
5,7,7,4,0,4,2026-07-15T08:55:19.665883
5,7,8,4,0,4,2026-07-15T08:55:20.167995
5,7,9,4,0,4,2026-07-15T08:55:26.333252
5,7,10,4,0,4,2026-07-15T08:55:26.943655
5,8,1,2,0,2,2026-07-15T08:55:27.391607
5,8,2,2,0,2,2026-07-15T08:55:27.901827
5,8,3,2,0,2,2026-07-15T08:55:28.315778
5,8,4,2,0,2,2026-07-15T08:55:28.921316
5,8,5,2,0,2,2026-07-15T08:55:29.496646
5,8,6,2,0,2,2026-07-15T08:55:30.070545
5,8,7,2,0,2,2026-07-15T08:55:30.625037
5,8,8,2,0,2,2026-07-15T08:55:31.170597
5,8,9,2,0,2,2026-07-15T08:55:31.578317
5,8,10,2,0,2,2026-07-15T08:55:31.976176
5,9,1,4,0,4,2026-07-15T08:55:33.000689
5,9,2,4,0,4,2026-07-15T08:55:33.556304
5,9,3,4,0,4,2026-07-15T08:55:34.080686
5,9,4,4,0,4,2026-07-15T08:55:34.623053
5,9,5,4,0,4,2026-07-15T08:55:35.156454
5,9,6,4,0,4,2026-07-15T08:55:35.631267
5,9,7,4,0,4,2026-07-15T08:55:36.153535
5,9,8,4,0,4,2026-07-15T08:55:36.651602
5,9,9,4,0,4,2026-07-15T08:55:37.135164
5,9,10,4,0,4,2026-07-15T08:55:37.722159
6,1,1,3,0,3,2026-07-15T08:55:39.732724
6,1,2,3,0,3,2026-07-15T08:55:41.122366
6,1,3,3,0,3,2026-07-15T08:55:41.975688
6,1,4,3,0,3,2026-07-15T08:55:42.493386
6,1,5,3,0,3,2026-07-15T08:55:43.039916
6,1,6,3,0,3,2026-07-15T08:55:43.514549
6,1,7,3,0,3,2026-07-15T08:55:43.991243
6,1,8,3,0,3,2026-07-15T08:55:44.735349
6,1,9,2,0,2,2026-07-15T08:55:45.437348
6,1,10,3,0,3,2026-07-15T08:55:46.093655
6,2,1,0,0,0,2026-07-15T08:55:46.603736
6,2,2,0,0,0,2026-07-15T08:55:47.106599
6,2,3,0,0,0,2026-07-15T08:55:52.041990
6,2,4,0,0,0,2026-07-15T08:55:52.515585
6,2,5,0,0,0,2026-07-15T08:55:53.024594
6,2,6,0,0,0,2026-07-15T08:55:53.577485
6,2,7,0,0,0,2026-07-15T08:55:54.111744
6,2,8,0,0,0,2026-07-15T08:55:54.717279
6,2,9,0,0,0,2026-07-15T08:55:55.279595
6,2,10,0,0,0,2026-07-15T08:55:55.817847
6,3,1,4,0,4,2026-07-15T08:55:56.308351
6,3,2,4,0,4,2026-07-15T08:55:56.912390
6,3,3,4,0,4,2026-07-15T08:55:57.358129
6,3,4,4,0,4,2026-07-15T08:55:58.001733
6,3,5,4,0,4,2026-07-15T08:55:58.490561
6,3,6,4,0,4,2026-07-15T08:55:59.017485
6,3,7,4,0,4,2026-07-15T08:55:59.500793
6,3,8,4,0,4,2026-07-15T08:55:59.999308
6,3,9,4,0,4,2026-07-15T08:56:01.744684
6,3,10,4,0,4,2026-07-15T08:56:02.226856
6,4,1,0,0,0,2026-07-15T08:56:02.837102
6,4,2,0,0,0,2026-07-15T08:56:03.423980
6,4,3,0,0,0,2026-07-15T08:56:04.125426
6,4,4,0,0,0,2026-07-15T08:56:04.639672
6,4,5,0,0,0,2026-07-15T08:56:05.186813
6,4,6,0,0,0,2026-07-15T08:56:05.911493
6,4,7,0,0,0,2026-07-15T08:56:06.483386
6,4,8,0,0,0,2026-07-15T08:56:06.995800
6,4,9,0,0,0,2026-07-15T08:56:07.678536
6,4,10,0,0,0,2026-07-15T08:56:08.280552
6,5,1,4,0,4,2026-07-15T08:56:08.793148
6,5,2,4,0,4,2026-07-15T08:56:09.316264
6,5,3,4,0,4,2026-07-15T08:56:09.827110
6,5,4,4,0,4,2026-07-15T08:56:10.334364
6,5,5,4,0,4,2026-07-15T08:56:10.806963
6,5,6,4,0,4,2026-07-15T08:56:11.395832
6,5,7,5,0,5,2026-07-15T08:56:11.857431
6,5,8,4,0,4,2026-07-15T08:56:12.395909
6,5,9,4,0,4,2026-07-15T08:56:12.887488
6,5,10,4,0,4,2026-07-15T08:56:13.455621
6,6,1,0,0,0,2026-07-15T08:56:14.010130
6,6,2,0,0,0,2026-07-15T08:56:14.630969
6,6,3,0,0,0,2026-07-15T08:56:15.419990
6,6,4,0,0,0,2026-07-15T08:56:15.976624
6,6,5,0,0,0,2026-07-15T08:56:16.541552
6,6,6,0,0,0,2026-07-15T08:56:17.004548
6,6,7,0,0,0,2026-07-15T08:56:17.504118
6,6,8,0,0,0,2026-07-15T08:56:18.001360
6,6,9,0,0,0,2026-07-15T08:56:18.506472
6,6,10,0,0,0,2026-07-15T08:56:19.011689
6,7,1,4,0,4,2026-07-15T08:56:19.729168
6,7,2,4,0,4,2026-07-15T08:56:20.262188
6,7,3,4,0,4,2026-07-15T08:56:20.760821
6,7,4,4,0,4,2026-07-15T08:56:21.209311
6,7,5,4,0,4,2026-07-15T08:56:21.761120
6,7,6,4,0,4,2026-07-15T08:56:22.250188
6,7,7,4,0,4,2026-07-15T08:56:22.756033
6,7,8,4,0,4,2026-07-15T08:56:23.430905
6,7,9,4,0,4,2026-07-15T08:56:23.892311
6,7,10,4,0,4,2026-07-15T08:56:24.450855
6,8,1,2,0,2,2026-07-15T08:56:24.963683
6,8,2,2,0,2,2026-07-15T08:56:25.474196
6,8,3,2,0,2,2026-07-15T08:56:25.990308
6,8,4,2,0,2,2026-07-15T08:56:26.555514
6,8,5,2,0,2,2026-07-15T08:56:27.105712
6,8,6,2,0,2,2026-07-15T08:56:27.571510
6,8,7,2,0,2,2026-07-15T08:56:28.125134
6,8,8,2,0,2,2026-07-15T08:56:28.798015
6,8,9,2,0,2,2026-07-15T08:56:29.631647
6,8,10,2,0,2,2026-07-15T08:56:30.160743
6,9,1,5,0,5,2026-07-15T08:56:30.680861
6,9,2,5,0,5,2026-07-15T08:56:31.210274
6,9,3,5,0,5,2026-07-15T08:56:31.888857
6,9,4,5,0,5,2026-07-15T08:56:32.408216
6,9,5,5,0,5,2026-07-15T08:56:32.970049
6,9,6,5,0,5,2026-07-15T08:56:33.623478
6,9,7,5,0,5,2026-07-15T08:56:34.313151
6,9,8,5,0,5,2026-07-15T08:56:34.841208
6,9,9,5,0,5,2026-07-15T08:56:35.496332
6,9,10,5,0,5,2026-07-15T08:56:36.155085
7,1,1,4,0,4,2026-07-15T08:56:36.584218
7,1,2,4,0,4,2026-07-15T08:56:36.981136
7,1,3,4,0,4,2026-07-15T08:56:37.420644
7,1,4,4,0,4,2026-07-15T08:56:40.522382
7,1,5,4,0,4,2026-07-15T08:56:41.950481
7,1,6,4,0,4,2026-07-15T08:56:42.369014
7,1,7,4,0,4,2026-07-15T08:56:42.837846
7,1,8,4,0,4,2026-07-15T08:56:43.251561
7,1,9,4,0,4,2026-07-15T08:56:43.809992
7,1,10,4,0,4,2026-07-15T08:56:44.253743
7,2,1,3,0,3,2026-07-15T08:56:44.710158
7,2,2,3,0,3,2026-07-15T08:56:45.205903
7,2,3,3,0,3,2026-07-15T08:56:45.623561
7,2,4,3,0,3,2026-07-15T08:56:46.130734
7,2,5,2,0,2,2026-07-15T08:56:46.624029
7,2,6,3,0,3,2026-07-15T08:56:47.581532
7,2,7,3,0,3,2026-07-15T08:56:48.002252
7,2,8,3,0,3,2026-07-15T08:56:48.473389
7,2,9,3,0,3,2026-07-15T08:56:48.964347
7,2,10,3,0,3,2026-07-15T08:56:49.582672
7,3,1,4,0,4,2026-07-15T08:56:53.631321
7,3,2,4,0,4,2026-07-15T08:56:54.167881
7,3,3,4,0,4,2026-07-15T08:56:54.972597
7,3,4,4,0,4,2026-07-15T08:56:55.483998
7,3,5,4,0,4,2026-07-15T08:56:55.956958
7,3,6,4,0,4,2026-07-15T08:56:56.575663
7,3,7,4,0,4,2026-07-15T08:56:57.280655
7,3,8,4,0,4,2026-07-15T08:56:58.136467
7,3,9,4,0,4,2026-07-15T08:56:58.764955
7,3,10,4,0,4,2026-07-15T08:56:59.261162
7,4,1,2,0,2,2026-07-15T08:56:59.720844
7,4,2,2,0,2,2026-07-15T08:57:00.304010
7,4,3,2,0,2,2026-07-15T08:57:00.848094
7,4,4,2,0,2,2026-07-15T08:57:01.347403
7,4,5,2,0,2,2026-07-15T08:57:01.971884
7,4,6,2,0,2,2026-07-15T08:57:02.568602
7,4,7,2,0,2,2026-07-15T08:57:03.045334
7,4,8,2,0,2,2026-07-15T08:57:03.661797
7,4,9,2,0,2,2026-07-15T08:57:04.178464
7,4,10,2,0,2,2026-07-15T08:57:04.682342
7,5,1,4,0,4,2026-07-15T08:57:05.125186
7,5,2,4,0,4,2026-07-15T08:57:05.810356
7,5,3,4,0,4,2026-07-15T08:57:06.243653
7,5,4,4,0,4,2026-07-15T08:57:06.736743
7,5,5,4,0,4,2026-07-15T08:57:07.185609
7,5,6,4,0,4,2026-07-15T08:57:07.686348
7,5,7,4,0,4,2026-07-15T08:57:08.082746
7,5,8,4,0,4,2026-07-15T08:57:08.479345
7,5,9,4,0,4,2026-07-15T08:57:08.918046
7,5,10,4,0,4,2026-07-15T08:57:09.360290
7,6,1,2,0,2,2026-07-15T08:57:09.906924
7,6,2,2,0,2,2026-07-15T08:57:10.391145
7,6,3,2,0,2,2026-07-15T08:57:10.989985
7,6,4,2,0,2,2026-07-15T08:57:11.471498
7,6,5,2,0,2,2026-07-15T08:57:12.096264
7,6,6,2,0,2,2026-07-15T08:57:12.623527
7,6,7,2,0,2,2026-07-15T08:57:19.690460
7,6,8,2,0,2,2026-07-15T08:57:20.284971
7,6,9,2,0,2,2026-07-15T08:57:21.109915
7,6,10,2,0,2,2026-07-15T08:57:21.824234
7,7,1,4,0,4,2026-07-15T08:57:22.403007
7,7,2,4,0,4,2026-07-15T08:57:22.953512
7,7,3,4,0,4,2026-07-15T08:57:23.477736
7,7,4,4,0,4,2026-07-15T08:57:24.015953
7,7,5,4,0,4,2026-07-15T08:57:24.558992
7,7,6,4,0,4,2026-07-15T08:57:25.102610
7,7,7,4,0,4,2026-07-15T08:57:25.603167
7,7,8,4,0,4,2026-07-15T08:57:26.473221
7,7,9,4,0,4,2026-07-15T08:57:27.041908
7,7,10,4,0,4,2026-07-15T08:57:27.542899
7,8,1,3,0,3,2026-07-15T08:57:28.122382
7,8,2,2,0,2,2026-07-15T08:57:28.781906
7,8,3,3,0,3,2026-07-15T08:57:29.324771
7,8,4,3,0,3,2026-07-15T08:57:29.968574
7,8,5,2,0,2,2026-07-15T08:57:30.469365
7,8,6,3,0,3,2026-07-15T08:57:31.023316
7,8,7,2,0,2,2026-07-15T08:57:31.524557
7,8,8,2,0,2,2026-07-15T08:57:32.045776
7,8,9,3,0,3,2026-07-15T08:57:32.593685
7,8,10,2,0,2,2026-07-15T08:57:33.082937
7,9,1,4,0,4,2026-07-15T08:57:33.613726
7,9,2,4,0,4,2026-07-15T08:57:34.259295
7,9,3,4,0,4,2026-07-15T08:57:34.722591
7,9,4,4,0,4,2026-07-15T08:57:35.283220
7,9,5,4,0,4,2026-07-15T08:57:35.776163
7,9,6,4,0,4,2026-07-15T08:57:36.267192
7,9,7,4,0,4,2026-07-15T08:57:36.938501
7,9,8,4,0,4,2026-07-15T08:57:37.597907
7,9,9,4,0,4,2026-07-15T08:57:38.072947
7,9,10,4,0,4,2026-07-15T08:57:38.599248
8,1,1,2,0,2,2026-07-15T08:57:39.009184
8,1,2,2,0,2,2026-07-15T08:57:39.489825
8,1,3,2,0,2,2026-07-15T08:57:40.156006
8,1,4,2,0,2,2026-07-15T08:57:40.604305
8,1,5,2,0,2,2026-07-15T08:57:41.221859
8,1,6,2,0,2,2026-07-15T08:57:41.980759
8,1,7,2,0,2,2026-07-15T08:57:42.717353
8,1,8,2,0,2,2026-07-15T08:57:43.105369
8,1,9,2,0,2,2026-07-15T08:57:43.585826
8,1,10,3,0,3,2026-07-15T08:57:44.063371
8,2,1,2,0,2,2026-07-15T08:57:44.622715
8,2,2,2,0,2,2026-07-15T08:57:45.110715
8,2,3,2,0,2,2026-07-15T08:57:45.594661
8,2,4,2,0,2,2026-07-15T08:57:48.018239
8,2,5,2,0,2,2026-07-15T08:57:48.535581
8,2,6,2,0,2,2026-07-15T08:57:49.058070
8,2,7,2,0,2,2026-07-15T08:57:49.519968
8,2,8,2,0,2,2026-07-15T08:57:50.295085
8,2,9,2,0,2,2026-07-15T08:57:50.894961
8,2,10,2,0,2,2026-07-15T08:57:51.488535
8,3,1,2,0,2,2026-07-15T08:57:51.877748
8,3,2,2,0,2,2026-07-15T08:57:52.494719
8,3,3,2,0,2,2026-07-15T08:57:52.938448
8,3,4,2,0,2,2026-07-15T08:57:53.408170
8,3,5,2,0,2,2026-07-15T08:57:53.888895
8,3,6,2,0,2,2026-07-15T08:57:54.319967
8,3,7,2,0,2,2026-07-15T08:57:54.747756
8,3,8,3,0,3,2026-07-15T08:57:55.173000
8,3,9,2,0,2,2026-07-15T08:58:02.045417
8,3,10,2,0,2,2026-07-15T08:58:02.536417
8,4,1,2,0,2,2026-07-15T08:58:03.008678
8,4,2,2,0,2,2026-07-15T08:58:04.372630
8,4,3,2,0,2,2026-07-15T08:58:04.959104
8,4,4,2,0,2,2026-07-15T08:58:08.080483
8,4,5,2,0,2,2026-07-15T08:58:08.628539
8,4,6,2,0,2,2026-07-15T08:58:09.103097
8,4,7,2,0,2,2026-07-15T08:58:09.713678
8,4,8,2,0,2,2026-07-15T08:58:10.157041
8,4,9,2,0,2,2026-07-15T08:58:10.562962
8,4,10,2,0,2,2026-07-15T08:58:10.999500
8,5,1,4,0,4,2026-07-15T08:58:11.603286
8,5,2,4,0,4,2026-07-15T08:58:12.308468
8,5,3,4,0,4,2026-07-15T08:58:12.853788
8,5,4,4,0,4,2026-07-15T08:58:13.387145
8,5,5,4,0,4,2026-07-15T08:58:13.961046
8,5,6,4,0,4,2026-07-15T08:58:14.655458
8,5,7,4,0,4,2026-07-15T08:58:15.309274
8,5,8,4,0,4,2026-07-15T08:58:15.806028
8,5,9,4,0,4,2026-07-15T08:58:16.439773
8,5,10,4,0,4,2026-07-15T08:58:17.226110
8,6,1,2,0,2,2026-07-15T08:58:17.787308
8,6,2,2,0,2,2026-07-15T08:58:18.509424
8,6,3,2,0,2,2026-07-15T08:58:19.022277
8,6,4,2,0,2,2026-07-15T08:58:19.489179
8,6,5,2,0,2,2026-07-15T08:58:20.029099
8,6,6,2,0,2,2026-07-15T08:58:20.490774
8,6,7,2,0,2,2026-07-15T08:58:20.957637
8,6,8,2,0,2,2026-07-15T08:58:21.474343
8,6,9,2,0,2,2026-07-15T08:58:21.993801
8,6,10,2,0,2,2026-07-15T08:58:22.925014
8,7,1,4,0,4,2026-07-15T08:58:23.373352
8,7,2,4,0,4,2026-07-15T08:58:23.824279
8,7,3,4,0,4,2026-07-15T08:58:24.332249
8,7,4,4,0,4,2026-07-15T08:58:24.779794
8,7,5,4,0,4,2026-07-15T08:58:25.769078
8,7,6,4,0,4,2026-07-15T08:58:26.210824
8,7,7,4,0,4,2026-07-15T08:58:26.684520
8,7,8,4,0,4,2026-07-15T08:58:27.220967
8,7,9,4,0,4,2026-07-15T08:58:27.836381
8,7,10,4,0,4,2026-07-15T08:58:28.326442
8,8,1,2,0,2,2026-07-15T08:58:28.886325
8,8,2,2,0,2,2026-07-15T08:58:29.480954
8,8,3,2,0,2,2026-07-15T08:58:30.049694
8,8,4,2,0,2,2026-07-15T08:58:30.500652
8,8,5,2,0,2,2026-07-15T08:58:31.085300
8,8,6,2,0,2,2026-07-15T08:58:31.612356
8,8,7,2,0,2,2026-07-15T08:58:32.167992
8,8,8,2,0,2,2026-07-15T08:58:32.778982
8,8,9,2,0,2,2026-07-15T08:58:33.361058
8,8,10,2,0,2,2026-07-15T08:58:33.894156
8,9,1,4,0,4,2026-07-15T08:58:34.289088
8,9,2,4,0,4,2026-07-15T08:58:34.746121
8,9,3,4,0,4,2026-07-15T08:58:35.227947
8,9,4,4,0,4,2026-07-15T08:58:36.576239
8,9,5,4,0,4,2026-07-15T08:58:37.102091
8,9,6,4,0,4,2026-07-15T08:58:37.613040
8,9,7,4,0,4,2026-07-15T08:58:38.216605
8,9,8,4,0,4,2026-07-15T08:58:38.795933
8,9,9,4,0,4,2026-07-15T08:58:39.238493
8,9,10,4,0,4,2026-07-15T08:58:39.639603
9,1,1,2,0,2,2026-07-15T08:58:40.081738
9,1,2,2,0,2,2026-07-15T08:58:40.531693
9,1,3,2,0,2,2026-07-15T08:58:41.069193
9,1,4,2,0,2,2026-07-15T08:58:41.520855
9,1,5,3,0,3,2026-07-15T08:58:42.118507
9,1,6,2,0,2,2026-07-15T08:58:42.541597
9,1,7,2,0,2,2026-07-15T08:58:43.006899
9,1,8,2,0,2,2026-07-15T08:58:43.460565
9,1,9,2,0,2,2026-07-15T08:58:43.907560
9,1,10,2,0,2,2026-07-15T08:58:44.451799
9,2,1,2,0,2,2026-07-15T08:58:44.932839
9,2,2,2,0,2,2026-07-15T08:58:45.456191
9,2,3,2,0,2,2026-07-15T08:58:45.942933
9,2,4,2,0,2,2026-07-15T08:58:47.245869
9,2,5,2,0,2,2026-07-15T08:58:47.800500
9,2,6,2,0,2,2026-07-15T08:58:51.421434
9,2,7,2,0,2,2026-07-15T08:58:51.923413
9,2,8,2,0,2,2026-07-15T08:58:52.429844
9,2,9,2,0,2,2026-07-15T08:58:53.228176
9,2,10,2,0,2,2026-07-15T08:58:53.895063
9,3,1,4,0,4,2026-07-15T08:58:57.357625
9,3,2,4,0,4,2026-07-15T08:58:57.803455
9,3,3,4,0,4,2026-07-15T08:58:58.345062
9,3,4,4,0,4,2026-07-15T08:58:58.878047
9,3,5,4,0,4,2026-07-15T08:58:59.368583
9,3,6,4,0,4,2026-07-15T08:59:00.397383
9,3,7,4,0,4,2026-07-15T08:59:00.939976
9,3,8,4,0,4,2026-07-15T08:59:01.494016
9,3,9,4,0,4,2026-07-15T08:59:01.963968
9,3,10,4,0,4,2026-07-15T08:59:02.500206
9,4,1,2,0,2,2026-07-15T08:59:02.929180
9,4,2,2,0,2,2026-07-15T08:59:03.431056
9,4,3,2,0,2,2026-07-15T08:59:03.870089
9,4,4,2,0,2,2026-07-15T08:59:04.315774
9,4,5,2,0,2,2026-07-15T08:59:04.783119
9,4,6,2,0,2,2026-07-15T08:59:07.695992
9,4,7,2,0,2,2026-07-15T08:59:08.230516
9,4,8,2,0,2,2026-07-15T08:59:08.904709
9,4,9,2,0,2,2026-07-15T08:59:09.581504
9,4,10,2,0,2,2026-07-15T08:59:10.231929
9,5,1,4,0,4,2026-07-15T08:59:10.687857
9,5,2,4,0,4,2026-07-15T08:59:11.137164
9,5,3,4,0,4,2026-07-15T08:59:11.566850
9,5,4,4,0,4,2026-07-15T08:59:12.180450
9,5,5,4,0,4,2026-07-15T08:59:14.022046
9,5,6,4,0,4,2026-07-15T08:59:14.472193
9,5,7,4,0,4,2026-07-15T08:59:14.936079
9,5,8,4,0,4,2026-07-15T08:59:15.501408
9,5,9,4,0,4,2026-07-15T08:59:16.108428
9,5,10,4,0,4,2026-07-15T08:59:16.652274
9,6,1,2,0,2,2026-07-15T08:59:17.054368
9,6,2,2,0,2,2026-07-15T08:59:17.497710
9,6,3,2,0,2,2026-07-15T08:59:17.857295
9,6,4,2,0,2,2026-07-15T08:59:18.539741
9,6,5,2,0,2,2026-07-15T08:59:18.945533
9,6,6,2,0,2,2026-07-15T08:59:19.536041
9,6,7,2,0,2,2026-07-15T08:59:19.953508
9,6,8,2,0,2,2026-07-15T08:59:20.608592
9,6,9,2,0,2,2026-07-15T08:59:21.050507
9,6,10,2,0,2,2026-07-15T08:59:21.509274
9,7,1,4,0,4,2026-07-15T08:59:22.055603
9,7,2,4,0,4,2026-07-15T08:59:22.540691
9,7,3,4,0,4,2026-07-15T08:59:23.037930
9,7,4,4,0,4,2026-07-15T08:59:23.522881
9,7,5,4,0,4,2026-07-15T08:59:24.153482
9,7,6,4,0,4,2026-07-15T08:59:24.628834
9,7,7,4,0,4,2026-07-15T08:59:25.164191
9,7,8,4,0,4,2026-07-15T08:59:25.814260
9,7,9,4,0,4,2026-07-15T08:59:26.291381
9,7,10,4,0,4,2026-07-15T08:59:26.951670
9,8,1,2,0,2,2026-07-15T08:59:27.669160
9,8,2,2,0,2,2026-07-15T08:59:28.111468
9,8,3,2,0,2,2026-07-15T08:59:28.527879
9,8,4,2,0,2,2026-07-15T08:59:29.017933
9,8,5,2,0,2,2026-07-15T08:59:29.579648
9,8,6,2,0,2,2026-07-15T08:59:30.046242
9,8,7,2,0,2,2026-07-15T08:59:30.500933
9,8,8,2,0,2,2026-07-15T08:59:30.985533
9,8,9,2,0,2,2026-07-15T08:59:31.474075
9,8,10,2,0,2,2026-07-15T08:59:31.913358
9,9,1,4,0,4,2026-07-15T08:59:32.437531
9,9,2,4,0,4,2026-07-15T08:59:32.908510
9,9,3,4,0,4,2026-07-15T08:59:33.408401
9,9,4,4,0,4,2026-07-15T08:59:33.931305
9,9,5,4,0,4,2026-07-15T08:59:34.657979
9,9,6,4,0,4,2026-07-15T08:59:35.096463
9,9,7,4,0,4,2026-07-15T08:59:35.620594
9,9,8,4,0,4,2026-07-15T08:59:36.187893
9,9,9,4,0,4,2026-07-15T08:59:36.659277
9,9,10,4,0,4,2026-07-15T08:59:37.144806
10,1,1,4,0,4,2026-07-15T08:59:37.532642
10,1,2,4,0,4,2026-07-15T08:59:37.974241
10,1,3,4,0,4,2026-07-15T08:59:38.534211
10,1,4,4,0,4,2026-07-15T08:59:38.950792
10,1,5,4,0,4,2026-07-15T08:59:39.375927
10,1,6,4,0,4,2026-07-15T08:59:39.860418
10,1,7,4,0,4,2026-07-15T08:59:40.685421
10,1,8,4,0,4,2026-07-15T08:59:41.224238
10,1,9,4,0,4,2026-07-15T08:59:41.658236
10,1,10,4,0,4,2026-07-15T08:59:42.146313
10,2,1,2,0,2,2026-07-15T08:59:43.056852
10,2,2,2,0,2,2026-07-15T08:59:43.791100
10,2,3,2,0,2,2026-07-15T08:59:44.307875
10,2,4,2,0,2,2026-07-15T08:59:44.766956
10,2,5,2,0,2,2026-07-15T08:59:45.234923
10,2,6,2,0,2,2026-07-15T08:59:45.634578
10,2,7,2,0,2,2026-07-15T08:59:46.063190
10,2,8,2,0,2,2026-07-15T08:59:46.599129
10,2,9,2,0,2,2026-07-15T08:59:47.003030
10,2,10,2,0,2,2026-07-15T08:59:47.397930
10,3,1,4,0,4,2026-07-15T08:59:47.877921
10,3,2,4,0,4,2026-07-15T08:59:49.748981
10,3,3,4,0,4,2026-07-15T08:59:53.648630
10,3,4,4,0,4,2026-07-15T08:59:54.046363
10,3,5,4,0,4,2026-07-15T08:59:54.748317
10,3,6,4,0,4,2026-07-15T08:59:55.239061
10,3,7,4,0,4,2026-07-15T08:59:55.699433
10,3,8,4,0,4,2026-07-15T08:59:56.290391
10,3,9,4,0,4,2026-07-15T08:59:56.766553
10,3,10,4,0,4,2026-07-15T08:59:57.348662
10,4,1,2,0,2,2026-07-15T08:59:57.979794
10,4,2,2,0,2,2026-07-15T08:59:58.707508
10,4,3,2,0,2,2026-07-15T08:59:59.177974
10,4,4,2,0,2,2026-07-15T08:59:59.662665
10,4,5,2,0,2,2026-07-15T09:00:00.188365
10,4,6,2,0,2,2026-07-15T09:00:00.711710
10,4,7,2,0,2,2026-07-15T09:00:01.263286
10,4,8,1,0,1,2026-07-15T09:00:01.991091
10,4,9,2,0,2,2026-07-15T09:00:02.688587
10,4,10,1,0,1,2026-07-15T09:00:03.213953
10,5,1,4,0,4,2026-07-15T09:00:03.883682
10,5,2,4,0,4,2026-07-15T09:00:04.435612
10,5,3,4,0,4,2026-07-15T09:00:04.950294
10,5,4,4,0,4,2026-07-15T09:00:05.701450
10,5,5,4,0,4,2026-07-15T09:00:06.448880
10,5,6,4,0,4,2026-07-15T09:00:06.935044
10,5,7,4,0,4,2026-07-15T09:00:07.557247
10,5,8,4,0,4,2026-07-15T09:00:08.273822
10,5,9,4,0,4,2026-07-15T09:00:08.815365
10,5,10,4,0,4,2026-07-15T09:00:09.350285
10,6,1,1,0,1,2026-07-15T09:00:10.659975
10,6,2,1,0,1,2026-07-15T09:00:11.970637
10,6,3,1,0,1,2026-07-15T09:00:12.541080
10,6,4,1,0,1,2026-07-15T09:00:12.997694
10,6,5,1,0,1,2026-07-15T09:00:13.523438
10,6,6,1,0,1,2026-07-15T09:00:14.157206
10,6,7,1,0,1,2026-07-15T09:00:14.818399
10,6,8,1,0,1,2026-07-15T09:00:15.650820
10,6,9,1,0,1,2026-07-15T09:00:18.470738
10,6,10,1,0,1,2026-07-15T09:00:18.950127
10,7,1,4,0,4,2026-07-15T09:00:19.671159
10,7,2,4,0,4,2026-07-15T09:00:20.133823
10,7,3,4,0,4,2026-07-15T09:00:20.958151
10,7,4,4,0,4,2026-07-15T09:00:21.493170
10,7,5,4,0,4,2026-07-15T09:00:21.965186
10,7,6,4,0,4,2026-07-15T09:00:22.650152
10,7,7,4,0,4,2026-07-15T09:00:23.202554
10,7,8,4,0,4,2026-07-15T09:00:23.916504
10,7,9,4,0,4,2026-07-15T09:00:24.444418
10,7,10,4,0,4,2026-07-15T09:00:25.160580
10,8,1,3,0,3,2026-07-15T09:00:25.735866
10,8,2,3,0,3,2026-07-15T09:00:26.242275
10,8,3,3,0,3,2026-07-15T09:00:26.884944
10,8,4,3,0,3,2026-07-15T09:00:27.478696
10,8,5,3,0,3,2026-07-15T09:00:28.690671
10,8,6,3,0,3,2026-07-15T09:00:29.503401
10,8,7,3,0,3,2026-07-15T09:00:30.179932
10,8,8,3,0,3,2026-07-15T09:00:31.080595
10,8,9,3,0,3,2026-07-15T09:00:31.746867
10,8,10,3,0,3,2026-07-15T09:00:32.348560
10,9,1,4,0,4,2026-07-15T09:00:32.800448
10,9,2,4,0,4,2026-07-15T09:00:33.361177
10,9,3,4,0,4,2026-07-15T09:00:33.915661
10,9,4,4,0,4,2026-07-15T09:00:34.527442
10,9,5,4,0,4,2026-07-15T09:00:35.077023
10,9,6,4,0,4,2026-07-15T09:00:35.579599
10,9,7,4,0,4,2026-07-15T09:00:36.041998
10,9,8,4,0,4,2026-07-15T09:00:36.879355
10,9,9,4,0,4,2026-07-15T09:00:37.498210
10,9,10,4,0,4,2026-07-15T09:00:43.286273
11,1,1,3,0,3,2026-07-15T09:00:43.904234
11,1,2,3,0,3,2026-07-15T09:00:44.455422
11,1,3,3,0,3,2026-07-15T09:00:44.958616
11,1,4,3,0,3,2026-07-15T09:00:45.447601
11,1,5,3,0,3,2026-07-15T09:00:46.638506
11,1,6,3,0,3,2026-07-15T09:00:47.244686
11,1,7,3,0,3,2026-07-15T09:00:47.883288
11,1,8,3,0,3,2026-07-15T09:00:48.636283
11,1,9,3,0,3,2026-07-15T09:00:49.237726
11,1,10,3,0,3,2026-07-15T09:00:49.766265
11,2,1,2,0,2,2026-07-15T09:00:50.531835
11,2,2,2,0,2,2026-07-15T09:00:51.043824
11,2,3,2,0,2,2026-07-15T09:00:51.835147
11,2,4,2,0,2,2026-07-15T09:00:52.417824
11,2,5,2,0,2,2026-07-15T09:00:53.109941
11,2,6,2,0,2,2026-07-15T09:00:53.955968
11,2,7,2,0,2,2026-07-15T09:00:54.435887
11,2,8,2,0,2,2026-07-15T09:00:54.932900
11,2,9,2,0,2,2026-07-15T09:00:55.516538
11,2,10,2,0,2,2026-07-15T09:00:56.237461
11,3,1,4,0,4,2026-07-15T09:00:56.917879
11,3,2,4,0,4,2026-07-15T09:00:57.453120
11,3,3,4,0,4,2026-07-15T09:00:58.096495
11,3,4,4,0,4,2026-07-15T09:00:58.636566
11,3,5,4,0,4,2026-07-15T09:00:59.231792
11,3,6,4,0,4,2026-07-15T09:00:59.724077
11,3,7,4,0,4,2026-07-15T09:01:00.928790
11,3,8,4,0,4,2026-07-15T09:01:01.505892
11,3,9,4,0,4,2026-07-15T09:01:02.387786
11,3,10,4,0,4,2026-07-15T09:01:03.015844
11,4,1,2,0,2,2026-07-15T09:01:03.467064
11,4,2,2,0,2,2026-07-15T09:01:03.939329
11,4,3,2,0,2,2026-07-15T09:01:04.505917
11,4,4,2,0,2,2026-07-15T09:01:05.217828
11,4,5,2,0,2,2026-07-15T09:01:05.757953
11,4,6,2,0,2,2026-07-15T09:01:06.234333
11,4,7,2,0,2,2026-07-15T09:01:06.989171
11,4,8,2,0,2,2026-07-15T09:01:07.485031
11,4,9,2,0,2,2026-07-15T09:01:08.246355
11,4,10,1,0,1,2026-07-15T09:01:08.699977
11,5,1,4,0,4,2026-07-15T09:01:09.455147
11,5,2,4,0,4,2026-07-15T09:01:10.087818
11,5,3,4,0,4,2026-07-15T09:01:10.694395
11,5,4,4,0,4,2026-07-15T09:01:11.134028
11,5,5,4,0,4,2026-07-15T09:01:11.654518
11,5,6,4,0,4,2026-07-15T09:01:12.114590
11,5,7,4,0,4,2026-07-15T09:01:12.561409
11,5,8,4,0,4,2026-07-15T09:01:13.566201
11,5,9,4,0,4,2026-07-15T09:01:14.326858
11,5,10,4,0,4,2026-07-15T09:01:14.842812
11,6,1,0,0,0,2026-07-15T09:01:15.333242
11,6,2,0,0,0,2026-07-15T09:01:15.822250
11,6,3,0,0,0,2026-07-15T09:01:16.433060
11,6,4,0,0,0,2026-07-15T09:01:17.267738
11,6,5,0,0,0,2026-07-15T09:01:17.803273
11,6,6,0,0,0,2026-07-15T09:01:18.574684
11,6,7,0,0,0,2026-07-15T09:01:19.323851
11,6,8,0,0,0,2026-07-15T09:01:19.930025
11,6,9,0,0,0,2026-07-15T09:01:21.045096
11,6,10,0,0,0,2026-07-15T09:01:21.777666
11,7,1,4,0,4,2026-07-15T09:01:22.346760
11,7,2,4,0,4,2026-07-15T09:01:22.915561
11,7,3,4,0,4,2026-07-15T09:01:23.632929
11,7,4,4,0,4,2026-07-15T09:01:24.483206
11,7,5,4,0,4,2026-07-15T09:01:25.118840
11,7,6,4,0,4,2026-07-15T09:01:25.630137
11,7,7,4,0,4,2026-07-15T09:01:26.153725
11,7,8,4,0,4,2026-07-15T09:01:26.674076
11,7,9,4,0,4,2026-07-15T09:01:27.235244
11,7,10,4,0,4,2026-07-15T09:01:27.813392
11,8,1,2,0,2,2026-07-15T09:01:28.512439
11,8,2,2,0,2,2026-07-15T09:01:29.179913
11,8,3,2,0,2,2026-07-15T09:01:29.829127
11,8,4,2,0,2,2026-07-15T09:01:30.728425
11,8,5,2,0,2,2026-07-15T09:01:38.214617
11,8,6,2,0,2,2026-07-15T09:01:38.721949
11,8,7,2,0,2,2026-07-15T09:01:39.350153
11,8,8,2,0,2,2026-07-15T09:01:39.942613
11,8,9,2,0,2,2026-07-15T09:01:40.536414
11,8,10,2,0,2,2026-07-15T09:01:41.154230
11,9,1,4,0,4,2026-07-15T09:01:41.672047
11,9,2,4,0,4,2026-07-15T09:01:42.184871
11,9,3,4,0,4,2026-07-15T09:01:43.191499
11,9,4,4,0,4,2026-07-15T09:01:43.776529
11,9,5,4,0,4,2026-07-15T09:01:44.360045
11,9,6,4,0,4,2026-07-15T09:01:45.017515
11,9,7,4,0,4,2026-07-15T09:01:45.553319
11,9,8,4,0,4,2026-07-15T09:01:46.086741
11,9,9,4,0,4,2026-07-15T09:01:46.610998
11,9,10,4,0,4,2026-07-15T09:01:47.111365
12,1,1,4,0,4,2026-07-15T09:01:47.925566
12,1,2,4,0,4,2026-07-15T09:01:48.469719
12,1,3,4,0,4,2026-07-15T09:01:48.980551
12,1,4,4,0,4,2026-07-15T09:01:49.547885
12,1,5,4,0,4,2026-07-15T09:01:50.094917
12,1,6,4,0,4,2026-07-15T09:01:50.629221
12,1,7,4,0,4,2026-07-15T09:01:51.147861
12,1,8,4,0,4,2026-07-15T09:01:51.904043
12,1,9,4,0,4,2026-07-15T09:01:52.366897
12,1,10,4,0,4,2026-07-15T09:01:53.224522
12,2,1,0,0,0,2026-07-15T09:01:53.657568
12,2,2,0,0,0,2026-07-15T09:01:54.120646
12,2,3,0,0,0,2026-07-15T09:01:54.735222
12,2,4,0,0,0,2026-07-15T09:01:55.150312
12,2,5,0,0,0,2026-07-15T09:01:55.586591
12,2,6,0,0,0,2026-07-15T09:02:07.284804
12,2,7,0,0,0,2026-07-15T09:02:07.843481
12,2,8,0,0,0,2026-07-15T09:02:08.355292
12,2,9,0,0,0,2026-07-15T09:02:08.842252
12,2,10,0,0,0,2026-07-15T09:02:09.296595
12,3,1,5,0,5,2026-07-15T09:02:09.886834
12,3,2,5,0,5,2026-07-15T09:02:10.490176
12,3,3,4,0,4,2026-07-15T09:02:11.068249
12,3,4,5,0,5,2026-07-15T09:02:11.626345
12,3,5,5,0,5,2026-07-15T09:02:12.291283
12,3,6,5,0,5,2026-07-15T09:02:12.937429
12,3,7,5,0,5,2026-07-15T09:02:13.573620
12,3,8,5,0,5,2026-07-15T09:02:14.095012
12,3,9,5,0,5,2026-07-15T09:02:14.761430
12,3,10,5,0,5,2026-07-15T09:02:15.371551
12,4,1,0,0,0,2026-07-15T09:02:15.831939
12,4,2,2,0,2,2026-07-15T09:02:16.572824
12,4,3,0,0,0,2026-07-15T09:02:17.201783
12,4,4,2,0,2,2026-07-15T09:02:17.705472
12,4,5,0,0,0,2026-07-15T09:02:18.175162
12,4,6,0,0,0,2026-07-15T09:02:18.763467
12,4,7,0,0,0,2026-07-15T09:02:19.246172
12,4,8,2,0,2,2026-07-15T09:02:19.767343
12,4,9,0,0,0,2026-07-15T09:02:20.571219
12,4,10,0,0,0,2026-07-15T09:02:21.355752
12,5,1,4,0,4,2026-07-15T09:02:21.897788
12,5,2,4,0,4,2026-07-15T09:02:22.371924
12,5,3,4,0,4,2026-07-15T09:02:22.876943
12,5,4,4,0,4,2026-07-15T09:02:23.368156
12,5,5,4,0,4,2026-07-15T09:02:23.797184
12,5,6,4,0,4,2026-07-15T09:02:24.477735
12,5,7,4,0,4,2026-07-15T09:02:24.977450
12,5,8,4,0,4,2026-07-15T09:02:25.432907
12,5,9,4,0,4,2026-07-15T09:02:26.244364
12,5,10,4,0,4,2026-07-15T09:02:26.878124
12,6,1,0,0,0,2026-07-15T09:02:27.455879
12,6,2,0,0,0,2026-07-15T09:02:27.957424
12,6,3,0,0,0,2026-07-15T09:02:28.393300
12,6,4,0,0,0,2026-07-15T09:02:28.818002
12,6,5,0,0,0,2026-07-15T09:02:29.527821
12,6,6,0,0,0,2026-07-15T09:02:30.219440
12,6,7,0,0,0,2026-07-15T09:02:30.692259
12,6,8,0,0,0,2026-07-15T09:02:31.470394
12,6,9,0,0,0,2026-07-15T09:02:32.260134
12,6,10,0,0,0,2026-07-15T09:02:32.783682
12,7,1,5,0,5,2026-07-15T09:02:33.235734
12,7,2,5,0,5,2026-07-15T09:02:33.756531
12,7,3,5,0,5,2026-07-15T09:02:34.743234
12,7,4,5,0,5,2026-07-15T09:02:35.313762
12,7,5,5,0,5,2026-07-15T09:02:36.005568
12,7,6,5,0,5,2026-07-15T09:02:36.484687
12,7,7,5,0,5,2026-07-15T09:02:37.144138
12,7,8,5,0,5,2026-07-15T09:02:37.828571
12,7,9,5,0,5,2026-07-15T09:02:46.781867
12,7,10,5,0,5,2026-07-15T09:02:47.523577
12,8,1,1,0,1,2026-07-15T09:02:48.162060
12,8,2,2,0,2,2026-07-15T09:02:48.894104
12,8,3,2,0,2,2026-07-15T09:02:49.580609
12,8,4,2,0,2,2026-07-15T09:02:50.144702
12,8,5,2,0,2,2026-07-15T09:02:50.694141
12,8,6,2,0,2,2026-07-15T09:02:51.422184
12,8,7,1,0,1,2026-07-15T09:02:51.924102
12,8,8,1,0,1,2026-07-15T09:02:52.433635
12,8,9,1,0,1,2026-07-15T09:02:53.093188
12,8,10,1,0,1,2026-07-15T09:02:53.611530
12,9,1,5,0,5,2026-07-15T09:02:54.205342
12,9,2,5,0,5,2026-07-15T09:02:54.949900
12,9,3,5,0,5,2026-07-15T09:02:55.586677
12,9,4,5,0,5,2026-07-15T09:02:56.273356
12,9,5,5,0,5,2026-07-15T09:02:56.763965
12,9,6,5,0,5,2026-07-15T09:02:57.243106
12,9,7,5,0,5,2026-07-15T09:02:58.019477
12,9,8,5,0,5,2026-07-15T09:02:58.797636
12,9,9,5,0,5,2026-07-15T09:02:59.626188
12,9,10,5,0,5,2026-07-15T09:03:00.141177
13,1,1,4,0,4,2026-07-15T09:03:00.944918
13,1,2,4,0,4,2026-07-15T09:03:01.538673
13,1,3,4,0,4,2026-07-15T09:03:01.949031
13,1,4,4,0,4,2026-07-15T09:03:02.468885
13,1,5,4,0,4,2026-07-15T09:03:02.856071
13,1,6,4,0,4,2026-07-15T09:03:03.358832
13,1,7,4,0,4,2026-07-15T09:03:04.002676
13,1,8,4,0,4,2026-07-15T09:03:04.534611
13,1,9,4,0,4,2026-07-15T09:03:05.261296
13,1,10,4,0,4,2026-07-15T09:03:05.755879
13,2,1,1,0,1,2026-07-15T09:03:06.639850
13,2,2,1,0,1,2026-07-15T09:03:07.156885
13,2,3,1,0,1,2026-07-15T09:03:07.674000
13,2,4,1,0,1,2026-07-15T09:03:08.158155
13,2,5,1,0,1,2026-07-15T09:03:08.898469
13,2,6,1,0,1,2026-07-15T09:03:09.546782
13,2,7,1,0,1,2026-07-15T09:03:10.101139
13,2,8,1,0,1,2026-07-15T09:03:10.989258
13,2,9,1,0,1,2026-07-15T09:03:11.567627
13,2,10,1,0,1,2026-07-15T09:03:12.198028
13,3,1,4,0,4,2026-07-15T09:03:12.734581
13,3,2,4,0,4,2026-07-15T09:03:13.279400
13,3,3,4,0,4,2026-07-15T09:03:13.798194
13,3,4,4,0,4,2026-07-15T09:03:14.463090
13,3,5,4,0,4,2026-07-15T09:03:15.049194
13,3,6,4,0,4,2026-07-15T09:03:15.577053
13,3,7,4,0,4,2026-07-15T09:03:16.441458
13,3,8,4,0,4,2026-07-15T09:03:17.215263
13,3,9,4,0,4,2026-07-15T09:03:17.723761
13,3,10,4,0,4,2026-07-15T09:03:18.250356
13,4,1,2,0,2,2026-07-15T09:03:18.845653
13,4,2,2,0,2,2026-07-15T09:03:19.416761
13,4,3,2,0,2,2026-07-15T09:03:19.993300
13,4,4,2,0,2,2026-07-15T09:03:20.476344
13,4,5,2,0,2,2026-07-15T09:03:21.030943
13,4,6,2,0,2,2026-07-15T09:03:21.765965
13,4,7,2,0,2,2026-07-15T09:03:22.334987
13,4,8,2,0,2,2026-07-15T09:03:22.798580
13,4,9,2,0,2,2026-07-15T09:03:23.355706
13,4,10,2,0,2,2026-07-15T09:03:23.901596
13,5,1,4,0,4,2026-07-15T09:03:24.452183
13,5,2,4,0,4,2026-07-15T09:03:24.979585
13,5,3,4,0,4,2026-07-15T09:03:26.096563
13,5,4,4,0,4,2026-07-15T09:03:26.622489
13,5,5,4,0,4,2026-07-15T09:03:27.208959
13,5,6,4,0,4,2026-07-15T09:03:28.007852
13,5,7,4,0,4,2026-07-15T09:03:28.630769
13,5,8,4,0,4,2026-07-15T09:03:29.175410
13,5,9,4,0,4,2026-07-15T09:03:29.675398
13,5,10,4,0,4,2026-07-15T09:03:30.260640
13,6,1,1,0,1,2026-07-15T09:03:30.805405
13,6,2,1,0,1,2026-07-15T09:03:31.355010
13,6,3,1,0,1,2026-07-15T09:03:31.879945
13,6,4,1,0,1,2026-07-15T09:03:32.420952
13,6,5,1,0,1,2026-07-15T09:03:33.035792
13,6,6,1,0,1,2026-07-15T09:03:33.763610
13,6,7,1,0,1,2026-07-15T09:03:34.281748
13,6,8,1,0,1,2026-07-15T09:03:34.964428
13,6,9,1,0,1,2026-07-15T09:03:35.439531
13,6,10,1,0,1,2026-07-15T09:03:36.017056
13,7,1,4,0,4,2026-07-15T09:03:36.525683
13,7,2,4,0,4,2026-07-15T09:03:37.054537
13,7,3,4,0,4,2026-07-15T09:03:37.545478
13,7,4,4,0,4,2026-07-15T09:03:38.284981
13,7,5,4,0,4,2026-07-15T09:03:38.702380
13,7,6,4,0,4,2026-07-15T09:03:39.232551
13,7,7,4,0,4,2026-07-15T09:03:39.764116
13,7,8,4,0,4,2026-07-15T09:03:40.421725
13,7,9,4,0,4,2026-07-15T09:03:47.233859
13,7,10,4,0,4,2026-07-15T09:03:47.716322
13,8,1,2,0,2,2026-07-15T09:03:48.406532
13,8,2,2,0,2,2026-07-15T09:03:49.003755
13,8,3,2,0,2,2026-07-15T09:03:49.584136
13,8,4,2,0,2,2026-07-15T09:03:50.035978
13,8,5,2,0,2,2026-07-15T09:03:51.021295
13,8,6,2,0,2,2026-07-15T09:03:55.517016
13,8,7,2,0,2,2026-07-15T09:03:56.159962
13,8,8,2,0,2,2026-07-15T09:03:56.587554
13,8,9,2,0,2,2026-07-15T09:03:57.067321
13,8,10,2,0,2,2026-07-15T09:03:58.474783
13,9,1,4,0,4,2026-07-15T09:04:07.468612
13,9,2,4,0,4,2026-07-15T09:04:07.961422
13,9,3,4,0,4,2026-07-15T09:04:08.471669
13,9,4,4,0,4,2026-07-15T09:04:08.931059
13,9,5,4,0,4,2026-07-15T09:04:09.600311
13,9,6,4,0,4,2026-07-15T09:04:10.148529
13,9,7,4,0,4,2026-07-15T09:04:10.667505
13,9,8,4,0,4,2026-07-15T09:04:11.423464
13,9,9,4,0,4,2026-07-15T09:04:11.915532
13,9,10,4,0,4,2026-07-15T09:04:12.545206
14,1,1,4,0,4,2026-07-15T09:04:12.989914
14,1,2,4,0,4,2026-07-15T09:04:13.546278
14,1,3,4,0,4,2026-07-15T09:04:14.105878
14,1,4,4,0,4,2026-07-15T09:04:15.634599
14,1,5,4,0,4,2026-07-15T09:04:16.194776
14,1,6,4,0,4,2026-07-15T09:04:16.696361
14,1,7,4,0,4,2026-07-15T09:04:17.191741
14,1,8,4,0,4,2026-07-15T09:04:17.710986
14,1,9,4,0,4,2026-07-15T09:04:18.241611
14,1,10,4,0,4,2026-07-15T09:04:19.424857
14,2,1,0,0,0,2026-07-15T09:04:20.037957
14,2,2,0,0,0,2026-07-15T09:04:20.590061
14,2,3,0,0,0,2026-07-15T09:04:21.321091
14,2,4,0,0,0,2026-07-15T09:04:22.043917
14,2,5,0,0,0,2026-07-15T09:04:22.764616
14,2,6,0,0,0,2026-07-15T09:04:23.337576
14,2,7,0,0,0,2026-07-15T09:04:23.980072
14,2,8,0,0,0,2026-07-15T09:04:24.580808
14,2,9,0,0,0,2026-07-15T09:04:25.727994
14,2,10,0,0,0,2026-07-15T09:04:26.662273
14,3,1,5,0,5,2026-07-15T09:04:27.339187
14,3,2,5,0,5,2026-07-15T09:04:27.840998
14,3,3,5,0,5,2026-07-15T09:04:28.687285
14,3,4,5,0,5,2026-07-15T09:04:29.781404
14,3,5,5,0,5,2026-07-15T09:04:30.313799
14,3,6,5,0,5,2026-07-15T09:04:31.077634
14,3,7,5,0,5,2026-07-15T09:04:31.644160
14,3,8,5,0,5,2026-07-15T09:04:32.194181
14,3,9,5,0,5,2026-07-15T09:04:32.899896
14,3,10,5,0,5,2026-07-15T09:04:33.887567
14,4,1,0,0,0,2026-07-15T09:04:40.571642
14,4,2,0,0,0,2026-07-15T09:04:41.249112
14,4,3,0,0,0,2026-07-15T09:04:41.933815
14,4,4,0,0,0,2026-07-15T09:04:42.480156
14,4,5,0,0,0,2026-07-15T09:04:43.158953
14,4,6,0,0,0,2026-07-15T09:04:43.943355
14,4,7,0,0,0,2026-07-15T09:04:44.427132
14,4,8,0,0,0,2026-07-15T09:04:45.517036
14,4,9,0,0,0,2026-07-15T09:04:46.023653
14,4,10,0,0,0,2026-07-15T09:04:47.145869
14,5,1,4,0,4,2026-07-15T09:04:47.579732
14,5,2,4,0,4,2026-07-15T09:04:48.021141
14,5,3,4,0,4,2026-07-15T09:04:48.475289
14,5,4,4,0,4,2026-07-15T09:04:48.897470
14,5,5,4,0,4,2026-07-15T09:04:49.367512
14,5,6,4,0,4,2026-07-15T09:04:49.779638
14,5,7,5,0,5,2026-07-15T09:04:50.350189
14,5,8,5,0,5,2026-07-15T09:04:51.382054
14,5,9,4,0,4,2026-07-15T09:04:51.978999
14,5,10,4,0,4,2026-07-15T09:04:52.406276
14,6,1,0,0,0,2026-07-15T09:04:52.813754
14,6,2,0,0,0,2026-07-15T09:04:53.333801
14,6,3,0,0,0,2026-07-15T09:04:53.915477
14,6,4,0,0,0,2026-07-15T09:04:54.404365
14,6,5,0,0,0,2026-07-15T09:04:54.962022
14,6,6,0,0,0,2026-07-15T09:04:55.477414
14,6,7,0,0,0,2026-07-15T09:04:55.909583
14,6,8,0,0,0,2026-07-15T09:04:56.510081
14,6,9,0,0,0,2026-07-15T09:04:56.973988
14,6,10,0,0,0,2026-07-15T09:04:57.448596
14,7,1,5,0,5,2026-07-15T09:04:57.938329
14,7,2,5,0,5,2026-07-15T09:04:58.575546
14,7,3,5,0,5,2026-07-15T09:04:59.065549
14,7,4,5,0,5,2026-07-15T09:04:59.542024
14,7,5,5,0,5,2026-07-15T09:04:59.957749
14,7,6,5,0,5,2026-07-15T09:05:00.378446
14,7,7,5,0,5,2026-07-15T09:05:00.987195
14,7,8,5,0,5,2026-07-15T09:05:01.461207
14,7,9,5,0,5,2026-07-15T09:05:01.879420
14,7,10,5,0,5,2026-07-15T09:05:02.346447
14,8,1,0,0,0,2026-07-15T09:05:02.965656
14,8,2,0,0,0,2026-07-15T09:05:03.525431
14,8,3,0,0,0,2026-07-15T09:05:04.064362
14,8,4,0,0,0,2026-07-15T09:05:05.008474
14,8,5,0,0,0,2026-07-15T09:05:05.588941
14,8,6,0,0,0,2026-07-15T09:05:06.120255
14,8,7,0,0,0,2026-07-15T09:05:06.714892
14,8,8,0,0,0,2026-07-15T09:05:07.427023
14,8,9,0,0,0,2026-07-15T09:05:07.936012
14,8,10,0,0,0,2026-07-15T09:05:08.440742
14,9,1,5,0,5,2026-07-15T09:05:09.106389
14,9,2,5,0,5,2026-07-15T09:05:09.635714
14,9,3,5,0,5,2026-07-15T09:05:10.316304
14,9,4,5,0,5,2026-07-15T09:05:10.857331
14,9,5,5,0,5,2026-07-15T09:05:11.439620
14,9,6,5,0,5,2026-07-15T09:05:12.107770
14,9,7,5,0,5,2026-07-15T09:05:12.616145
14,9,8,5,0,5,2026-07-15T09:05:13.362337
14,9,9,5,0,5,2026-07-15T09:05:13.852281
14,9,10,5,0,5,2026-07-15T09:05:14.432515
15,1,1,4,0,4,2026-07-15T09:05:14.964802
15,1,2,4,0,4,2026-07-15T09:05:15.620369
15,1,3,4,0,4,2026-07-15T09:05:27.692652
15,1,4,4,0,4,2026-07-15T09:05:28.151756
15,1,5,4,0,4,2026-07-15T09:05:28.615714
15,1,6,4,0,4,2026-07-15T09:05:29.351248
15,1,7,4,0,4,2026-07-15T09:05:30.790543
15,1,8,4,0,4,2026-07-15T09:05:31.407539
15,1,9,4,0,4,2026-07-15T09:05:32.139738
15,1,10,4,0,4,2026-07-15T09:05:32.673895
15,2,1,1,0,1,2026-07-15T09:05:34.189831
15,2,2,1,0,1,2026-07-15T09:05:37.116490
15,2,3,1,0,1,2026-07-15T09:05:38.720121
15,2,4,1,0,1,2026-07-15T09:05:40.018772
15,2,5,1,0,1,2026-07-15T09:05:40.734084
15,2,6,2,0,2,2026-07-15T09:05:41.269714
15,2,7,1,0,1,2026-07-15T09:05:41.805506
15,2,8,1,0,1,2026-07-15T09:05:42.415774
15,2,9,1,0,1,2026-07-15T09:05:43.288902
15,2,10,1,0,1,2026-07-15T09:05:43.888960
15,3,1,4,0,4,2026-07-15T09:05:44.559194
15,3,2,4,0,4,2026-07-15T09:05:45.115818
15,3,3,4,0,4,2026-07-15T09:05:45.666510
15,3,4,4,0,4,2026-07-15T09:05:46.312462
15,3,5,4,0,4,2026-07-15T09:05:46.975788
15,3,6,4,0,4,2026-07-15T09:05:47.801782
15,3,7,4,0,4,2026-07-15T09:05:48.305970
15,3,8,4,0,4,2026-07-15T09:05:48.936838
15,3,9,4,0,4,2026-07-15T09:05:49.872553
15,3,10,4,0,4,2026-07-15T09:05:50.367353
15,4,1,2,0,2,2026-07-15T09:05:51.125097
15,4,2,2,0,2,2026-07-15T09:05:51.628403
15,4,3,2,0,2,2026-07-15T09:05:52.091013
15,4,4,2,0,2,2026-07-15T09:05:52.733505
15,4,5,2,0,2,2026-07-15T09:05:53.338023
15,4,6,2,0,2,2026-07-15T09:05:53.937338
15,4,7,2,0,2,2026-07-15T09:05:54.588324
15,4,8,2,0,2,2026-07-15T09:05:55.141318
15,4,9,2,0,2,2026-07-15T09:05:56.024364
15,4,10,2,0,2,2026-07-15T09:05:56.743621
15,5,1,4,0,4,2026-07-15T09:05:57.270490
15,5,2,4,0,4,2026-07-15T09:05:57.740015
15,5,3,4,0,4,2026-07-15T09:05:59.081527
15,5,4,4,0,4,2026-07-15T09:06:01.168816
15,5,5,4,0,4,2026-07-15T09:06:02.335954
15,5,6,4,0,4,2026-07-15T09:06:02.863192
15,5,7,4,0,4,2026-07-15T09:06:03.395787
15,5,8,4,0,4,2026-07-15T09:06:03.872676
15,5,9,4,0,4,2026-07-15T09:06:04.422399
15,5,10,4,0,4,2026-07-15T09:06:04.986748
15,6,1,0,0,0,2026-07-15T09:06:05.472586
15,6,2,0,0,0,2026-07-15T09:06:05.872990
15,6,3,0,0,0,2026-07-15T09:06:06.322599
15,6,4,0,0,0,2026-07-15T09:06:06.716158
15,6,5,0,0,0,2026-07-15T09:06:07.641167
15,6,6,0,0,0,2026-07-15T09:06:08.061437
15,6,7,0,0,0,2026-07-15T09:06:08.494700
15,6,8,0,0,0,2026-07-15T09:06:09.131515
15,6,9,0,0,0,2026-07-15T09:06:10.016225
15,6,10,0,0,0,2026-07-15T09:06:10.431603
15,7,1,4,0,4,2026-07-15T09:06:11.112225
15,7,2,4,0,4,2026-07-15T09:06:11.605074
15,7,3,4,0,4,2026-07-15T09:06:12.317264
15,7,4,4,0,4,2026-07-15T09:06:12.873752
15,7,5,4,0,4,2026-07-15T09:06:21.004816
15,7,6,4,0,4,2026-07-15T09:06:21.628731
15,7,7,4,0,4,2026-07-15T09:06:22.176682
15,7,8,4,0,4,2026-07-15T09:06:23.035849
15,7,9,4,0,4,2026-07-15T09:06:23.714394
15,7,10,4,0,4,2026-07-15T09:06:24.429182
15,8,1,2,0,2,2026-07-15T09:06:24.935893
15,8,2,2,0,2,2026-07-15T09:06:25.434067
15,8,3,2,0,2,2026-07-15T09:06:26.096097
15,8,4,2,0,2,2026-07-15T09:06:26.666228
15,8,5,2,0,2,2026-07-15T09:06:27.861955
15,8,6,2,0,2,2026-07-15T09:06:28.383798
15,8,7,2,0,2,2026-07-15T09:06:29.090236
15,8,8,2,0,2,2026-07-15T09:06:29.597833
15,8,9,2,0,2,2026-07-15T09:06:30.124149
15,8,10,2,0,2,2026-07-15T09:06:30.751365
15,9,1,4,0,4,2026-07-15T09:06:31.409148
15,9,2,4,0,4,2026-07-15T09:06:31.947467
15,9,3,4,0,4,2026-07-15T09:06:32.520138
15,9,4,4,0,4,2026-07-15T09:06:33.008952
15,9,5,4,0,4,2026-07-15T09:06:33.511665
15,9,6,4,0,4,2026-07-15T09:06:34.139425
15,9,7,4,0,4,2026-07-15T09:06:34.624910
15,9,8,4,0,4,2026-07-15T09:06:35.144642
15,9,9,4,0,4,2026-07-15T09:06:35.692475
15,9,10,4,0,4,2026-07-15T09:06:36.356070
16,1,1,2,0,2,2026-07-15T09:06:36.976453
16,1,2,2,0,2,2026-07-15T09:06:37.434262
16,1,3,2,0,2,2026-07-15T09:06:37.924648
16,1,4,2,0,2,2026-07-15T09:06:41.283640
16,1,5,2,0,2,2026-07-15T09:06:41.812396
16,1,6,2,0,2,2026-07-15T09:06:46.777453
16,1,7,2,0,2,2026-07-15T09:06:47.352415
16,1,8,2,0,2,2026-07-15T09:06:49.138587
16,1,9,2,0,2,2026-07-15T09:06:49.629168
16,1,10,2,0,2,2026-07-15T09:06:50.212950
16,2,1,2,0,2,2026-07-15T09:06:50.930172
16,2,2,2,0,2,2026-07-15T09:06:51.445061
16,2,3,1,0,1,2026-07-15T09:06:51.945698
16,2,4,1,0,1,2026-07-15T09:06:52.437141
16,2,5,1,0,1,2026-07-15T09:06:52.912134
16,2,6,2,0,2,2026-07-15T09:06:53.418455
16,2,7,2,0,2,2026-07-15T09:06:53.963049
16,2,8,1,0,1,2026-07-15T09:06:54.765596
16,2,9,2,0,2,2026-07-15T09:06:55.310309
16,2,10,1,0,1,2026-07-15T09:06:56.130551
16,3,1,2,0,2,2026-07-15T09:06:56.648294
16,3,2,2,0,2,2026-07-15T09:06:57.270806
16,3,3,2,0,2,2026-07-15T09:06:58.502963
16,3,4,2,0,2,2026-07-15T09:06:59.014496
16,3,5,2,0,2,2026-07-15T09:06:59.487082
16,3,6,2,0,2,2026-07-15T09:07:00.099436
16,3,7,2,0,2,2026-07-15T09:07:00.629469
16,3,8,2,0,2,2026-07-15T09:07:01.138314
16,3,9,2,0,2,2026-07-15T09:07:01.599261
16,3,10,2,0,2,2026-07-15T09:07:02.036116
16,4,1,1,0,1,2026-07-15T09:07:02.579603
16,4,2,1,0,1,2026-07-15T09:07:03.719673
16,4,3,1,0,1,2026-07-15T09:07:04.263493
16,4,4,1,0,1,2026-07-15T09:07:05.051689
16,4,5,1,0,1,2026-07-15T09:07:05.552241
16,4,6,1,0,1,2026-07-15T09:07:06.017624
16,4,7,1,0,1,2026-07-15T09:07:06.604650
16,4,8,1,0,1,2026-07-15T09:07:07.091377
16,4,9,1,0,1,2026-07-15T09:07:07.559583
16,4,10,1,0,1,2026-07-15T09:07:08.266369
16,5,1,2,0,2,2026-07-15T09:07:08.720948
16,5,2,2,0,2,2026-07-15T09:07:09.160568
16,5,3,2,0,2,2026-07-15T09:07:09.832383
16,5,4,2,0,2,2026-07-15T09:07:10.348969
16,5,5,2,0,2,2026-07-15T09:07:10.875039
16,5,6,2,0,2,2026-07-15T09:07:11.434236
16,5,7,2,0,2,2026-07-15T09:07:11.887510
16,5,8,2,0,2,2026-07-15T09:07:12.388626
16,5,9,2,0,2,2026-07-15T09:07:12.928917
16,5,10,2,0,2,2026-07-15T09:07:13.401039
16,6,1,2,0,2,2026-07-15T09:07:13.892639
16,6,2,2,0,2,2026-07-15T09:07:14.579461
16,6,3,2,0,2,2026-07-15T09:07:15.066815
16,6,4,1,0,1,2026-07-15T09:07:15.513137
16,6,5,1,0,1,2026-07-15T09:07:16.136539
16,6,6,2,0,2,2026-07-15T09:07:16.619865
16,6,7,1,0,1,2026-07-15T09:07:17.232430
16,6,8,1,0,1,2026-07-15T09:07:17.984807
16,6,9,2,0,2,2026-07-15T09:07:18.474062
16,6,10,1,0,1,2026-07-15T09:07:19.090266
16,7,1,4,0,4,2026-07-15T09:07:19.698140
16,7,2,4,0,4,2026-07-15T09:07:20.250888
16,7,3,3,0,3,2026-07-15T09:07:20.787201
16,7,4,4,0,4,2026-07-15T09:07:21.390639
16,7,5,4,0,4,2026-07-15T09:07:21.877016
16,7,6,4,0,4,2026-07-15T09:07:22.369612
16,7,7,3,0,3,2026-07-15T09:07:22.961197
16,7,8,4,0,4,2026-07-15T09:07:23.613688
16,7,9,3,0,3,2026-07-15T09:07:24.500931
16,7,10,2,0,2,2026-07-15T09:07:25.099073
16,8,1,2,0,2,2026-07-15T09:07:25.504805
16,8,2,2,0,2,2026-07-15T09:07:25.987467
16,8,3,2,0,2,2026-07-15T09:07:26.537515
16,8,4,2,0,2,2026-07-15T09:07:27.082827
16,8,5,2,0,2,2026-07-15T09:07:27.740033
16,8,6,2,0,2,2026-07-15T09:07:28.539843
16,8,7,2,0,2,2026-07-15T09:07:28.976632
16,8,8,2,0,2,2026-07-15T09:07:29.442670
16,8,9,2,0,2,2026-07-15T09:07:29.916214
16,8,10,2,0,2,2026-07-15T09:07:30.357907
16,9,1,4,0,4,2026-07-15T09:07:30.798447
16,9,2,4,0,4,2026-07-15T09:07:31.514052
16,9,3,3,0,3,2026-07-15T09:07:31.995789
16,9,4,4,0,4,2026-07-15T09:07:32.459654
16,9,5,4,0,4,2026-07-15T09:07:32.924695
16,9,6,4,0,4,2026-07-15T09:07:33.379158
16,9,7,3,0,3,2026-07-15T09:07:33.875579
16,9,8,3,0,3,2026-07-15T09:07:34.351573
16,9,9,4,0,4,2026-07-15T09:07:34.816662
16,9,10,3,0,3,2026-07-15T09:07:35.423304
17,1,1,3,0,3,2026-07-15T09:07:35.961734
17,1,2,4,0,4,2026-07-15T09:07:36.742171
17,1,3,3,0,3,2026-07-15T09:07:37.358004
17,1,4,3,0,3,2026-07-15T09:07:37.898000
17,1,5,3,0,3,2026-07-15T09:07:38.563757
17,1,6,3,0,3,2026-07-15T09:07:39.090023
17,1,7,3,0,3,2026-07-15T09:07:39.839848
17,1,8,3,0,3,2026-07-15T09:07:40.545218
17,1,9,3,0,3,2026-07-15T09:07:41.123762
17,1,10,3,0,3,2026-07-15T09:07:41.790216
17,2,1,0,0,0,2026-07-15T09:07:42.333141
17,2,2,0,0,0,2026-07-15T09:07:42.931666
17,2,3,0,0,0,2026-07-15T09:07:43.499816
17,2,4,0,0,0,2026-07-15T09:07:44.578734
17,2,5,0,0,0,2026-07-15T09:07:45.220778
17,2,6,0,0,0,2026-07-15T09:07:46.266689
17,2,7,0,0,0,2026-07-15T09:07:46.745934
17,2,8,0,0,0,2026-07-15T09:07:47.239861
17,2,9,0,0,0,2026-07-15T09:07:47.735031
17,2,10,0,0,0,2026-07-15T09:07:48.274735
17,3,1,4,0,4,2026-07-15T09:07:48.882057
17,3,2,4,0,4,2026-07-15T09:07:49.535660
17,3,3,4,0,4,2026-07-15T09:07:50.125348
17,3,4,4,0,4,2026-07-15T09:07:50.677548
17,3,5,4,0,4,2026-07-15T09:07:51.331864
17,3,6,4,0,4,2026-07-15T09:07:51.935180
17,3,7,4,0,4,2026-07-15T09:07:52.466387
17,3,8,4,0,4,2026-07-15T09:07:52.959557
17,3,9,4,0,4,2026-07-15T09:07:53.549341
17,3,10,4,0,4,2026-07-15T09:07:54.088376
17,4,1,0,0,0,2026-07-15T09:07:54.598157
17,4,2,0,0,0,2026-07-15T09:07:55.222030
17,4,3,0,0,0,2026-07-15T09:07:55.800616
17,4,4,0,0,0,2026-07-15T09:07:56.282487
17,4,5,0,0,0,2026-07-15T09:07:56.879599
17,4,6,0,0,0,2026-07-15T09:07:57.383283
17,4,7,0,0,0,2026-07-15T09:07:57.906051
17,4,8,0,0,0,2026-07-15T09:07:58.651906
17,4,9,0,0,0,2026-07-15T09:07:59.380885
17,4,10,0,0,0,2026-07-15T09:07:59.927779
17,5,1,4,0,4,2026-07-15T09:08:00.530624
17,5,2,4,0,4,2026-07-15T09:08:01.094063
17,5,3,4,0,4,2026-07-15T09:08:01.582700
17,5,4,4,0,4,2026-07-15T09:08:01.997718
17,5,5,4,0,4,2026-07-15T09:08:02.412642
17,5,6,4,0,4,2026-07-15T09:08:02.908156
17,5,7,4,0,4,2026-07-15T09:08:03.301881
17,5,8,4,0,4,2026-07-15T09:08:03.750303
17,5,9,4,0,4,2026-07-15T09:08:04.152041
17,5,10,4,0,4,2026-07-15T09:08:04.544685
17,6,1,0,0,0,2026-07-15T09:08:05.285997
17,6,2,0,0,0,2026-07-15T09:08:05.854444
17,6,3,0,0,0,2026-07-15T09:08:06.434399
17,6,4,0,0,0,2026-07-15T09:08:06.957662
17,6,5,0,0,0,2026-07-15T09:08:07.626806
17,6,6,0,0,0,2026-07-15T09:08:08.110956
17,6,7,0,0,0,2026-07-15T09:08:08.687206
17,6,8,0,0,0,2026-07-15T09:08:09.202539
17,6,9,0,0,0,2026-07-15T09:08:09.704242
17,6,10,0,0,0,2026-07-15T09:08:10.671275
17,7,1,4,0,4,2026-07-15T09:08:11.256613
17,7,2,4,0,4,2026-07-15T09:08:11.729023
17,7,3,4,0,4,2026-07-15T09:08:12.169337
17,7,4,4,0,4,2026-07-15T09:08:13.924602
17,7,5,4,0,4,2026-07-15T09:08:14.493438
17,7,6,4,0,4,2026-07-15T09:08:14.956595
17,7,7,4,0,4,2026-07-15T09:08:15.473025
17,7,8,4,0,4,2026-07-15T09:08:15.907705
17,7,9,4,0,4,2026-07-15T09:08:16.374930
17,7,10,4,0,4,2026-07-15T09:08:16.862946
17,8,1,0,0,0,2026-07-15T09:08:17.636350
17,8,2,0,0,0,2026-07-15T09:08:18.278959
17,8,3,0,0,0,2026-07-15T09:08:19.733341
17,8,4,0,0,0,2026-07-15T09:08:20.420969
17,8,5,0,0,0,2026-07-15T09:08:20.990948
17,8,6,0,0,0,2026-07-15T09:08:21.719120
17,8,7,0,0,0,2026-07-15T09:08:22.448455
17,8,8,0,0,0,2026-07-15T09:08:22.960961
17,8,9,0,0,0,2026-07-15T09:08:23.490900
17,8,10,0,0,0,2026-07-15T09:08:24.090191
17,9,1,4,0,4,2026-07-15T09:08:24.575348
17,9,2,5,0,5,2026-07-15T09:08:25.081588
17,9,3,5,0,5,2026-07-15T09:08:25.553283
17,9,4,4,0,4,2026-07-15T09:08:26.048831
17,9,5,5,0,5,2026-07-15T09:08:27.176712
17,9,6,5,0,5,2026-07-15T09:08:27.705480
17,9,7,4,0,4,2026-07-15T09:08:28.137860
17,9,8,5,0,5,2026-07-15T09:08:28.591518
17,9,9,4,0,4,2026-07-15T09:08:29.065913
17,9,10,4,0,4,2026-07-15T09:08:29.467409
18,1,1,4,0,4,2026-07-15T09:08:29.909826
18,1,2,4,0,4,2026-07-15T09:08:30.338511
18,1,3,4,0,4,2026-07-15T09:08:31.553017
18,1,4,4,0,4,2026-07-15T09:08:31.976030
18,1,5,4,0,4,2026-07-15T09:08:32.423604
18,1,6,4,0,4,2026-07-15T09:08:32.913880
18,1,7,4,0,4,2026-07-15T09:08:33.385509
18,1,8,4,0,4,2026-07-15T09:08:33.827661
18,1,9,4,0,4,2026-07-15T09:08:34.231019
18,1,10,4,0,4,2026-07-15T09:08:34.676180
18,2,1,2,0,2,2026-07-15T09:08:35.198824
18,2,2,2,0,2,2026-07-15T09:08:35.893386
18,2,3,2,0,2,2026-07-15T09:08:36.605516
18,2,4,2,0,2,2026-07-15T09:08:37.308643
18,2,5,2,0,2,2026-07-15T09:08:38.025872
18,2,6,2,0,2,2026-07-15T09:08:38.781687
18,2,7,2,0,2,2026-07-15T09:08:39.492112
18,2,8,2,0,2,2026-07-15T09:08:40.362556
18,2,9,2,0,2,2026-07-15T09:08:41.139827
18,2,10,2,0,2,2026-07-15T09:08:42.037651
18,3,1,4,0,4,2026-07-15T09:08:42.523265
18,3,2,4,0,4,2026-07-15T09:08:43.173967
18,3,3,4,0,4,2026-07-15T09:08:43.811029
18,3,4,4,0,4,2026-07-15T09:08:44.946074
18,3,5,4,0,4,2026-07-15T09:08:45.471077
18,3,6,4,0,4,2026-07-15T09:08:46.264749
18,3,7,4,0,4,2026-07-15T09:08:46.990863
18,3,8,4,0,4,2026-07-15T09:08:47.562744
18,3,9,4,0,4,2026-07-15T09:08:48.193499
18,3,10,4,0,4,2026-07-15T09:08:48.792790
18,4,1,2,0,2,2026-07-15T09:08:49.271781
18,4,2,2,0,2,2026-07-15T09:08:49.717819
18,4,3,2,0,2,2026-07-15T09:08:50.186267
18,4,4,2,0,2,2026-07-15T09:08:50.629779
18,4,5,2,0,2,2026-07-15T09:08:51.202451
18,4,6,2,0,2,2026-07-15T09:08:51.624176
18,4,7,2,0,2,2026-07-15T09:08:52.155263
18,4,8,2,0,2,2026-07-15T09:08:52.660434
18,4,9,2,0,2,2026-07-15T09:08:53.290465
18,4,10,2,0,2,2026-07-15T09:08:53.729142
18,5,1,4,0,4,2026-07-15T09:08:54.418041
18,5,2,4,0,4,2026-07-15T09:08:54.955913
18,5,3,4,0,4,2026-07-15T09:08:55.522556
18,5,4,4,0,4,2026-07-15T09:08:56.018225
18,5,5,4,0,4,2026-07-15T09:08:56.421624
18,5,6,4,0,4,2026-07-15T09:08:56.879172
18,5,7,4,0,4,2026-07-15T09:08:57.359634
18,5,8,4,0,4,2026-07-15T09:08:57.937055
18,5,9,4,0,4,2026-07-15T09:08:58.351373
18,5,10,4,0,4,2026-07-15T09:08:58.770886
18,6,1,1,0,1,2026-07-15T09:08:59.198331
18,6,2,1,0,1,2026-07-15T09:08:59.618607
18,6,3,0,0,0,2026-07-15T09:09:00.046881
18,6,4,1,0,1,2026-07-15T09:09:00.498042
18,6,5,1,0,1,2026-07-15T09:09:01.138919
18,6,6,1,0,1,2026-07-15T09:09:01.569305
18,6,7,0,0,0,2026-07-15T09:09:01.968099
18,6,8,1,0,1,2026-07-15T09:09:02.511065
18,6,9,1,0,1,2026-07-15T09:09:02.974132
18,6,10,1,0,1,2026-07-15T09:09:03.406825
18,7,1,4,0,4,2026-07-15T09:09:03.845907
18,7,2,4,0,4,2026-07-15T09:09:04.322898
18,7,3,4,0,4,2026-07-15T09:09:04.811871
18,7,4,4,0,4,2026-07-15T09:09:05.295252
18,7,5,4,0,4,2026-07-15T09:09:05.772347
18,7,6,4,0,4,2026-07-15T09:09:06.236597
18,7,7,4,0,4,2026-07-15T09:09:06.751592
18,7,8,4,0,4,2026-07-15T09:09:07.207210
18,7,9,4,0,4,2026-07-15T09:09:07.858599
18,7,10,4,0,4,2026-07-15T09:09:08.321926
18,8,1,2,0,2,2026-07-15T09:09:08.810466
18,8,2,2,0,2,2026-07-15T09:09:09.335209
18,8,3,2,0,2,2026-07-15T09:09:09.850911
18,8,4,2,0,2,2026-07-15T09:09:10.399479
18,8,5,2,0,2,2026-07-15T09:09:11.003043
18,8,6,2,0,2,2026-07-15T09:09:11.791846
18,8,7,2,0,2,2026-07-15T09:09:12.363312
18,8,8,2,0,2,2026-07-15T09:09:12.902696
18,8,9,2,0,2,2026-07-15T09:09:13.534001
18,8,10,2,0,2,2026-07-15T09:09:14.050892
18,9,1,5,0,5,2026-07-15T09:09:14.541939
18,9,2,5,0,5,2026-07-15T09:09:15.074180
18,9,3,5,0,5,2026-07-15T09:09:16.241928
18,9,4,4,0,4,2026-07-15T09:09:16.797218
18,9,5,5,0,5,2026-07-15T09:09:17.379695
18,9,6,5,0,5,2026-07-15T09:09:17.778207
18,9,7,4,0,4,2026-07-15T09:09:18.370489
18,9,8,5,0,5,2026-07-15T09:09:18.915051
18,9,9,5,0,5,2026-07-15T09:09:19.654447
18,9,10,4,0,4,2026-07-15T09:09:20.220543
19,1,1,3,0,3,2026-07-15T09:09:20.730708
19,1,2,3,0,3,2026-07-15T09:09:21.252753
19,1,3,3,0,3,2026-07-15T09:09:21.813250
19,1,4,3,0,3,2026-07-15T09:09:22.472253
19,1,5,3,0,3,2026-07-15T09:09:22.997058
19,1,6,3,0,3,2026-07-15T09:09:23.498895
19,1,7,4,0,4,2026-07-15T09:09:24.014087
19,1,8,3,0,3,2026-07-15T09:09:24.557229
19,1,9,4,0,4,2026-07-15T09:09:25.116599
19,1,10,3,0,3,2026-07-15T09:09:25.609120
19,2,1,2,0,2,2026-07-15T09:09:26.188444
19,2,2,2,0,2,2026-07-15T09:09:26.625677
19,2,3,2,0,2,2026-07-15T09:09:27.147421
19,2,4,2,0,2,2026-07-15T09:09:27.763732
19,2,5,2,0,2,2026-07-15T09:09:28.410793
19,2,6,2,0,2,2026-07-15T09:09:29.320372
19,2,7,2,0,2,2026-07-15T09:09:29.819471
19,2,8,2,0,2,2026-07-15T09:09:30.321190
19,2,9,2,0,2,2026-07-15T09:09:30.799567
19,2,10,2,0,2,2026-07-15T09:09:31.323772
19,3,1,4,0,4,2026-07-15T09:09:31.926055
19,3,2,4,0,4,2026-07-15T09:09:32.411767
19,3,3,4,0,4,2026-07-15T09:09:32.897342
19,3,4,4,0,4,2026-07-15T09:09:33.428590
19,3,5,4,0,4,2026-07-15T09:09:34.068486
19,3,6,4,0,4,2026-07-15T09:09:34.611265
19,3,7,4,0,4,2026-07-15T09:09:35.264135
19,3,8,4,0,4,2026-07-15T09:09:35.670845
19,3,9,4,0,4,2026-07-15T09:09:36.164906
19,3,10,4,0,4,2026-07-15T09:09:36.694274
19,4,1,2,0,2,2026-07-15T09:09:37.219463
19,4,2,2,0,2,2026-07-15T09:09:37.676870
19,4,3,2,0,2,2026-07-15T09:09:38.224253
19,4,4,2,0,2,2026-07-15T09:09:38.885086
19,4,5,1,0,1,2026-07-15T09:09:39.525304
19,4,6,2,0,2,2026-07-15T09:09:39.982474
19,4,7,1,0,1,2026-07-15T09:09:40.639535
19,4,8,2,0,2,2026-07-15T09:09:41.427430
19,4,9,2,0,2,2026-07-15T09:09:41.918094
19,4,10,2,0,2,2026-07-15T09:09:42.346153
19,5,1,4,0,4,2026-07-15T09:09:42.806761
19,5,2,4,0,4,2026-07-15T09:09:43.291358
19,5,3,4,0,4,2026-07-15T09:09:43.752106
19,5,4,4,0,4,2026-07-15T09:09:44.227590
19,5,5,4,0,4,2026-07-15T09:09:45.240437
19,5,6,4,0,4,2026-07-15T09:09:45.709392
19,5,7,4,0,4,2026-07-15T09:09:46.751857
19,5,8,4,0,4,2026-07-15T09:09:47.482350
19,5,9,4,0,4,2026-07-15T09:09:48.070857
19,5,10,4,0,4,2026-07-15T09:09:48.539620
19,6,1,2,0,2,2026-07-15T09:09:49.020841
19,6,2,1,0,1,2026-07-15T09:09:49.608164
19,6,3,1,0,1,2026-07-15T09:09:50.096676
19,6,4,1,0,1,2026-07-15T09:09:50.632317
19,6,5,1,0,1,2026-07-15T09:09:51.215038
19,6,6,1,0,1,2026-07-15T09:09:51.701187
19,6,7,1,0,1,2026-07-15T09:09:52.337178
19,6,8,2,0,2,2026-07-15T09:09:52.842282
19,6,9,1,0,1,2026-07-15T09:09:53.359164
19,6,10,1,0,1,2026-07-15T09:09:53.850797
19,7,1,4,0,4,2026-07-15T09:09:54.405893
19,7,2,4,0,4,2026-07-15T09:09:55.226777
19,7,3,4,0,4,2026-07-15T09:09:55.770183
19,7,4,4,0,4,2026-07-15T09:09:56.269741
19,7,5,4,0,4,2026-07-15T09:09:56.719103
19,7,6,4,0,4,2026-07-15T09:09:57.144959
19,7,7,4,0,4,2026-07-15T09:09:57.573468
19,7,8,4,0,4,2026-07-15T09:09:58.209021
19,7,9,4,0,4,2026-07-15T09:09:58.722617
19,7,10,4,0,4,2026-07-15T09:09:59.149438
19,8,1,2,0,2,2026-07-15T09:09:59.805086
19,8,2,2,0,2,2026-07-15T09:10:00.620664
19,8,3,2,0,2,2026-07-15T09:10:01.348779
19,8,4,2,0,2,2026-07-15T09:10:02.198115
19,8,5,2,0,2,2026-07-15T09:10:02.681633
19,8,6,2,0,2,2026-07-15T09:10:03.272188
19,8,7,2,0,2,2026-07-15T09:10:03.859572
19,8,8,2,0,2,2026-07-15T09:10:04.457479
19,8,9,2,0,2,2026-07-15T09:10:04.977898
19,8,10,2,0,2,2026-07-15T09:10:05.589622
19,9,1,4,0,4,2026-07-15T09:10:06.298908
19,9,2,4,0,4,2026-07-15T09:10:06.765403
19,9,3,4,0,4,2026-07-15T09:10:07.190000
19,9,4,4,0,4,2026-07-15T09:10:07.781376
19,9,5,4,0,4,2026-07-15T09:10:08.387068
19,9,6,4,0,4,2026-07-15T09:10:08.849129
19,9,7,4,0,4,2026-07-15T09:10:09.460557
19,9,8,4,0,4,2026-07-15T09:10:10.042417
19,9,9,4,0,4,2026-07-15T09:10:10.564739
19,9,10,4,0,4,2026-07-15T09:10:11.100002
20,1,1,2,0,2,2026-07-15T09:10:11.628719
20,1,2,2,0,2,2026-07-15T09:10:12.223571
20,1,3,2,0,2,2026-07-15T09:10:12.747318
20,1,4,2,0,2,2026-07-15T09:10:13.298888
20,1,5,2,0,2,2026-07-15T09:10:13.775241
20,1,6,2,0,2,2026-07-15T09:10:14.422043
20,1,7,2,0,2,2026-07-15T09:10:14.913561
20,1,8,2,0,2,2026-07-15T09:10:15.420650
20,1,9,2,0,2,2026-07-15T09:10:15.887283
20,1,10,2,0,2,2026-07-15T09:10:16.404605
20,2,1,0,0,0,2026-07-15T09:10:17.065737
20,2,2,0,0,0,2026-07-15T09:10:17.710128
20,2,3,0,0,0,2026-07-15T09:10:18.177538
20,2,4,0,0,0,2026-07-15T09:10:18.745750
20,2,5,0,0,0,2026-07-15T09:10:19.294174
20,2,6,0,0,0,2026-07-15T09:10:19.807167
20,2,7,0,0,0,2026-07-15T09:10:22.862195
20,2,8,0,0,0,2026-07-15T09:10:23.389062
20,2,9,0,0,0,2026-07-15T09:10:23.911767
20,2,10,0,0,0,2026-07-15T09:10:24.746786
20,3,1,2,0,2,2026-07-15T09:10:25.447628
20,3,2,2,0,2,2026-07-15T09:10:25.886852
20,3,3,2,0,2,2026-07-15T09:10:26.458585
20,3,4,2,0,2,2026-07-15T09:10:26.881187
20,3,5,2,0,2,2026-07-15T09:10:27.442672
20,3,6,2,0,2,2026-07-15T09:10:27.930544
20,3,7,2,0,2,2026-07-15T09:10:28.421819
20,3,8,2,0,2,2026-07-15T09:10:28.876092
20,3,9,2,0,2,2026-07-15T09:10:29.369621
20,3,10,2,0,2,2026-07-15T09:10:29.852070
20,4,1,0,0,0,2026-07-15T09:10:30.407660
20,4,2,0,0,0,2026-07-15T09:10:30.937093
20,4,3,0,0,0,2026-07-15T09:10:31.387138
20,4,4,0,0,0,2026-07-15T09:10:31.882087
20,4,5,0,0,0,2026-07-15T09:10:32.423204
20,4,6,0,0,0,2026-07-15T09:10:32.917309
20,4,7,0,0,0,2026-07-15T09:10:33.418869
20,4,8,0,0,0,2026-07-15T09:10:34.067808
20,4,9,0,0,0,2026-07-15T09:10:34.626163
20,4,10,0,0,0,2026-07-15T09:10:35.302763
20,5,1,3,0,3,2026-07-15T09:10:35.842136
20,5,2,2,0,2,2026-07-15T09:10:36.358010
20,5,3,2,0,2,2026-07-15T09:10:36.914638
20,5,4,2,0,2,2026-07-15T09:10:37.395614
20,5,5,2,0,2,2026-07-15T09:10:37.846366
20,5,6,2,0,2,2026-07-15T09:10:38.462903
20,5,7,2,0,2,2026-07-15T09:10:38.920364
20,5,8,2,0,2,2026-07-15T09:10:39.448014
20,5,9,2,0,2,2026-07-15T09:10:40.028609
20,5,10,2,0,2,2026-07-15T09:10:40.504524
20,6,1,0,0,0,2026-07-15T09:10:41.907504
20,6,2,0,0,0,2026-07-15T09:10:42.472570
20,6,3,0,0,0,2026-07-15T09:10:42.945456
20,6,4,0,0,0,2026-07-15T09:10:43.525485
20,6,5,0,0,0,2026-07-15T09:10:43.923232
20,6,6,0,0,0,2026-07-15T09:10:44.386470
20,6,7,0,0,0,2026-07-15T09:10:45.030594
20,6,8,0,0,0,2026-07-15T09:10:45.695548
20,6,9,0,0,0,2026-07-15T09:10:46.240581
20,6,10,0,0,0,2026-07-15T09:10:46.701482
20,7,1,4,0,4,2026-07-15T09:10:47.536265
20,7,2,4,0,4,2026-07-15T09:10:51.013608
20,7,3,4,0,4,2026-07-15T09:10:51.883671
20,7,4,4,0,4,2026-07-15T09:10:52.750277
20,7,5,4,0,4,2026-07-15T09:10:53.341623
20,7,6,4,0,4,2026-07-15T09:10:53.860563
20,7,7,4,0,4,2026-07-15T09:10:54.666155
20,7,8,4,0,4,2026-07-15T09:10:55.542211
20,7,9,4,0,4,2026-07-15T09:10:56.215108
20,7,10,4,0,4,2026-07-15T09:10:56.716132
20,8,1,0,0,0,2026-07-15T09:10:57.206298
20,8,2,0,0,0,2026-07-15T09:10:57.749983
20,8,3,1,0,1,2026-07-15T09:10:58.290482
20,8,4,1,0,1,2026-07-15T09:10:59.186113
20,8,5,1,0,1,2026-07-15T09:10:59.845230
20,8,6,0,0,0,2026-07-15T09:11:00.329045
20,8,7,0,0,0,2026-07-15T09:11:01.148697
20,8,8,0,0,0,2026-07-15T09:11:02.347372
20,8,9,0,0,0,2026-07-15T09:11:03.122231
20,8,10,1,0,1,2026-07-15T09:11:03.694702
20,9,1,4,0,4,2026-07-15T09:11:04.303432
20,9,2,4,0,4,2026-07-15T09:11:04.833043
20,9,3,4,0,4,2026-07-15T09:11:05.415295
20,9,4,4,0,4,2026-07-15T09:11:05.954355
20,9,5,4,0,4,2026-07-15T09:11:06.618107
20,9,6,4,0,4,2026-07-15T09:11:07.224723
20,9,7,4,0,4,2026-07-15T09:11:08.143165
20,9,8,4,0,4,2026-07-15T09:11:09.165150
20,9,9,4,0,4,2026-07-15T09:11:09.793263
20,9,10,4,0,4,2026-07-15T09:11:10.369721
21,1,1,3,0,3,2026-07-15T09:11:11.017992
21,1,2,3,0,3,2026-07-15T09:11:11.552630
21,1,3,3,0,3,2026-07-15T09:11:12.149581
21,1,4,3,0,3,2026-07-15T09:11:12.763916
21,1,5,3,0,3,2026-07-15T09:11:13.313191
21,1,6,3,0,3,2026-07-15T09:11:13.929843
21,1,7,3,0,3,2026-07-15T09:11:14.408087
21,1,8,3,0,3,2026-07-15T09:11:14.991025
21,1,9,3,0,3,2026-07-15T09:11:15.504772
21,1,10,3,0,3,2026-07-15T09:11:16.023060
21,2,1,2,0,2,2026-07-15T09:11:16.446495
21,2,2,2,0,2,2026-07-15T09:11:16.866806
21,2,3,2,0,2,2026-07-15T09:11:17.291840
21,2,4,2,0,2,2026-07-15T09:11:17.849066
21,2,5,2,0,2,2026-07-15T09:11:18.286724
21,2,6,2,0,2,2026-07-15T09:11:18.709133
21,2,7,2,0,2,2026-07-15T09:11:19.145969
21,2,8,2,0,2,2026-07-15T09:11:19.630030
21,2,9,0,0,0,2026-07-15T09:11:20.196613
21,2,10,0,0,0,2026-07-15T09:11:20.653431
21,3,1,4,0,4,2026-07-15T09:11:21.335578
21,3,2,4,0,4,2026-07-15T09:11:21.814904
21,3,3,4,0,4,2026-07-15T09:11:22.430340
21,3,4,4,0,4,2026-07-15T09:11:22.987902
21,3,5,4,0,4,2026-07-15T09:11:23.516586
21,3,6,4,0,4,2026-07-15T09:11:24.071901
21,3,7,4,0,4,2026-07-15T09:11:26.242944
21,3,8,4,0,4,2026-07-15T09:11:26.860880
21,3,9,4,0,4,2026-07-15T09:11:27.371440
21,3,10,4,0,4,2026-07-15T09:11:28.018835
21,4,1,2,0,2,2026-07-15T09:11:28.434405
21,4,2,2,0,2,2026-07-15T09:11:28.866848
21,4,3,2,0,2,2026-07-15T09:11:29.348360
21,4,4,2,0,2,2026-07-15T09:11:32.837931
21,4,5,2,0,2,2026-07-15T09:11:33.564978
21,4,6,2,0,2,2026-07-15T09:11:33.959031
21,4,7,2,0,2,2026-07-15T09:11:34.409125
21,4,8,0,0,0,2026-07-15T09:11:35.001910
21,4,9,2,0,2,2026-07-15T09:11:36.339273
21,4,10,2,0,2,2026-07-15T09:11:36.910985
21,5,1,4,0,4,2026-07-15T09:11:37.763128
21,5,2,4,0,4,2026-07-15T09:11:38.247378
21,5,3,4,0,4,2026-07-15T09:11:38.815979
21,5,4,4,0,4,2026-07-15T09:11:39.296811
21,5,5,4,0,4,2026-07-15T09:11:39.948142
21,5,6,4,0,4,2026-07-15T09:11:40.506773
21,5,7,4,0,4,2026-07-15T09:11:41.000262
21,5,8,4,0,4,2026-07-15T09:11:41.523429
21,5,9,4,0,4,2026-07-15T09:11:42.005416
21,5,10,4,0,4,2026-07-15T09:11:42.674892
21,6,1,0,0,0,2026-07-15T09:11:43.402654
21,6,2,0,0,0,2026-07-15T09:11:44.020630
21,6,3,1,0,1,2026-07-15T09:11:44.839657
21,6,4,0,0,0,2026-07-15T09:11:45.326562
21,6,5,1,0,1,2026-07-15T09:11:45.909311
21,6,6,0,0,0,2026-07-15T09:11:46.498990
21,6,7,1,0,1,2026-07-15T09:11:47.034316
21,6,8,0,0,0,2026-07-15T09:11:47.498972
21,6,9,1,0,1,2026-07-15T09:11:48.030939
21,6,10,0,0,0,2026-07-15T09:11:48.497098
21,7,1,4,0,4,2026-07-15T09:11:49.169235
21,7,2,4,0,4,2026-07-15T09:11:49.864708
21,7,3,4,0,4,2026-07-15T09:11:50.564736
21,7,4,4,0,4,2026-07-15T09:11:51.099511
21,7,5,4,0,4,2026-07-15T09:11:51.598762
21,7,6,4,0,4,2026-07-15T09:11:52.777076
21,7,7,4,0,4,2026-07-15T09:11:53.396628
21,7,8,4,0,4,2026-07-15T09:11:58.553090
21,7,9,4,0,4,2026-07-15T09:11:59.223686
21,7,10,4,0,4,2026-07-15T09:12:00.017545
21,8,1,2,0,2,2026-07-15T09:12:04.200206
21,8,2,2,0,2,2026-07-15T09:12:05.350371
21,8,3,2,0,2,2026-07-15T09:12:06.180892
21,8,4,2,0,2,2026-07-15T09:12:07.201137
21,8,5,2,0,2,2026-07-15T09:12:07.981173
21,8,6,2,0,2,2026-07-15T09:12:09.063852
21,8,7,2,0,2,2026-07-15T09:12:09.547386
21,8,8,2,0,2,2026-07-15T09:12:10.165749
21,8,9,2,0,2,2026-07-15T09:12:10.874576
21,8,10,2,0,2,2026-07-15T09:12:11.472637
21,9,1,4,0,4,2026-07-15T09:12:11.994381
21,9,2,4,0,4,2026-07-15T09:12:12.489343
21,9,3,4,0,4,2026-07-15T09:12:13.169564
21,9,4,4,0,4,2026-07-15T09:12:13.657723
21,9,5,4,0,4,2026-07-15T09:12:14.419535
21,9,6,4,0,4,2026-07-15T09:12:14.892823
21,9,7,4,0,4,2026-07-15T09:12:15.392091
21,9,8,4,0,4,2026-07-15T09:12:15.889347
21,9,9,4,0,4,2026-07-15T09:12:17.717178
21,9,10,4,0,4,2026-07-15T09:12:18.212599
22,1,1,2,0,2,2026-07-15T09:12:18.708635
22,1,2,3,0,3,2026-07-15T09:12:19.149914
22,1,3,2,0,2,2026-07-15T09:12:19.837385
22,1,4,2,0,2,2026-07-15T09:12:20.456917
22,1,5,3,0,3,2026-07-15T09:12:20.916023
22,1,6,2,0,2,2026-07-15T09:12:24.172221
22,1,7,2,0,2,2026-07-15T09:12:24.671772
22,1,8,3,0,3,2026-07-15T09:12:25.268969
22,1,9,2,0,2,2026-07-15T09:12:25.664502
22,1,10,2,0,2,2026-07-15T09:12:26.077850
22,2,1,0,0,0,2026-07-15T09:12:26.498770
22,2,2,0,0,0,2026-07-15T09:12:26.891297
22,2,3,0,0,0,2026-07-15T09:12:27.304972
22,2,4,0,0,0,2026-07-15T09:12:27.744551
22,2,5,0,0,0,2026-07-15T09:12:28.243080
22,2,6,0,0,0,2026-07-15T09:12:28.669577
22,2,7,0,0,0,2026-07-15T09:12:29.120434
22,2,8,0,0,0,2026-07-15T09:12:29.517394
22,2,9,0,0,0,2026-07-15T09:12:30.001102
22,2,10,1,0,1,2026-07-15T09:12:30.405973
22,3,1,4,0,4,2026-07-15T09:12:30.808022
22,3,2,4,0,4,2026-07-15T09:12:31.188344
22,3,3,4,0,4,2026-07-15T09:12:31.624445
22,3,4,4,0,4,2026-07-15T09:12:32.412009
22,3,5,4,0,4,2026-07-15T09:12:32.844055
22,3,6,4,0,4,2026-07-15T09:12:33.265371
22,3,7,4,0,4,2026-07-15T09:12:33.729578
22,3,8,4,0,4,2026-07-15T09:12:34.211379
22,3,9,4,0,4,2026-07-15T09:12:34.643425
22,3,10,4,0,4,2026-07-15T09:12:35.039665
22,4,1,0,0,0,2026-07-15T09:12:35.581810
22,4,2,1,0,1,2026-07-15T09:12:36.107625
22,4,3,1,0,1,2026-07-15T09:12:36.657567
22,4,4,1,0,1,2026-07-15T09:12:37.281820
22,4,5,1,0,1,2026-07-15T09:12:37.931733
22,4,6,1,0,1,2026-07-15T09:12:38.589305
22,4,7,2,0,2,2026-07-15T09:12:39.021272
22,4,8,1,0,1,2026-07-15T09:12:39.552118
22,4,9,1,0,1,2026-07-15T09:12:40.085837
22,4,10,1,0,1,2026-07-15T09:12:40.618417
22,5,1,4,0,4,2026-07-15T09:12:41.552826
22,5,2,4,0,4,2026-07-15T09:12:42.033558
22,5,3,4,0,4,2026-07-15T09:12:42.560983
22,5,4,4,0,4,2026-07-15T09:12:43.048357
22,5,5,4,0,4,2026-07-15T09:12:43.511747
22,5,6,4,0,4,2026-07-15T09:12:44.038023
22,5,7,4,0,4,2026-07-15T09:12:44.537632
22,5,8,4,0,4,2026-07-15T09:12:45.094527
22,5,9,4,0,4,2026-07-15T09:12:45.590633
22,5,10,4,0,4,2026-07-15T09:12:46.179839
22,6,1,0,0,0,2026-07-15T09:12:46.634150
22,6,2,0,0,0,2026-07-15T09:12:47.154339
22,6,3,0,0,0,2026-07-15T09:12:47.781230
22,6,4,0,0,0,2026-07-15T09:12:48.264039
22,6,5,0,0,0,2026-07-15T09:12:48.709347
22,6,6,0,0,0,2026-07-15T09:12:49.131686
22,6,7,0,0,0,2026-07-15T09:12:49.578456
22,6,8,0,0,0,2026-07-15T09:12:50.113063
22,6,9,0,0,0,2026-07-15T09:12:50.774810
22,6,10,0,0,0,2026-07-15T09:12:51.266054
22,7,1,4,0,4,2026-07-15T09:12:51.787556
22,7,2,4,0,4,2026-07-15T09:12:52.287576
22,7,3,4,0,4,2026-07-15T09:12:52.822039
22,7,4,4,0,4,2026-07-15T09:12:53.364725
22,7,5,4,0,4,2026-07-15T09:12:53.889802
22,7,6,4,0,4,2026-07-15T09:12:54.545116
22,7,7,4,0,4,2026-07-15T09:12:55.073893
22,7,8,4,0,4,2026-07-15T09:12:55.650955
22,7,9,4,0,4,2026-07-15T09:12:57.441621
22,7,10,4,0,4,2026-07-15T09:12:58.174545
22,8,1,2,0,2,2026-07-15T09:12:58.664602
22,8,2,2,0,2,2026-07-15T09:12:59.154029
22,8,3,2,0,2,2026-07-15T09:12:59.746541
22,8,4,2,0,2,2026-07-15T09:13:00.272155
22,8,5,2,0,2,2026-07-15T09:13:00.888330
22,8,6,2,0,2,2026-07-15T09:13:01.454033
22,8,7,2,0,2,2026-07-15T09:13:01.948001
22,8,8,2,0,2,2026-07-15T09:13:02.587037
22,8,9,2,0,2,2026-07-15T09:13:03.255250
22,8,10,2,0,2,2026-07-15T09:13:03.852638
22,9,1,4,0,4,2026-07-15T09:13:04.389007
22,9,2,4,0,4,2026-07-15T09:13:04.895498
22,9,3,4,0,4,2026-07-15T09:13:05.350217
22,9,4,4,0,4,2026-07-15T09:13:05.966899
22,9,5,4,0,4,2026-07-15T09:13:06.453123
22,9,6,4,0,4,2026-07-15T09:13:06.932794
22,9,7,4,0,4,2026-07-15T09:13:07.399852
22,9,8,4,0,4,2026-07-15T09:13:07.939953
22,9,9,4,0,4,2026-07-15T09:13:08.568623
22,9,10,4,0,4,2026-07-15T09:13:09.863293
23,1,1,4,0,4,2026-07-15T09:13:14.477986
23,1,2,4,0,4,2026-07-15T09:13:15.044444
23,1,3,4,0,4,2026-07-15T09:13:15.570408
23,1,4,4,0,4,2026-07-15T09:13:16.007759
23,1,5,4,0,4,2026-07-15T09:13:16.549168
23,1,6,4,0,4,2026-07-15T09:13:17.216716
23,1,7,4,0,4,2026-07-15T09:13:17.618668
23,1,8,4,0,4,2026-07-15T09:13:18.184948
23,1,9,4,0,4,2026-07-15T09:13:18.607271
23,1,10,4,0,4,2026-07-15T09:13:19.283513
23,2,1,0,0,0,2026-07-15T09:13:19.756337
23,2,2,0,0,0,2026-07-15T09:13:20.308283
23,2,3,0,0,0,2026-07-15T09:13:20.807370
23,2,4,0,0,0,2026-07-15T09:13:21.287772
23,2,5,0,0,0,2026-07-15T09:13:21.765057
23,2,6,0,0,0,2026-07-15T09:13:22.470525
23,2,7,0,0,0,2026-07-15T09:13:22.914037
23,2,8,0,0,0,2026-07-15T09:13:23.428976
23,2,9,0,0,0,2026-07-15T09:13:24.025942
23,2,10,0,0,0,2026-07-15T09:13:24.458662
23,3,1,4,0,4,2026-07-15T09:13:25.019164
23,3,2,4,0,4,2026-07-15T09:13:27.084231
23,3,3,4,0,4,2026-07-15T09:13:27.780837
23,3,4,4,0,4,2026-07-15T09:13:28.477613
23,3,5,4,0,4,2026-07-15T09:13:29.114866
23,3,6,4,0,4,2026-07-15T09:13:29.804354
23,3,7,4,0,4,2026-07-15T09:13:30.925604
23,3,8,4,0,4,2026-07-15T09:13:31.448182
23,3,9,4,0,4,2026-07-15T09:13:32.280390
23,3,10,4,0,4,2026-07-15T09:13:32.804675
23,4,1,0,0,0,2026-07-15T09:13:33.373028
23,4,2,0,0,0,2026-07-15T09:13:33.812907
23,4,3,0,0,0,2026-07-15T09:13:34.245130
23,4,4,1,0,1,2026-07-15T09:13:34.726674
23,4,5,0,0,0,2026-07-15T09:13:35.172323
23,4,6,0,0,0,2026-07-15T09:13:35.611173
23,4,7,0,0,0,2026-07-15T09:13:36.069166
23,4,8,0,0,0,2026-07-15T09:13:36.526299
23,4,9,1,0,1,2026-07-15T09:13:36.996215
23,4,10,0,0,0,2026-07-15T09:13:37.766296
23,5,1,4,0,4,2026-07-15T09:13:38.340590
23,5,2,4,0,4,2026-07-15T09:13:38.961475
23,5,3,4,0,4,2026-07-15T09:13:39.633197
23,5,4,4,0,4,2026-07-15T09:13:40.443762
23,5,5,4,0,4,2026-07-15T09:13:41.144175
23,5,6,4,0,4,2026-07-15T09:13:41.765395
23,5,7,4,0,4,2026-07-15T09:13:42.476582
23,5,8,4,0,4,2026-07-15T09:13:43.006919
23,5,9,4,0,4,2026-07-15T09:13:43.526121
23,5,10,4,0,4,2026-07-15T09:13:44.054448
23,6,1,0,0,0,2026-07-15T09:13:44.504809
23,6,2,0,0,0,2026-07-15T09:13:44.998088
23,6,3,0,0,0,2026-07-15T09:13:45.512437
23,6,4,0,0,0,2026-07-15T09:13:45.989429
23,6,5,0,0,0,2026-07-15T09:13:48.561638
23,6,6,0,0,0,2026-07-15T09:13:49.003132
23,6,7,0,0,0,2026-07-15T09:13:49.494682
23,6,8,0,0,0,2026-07-15T09:13:49.939048
23,6,9,0,0,0,2026-07-15T09:13:50.370440
23,6,10,0,0,0,2026-07-15T09:13:51.458742
23,7,1,4,0,4,2026-07-15T09:13:51.943598
23,7,2,4,0,4,2026-07-15T09:13:52.434933
23,7,3,4,0,4,2026-07-15T09:13:52.990018
23,7,4,4,0,4,2026-07-15T09:13:53.474277
23,7,5,4,0,4,2026-07-15T09:13:54.111100
23,7,6,4,0,4,2026-07-15T09:13:55.048635
23,7,7,4,0,4,2026-07-15T09:13:55.739453
23,7,8,4,0,4,2026-07-15T09:13:56.174019
23,7,9,4,0,4,2026-07-15T09:13:56.620154
23,7,10,4,0,4,2026-07-15T09:13:57.081569
23,8,1,2,0,2,2026-07-15T09:13:57.517900
23,8,2,2,0,2,2026-07-15T09:13:58.195518
23,8,3,2,0,2,2026-07-15T09:13:59.070339
23,8,4,2,0,2,2026-07-15T09:13:59.604191
23,8,5,2,0,2,2026-07-15T09:14:00.142261
23,8,6,2,0,2,2026-07-15T09:14:00.771472
23,8,7,2,0,2,2026-07-15T09:14:01.611433
23,8,8,2,0,2,2026-07-15T09:14:02.141747
23,8,9,2,0,2,2026-07-15T09:14:02.727026
23,8,10,2,0,2,2026-07-15T09:14:03.227913
23,9,1,4,0,4,2026-07-15T09:14:03.956613
23,9,2,4,0,4,2026-07-15T09:14:06.651485
23,9,3,4,0,4,2026-07-15T09:14:09.297202
23,9,4,4,0,4,2026-07-15T09:14:12.183490
23,9,5,4,0,4,2026-07-15T09:14:14.359063
23,9,6,4,0,4,2026-07-15T09:14:16.026873
23,9,7,4,0,4,2026-07-15T09:14:17.664901
23,9,8,4,0,4,2026-07-15T09:14:19.059443
23,9,9,4,0,4,2026-07-15T09:14:20.605609
23,9,10,4,0,4,2026-07-15T09:14:21.726356
24,1,1,4,0,4,2026-07-15T09:14:22.217593
24,1,2,4,0,4,2026-07-15T09:14:22.696965
24,1,3,4,0,4,2026-07-15T09:14:23.280693
24,1,4,4,0,4,2026-07-15T09:14:23.799577
24,1,5,4,0,4,2026-07-15T09:14:24.273395
24,1,6,4,0,4,2026-07-15T09:14:24.769026
24,1,7,4,0,4,2026-07-15T09:14:25.442947
24,1,8,4,0,4,2026-07-15T09:14:26.202559
24,1,9,4,0,4,2026-07-15T09:14:26.719097
24,1,10,4,0,4,2026-07-15T09:14:27.268558
24,2,1,2,0,2,2026-07-15T09:14:31.930665
24,2,2,2,0,2,2026-07-15T09:14:32.623609
24,2,3,2,0,2,2026-07-15T09:14:33.314166
24,2,4,2,0,2,2026-07-15T09:14:33.947001
24,2,5,2,0,2,2026-07-15T09:14:34.449723
24,2,6,2,0,2,2026-07-15T09:14:35.558490
24,2,7,2,0,2,2026-07-15T09:14:36.202406
24,2,8,2,0,2,2026-07-15T09:14:36.683675
24,2,9,2,0,2,2026-07-15T09:14:37.204663
24,2,10,2,0,2,2026-07-15T09:14:37.959826
24,3,1,4,0,4,2026-07-15T09:14:38.347524
24,3,2,4,0,4,2026-07-15T09:14:38.867410
24,3,3,4,0,4,2026-07-15T09:14:39.445938
24,3,4,4,0,4,2026-07-15T09:14:39.922456
24,3,5,4,0,4,2026-07-15T09:14:40.444898
24,3,6,4,0,4,2026-07-15T09:14:40.983742
24,3,7,4,0,4,2026-07-15T09:14:41.436036
24,3,8,4,0,4,2026-07-15T09:14:41.874397
24,3,9,4,0,4,2026-07-15T09:14:42.513281
24,3,10,4,0,4,2026-07-15T09:14:43.025261
24,4,1,1,0,1,2026-07-15T09:14:43.533310
24,4,2,0,0,0,2026-07-15T09:14:44.141860
24,4,3,1,0,1,2026-07-15T09:14:44.735250
24,4,4,0,0,0,2026-07-15T09:14:45.239077
24,4,5,1,0,1,2026-07-15T09:14:45.707441
24,4,6,1,0,1,2026-07-15T09:14:46.331612
24,4,7,1,0,1,2026-07-15T09:14:47.029841
24,4,8,1,0,1,2026-07-15T09:14:47.579950
24,4,9,1,0,1,2026-07-15T09:14:48.087381
24,4,10,0,0,0,2026-07-15T09:14:48.532687
24,5,1,4,0,4,2026-07-15T09:14:49.117233
24,5,2,4,0,4,2026-07-15T09:14:49.643238
24,5,3,4,0,4,2026-07-15T09:14:50.138739
24,5,4,4,0,4,2026-07-15T09:14:50.687955
24,5,5,4,0,4,2026-07-15T09:14:51.328534
24,5,6,4,0,4,2026-07-15T09:14:51.867152
24,5,7,4,0,4,2026-07-15T09:14:52.465302
24,5,8,4,0,4,2026-07-15T09:14:53.065385
24,5,9,4,0,4,2026-07-15T09:14:53.532069
24,5,10,4,0,4,2026-07-15T09:14:53.991003
24,6,1,0,0,0,2026-07-15T09:14:54.545583
24,6,2,0,0,0,2026-07-15T09:14:55.083311
24,6,3,0,0,0,2026-07-15T09:14:55.602566
24,6,4,0,0,0,2026-07-15T09:14:56.062593
24,6,5,0,0,0,2026-07-15T09:14:56.648290
24,6,6,0,0,0,2026-07-15T09:14:57.162134
24,6,7,0,0,0,2026-07-15T09:14:57.729014
24,6,8,0,0,0,2026-07-15T09:14:58.275929
24,6,9,0,0,0,2026-07-15T09:14:58.814205
24,6,10,0,0,0,2026-07-15T09:14:59.309005
24,7,1,5,0,5,2026-07-15T09:14:59.916994
24,7,2,5,0,5,2026-07-15T09:15:00.561323
24,7,3,4,0,4,2026-07-15T09:15:01.157183
24,7,4,5,0,5,2026-07-15T09:15:01.850451
24,7,5,5,0,5,2026-07-15T09:15:02.399040
24,7,6,5,0,5,2026-07-15T09:15:02.891065
24,7,7,5,0,5,2026-07-15T09:15:03.543069
24,7,8,5,0,5,2026-07-15T09:15:04.009946
24,7,9,4,0,4,2026-07-15T09:15:04.491099
24,7,10,5,0,5,2026-07-15T09:15:04.990242
24,8,1,2,0,2,2026-07-15T09:15:06.696882
24,8,2,2,0,2,2026-07-15T09:15:07.257423
24,8,3,2,0,2,2026-07-15T09:15:07.775320
24,8,4,2,0,2,2026-07-15T09:15:08.371570
24,8,5,2,0,2,2026-07-15T09:15:09.003955
24,8,6,2,0,2,2026-07-15T09:15:09.678672
24,8,7,2,0,2,2026-07-15T09:15:10.431271
24,8,8,2,0,2,2026-07-15T09:15:10.932450
24,8,9,2,0,2,2026-07-15T09:15:11.443550
24,8,10,2,0,2,2026-07-15T09:15:12.286380
24,9,1,5,0,5,2026-07-15T09:15:13.019405
24,9,2,5,0,5,2026-07-15T09:15:13.528318
24,9,3,5,0,5,2026-07-15T09:15:13.993926
24,9,4,5,0,5,2026-07-15T09:15:14.471670
24,9,5,5,0,5,2026-07-15T09:15:15.065019
24,9,6,5,0,5,2026-07-15T09:15:15.753013
24,9,7,5,0,5,2026-07-15T09:15:16.480026
24,9,8,5,0,5,2026-07-15T09:15:17.200609
24,9,9,5,0,5,2026-07-15T09:15:18.123422
24,9,10,5,0,5,2026-07-15T09:15:18.671600
25,1,1,2,0,2,2026-07-15T09:15:19.396999
25,1,2,2,0,2,2026-07-15T09:15:19.897185
25,1,3,1,0,1,2026-07-15T09:15:20.521057
25,1,4,1,0,1,2026-07-15T09:15:21.062700
25,1,5,1,0,1,2026-07-15T09:15:21.689130
25,1,6,1,0,1,2026-07-15T09:15:22.258943
25,1,7,2,0,2,2026-07-15T09:15:22.734418
25,1,8,1,0,1,2026-07-15T09:15:23.251569
25,1,9,1,0,1,2026-07-15T09:15:24.180316
25,1,10,1,0,1,2026-07-15T09:15:24.684199
25,2,1,0,0,0,2026-07-15T09:15:25.480106
25,2,2,0,0,0,2026-07-15T09:15:25.965656
25,2,3,0,0,0,2026-07-15T09:15:26.458429
25,2,4,0,0,0,2026-07-15T09:15:26.959991
25,2,5,0,0,0,2026-07-15T09:15:27.595721
25,2,6,0,0,0,2026-07-15T09:15:28.121278
25,2,7,0,0,0,2026-07-15T09:15:28.579081
25,2,8,0,0,0,2026-07-15T09:15:29.155774
25,2,9,0,0,0,2026-07-15T09:15:29.694491
25,2,10,0,0,0,2026-07-15T09:15:33.275003
25,3,1,0,0,0,2026-07-15T09:15:33.920510
25,3,2,0,0,0,2026-07-15T09:15:34.463899
25,3,3,0,0,0,2026-07-15T09:15:34.996834
25,3,4,0,0,0,2026-07-15T09:15:35.599354
25,3,5,0,0,0,2026-07-15T09:15:36.259229
25,3,6,0,0,0,2026-07-15T09:15:36.756490
25,3,7,0,0,0,2026-07-15T09:15:37.516961
25,3,8,0,0,0,2026-07-15T09:15:38.266489
25,3,9,0,0,0,2026-07-15T09:15:38.777731
25,3,10,0,0,0,2026-07-15T09:15:39.605218
25,4,1,0,0,0,2026-07-15T09:15:40.099774
25,4,2,0,0,0,2026-07-15T09:15:40.662529
25,4,3,0,0,0,2026-07-15T09:15:41.243591
25,4,4,0,0,0,2026-07-15T09:15:41.926511
25,4,5,0,0,0,2026-07-15T09:15:42.473127
25,4,6,0,0,0,2026-07-15T09:15:43.013803
25,4,7,0,0,0,2026-07-15T09:15:43.585832
25,4,8,0,0,0,2026-07-15T09:15:44.472014
25,4,9,0,0,0,2026-07-15T09:15:44.984161
25,4,10,0,0,0,2026-07-15T09:15:45.594751
25,5,1,0,0,0,2026-07-15T09:15:46.024243
25,5,2,0,0,0,2026-07-15T09:15:46.566399
25,5,3,0,0,0,2026-07-15T09:15:47.029002
25,5,4,0,0,0,2026-07-15T09:15:47.509854
25,5,5,0,0,0,2026-07-15T09:15:47.996926
25,5,6,0,0,0,2026-07-15T09:15:48.515094
25,5,7,0,0,0,2026-07-15T09:15:48.954200
25,5,8,0,0,0,2026-07-15T09:15:49.671697
25,5,9,0,0,0,2026-07-15T09:15:50.255231
25,5,10,0,0,0,2026-07-15T09:15:50.763068
25,6,1,0,0,0,2026-07-15T09:15:51.170681
25,6,2,0,0,0,2026-07-15T09:15:51.648280
25,6,3,0,0,0,2026-07-15T09:15:52.103060
25,6,4,0,0,0,2026-07-15T09:15:52.694212
25,6,5,0,0,0,2026-07-15T09:15:53.380192
25,6,6,0,0,0,2026-07-15T09:15:54.085710
25,6,7,0,0,0,2026-07-15T09:15:54.534199
25,6,8,0,0,0,2026-07-15T09:15:56.245857
25,6,9,0,0,0,2026-07-15T09:15:56.760688
25,6,10,0,0,0,2026-07-15T09:15:57.199309
25,7,1,4,0,4,2026-07-15T09:15:57.739036
25,7,2,4,0,4,2026-07-15T09:15:58.242750
25,7,3,4,0,4,2026-07-15T09:15:58.687141
25,7,4,4,0,4,2026-07-15T09:15:59.111774
25,7,5,4,0,4,2026-07-15T09:15:59.506487
25,7,6,4,0,4,2026-07-15T09:15:59.906637
25,7,7,4,0,4,2026-07-15T09:16:00.369263
25,7,8,4,0,4,2026-07-15T09:16:00.765011
25,7,9,4,0,4,2026-07-15T09:16:01.302017
25,7,10,4,0,4,2026-07-15T09:16:01.804295
25,8,1,0,0,0,2026-07-15T09:16:02.291654
25,8,2,0,0,0,2026-07-15T09:16:02.771110
25,8,3,0,0,0,2026-07-15T09:16:03.208417
25,8,4,0,0,0,2026-07-15T09:16:03.669888
25,8,5,0,0,0,2026-07-15T09:16:04.338863
25,8,6,0,0,0,2026-07-15T09:16:05.059466
25,8,7,0,0,0,2026-07-15T09:16:06.093961
25,8,8,0,0,0,2026-07-15T09:16:06.586344
25,8,9,0,0,0,2026-07-15T09:16:07.157791
25,8,10,0,0,0,2026-07-15T09:16:07.754895
25,9,1,2,0,2,2026-07-15T09:16:08.324853
25,9,2,2,0,2,2026-07-15T09:16:08.846262
25,9,3,2,0,2,2026-07-15T09:16:09.336672
25,9,4,2,0,2,2026-07-15T09:16:09.960390
25,9,5,2,0,2,2026-07-15T09:16:10.516747
25,9,6,2,0,2,2026-07-15T09:16:11.379171
25,9,7,2,0,2,2026-07-15T09:16:11.911308
25,9,8,2,0,2,2026-07-15T09:16:12.373675
25,9,9,2,0,2,2026-07-15T09:16:12.889444
25,9,10,2,0,2,2026-07-15T09:16:13.370910
26,1,1,3,0,3,2026-07-15T09:16:13.826271
26,1,2,3,0,3,2026-07-15T09:16:16.485229
26,1,3,3,0,3,2026-07-15T09:16:16.872916
26,1,4,3,0,3,2026-07-15T09:16:17.502365
26,1,5,3,0,3,2026-07-15T09:16:17.930836
26,1,6,3,0,3,2026-07-15T09:16:18.594764
26,1,7,3,0,3,2026-07-15T09:16:19.074164
26,1,8,3,0,3,2026-07-15T09:16:19.573625
26,1,9,3,0,3,2026-07-15T09:16:20.023322
26,1,10,3,0,3,2026-07-15T09:16:20.446880
26,2,1,0,1,0,2026-07-15T12:38:41.665787
26,2,2,0,1,0,2026-07-15T12:38:42.623988
26,2,3,0,1,0,2026-07-15T12:38:43.576839
26,2,4,0,3,0,2026-07-15T12:39:09.506550
26,2,5,0,1,0,2026-07-15T12:38:45.003025
26,2,6,-1,4,I'm,2026-07-15T12:39:10.019632
26,2,7,-1,4,I'm,2026-07-15T12:39:10.547893
26,2,8,-1,4,I'm,2026-07-15T12:39:11.078177
26,2,9,0,3,0,2026-07-15T12:39:11.546221
26,2,10,0,0,0,2026-07-15T09:16:26.836637
26,3,1,4,0,4,2026-07-15T09:16:27.610389
26,3,2,3,0,3,2026-07-15T09:16:28.479786
26,3,3,3,0,3,2026-07-15T09:16:29.117190
26,3,4,3,0,3,2026-07-15T09:16:29.730146
26,3,5,3,0,3,2026-07-15T09:16:30.505106
26,3,6,3,0,3,2026-07-15T09:16:31.569972
26,3,7,3,0,3,2026-07-15T09:16:32.216796
26,3,8,3,0,3,2026-07-15T09:16:32.737451
26,3,9,3,0,3,2026-07-15T09:16:33.260314
26,3,10,3,0,3,2026-07-15T09:16:33.917155
26,4,1,0,0,0,2026-07-15T09:16:34.379753
26,4,2,0,1,0,2026-07-15T12:38:47.995490
26,4,3,0,0,0,2026-07-15T09:16:36.696054
26,4,4,0,0,0,2026-07-15T09:16:37.292551
26,4,5,0,0,0,2026-07-15T09:16:37.851620
26,4,6,0,1,0,2026-07-15T12:38:48.993453
26,4,7,0,0,0,2026-07-15T09:16:38.801868
26,4,8,0,0,0,2026-07-15T09:16:39.487899
26,4,9,0,0,0,2026-07-15T09:16:40.070674
26,4,10,0,1,0,2026-07-15T12:38:49.473498
26,5,1,4,0,4,2026-07-15T09:16:41.308270
26,5,2,4,0,4,2026-07-15T09:16:41.820115
26,5,3,3,0,3,2026-07-15T09:16:42.487134
26,5,4,4,0,4,2026-07-15T09:16:43.408130
26,5,5,3,0,3,2026-07-15T09:16:44.455122
26,5,6,4,0,4,2026-07-15T09:16:44.930385
26,5,7,4,0,4,2026-07-15T09:16:45.425705
26,5,8,4,0,4,2026-07-15T09:16:45.952528
26,5,9,3,0,3,2026-07-15T09:16:46.601062
26,5,10,3,0,3,2026-07-15T09:16:47.132551
26,6,1,-1,4,I'm,2026-07-15T12:39:12.128218
26,6,2,-1,4,I'm,2026-07-15T12:39:12.764734
26,6,3,-1,4,I'm,2026-07-15T12:39:13.259575
26,6,4,-1,4,I'm,2026-07-15T12:39:13.747320
26,6,5,-1,4,I'm,2026-07-15T12:39:14.246040
26,6,6,-1,4,I'm,2026-07-15T12:39:14.738865
26,6,7,-1,4,I'm,2026-07-15T12:39:15.191697
26,6,8,-1,4,I'm,2026-07-15T12:39:15.649232
26,6,9,-1,4,I'm,2026-07-15T12:39:16.280830
26,6,10,-1,4,I'm,2026-07-15T12:39:16.776660
26,7,1,5,0,5,2026-07-15T09:16:52.816799
26,7,2,4,0,4,2026-07-15T09:16:53.710848
26,7,3,5,0,5,2026-07-15T09:16:54.202622
26,7,4,5,0,5,2026-07-15T09:16:54.675687
26,7,5,5,0,5,2026-07-15T09:16:55.196890
26,7,6,5,0,5,2026-07-15T09:16:55.684763
26,7,7,5,0,5,2026-07-15T09:16:56.229822
26,7,8,5,0,5,2026-07-15T09:16:56.749243
26,7,9,5,0,5,2026-07-15T09:16:57.355670
26,7,10,4,0,4,2026-07-15T09:16:57.907134
26,8,1,0,2,0,2026-07-15T12:39:08.082871
26,8,2,0,0,0,2026-07-15T09:16:58.914964
26,8,3,0,0,0,2026-07-15T09:16:59.344013
26,8,4,0,1,0,2026-07-15T12:38:55.991093
26,8,5,0,0,0,2026-07-15T09:17:00.413873
26,8,6,0,1,0,2026-07-15T12:38:56.907975
26,8,7,0,1,0,2026-07-15T12:38:57.442973
26,8,8,0,0,0,2026-07-15T09:17:01.888199
26,8,9,0,1,0,2026-07-15T12:38:57.926534
26,8,10,-1,4,I'm,2026-07-15T12:39:17.391175
26,9,1,4,0,4,2026-07-15T09:17:04.123021
26,9,2,5,0,5,2026-07-15T09:17:04.616522
26,9,3,4,0,4,2026-07-15T09:17:05.200941
26,9,4,4,0,4,2026-07-15T09:17:05.875717
26,9,5,4,0,4,2026-07-15T09:17:06.362948
26,9,6,5,0,5,2026-07-15T09:17:07.001851
26,9,7,4,0,4,2026-07-15T09:17:07.542616
26,9,8,5,0,5,2026-07-15T09:17:08.172842
26,9,9,4,0,4,2026-07-15T09:17:08.663716
26,9,10,4,0,4,2026-07-15T09:17:09.263373
27,1,1,4,0,4,2026-07-15T09:17:09.729983
27,1,2,4,0,4,2026-07-15T09:17:11.108155
27,1,3,4,0,4,2026-07-15T09:17:11.759015
27,1,4,4,0,4,2026-07-15T09:17:12.309312
27,1,5,3,0,3,2026-07-15T09:17:12.959212
27,1,6,4,0,4,2026-07-15T09:17:13.547527
27,1,7,4,0,4,2026-07-15T09:17:14.096640
27,1,8,4,0,4,2026-07-15T09:17:14.554800
27,1,9,4,0,4,2026-07-15T09:17:15.093542
27,1,10,4,0,4,2026-07-15T09:17:22.441408
27,2,1,0,0,0,2026-07-15T09:17:22.933092
27,2,2,1,0,1,2026-07-15T09:17:23.480685
27,2,3,1,0,1,2026-07-15T09:17:23.938728
27,2,4,1,0,1,2026-07-15T09:17:24.726512
27,2,5,1,0,1,2026-07-15T09:17:25.261801
27,2,6,1,0,1,2026-07-15T09:17:29.202543
27,2,7,0,0,0,2026-07-15T09:17:29.698708
27,2,8,0,0,0,2026-07-15T09:17:30.133326
27,2,9,1,0,1,2026-07-15T09:17:31.226337
27,2,10,0,0,0,2026-07-15T09:17:31.726547
27,3,1,4,0,4,2026-07-15T09:17:32.212225
27,3,2,4,0,4,2026-07-15T09:17:33.091629
27,3,3,4,0,4,2026-07-15T09:17:34.574163
27,3,4,4,0,4,2026-07-15T09:17:35.090704
27,3,5,4,0,4,2026-07-15T09:17:35.594438
27,3,6,4,0,4,2026-07-15T09:17:36.322026
27,3,7,4,0,4,2026-07-15T09:17:36.833607
27,3,8,4,0,4,2026-07-15T09:17:37.315731
27,3,9,4,0,4,2026-07-15T09:17:38.444581
27,3,10,4,0,4,2026-07-15T09:17:38.940736
27,4,1,2,0,2,2026-07-15T09:17:39.963789
27,4,2,2,0,2,2026-07-15T09:17:40.534371
27,4,3,2,0,2,2026-07-15T09:17:41.096217
27,4,4,2,0,2,2026-07-15T09:17:41.612198
27,4,5,2,0,2,2026-07-15T09:17:42.156242
27,4,6,2,0,2,2026-07-15T09:17:42.680308
27,4,7,2,0,2,2026-07-15T09:17:43.142739
27,4,8,2,0,2,2026-07-15T09:17:43.913050
27,4,9,2,0,2,2026-07-15T09:17:44.495985
27,4,10,2,0,2,2026-07-15T09:17:45.050345
27,5,1,2,0,2,2026-07-15T09:17:45.585817
27,5,2,2,0,2,2026-07-15T09:17:46.157259
27,5,3,2,0,2,2026-07-15T09:17:46.677414
27,5,4,2,0,2,2026-07-15T09:17:47.222364
27,5,5,2,0,2,2026-07-15T09:17:48.341812
27,5,6,2,0,2,2026-07-15T09:17:49.216474
27,5,7,2,0,2,2026-07-15T09:17:49.748892
27,5,8,2,0,2,2026-07-15T09:17:50.398927
27,5,9,2,0,2,2026-07-15T09:17:51.473951
27,5,10,2,0,2,2026-07-15T09:17:52.180888
27,6,1,0,0,0,2026-07-15T09:17:52.796933
27,6,2,1,0,1,2026-07-15T09:17:53.345994
27,6,3,1,0,1,2026-07-15T09:17:53.861314
27,6,4,1,0,1,2026-07-15T09:17:54.654474
27,6,5,1,0,1,2026-07-15T09:17:55.152128
27,6,6,1,0,1,2026-07-15T09:17:55.678141
27,6,7,0,0,0,2026-07-15T09:17:56.188095
27,6,8,1,0,1,2026-07-15T09:17:56.728898
27,6,9,1,0,1,2026-07-15T09:17:57.228791
27,6,10,1,0,1,2026-07-15T09:17:57.940150
27,7,1,4,0,4,2026-07-15T09:17:58.418468
27,7,2,4,0,4,2026-07-15T09:17:58.920964
27,7,3,4,0,4,2026-07-15T09:17:59.396580
27,7,4,4,0,4,2026-07-15T09:17:59.931491
27,7,5,4,0,4,2026-07-15T09:18:00.452288
27,7,6,4,0,4,2026-07-15T09:18:01.006386
27,7,7,4,0,4,2026-07-15T09:18:01.650628
27,7,8,4,0,4,2026-07-15T09:18:02.071357
27,7,9,4,0,4,2026-07-15T09:18:02.518923
27,7,10,4,0,4,2026-07-15T09:18:03.264928
27,8,1,2,0,2,2026-07-15T09:18:03.732249
27,8,2,2,0,2,2026-07-15T09:18:04.431075
27,8,3,2,0,2,2026-07-15T09:18:05.420469
27,8,4,2,0,2,2026-07-15T09:18:05.980039
27,8,5,2,0,2,2026-07-15T09:18:06.464838
27,8,6,2,0,2,2026-07-15T09:18:07.009648
27,8,7,2,0,2,2026-07-15T09:18:07.492228
27,8,8,2,0,2,2026-07-15T09:18:07.970868
27,8,9,2,0,2,2026-07-15T09:18:08.459507
27,8,10,2,0,2,2026-07-15T09:18:08.932590
27,9,1,4,0,4,2026-07-15T09:18:09.444305
27,9,2,4,0,4,2026-07-15T09:18:10.040307
27,9,3,4,0,4,2026-07-15T09:18:10.525062
27,9,4,4,0,4,2026-07-15T09:18:10.977983
27,9,5,4,0,4,2026-07-15T09:18:11.356044
27,9,6,4,0,4,2026-07-15T09:18:11.853840
27,9,7,4,0,4,2026-07-15T09:18:12.458502
27,9,8,4,0,4,2026-07-15T09:18:12.860124
27,9,9,4,0,4,2026-07-15T09:18:13.718059
27,9,10,4,0,4,2026-07-15T09:18:14.135984
28,1,1,4,0,4,2026-07-15T09:18:14.652740
28,1,2,4,0,4,2026-07-15T09:18:16.001538
28,1,3,4,0,4,2026-07-15T09:18:16.536642
28,1,4,4,0,4,2026-07-15T09:18:17.531867
28,1,5,4,0,4,2026-07-15T09:18:18.321321
28,1,6,4,0,4,2026-07-15T09:18:18.869503
28,1,7,4,0,4,2026-07-15T09:18:19.467821
28,1,8,4,0,4,2026-07-15T09:18:19.993030
28,1,9,4,0,4,2026-07-15T09:18:20.539473
28,1,10,4,0,4,2026-07-15T09:18:21.087480
28,2,1,2,0,2,2026-07-15T09:18:21.730611
28,2,2,2,0,2,2026-07-15T09:18:22.288225
28,2,3,2,0,2,2026-07-15T09:18:22.906330
28,2,4,2,0,2,2026-07-15T09:18:23.361447
28,2,5,2,0,2,2026-07-15T09:18:23.806886
28,2,6,2,0,2,2026-07-15T09:18:24.271700
28,2,7,2,0,2,2026-07-15T09:18:24.744647
28,2,8,2,0,2,2026-07-15T09:18:25.188335
28,2,9,2,0,2,2026-07-15T09:18:25.659875
28,2,10,2,0,2,2026-07-15T09:18:26.229369
28,3,1,4,0,4,2026-07-15T09:18:26.730632
28,3,2,4,0,4,2026-07-15T09:18:27.465493
28,3,3,4,0,4,2026-07-15T09:18:28.001710
28,3,4,4,0,4,2026-07-15T09:18:28.737164
28,3,5,4,0,4,2026-07-15T09:18:29.386524
28,3,6,4,0,4,2026-07-15T09:18:29.949098
28,3,7,4,0,4,2026-07-15T09:18:30.487432
28,3,8,4,0,4,2026-07-15T09:18:31.132402
28,3,9,4,0,4,2026-07-15T09:18:31.701922
28,3,10,4,0,4,2026-07-15T09:18:32.261999
28,4,1,1,0,1,2026-07-15T09:18:32.728113
28,4,2,1,0,1,2026-07-15T09:18:33.239345
28,4,3,1,0,1,2026-07-15T09:18:33.741817
28,4,4,1,0,1,2026-07-15T09:18:34.256237
28,4,5,1,0,1,2026-07-15T09:18:34.713218
28,4,6,1,0,1,2026-07-15T09:18:35.470509
28,4,7,1,0,1,2026-07-15T09:18:35.978611
28,4,8,1,0,1,2026-07-15T09:18:37.763976
28,4,9,1,0,1,2026-07-15T09:18:38.244243
28,4,10,1,0,1,2026-07-15T09:18:38.792068
28,5,1,4,0,4,2026-07-15T09:18:39.304765
28,5,2,4,0,4,2026-07-15T09:18:39.973951
28,5,3,4,0,4,2026-07-15T09:18:40.524660
28,5,4,4,0,4,2026-07-15T09:18:46.136290
28,5,5,4,0,4,2026-07-15T09:18:46.587418
28,5,6,4,0,4,2026-07-15T09:18:47.305252
28,5,7,4,0,4,2026-07-15T09:18:47.769266
28,5,8,4,0,4,2026-07-15T09:18:48.358208
28,5,9,4,0,4,2026-07-15T09:18:48.809061
28,5,10,4,0,4,2026-07-15T09:18:49.409224
28,6,1,2,0,2,2026-07-15T09:18:49.946340
28,6,2,0,0,0,2026-07-15T09:18:50.412974
28,6,3,0,0,0,2026-07-15T09:18:50.897310
28,6,4,0,0,0,2026-07-15T09:18:51.464695
28,6,5,0,0,0,2026-07-15T09:18:51.944983
28,6,6,0,0,0,2026-07-15T09:18:52.474698
28,6,7,0,0,0,2026-07-15T09:18:52.935311
28,6,8,0,0,0,2026-07-15T09:18:53.667678
28,6,9,0,0,0,2026-07-15T09:18:54.362266
28,6,10,0,0,0,2026-07-15T09:18:54.841880
28,7,1,4,0,4,2026-07-15T09:18:55.289228
28,7,2,4,0,4,2026-07-15T09:18:55.747756
28,7,3,4,0,4,2026-07-15T09:18:56.221196
28,7,4,4,0,4,2026-07-15T09:18:56.705908
28,7,5,4,0,4,2026-07-15T09:18:57.147461
28,7,6,4,0,4,2026-07-15T09:18:57.634797
28,7,7,4,0,4,2026-07-15T09:18:59.981332
28,7,8,4,0,4,2026-07-15T09:19:00.391541
28,7,9,4,0,4,2026-07-15T09:19:00.800297
28,7,10,4,0,4,2026-07-15T09:19:01.317458
28,8,1,4,0,4,2026-07-15T09:19:02.049601
28,8,2,4,0,4,2026-07-15T09:19:02.540085
28,8,3,4,0,4,2026-07-15T09:19:03.050845
28,8,4,4,0,4,2026-07-15T09:19:03.587757
28,8,5,4,0,4,2026-07-15T09:19:04.180106
28,8,6,4,0,4,2026-07-15T09:19:04.768261
28,8,7,4,0,4,2026-07-15T09:19:05.690679
28,8,8,4,0,4,2026-07-15T09:19:06.167014
28,8,9,4,0,4,2026-07-15T09:19:07.505093
28,8,10,4,0,4,2026-07-15T09:19:08.936065
28,9,1,5,0,5,2026-07-15T09:19:09.484665
28,9,2,5,0,5,2026-07-15T09:19:09.996444
28,9,3,5,0,5,2026-07-15T09:19:10.585949
28,9,4,5,0,5,2026-07-15T09:19:11.626615
28,9,5,5,0,5,2026-07-15T09:19:12.476982
28,9,6,5,0,5,2026-07-15T09:19:13.021231
28,9,7,5,0,5,2026-07-15T09:19:13.524509
28,9,8,5,0,5,2026-07-15T09:19:14.063768
28,9,9,5,0,5,2026-07-15T09:19:14.628442
28,9,10,5,0,5,2026-07-15T09:19:15.704835
29,1,1,3,0,3,2026-07-15T09:19:16.320656
29,1,2,2,0,2,2026-07-15T09:19:16.846831
29,1,3,3,0,3,2026-07-15T09:19:17.332807
29,1,4,3,0,3,2026-07-15T09:19:18.127805
29,1,5,3,0,3,2026-07-15T09:19:18.598443
29,1,6,3,0,3,2026-07-15T09:19:19.138368
29,1,7,3,0,3,2026-07-15T09:19:19.607704
29,1,8,3,0,3,2026-07-15T09:19:20.103565
29,1,9,3,0,3,2026-07-15T09:19:20.621128
29,1,10,2,0,2,2026-07-15T09:19:21.225984
29,2,1,1,0,1,2026-07-15T09:19:21.722624
29,2,2,1,0,1,2026-07-15T09:19:22.341358
29,2,3,1,0,1,2026-07-15T09:19:22.852772
29,2,4,2,0,2,2026-07-15T09:19:23.366641
29,2,5,2,0,2,2026-07-15T09:19:24.038686
29,2,6,1,0,1,2026-07-15T09:19:24.616295
29,2,7,2,0,2,2026-07-15T09:19:25.162118
29,2,8,1,0,1,2026-07-15T09:19:26.736778
29,2,9,1,0,1,2026-07-15T09:19:27.403169
29,2,10,2,0,2,2026-07-15T09:19:27.887629
29,3,1,3,0,3,2026-07-15T09:19:28.420294
29,3,2,3,0,3,2026-07-15T09:19:28.963508
29,3,3,3,0,3,2026-07-15T09:19:29.446397
29,3,4,3,0,3,2026-07-15T09:19:29.964877
29,3,5,3,0,3,2026-07-15T09:19:30.491684
29,3,6,3,0,3,2026-07-15T09:19:30.980364
29,3,7,3,0,3,2026-07-15T09:19:31.610967
29,3,8,3,0,3,2026-07-15T09:19:32.368667
29,3,9,3,0,3,2026-07-15T09:19:32.910344
29,3,10,3,0,3,2026-07-15T09:19:33.501736
29,4,1,1,0,1,2026-07-15T09:19:34.200782
29,4,2,1,0,1,2026-07-15T09:19:34.993058
29,4,3,0,0,0,2026-07-15T09:19:35.554405
29,4,4,0,0,0,2026-07-15T09:19:36.158282
29,4,5,0,0,0,2026-07-15T09:19:36.868365
29,4,6,1,0,1,2026-07-15T09:19:37.736606
29,4,7,0,0,0,2026-07-15T09:19:38.267669
29,4,8,1,0,1,2026-07-15T09:19:38.869803
29,4,9,0,0,0,2026-07-15T09:19:39.537510
29,4,10,0,0,0,2026-07-15T09:19:40.271383
29,5,1,4,0,4,2026-07-15T09:19:40.765032
29,5,2,4,0,4,2026-07-15T09:19:41.172175
29,5,3,4,0,4,2026-07-15T09:19:41.618410
29,5,4,4,0,4,2026-07-15T09:19:42.101846
29,5,5,4,0,4,2026-07-15T09:19:42.527620
29,5,6,4,0,4,2026-07-15T09:19:43.016541
29,5,7,4,0,4,2026-07-15T09:19:43.554941
29,5,8,4,0,4,2026-07-15T09:19:44.115784
29,5,9,4,0,4,2026-07-15T09:19:44.656580
29,5,10,4,0,4,2026-07-15T09:19:45.109128
29,6,1,0,0,0,2026-07-15T09:19:45.886267
29,6,2,0,0,0,2026-07-15T09:19:46.631475
29,6,3,0,0,0,2026-07-15T09:19:47.162973
29,6,4,0,0,0,2026-07-15T09:19:48.292668
29,6,5,0,0,0,2026-07-15T09:19:48.969109
29,6,6,0,0,0,2026-07-15T09:19:49.570676
29,6,7,0,0,0,2026-07-15T09:19:50.042970
29,6,8,0,0,0,2026-07-15T09:19:50.626375
29,6,9,0,0,0,2026-07-15T09:19:51.125658
29,6,10,0,0,0,2026-07-15T09:19:51.685092
29,7,1,4,0,4,2026-07-15T09:19:52.227713
29,7,2,4,0,4,2026-07-15T09:19:53.473215
29,7,3,4,0,4,2026-07-15T09:19:54.053753
29,7,4,4,0,4,2026-07-15T09:19:54.523263
29,7,5,4,0,4,2026-07-15T09:19:55.315941
29,7,6,4,0,4,2026-07-15T09:19:55.810677
29,7,7,4,0,4,2026-07-15T09:19:56.331543
29,7,8,4,0,4,2026-07-15T09:19:56.796479
29,7,9,4,0,4,2026-07-15T09:19:57.260343
29,7,10,4,0,4,2026-07-15T09:19:57.869734
29,8,1,2,0,2,2026-07-15T09:19:58.401415
29,8,2,2,0,2,2026-07-15T09:19:58.850139
29,8,3,2,0,2,2026-07-15T09:19:59.349419
29,8,4,2,0,2,2026-07-15T09:19:59.784652
29,8,5,2,0,2,2026-07-15T09:20:00.247031
29,8,6,2,0,2,2026-07-15T09:20:00.836701
29,8,7,2,0,2,2026-07-15T09:20:01.407252
29,8,8,2,0,2,2026-07-15T09:20:01.953759
29,8,9,2,0,2,2026-07-15T09:20:02.527771
29,8,10,2,0,2,2026-07-15T09:20:03.113838
29,9,1,4,0,4,2026-07-15T09:20:03.600099
29,9,2,4,0,4,2026-07-15T09:20:04.148705
29,9,3,4,0,4,2026-07-15T09:20:04.559646
29,9,4,4,0,4,2026-07-15T09:20:05.159177
29,9,5,4,0,4,2026-07-15T09:20:05.837097
29,9,6,4,0,4,2026-07-15T09:20:06.269661
29,9,7,4,0,4,2026-07-15T09:20:06.752907
29,9,8,4,0,4,2026-07-15T09:20:07.493103
29,9,9,4,0,4,2026-07-15T09:20:07.924318
29,9,10,4,0,4,2026-07-15T09:20:08.335420
30,1,1,2,0,2,2026-07-15T09:20:08.841800
30,1,2,2,0,2,2026-07-15T09:20:09.278640
30,1,3,2,0,2,2026-07-15T09:20:09.784822
30,1,4,2,0,2,2026-07-15T09:20:10.203219
30,1,5,2,0,2,2026-07-15T09:20:10.655866
30,1,6,2,0,2,2026-07-15T09:20:11.072284
30,1,7,2,0,2,2026-07-15T09:20:11.519179
30,1,8,2,0,2,2026-07-15T09:20:11.970133
30,1,9,2,0,2,2026-07-15T09:20:12.419468
30,1,10,2,0,2,2026-07-15T09:20:12.914865
30,2,1,1,0,1,2026-07-15T09:20:13.718928
30,2,2,0,0,0,2026-07-15T09:20:14.396089
30,2,3,1,0,1,2026-07-15T09:20:14.942334
30,2,4,0,0,0,2026-07-15T09:20:15.478413
30,2,5,1,0,1,2026-07-15T09:20:16.408543
30,2,6,1,0,1,2026-07-15T09:20:16.919286
30,2,7,0,0,0,2026-07-15T09:20:17.531557
30,2,8,1,0,1,2026-07-15T09:20:18.113051
30,2,9,1,0,1,2026-07-15T09:20:18.656630
30,2,10,0,0,0,2026-07-15T09:20:19.240440
30,3,1,3,0,3,2026-07-15T09:20:19.793950
30,3,2,3,0,3,2026-07-15T09:20:20.294183
30,3,3,3,0,3,2026-07-15T09:20:20.788595
30,3,4,3,0,3,2026-07-15T09:20:21.226688
30,3,5,3,0,3,2026-07-15T09:20:21.670866
30,3,6,4,0,4,2026-07-15T09:20:22.673485
30,3,7,3,0,3,2026-07-15T09:20:23.093200
30,3,8,3,0,3,2026-07-15T09:20:23.661615
30,3,9,3,0,3,2026-07-15T09:20:24.397102
30,3,10,3,0,3,2026-07-15T09:20:24.949810
30,4,1,0,0,0,2026-07-15T09:20:25.503025
30,4,2,1,0,1,2026-07-15T09:20:26.091495
30,4,3,0,0,0,2026-07-15T09:20:26.664660
30,4,4,0,0,0,2026-07-15T09:20:27.141965
30,4,5,0,0,0,2026-07-15T09:20:27.831095
30,4,6,0,0,0,2026-07-15T09:20:28.330601
30,4,7,1,0,1,2026-07-15T09:20:28.860723
30,4,8,0,0,0,2026-07-15T09:20:29.584799
30,4,9,0,0,0,2026-07-15T09:20:30.121021
30,4,10,0,0,0,2026-07-15T09:20:30.773030
30,5,1,4,0,4,2026-07-15T09:20:31.429741
30,5,2,4,0,4,2026-07-15T09:20:31.951834
30,5,3,4,0,4,2026-07-15T09:20:32.447365
30,5,4,4,0,4,2026-07-15T09:20:32.970240
30,5,5,4,0,4,2026-07-15T09:20:33.435399
30,5,6,4,0,4,2026-07-15T09:20:34.013044
30,5,7,4,0,4,2026-07-15T09:20:34.545239
30,5,8,4,0,4,2026-07-15T09:20:35.127195
30,5,9,4,0,4,2026-07-15T09:20:35.561626
30,5,10,4,0,4,2026-07-15T09:20:36.324041
30,6,1,0,0,0,2026-07-15T09:20:36.789101
30,6,2,0,0,0,2026-07-15T09:20:37.211258
30,6,3,0,0,0,2026-07-15T09:20:37.933067
30,6,4,0,0,0,2026-07-15T09:20:38.365937
30,6,5,0,0,0,2026-07-15T09:20:38.845865
30,6,6,0,0,0,2026-07-15T09:20:39.417773
30,6,7,0,0,0,2026-07-15T09:20:41.984176
30,6,8,0,0,0,2026-07-15T09:20:42.493628
30,6,9,0,0,0,2026-07-15T09:20:42.981145
30,6,10,0,0,0,2026-07-15T09:20:43.594644
30,7,1,4,0,4,2026-07-15T09:20:44.038015
30,7,2,4,0,4,2026-07-15T09:20:44.472520
30,7,3,4,0,4,2026-07-15T09:20:45.224500
30,7,4,4,0,4,2026-07-15T09:20:45.741503
30,7,5,4,0,4,2026-07-15T09:20:46.245407
30,7,6,4,0,4,2026-07-15T09:20:46.723360
30,7,7,4,0,4,2026-07-15T09:20:47.161640
30,7,8,4,0,4,2026-07-15T09:20:47.716754
30,7,9,4,0,4,2026-07-15T09:20:48.254955
30,7,10,4,0,4,2026-07-15T09:20:48.679017
30,8,1,1,0,1,2026-07-15T09:20:49.147975
30,8,2,1,0,1,2026-07-15T09:20:49.629339
30,8,3,1,0,1,2026-07-15T09:20:50.089335
30,8,4,1,0,1,2026-07-15T09:20:50.638092
30,8,5,1,0,1,2026-07-15T09:20:51.160224
30,8,6,1,0,1,2026-07-15T09:20:51.678414
30,8,7,1,0,1,2026-07-15T09:20:52.178319
30,8,8,1,0,1,2026-07-15T09:20:53.084461
30,8,9,1,0,1,2026-07-15T09:20:53.692749
30,8,10,1,0,1,2026-07-15T09:20:54.149173
30,9,1,4,0,4,2026-07-15T09:20:54.620209
30,9,2,4,0,4,2026-07-15T09:20:55.058148
30,9,3,4,0,4,2026-07-15T09:20:56.394082
30,9,4,4,0,4,2026-07-15T09:20:56.931002
30,9,5,4,0,4,2026-07-15T09:20:57.530564
30,9,6,4,0,4,2026-07-15T09:20:57.926181
30,9,7,4,0,4,2026-07-15T09:20:58.363296
30,9,8,4,0,4,2026-07-15T09:20:58.814784
30,9,9,4,0,4,2026-07-15T09:20:59.373229
30,9,10,4,0,4,2026-07-15T09:20:59.835568
31,1,1,4,0,4,2026-07-15T09:21:00.396110
31,1,2,4,0,4,2026-07-15T09:21:00.863503
31,1,3,4,0,4,2026-07-15T09:21:03.039603
31,1,4,4,0,4,2026-07-15T09:21:03.564098
31,1,5,4,0,4,2026-07-15T09:21:04.023744
31,1,6,4,0,4,2026-07-15T09:21:04.598468
31,1,7,4,0,4,2026-07-15T09:21:05.079587
31,1,8,4,0,4,2026-07-15T09:21:05.842325
31,1,9,4,0,4,2026-07-15T09:21:06.337658
31,1,10,4,0,4,2026-07-15T09:21:06.859201
31,2,1,0,0,0,2026-07-15T09:21:07.418884
31,2,2,0,0,0,2026-07-15T09:21:07.966036
31,2,3,1,0,1,2026-07-15T09:21:08.742498
31,2,4,0,0,0,2026-07-15T09:21:09.201534
31,2,5,1,0,1,2026-07-15T09:21:09.696625
31,2,6,0,0,0,2026-07-15T09:21:10.235449
31,2,7,1,0,1,2026-07-15T09:21:10.773823
31,2,8,1,0,1,2026-07-15T09:21:11.233089
31,2,9,1,0,1,2026-07-15T09:21:11.730639
31,2,10,0,0,0,2026-07-15T09:21:12.197001
31,3,1,4,0,4,2026-07-15T09:21:12.714552
31,3,2,4,0,4,2026-07-15T09:21:13.300047
31,3,3,4,0,4,2026-07-15T09:21:13.849315
31,3,4,4,0,4,2026-07-15T09:21:14.517280
31,3,5,4,0,4,2026-07-15T09:21:14.978451
31,3,6,4,0,4,2026-07-15T09:21:15.513625
31,3,7,4,0,4,2026-07-15T09:21:15.998636
31,3,8,4,0,4,2026-07-15T09:21:16.550348
31,3,9,4,0,4,2026-07-15T09:21:17.050643
31,3,10,4,0,4,2026-07-15T09:21:17.584744
31,4,1,1,0,1,2026-07-15T09:21:18.090914
31,4,2,0,0,0,2026-07-15T09:21:18.598258
31,4,3,0,0,0,2026-07-15T09:21:19.129784
31,4,4,1,0,1,2026-07-15T09:21:19.637148
31,4,5,0,0,0,2026-07-15T09:21:20.121415
31,4,6,1,0,1,2026-07-15T09:21:20.793287
31,4,7,0,0,0,2026-07-15T09:21:21.308128
31,4,8,1,0,1,2026-07-15T09:21:25.045053
31,4,9,1,0,1,2026-07-15T09:21:25.605171
31,4,10,0,0,0,2026-07-15T09:21:26.143854
31,5,1,4,0,4,2026-07-15T09:21:26.656526
31,5,2,4,0,4,2026-07-15T09:21:27.118328
31,5,3,4,0,4,2026-07-15T09:21:27.623076
31,5,4,4,0,4,2026-07-15T09:21:28.154581
31,5,5,4,0,4,2026-07-15T09:21:28.713175
31,5,6,4,0,4,2026-07-15T09:21:29.242301
31,5,7,4,0,4,2026-07-15T09:21:29.777741
31,5,8,4,0,4,2026-07-15T09:21:30.277085
31,5,9,4,0,4,2026-07-15T09:21:30.892255
31,5,10,4,0,4,2026-07-15T09:21:31.404379
31,6,1,0,0,0,2026-07-15T09:21:31.993799
31,6,2,0,0,0,2026-07-15T09:21:33.043146
31,6,3,0,0,0,2026-07-15T09:21:33.502556
31,6,4,0,0,0,2026-07-15T09:21:34.037764
31,6,5,0,0,0,2026-07-15T09:21:34.477041
31,6,6,0,0,0,2026-07-15T09:21:34.912092
31,6,7,0,0,0,2026-07-15T09:21:35.426067
31,6,8,0,0,0,2026-07-15T09:21:36.105844
31,6,9,0,0,0,2026-07-15T09:21:36.654387
31,6,10,0,0,0,2026-07-15T09:21:42.147843
31,7,1,4,0,4,2026-07-15T09:21:42.656635
31,7,2,4,0,4,2026-07-15T09:21:43.198578
31,7,3,4,0,4,2026-07-15T09:21:43.738049
31,7,4,4,0,4,2026-07-15T09:21:45.372601
31,7,5,4,0,4,2026-07-15T09:21:45.898724
31,7,6,4,0,4,2026-07-15T09:21:46.424325
31,7,7,4,0,4,2026-07-15T09:21:46.997276
31,7,8,4,0,4,2026-07-15T09:21:47.544465
31,7,9,4,0,4,2026-07-15T09:21:48.152123
31,7,10,4,0,4,2026-07-15T09:21:48.723773
31,8,1,2,0,2,2026-07-15T09:21:49.328344
31,8,2,2,0,2,2026-07-15T09:21:50.843401
31,8,3,3,0,3,2026-07-15T09:21:51.324390
31,8,4,2,0,2,2026-07-15T09:21:51.842915
31,8,5,2,0,2,2026-07-15T09:21:52.349250
31,8,6,2,0,2,2026-07-15T09:21:52.868352
31,8,7,2,0,2,2026-07-15T09:21:53.347516
31,8,8,2,0,2,2026-07-15T09:21:53.909042
31,8,9,2,0,2,2026-07-15T09:21:54.416746
31,8,10,2,0,2,2026-07-15T09:21:54.958765
31,9,1,4,0,4,2026-07-15T09:21:55.445199
31,9,2,4,0,4,2026-07-15T09:21:55.908709
31,9,3,4,0,4,2026-07-15T09:21:56.448390
31,9,4,4,0,4,2026-07-15T09:21:56.918061
31,9,5,5,0,5,2026-07-15T09:21:58.428848
31,9,6,5,0,5,2026-07-15T09:21:58.906190
31,9,7,4,0,4,2026-07-15T09:21:59.393539
31,9,8,4,0,4,2026-07-15T09:21:59.850620
31,9,9,4,0,4,2026-07-15T09:22:00.438094
31,9,10,5,0,5,2026-07-15T09:22:01.053155
32,1,1,4,0,4,2026-07-15T09:22:02.595144
32,1,2,4,0,4,2026-07-15T09:22:05.329295
32,1,3,4,0,4,2026-07-15T09:22:06.073073
32,1,4,4,0,4,2026-07-15T09:22:06.582054
32,1,5,4,0,4,2026-07-15T09:22:07.088602
32,1,6,4,0,4,2026-07-15T09:22:07.709703
32,1,7,4,0,4,2026-07-15T09:22:08.212803
32,1,8,4,0,4,2026-07-15T09:22:08.790230
32,1,9,4,0,4,2026-07-15T09:22:09.654042
32,1,10,4,0,4,2026-07-15T09:22:10.180422
32,2,1,2,0,2,2026-07-15T09:22:10.720539
32,2,2,2,0,2,2026-07-15T09:22:11.143448
32,2,3,2,0,2,2026-07-15T09:22:11.623721
32,2,4,2,0,2,2026-07-15T09:22:12.303191
32,2,5,2,0,2,2026-07-15T09:22:12.718847
32,2,6,2,0,2,2026-07-15T09:22:13.143998
32,2,7,2,0,2,2026-07-15T09:22:13.587574
32,2,8,2,0,2,2026-07-15T09:22:13.975064
32,2,9,2,0,2,2026-07-15T09:22:14.512975
32,2,10,2,0,2,2026-07-15T09:22:15.191374
32,3,1,4,0,4,2026-07-15T09:22:16.258369
32,3,2,4,0,4,2026-07-15T09:22:16.755031
32,3,3,4,0,4,2026-07-15T09:22:18.568909
32,3,4,4,0,4,2026-07-15T09:22:19.116169
32,3,5,4,0,4,2026-07-15T09:22:19.616665
32,3,6,4,0,4,2026-07-15T09:22:20.184192
32,3,7,4,0,4,2026-07-15T09:22:20.829709
32,3,8,4,0,4,2026-07-15T09:22:21.441552
32,3,9,4,0,4,2026-07-15T09:22:22.098767
32,3,10,4,0,4,2026-07-15T09:22:22.566181
32,4,1,1,0,1,2026-07-15T09:22:22.995789
32,4,2,1,0,1,2026-07-15T09:22:23.558479
32,4,3,1,0,1,2026-07-15T09:22:24.070402
32,4,4,1,0,1,2026-07-15T09:22:25.168141
32,4,5,1,0,1,2026-07-15T09:22:25.607548
32,4,6,1,0,1,2026-07-15T09:22:26.123153
32,4,7,1,0,1,2026-07-15T09:22:26.607563
32,4,8,1,0,1,2026-07-15T09:22:27.091271
32,4,9,1,0,1,2026-07-15T09:22:27.608617
32,4,10,0,0,0,2026-07-15T09:22:28.337704
32,5,1,4,0,4,2026-07-15T09:22:28.861036
32,5,2,4,0,4,2026-07-15T09:22:29.396645
32,5,3,4,0,4,2026-07-15T09:22:29.940375
32,5,4,4,0,4,2026-07-15T09:22:30.549874
32,5,5,4,0,4,2026-07-15T09:22:31.086829
32,5,6,4,0,4,2026-07-15T09:22:31.541872
32,5,7,4,0,4,2026-07-15T09:22:32.019390
32,5,8,4,0,4,2026-07-15T09:22:32.689048
32,5,9,4,0,4,2026-07-15T09:22:33.211346
32,5,10,4,0,4,2026-07-15T09:22:34.001364
32,6,1,0,0,0,2026-07-15T09:22:34.410409
32,6,2,0,0,0,2026-07-15T09:22:35.278534
32,6,3,0,0,0,2026-07-15T09:22:35.713927
32,6,4,0,0,0,2026-07-15T09:22:36.178009
32,6,5,0,0,0,2026-07-15T09:22:36.609760
32,6,6,0,0,0,2026-07-15T09:22:37.297194
32,6,7,0,0,0,2026-07-15T09:22:37.736927
32,6,8,0,0,0,2026-07-15T09:22:38.196124
32,6,9,0,0,0,2026-07-15T09:22:38.667955
32,6,10,0,0,0,2026-07-15T09:22:39.398250
32,7,1,4,0,4,2026-07-15T09:22:39.844829
32,7,2,4,0,4,2026-07-15T09:22:40.425120
32,7,3,4,0,4,2026-07-15T09:22:40.897214
32,7,4,4,0,4,2026-07-15T09:22:41.734493
32,7,5,4,0,4,2026-07-15T09:22:42.248419
32,7,6,4,0,4,2026-07-15T09:22:42.695186
32,7,7,4,0,4,2026-07-15T09:22:43.267778
32,7,8,4,0,4,2026-07-15T09:22:43.700389
32,7,9,4,0,4,2026-07-15T09:22:44.287937
32,7,10,4,0,4,2026-07-15T09:22:44.736523
32,8,1,2,0,2,2026-07-15T09:22:45.522637
32,8,2,2,0,2,2026-07-15T09:22:45.998130
32,8,3,2,0,2,2026-07-15T09:22:46.911904
32,8,4,2,0,2,2026-07-15T09:22:47.569032
32,8,5,2,0,2,2026-07-15T09:22:48.212349
32,8,6,2,0,2,2026-07-15T09:22:48.900617
32,8,7,2,0,2,2026-07-15T09:22:49.471009
32,8,8,2,0,2,2026-07-15T09:22:52.945507
32,8,9,2,0,2,2026-07-15T09:22:53.449321
32,8,10,2,0,2,2026-07-15T09:22:54.020952
32,9,1,5,0,5,2026-07-15T09:22:54.569137
32,9,2,5,0,5,2026-07-15T09:22:55.204613
32,9,3,5,0,5,2026-07-15T09:22:55.713737
32,9,4,5,0,5,2026-07-15T09:22:56.578959
32,9,5,5,0,5,2026-07-15T09:22:57.108412
32,9,6,5,0,5,2026-07-15T09:22:57.635799
32,9,7,5,0,5,2026-07-15T09:22:58.302904
32,9,8,5,0,5,2026-07-15T09:22:59.067668
32,9,9,5,0,5,2026-07-15T09:22:59.589705
32,9,10,5,0,5,2026-07-15T09:23:00.074415
33,1,1,3,0,3,2026-07-15T09:23:00.899217
33,1,2,4,0,4,2026-07-15T09:23:01.475592
33,1,3,3,0,3,2026-07-15T09:23:02.018838
33,1,4,3,0,3,2026-07-15T09:23:02.672824
33,1,5,3,0,3,2026-07-15T09:23:03.170876
33,1,6,3,0,3,2026-07-15T09:23:03.730527
33,1,7,4,0,4,2026-07-15T09:23:04.327182
33,1,8,3,0,3,2026-07-15T09:23:04.839189
33,1,9,3,0,3,2026-07-15T09:23:05.509692
33,1,10,3,0,3,2026-07-15T09:23:06.153521
33,2,1,2,0,2,2026-07-15T09:23:06.653357
33,2,2,2,0,2,2026-07-15T09:23:07.164546
33,2,3,2,0,2,2026-07-15T09:23:07.637724
33,2,4,2,0,2,2026-07-15T09:23:08.736615
33,2,5,2,0,2,2026-07-15T09:23:09.286465
33,2,6,2,0,2,2026-07-15T09:23:09.875747
33,2,7,2,0,2,2026-07-15T09:23:10.390873
33,2,8,2,0,2,2026-07-15T09:23:10.983095
33,2,9,2,0,2,2026-07-15T09:23:11.512770
33,2,10,2,0,2,2026-07-15T09:23:12.040127
33,3,1,4,0,4,2026-07-15T09:23:12.654108
33,3,2,4,0,4,2026-07-15T09:23:13.165897
33,3,3,4,0,4,2026-07-15T09:23:13.799032
33,3,4,4,0,4,2026-07-15T09:23:14.513080
33,3,5,4,0,4,2026-07-15T09:23:15.055422
33,3,6,4,0,4,2026-07-15T09:23:15.585986
33,3,7,4,0,4,2026-07-15T09:23:17.156272
33,3,8,4,0,4,2026-07-15T09:23:17.694850
33,3,9,4,0,4,2026-07-15T09:23:18.164645
33,3,10,4,0,4,2026-07-15T09:23:18.705606
33,4,1,2,0,2,2026-07-15T09:23:19.191916
33,4,2,2,0,2,2026-07-15T09:23:19.833995
33,4,3,2,0,2,2026-07-15T09:23:20.558711
33,4,4,2,0,2,2026-07-15T09:23:21.031633
33,4,5,2,0,2,2026-07-15T09:23:21.532682
33,4,6,2,0,2,2026-07-15T09:23:22.044273
33,4,7,2,0,2,2026-07-15T09:23:22.567455
33,4,8,2,0,2,2026-07-15T09:23:23.152363
33,4,9,2,0,2,2026-07-15T09:23:23.687980
33,4,10,2,0,2,2026-07-15T09:23:24.315161
33,5,1,4,0,4,2026-07-15T09:23:24.768671
33,5,2,4,0,4,2026-07-15T09:23:25.177243
33,5,3,4,0,4,2026-07-15T09:23:25.566930
33,5,4,4,0,4,2026-07-15T09:23:25.974378
33,5,5,4,0,4,2026-07-15T09:23:26.496898
33,5,6,4,0,4,2026-07-15T09:23:27.032371
33,5,7,4,0,4,2026-07-15T09:23:27.676204
33,5,8,4,0,4,2026-07-15T09:23:28.200429
33,5,9,4,0,4,2026-07-15T09:23:28.606004
33,5,10,4,0,4,2026-07-15T09:23:29.047914
33,6,1,2,0,2,2026-07-15T09:23:29.466871
33,6,2,2,0,2,2026-07-15T09:23:29.925251
33,6,3,2,0,2,2026-07-15T09:23:30.348390
33,6,4,2,0,2,2026-07-15T09:23:30.965197
33,6,5,2,0,2,2026-07-15T09:23:31.467801
33,6,6,2,0,2,2026-07-15T09:23:31.939547
33,6,7,2,0,2,2026-07-15T09:23:32.524409
33,6,8,2,0,2,2026-07-15T09:23:33.043199
33,6,9,2,0,2,2026-07-15T09:23:35.915885
33,6,10,2,0,2,2026-07-15T09:23:36.319089
33,7,1,4,0,4,2026-07-15T09:23:36.834542
33,7,2,4,0,4,2026-07-15T09:23:37.357979
33,7,3,4,0,4,2026-07-15T09:23:38.231457
33,7,4,4,0,4,2026-07-15T09:23:38.790545
33,7,5,4,0,4,2026-07-15T09:23:39.754741
33,7,6,4,0,4,2026-07-15T09:23:41.274641
33,7,7,4,0,4,2026-07-15T09:23:44.353691
33,7,8,4,0,4,2026-07-15T09:23:45.059556
33,7,9,4,0,4,2026-07-15T09:23:45.707663
33,7,10,4,0,4,2026-07-15T09:23:46.221883
33,8,1,3,0,3,2026-07-15T09:23:46.710051
33,8,2,3,0,3,2026-07-15T09:23:47.366244
33,8,3,3,0,3,2026-07-15T09:23:47.881508
33,8,4,3,0,3,2026-07-15T09:23:48.361595
33,8,5,3,0,3,2026-07-15T09:23:48.830402
33,8,6,3,0,3,2026-07-15T09:23:49.298151
33,8,7,3,0,3,2026-07-15T09:23:50.203958
33,8,8,3,0,3,2026-07-15T09:23:50.761215
33,8,9,3,0,3,2026-07-15T09:23:51.332950
33,8,10,3,0,3,2026-07-15T09:23:51.983282
33,9,1,4,0,4,2026-07-15T09:23:52.507590
33,9,2,4,0,4,2026-07-15T09:23:53.062712
33,9,3,4,0,4,2026-07-15T09:23:53.612727
33,9,4,4,0,4,2026-07-15T09:23:54.255576
33,9,5,4,0,4,2026-07-15T09:23:57.491810
33,9,6,4,0,4,2026-07-15T09:23:57.949138
33,9,7,4,0,4,2026-07-15T09:23:58.556768
33,9,8,4,0,4,2026-07-15T09:23:59.013628
33,9,9,4,0,4,2026-07-15T09:23:59.453339
33,9,10,4,0,4,2026-07-15T09:23:59.964341
34,1,1,2,0,2,2026-07-15T09:24:00.455587
34,1,2,2,0,2,2026-07-15T09:24:00.973501
34,1,3,2,0,2,2026-07-15T09:24:05.544429
34,1,4,2,0,2,2026-07-15T09:24:06.192106
34,1,5,2,0,2,2026-07-15T09:24:06.682530
34,1,6,2,0,2,2026-07-15T09:24:07.226431
34,1,7,2,0,2,2026-07-15T09:24:07.797271
34,1,8,2,0,2,2026-07-15T09:24:08.338596
34,1,9,2,0,2,2026-07-15T09:24:08.856389
34,1,10,2,0,2,2026-07-15T09:24:09.617688
34,2,1,0,0,0,2026-07-15T09:24:10.093171
34,2,2,0,0,0,2026-07-15T09:24:10.609013
34,2,3,0,0,0,2026-07-15T09:24:11.264019
34,2,4,0,0,0,2026-07-15T09:24:11.975379
34,2,5,0,0,0,2026-07-15T09:24:12.545581
34,2,6,0,0,0,2026-07-15T09:24:13.629097
34,2,7,0,0,0,2026-07-15T09:24:14.203783
34,2,8,0,0,0,2026-07-15T09:24:15.023673
34,2,9,0,0,0,2026-07-15T09:24:15.547805
34,2,10,0,0,0,2026-07-15T09:24:16.006145
34,3,1,3,0,3,2026-07-15T09:24:16.474073
34,3,2,3,0,3,2026-07-15T09:24:17.035728
34,3,3,3,0,3,2026-07-15T09:24:17.465495
34,3,4,2,0,2,2026-07-15T09:24:17.914629
34,3,5,3,0,3,2026-07-15T09:24:18.395866
34,3,6,3,0,3,2026-07-15T09:24:18.939488
34,3,7,3,0,3,2026-07-15T09:24:19.364209
34,3,8,3,0,3,2026-07-15T09:24:19.870997
34,3,9,3,0,3,2026-07-15T09:24:20.355928
34,3,10,3,0,3,2026-07-15T09:24:20.925837
34,4,1,0,0,0,2026-07-15T09:24:21.643105
34,4,2,0,0,0,2026-07-15T09:24:22.174005
34,4,3,0,0,0,2026-07-15T09:24:22.826605
34,4,4,0,0,0,2026-07-15T09:24:23.450873
34,4,5,0,0,0,2026-07-15T09:24:24.169656
34,4,6,0,0,0,2026-07-15T09:24:24.695639
34,4,7,0,0,0,2026-07-15T09:24:25.224681
34,4,8,0,0,0,2026-07-15T09:24:25.771037
34,4,9,0,0,0,2026-07-15T09:24:26.270695
34,4,10,0,0,0,2026-07-15T09:24:26.796968
34,5,1,3,0,3,2026-07-15T09:24:27.270592
34,5,2,3,0,3,2026-07-15T09:24:27.755128
34,5,3,3,0,3,2026-07-15T09:24:28.422928
34,5,4,3,0,3,2026-07-15T09:24:29.008915
34,5,5,3,0,3,2026-07-15T09:24:29.556470
34,5,6,3,0,3,2026-07-15T09:24:30.108622
34,5,7,3,0,3,2026-07-15T09:24:30.740146
34,5,8,3,0,3,2026-07-15T09:24:31.297046
34,5,9,3,0,3,2026-07-15T09:24:31.794954
34,5,10,3,0,3,2026-07-15T09:24:32.261722
34,6,1,0,0,0,2026-07-15T09:24:32.775073
34,6,2,0,0,0,2026-07-15T09:24:33.383661
34,6,3,0,0,0,2026-07-15T09:24:33.902851
34,6,4,0,0,0,2026-07-15T09:24:34.427298
34,6,5,0,0,0,2026-07-15T09:24:35.036973
34,6,6,0,0,0,2026-07-15T09:24:35.961316
34,6,7,0,0,0,2026-07-15T09:24:36.429227
34,6,8,0,0,0,2026-07-15T09:24:37.051828
34,6,9,0,0,0,2026-07-15T09:24:37.624146
34,6,10,0,0,0,2026-07-15T09:24:38.102541
34,7,1,4,0,4,2026-07-15T09:24:38.569370
34,7,2,4,0,4,2026-07-15T09:24:39.010637
34,7,3,4,0,4,2026-07-15T09:24:39.682975
34,7,4,4,0,4,2026-07-15T09:24:40.254597
34,7,5,4,0,4,2026-07-15T09:24:40.686489
34,7,6,4,0,4,2026-07-15T09:24:41.211054
34,7,7,4,0,4,2026-07-15T09:24:41.648659
34,7,8,4,0,4,2026-07-15T09:24:42.154640
34,7,9,4,0,4,2026-07-15T09:24:42.526909
34,7,10,4,0,4,2026-07-15T09:24:43.036283
34,8,1,1,0,1,2026-07-15T09:24:43.527704
34,8,2,0,0,0,2026-07-15T09:24:44.012890
34,8,3,0,0,0,2026-07-15T09:24:44.716090
34,8,4,0,0,0,2026-07-15T09:24:45.282514
34,8,5,0,0,0,2026-07-15T09:24:45.738531
34,8,6,0,0,0,2026-07-15T09:24:46.361215
34,8,7,0,0,0,2026-07-15T09:24:46.867323
34,8,8,0,0,0,2026-07-15T09:24:47.332909
34,8,9,0,0,0,2026-07-15T09:24:47.774402
34,8,10,0,0,0,2026-07-15T09:24:48.293599
34,9,1,4,0,4,2026-07-15T09:24:48.737406
34,9,2,3,0,3,2026-07-15T09:24:49.282623
34,9,3,3,0,3,2026-07-15T09:24:49.754322
34,9,4,4,0,4,2026-07-15T09:24:50.218984
34,9,5,4,0,4,2026-07-15T09:24:50.647913
34,9,6,4,0,4,2026-07-15T09:24:51.047031
34,9,7,4,0,4,2026-07-15T09:24:51.494196
34,9,8,4,0,4,2026-07-15T09:24:52.000272
34,9,9,4,0,4,2026-07-15T09:24:52.447138
34,9,10,4,0,4,2026-07-15T09:24:52.892784
35,1,1,2,0,2,2026-07-15T09:24:53.390167
35,1,2,2,0,2,2026-07-15T09:24:53.869321
35,1,3,2,0,2,2026-07-15T09:24:54.413117
35,1,4,2,0,2,2026-07-15T09:24:54.979408
35,1,5,2,0,2,2026-07-15T09:24:55.477425
35,1,6,3,0,3,2026-07-15T09:24:56.014264
35,1,7,2,0,2,2026-07-15T09:24:56.569261
35,1,8,2,0,2,2026-07-15T09:24:57.160092
35,1,9,3,0,3,2026-07-15T09:24:57.707816
35,1,10,2,0,2,2026-07-15T09:24:58.189000
35,2,1,2,0,2,2026-07-15T09:24:58.660257
35,2,2,2,0,2,2026-07-15T09:24:59.209866
35,2,3,2,0,2,2026-07-15T09:24:59.736822
35,2,4,2,0,2,2026-07-15T09:25:00.215048
35,2,5,2,0,2,2026-07-15T09:25:00.648761
35,2,6,2,0,2,2026-07-15T09:25:01.129896
35,2,7,2,0,2,2026-07-15T09:25:01.637462
35,2,8,2,0,2,2026-07-15T09:25:02.166724
35,2,9,2,0,2,2026-07-15T09:25:02.734369
35,2,10,2,0,2,2026-07-15T09:25:03.221319
35,3,1,3,0,3,2026-07-15T09:25:03.685188
35,3,2,3,0,3,2026-07-15T09:25:04.236140
35,3,3,3,0,3,2026-07-15T09:25:04.728076
35,3,4,3,0,3,2026-07-15T09:25:05.235884
35,3,5,3,0,3,2026-07-15T09:25:05.731441
35,3,6,3,0,3,2026-07-15T09:25:06.201529
35,3,7,3,0,3,2026-07-15T09:25:06.764277
35,3,8,3,0,3,2026-07-15T09:25:07.305397
35,3,9,3,0,3,2026-07-15T09:25:07.892856
35,3,10,3,0,3,2026-07-15T09:25:08.429426
35,4,1,2,0,2,2026-07-15T09:25:09.084024
35,4,2,2,0,2,2026-07-15T09:25:10.056253
35,4,3,2,0,2,2026-07-15T09:25:10.569829
35,4,4,2,0,2,2026-07-15T09:25:11.033472
35,4,5,2,0,2,2026-07-15T09:25:11.460940
35,4,6,2,0,2,2026-07-15T09:25:12.019098
35,4,7,2,0,2,2026-07-15T09:25:12.543891
35,4,8,2,0,2,2026-07-15T09:25:13.133926
35,4,9,2,0,2,2026-07-15T09:25:13.916351
35,4,10,2,0,2,2026-07-15T09:25:14.375661
35,5,1,3,0,3,2026-07-15T09:25:14.877609
35,5,2,3,0,3,2026-07-15T09:25:15.389216
35,5,3,3,0,3,2026-07-15T09:25:15.838471
35,5,4,3,0,3,2026-07-15T09:25:16.322063
35,5,5,3,0,3,2026-07-15T09:25:16.772431
35,5,6,3,0,3,2026-07-15T09:25:17.209227
35,5,7,3,0,3,2026-07-15T09:25:17.672981
35,5,8,3,0,3,2026-07-15T09:25:18.153357
35,5,9,3,0,3,2026-07-15T09:25:19.765895
35,5,10,3,0,3,2026-07-15T09:25:20.227510
35,6,1,2,0,2,2026-07-15T09:25:20.695931
35,6,2,2,0,2,2026-07-15T09:25:21.286990
35,6,3,2,0,2,2026-07-15T09:25:21.793679
35,6,4,2,0,2,2026-07-15T09:25:23.376940
35,6,5,2,0,2,2026-07-15T09:25:23.909027
35,6,6,2,0,2,2026-07-15T09:25:24.403253
35,6,7,2,0,2,2026-07-15T09:25:24.896869
35,6,8,2,0,2,2026-07-15T09:25:25.468195
35,6,9,2,0,2,2026-07-15T09:25:25.947510
35,6,10,2,0,2,2026-07-15T09:25:26.762020
35,7,1,3,0,3,2026-07-15T09:25:29.117920
35,7,2,3,0,3,2026-07-15T09:25:29.622159
35,7,3,3,0,3,2026-07-15T09:25:30.167802
35,7,4,3,0,3,2026-07-15T09:25:30.640200
35,7,5,3,0,3,2026-07-15T09:25:31.203584
35,7,6,3,0,3,2026-07-15T09:25:32.313325
35,7,7,3,0,3,2026-07-15T09:25:34.364870
35,7,8,3,0,3,2026-07-15T09:25:35.948054
35,7,9,3,0,3,2026-07-15T09:25:36.834388
35,7,10,3,0,3,2026-07-15T09:25:37.371876
35,8,1,2,0,2,2026-07-15T09:25:38.751381
35,8,2,2,0,2,2026-07-15T09:25:40.292848
35,8,3,2,0,2,2026-07-15T09:25:40.806390
35,8,4,2,0,2,2026-07-15T09:25:41.263795
35,8,5,2,0,2,2026-07-15T09:25:42.712792
35,8,6,2,0,2,2026-07-15T09:25:43.197126
35,8,7,2,0,2,2026-07-15T09:25:43.615368
35,8,8,2,0,2,2026-07-15T09:25:44.074240
35,8,9,2,0,2,2026-07-15T09:25:44.485046
35,8,10,2,0,2,2026-07-15T09:25:49.992946
35,9,1,3,0,3,2026-07-15T09:25:50.506644
35,9,2,3,0,3,2026-07-15T09:25:51.140798
35,9,3,3,0,3,2026-07-15T09:25:51.669054
35,9,4,3,0,3,2026-07-15T09:25:52.153198
35,9,5,3,0,3,2026-07-15T09:25:52.714918
35,9,6,3,0,3,2026-07-15T09:25:53.374152
35,9,7,3,0,3,2026-07-15T09:25:54.889784
35,9,8,3,0,3,2026-07-15T09:25:55.486596
35,9,9,3,0,3,2026-07-15T09:25:56.130922
35,9,10,3,0,3,2026-07-15T09:25:56.741186
36,1,1,2,0,2,2026-07-15T09:25:57.324830
36,1,2,2,0,2,2026-07-15T09:25:57.789785
36,1,3,2,0,2,2026-07-15T09:25:58.339897
36,1,4,2,0,2,2026-07-15T09:25:58.727597
36,1,5,2,0,2,2026-07-15T09:25:59.163615
36,1,6,3,0,3,2026-07-15T09:25:59.618673
36,1,7,3,0,3,2026-07-15T09:26:04.126447
36,1,8,2,0,2,2026-07-15T09:26:04.754970
36,1,9,2,0,2,2026-07-15T09:26:05.405215
36,1,10,2,0,2,2026-07-15T09:26:05.816339
36,2,1,2,0,2,2026-07-15T09:26:07.377495
36,2,2,2,0,2,2026-07-15T09:26:08.052486
36,2,3,2,0,2,2026-07-15T09:26:08.768631
36,2,4,2,0,2,2026-07-15T09:26:09.251756
36,2,5,2,0,2,2026-07-15T09:26:10.726783
36,2,6,2,0,2,2026-07-15T09:26:11.194280
36,2,7,2,0,2,2026-07-15T09:26:11.647549
36,2,8,2,0,2,2026-07-15T09:26:12.172099
36,2,9,2,0,2,2026-07-15T09:26:12.859368
36,2,10,2,0,2,2026-07-15T09:26:15.344329
36,3,1,3,0,3,2026-07-15T09:26:16.002722
36,3,2,3,0,3,2026-07-15T09:26:16.454407
36,3,3,3,0,3,2026-07-15T09:26:16.982244
36,3,4,3,0,3,2026-07-15T09:26:17.413076
36,3,5,3,0,3,2026-07-15T09:26:17.839489
36,3,6,3,0,3,2026-07-15T09:26:18.536158
36,3,7,3,0,3,2026-07-15T09:26:18.994837
36,3,8,3,0,3,2026-07-15T09:26:19.432399
36,3,9,3,0,3,2026-07-15T09:26:19.859882
36,3,10,3,0,3,2026-07-15T09:26:20.363698
36,4,1,2,0,2,2026-07-15T09:26:21.109028
36,4,2,2,0,2,2026-07-15T09:26:21.694152
36,4,3,2,0,2,2026-07-15T09:26:22.198744
36,4,4,2,0,2,2026-07-15T09:26:25.482976
36,4,5,2,0,2,2026-07-15T09:26:26.144037
36,4,6,2,0,2,2026-07-15T09:26:26.803376
36,4,7,2,0,2,2026-07-15T09:26:27.369180
36,4,8,2,0,2,2026-07-15T09:26:27.910947
36,4,9,2,0,2,2026-07-15T09:26:28.744251
36,4,10,2,0,2,2026-07-15T09:26:29.406040
36,5,1,3,0,3,2026-07-15T09:26:30.131543
36,5,2,3,0,3,2026-07-15T09:26:30.701220
36,5,3,3,0,3,2026-07-15T09:26:31.238480
36,5,4,3,0,3,2026-07-15T09:26:31.964403
36,5,5,3,0,3,2026-07-15T09:26:32.403335
36,5,6,3,0,3,2026-07-15T09:26:32.908153
36,5,7,3,0,3,2026-07-15T09:26:33.388617
36,5,8,2,0,2,2026-07-15T09:26:34.054451
36,5,9,3,0,3,2026-07-15T09:26:34.880952
36,5,10,3,0,3,2026-07-15T09:26:35.877844
36,6,1,2,0,2,2026-07-15T09:26:36.577886
36,6,2,2,0,2,2026-07-15T09:26:37.318104
36,6,3,2,0,2,2026-07-15T09:26:38.051295
36,6,4,2,0,2,2026-07-15T09:26:38.735895
36,6,5,2,0,2,2026-07-15T09:26:39.410126
36,6,6,2,0,2,2026-07-15T09:26:39.973895
36,6,7,2,0,2,2026-07-15T09:26:40.490937
36,6,8,2,0,2,2026-07-15T09:26:40.988298
36,6,9,2,0,2,2026-07-15T09:26:41.501123
36,6,10,2,0,2,2026-07-15T09:26:41.977787
36,7,1,4,0,4,2026-07-15T09:26:42.582996
36,7,2,4,0,4,2026-07-15T09:26:43.069735
36,7,3,4,0,4,2026-07-15T09:26:43.623055
36,7,4,4,0,4,2026-07-15T09:26:44.155512
36,7,5,4,0,4,2026-07-15T09:26:47.215315
36,7,6,4,0,4,2026-07-15T09:26:47.892929
36,7,7,4,0,4,2026-07-15T09:26:48.465094
36,7,8,4,0,4,2026-07-15T09:26:49.064506
36,7,9,4,0,4,2026-07-15T09:26:49.587101
36,7,10,4,0,4,2026-07-15T09:26:50.092116
36,8,1,2,0,2,2026-07-15T09:26:53.004742
36,8,2,2,0,2,2026-07-15T09:26:53.446875
36,8,3,2,0,2,2026-07-15T09:26:53.886520
36,8,4,2,0,2,2026-07-15T09:26:54.351061
36,8,5,2,0,2,2026-07-15T09:26:54.935846
36,8,6,2,0,2,2026-07-15T09:26:55.402871
36,8,7,2,0,2,2026-07-15T09:26:56.338170
36,8,8,2,0,2,2026-07-15T09:26:56.909040
36,8,9,2,0,2,2026-07-15T09:26:57.411364
36,8,10,2,0,2,2026-07-15T09:26:57.875204
36,9,1,4,0,4,2026-07-15T09:26:58.763381
36,9,2,4,0,4,2026-07-15T09:26:59.346609
36,9,3,4,0,4,2026-07-15T09:27:01.582431
36,9,4,4,0,4,2026-07-15T09:27:02.090864
36,9,5,4,0,4,2026-07-15T09:27:02.605673
36,9,6,4,0,4,2026-07-15T09:27:03.299124
36,9,7,4,0,4,2026-07-15T09:27:04.272102
36,9,8,4,0,4,2026-07-15T09:27:04.835832
36,9,9,4,0,4,2026-07-15T09:27:05.431881
36,9,10,4,0,4,2026-07-15T09:27:05.984196
37,1,1,3,0,3,2026-07-15T09:27:12.281116
37,1,2,4,0,4,2026-07-15T09:27:12.954378
37,1,3,4,0,4,2026-07-15T09:27:17.539393
37,1,4,3,0,3,2026-07-15T09:27:18.111727
37,1,5,4,0,4,2026-07-15T09:27:18.548507
37,1,6,4,0,4,2026-07-15T09:27:19.199321
37,1,7,3,0,3,2026-07-15T09:27:19.780116
37,1,8,4,0,4,2026-07-15T09:27:20.254173
37,1,9,3,0,3,2026-07-15T09:27:21.072036
37,1,10,4,0,4,2026-07-15T09:27:21.726489
37,2,1,0,0,0,2026-07-15T09:27:22.245684
37,2,2,1,0,1,2026-07-15T09:27:22.769014
37,2,3,0,0,0,2026-07-15T09:27:23.567248
37,2,4,0,0,0,2026-07-15T09:27:24.215036
37,2,5,0,0,0,2026-07-15T09:27:24.726167
37,2,6,0,0,0,2026-07-15T09:27:25.257123
37,2,7,0,0,0,2026-07-15T09:27:25.986001
37,2,8,0,0,0,2026-07-15T09:27:26.524367
37,2,9,0,0,0,2026-07-15T09:27:26.992141
37,2,10,0,0,0,2026-07-15T09:27:27.718553
37,3,1,4,0,4,2026-07-15T09:27:28.198244
37,3,2,4,0,4,2026-07-15T09:27:28.767019
37,3,3,4,0,4,2026-07-15T09:27:29.310023
37,3,4,4,0,4,2026-07-15T09:27:30.217619
37,3,5,4,0,4,2026-07-15T09:27:30.793016
37,3,6,4,0,4,2026-07-15T09:27:31.382581
37,3,7,4,0,4,2026-07-15T09:27:31.910455
37,3,8,4,0,4,2026-07-15T09:27:32.449570
37,3,9,4,0,4,2026-07-15T09:27:33.032295
37,3,10,4,0,4,2026-07-15T09:27:33.551854
37,4,1,2,0,2,2026-07-15T09:27:34.083495
37,4,2,2,0,2,2026-07-15T09:27:34.742054
37,4,3,2,0,2,2026-07-15T09:27:35.223393
37,4,4,2,0,2,2026-07-15T09:27:35.887111
37,4,5,2,0,2,2026-07-15T09:27:36.497560
37,4,6,2,0,2,2026-07-15T09:27:37.060882
37,4,7,2,0,2,2026-07-15T09:27:37.547446
37,4,8,2,0,2,2026-07-15T09:27:38.224179
37,4,9,2,0,2,2026-07-15T09:27:39.059068
37,4,10,2,0,2,2026-07-15T09:27:39.599349
37,5,1,4,0,4,2026-07-15T09:27:40.066160
37,5,2,4,0,4,2026-07-15T09:27:40.552132
37,5,3,4,0,4,2026-07-15T09:27:41.127538
37,5,4,4,0,4,2026-07-15T09:27:41.672339
37,5,5,4,0,4,2026-07-15T09:27:42.152955
37,5,6,4,0,4,2026-07-15T09:27:42.668284
37,5,7,4,0,4,2026-07-15T09:27:44.908011
37,5,8,4,0,4,2026-07-15T09:27:45.426960
37,5,9,4,0,4,2026-07-15T09:27:45.941539
37,5,10,4,0,4,2026-07-15T09:27:46.402272
37,6,1,0,0,0,2026-07-15T09:27:46.867082
37,6,2,0,0,0,2026-07-15T09:27:47.363177
37,6,3,0,0,0,2026-07-15T09:27:47.907181
37,6,4,0,0,0,2026-07-15T09:27:48.568457
37,6,5,0,0,0,2026-07-15T09:27:49.190140
37,6,6,0,0,0,2026-07-15T09:27:49.672882
37,6,7,0,0,0,2026-07-15T09:27:51.099438
37,6,8,0,0,0,2026-07-15T09:27:52.130026
37,6,9,0,0,0,2026-07-15T09:27:52.644062
37,6,10,0,0,0,2026-07-15T09:27:53.212565
37,7,1,4,0,4,2026-07-15T09:27:54.003031
37,7,2,4,0,4,2026-07-15T09:27:54.863309
37,7,3,4,0,4,2026-07-15T09:27:55.580956
37,7,4,4,0,4,2026-07-15T09:27:56.226226
37,7,5,4,0,4,2026-07-15T09:27:57.265292
37,7,6,4,0,4,2026-07-15T09:27:58.030824
37,7,7,4,0,4,2026-07-15T09:27:58.590387
37,7,8,4,0,4,2026-07-15T09:28:01.132360
37,7,9,4,0,4,2026-07-15T09:28:01.803124
37,7,10,4,0,4,2026-07-15T09:28:02.306987
37,8,1,2,0,2,2026-07-15T09:28:03.937075
37,8,2,2,0,2,2026-07-15T09:28:04.377641
37,8,3,2,0,2,2026-07-15T09:28:05.271313
37,8,4,2,0,2,2026-07-15T09:28:05.796023
37,8,5,2,0,2,2026-07-15T09:28:06.313301
37,8,6,2,0,2,2026-07-15T09:28:07.274395
37,8,7,2,0,2,2026-07-15T09:28:07.744049
37,8,8,2,0,2,2026-07-15T09:28:08.777744
37,8,9,2,0,2,2026-07-15T09:28:16.688800
37,8,10,2,0,2,2026-07-15T09:28:17.276227
37,9,1,4,0,4,2026-07-15T09:28:17.686173
37,9,2,4,0,4,2026-07-15T09:28:18.602636
37,9,3,4,0,4,2026-07-15T09:28:19.020066
37,9,4,4,0,4,2026-07-15T09:28:20.390092
37,9,5,5,0,5,2026-07-15T09:28:20.805561
37,9,6,4,0,4,2026-07-15T09:28:21.421647
37,9,7,5,0,5,2026-07-15T09:28:21.908368
37,9,8,5,0,5,2026-07-15T09:28:23.210291
37,9,9,4,0,4,2026-07-15T09:28:23.637336
37,9,10,4,0,4,2026-07-15T09:28:24.039112
38,1,1,4,0,4,2026-07-15T09:28:24.501264
38,1,2,4,0,4,2026-07-15T09:28:26.223506
38,1,3,4,0,4,2026-07-15T09:28:26.880802
38,1,4,4,0,4,2026-07-15T09:28:27.368143
38,1,5,4,0,4,2026-07-15T09:28:27.833791
38,1,6,4,0,4,2026-07-15T09:28:28.342344
38,1,7,4,0,4,2026-07-15T09:28:29.179902
38,1,8,4,0,4,2026-07-15T09:28:29.657910
38,1,9,4,0,4,2026-07-15T09:28:30.217061
38,1,10,4,0,4,2026-07-15T09:28:30.761134
38,2,1,2,0,2,2026-07-15T09:28:31.232965
38,2,2,2,0,2,2026-07-15T09:28:32.159442
38,2,3,2,0,2,2026-07-15T09:28:32.697868
38,2,4,2,0,2,2026-07-15T09:28:33.167452
38,2,5,2,0,2,2026-07-15T09:28:33.622122
38,2,6,2,0,2,2026-07-15T09:28:34.184816
38,2,7,2,0,2,2026-07-15T09:28:34.725671
38,2,8,2,0,2,2026-07-15T09:28:35.172781
38,2,9,2,0,2,2026-07-15T09:28:35.695736
38,2,10,2,0,2,2026-07-15T09:28:36.100869
38,3,1,4,0,4,2026-07-15T09:28:36.716731
38,3,2,4,0,4,2026-07-15T09:28:37.153779
38,3,3,4,0,4,2026-07-15T09:28:37.719963
38,3,4,4,0,4,2026-07-15T09:28:38.141467
38,3,5,4,0,4,2026-07-15T09:28:38.632989
38,3,6,4,0,4,2026-07-15T09:28:42.344214
38,3,7,4,0,4,2026-07-15T09:28:42.891201
38,3,8,4,0,4,2026-07-15T09:28:43.425536
38,3,9,4,0,4,2026-07-15T09:28:43.835381
38,3,10,4,0,4,2026-07-15T09:28:44.413605
38,4,1,2,0,2,2026-07-15T09:28:44.873781
38,4,2,2,0,2,2026-07-15T09:28:45.432618
38,4,3,2,0,2,2026-07-15T09:28:45.918124
38,4,4,2,0,2,2026-07-15T09:28:46.437040
38,4,5,2,0,2,2026-07-15T09:28:46.871909
38,4,6,2,0,2,2026-07-15T09:28:47.337953
38,4,7,2,0,2,2026-07-15T09:28:47.802655
38,4,8,2,0,2,2026-07-15T09:28:48.340484
38,4,9,2,0,2,2026-07-15T09:28:48.862263
38,4,10,2,0,2,2026-07-15T09:28:49.413122
38,5,1,4,0,4,2026-07-15T09:28:50.003641
38,5,2,4,0,4,2026-07-15T09:28:50.479108
38,5,3,4,0,4,2026-07-15T09:28:50.964961
38,5,4,4,0,4,2026-07-15T09:28:51.406431
38,5,5,4,0,4,2026-07-15T09:28:51.835205
38,5,6,4,0,4,2026-07-15T09:28:52.213960
38,5,7,4,0,4,2026-07-15T09:28:52.664914
38,5,8,4,0,4,2026-07-15T09:28:53.092066
38,5,9,4,0,4,2026-07-15T09:28:53.661727
38,5,10,4,0,4,2026-07-15T09:28:54.064959
38,6,1,2,0,2,2026-07-15T09:28:57.547559
38,6,2,2,0,2,2026-07-15T09:29:00.091747
38,6,3,2,0,2,2026-07-15T09:29:02.826748
38,6,4,2,0,2,2026-07-15T09:29:06.577545
38,6,5,2,0,2,2026-07-15T09:29:10.947960
38,6,6,2,0,2,2026-07-15T09:29:15.587003
38,6,7,2,0,2,2026-07-15T09:29:19.886158
38,6,8,2,0,2,2026-07-15T09:29:24.891448
38,6,9,2,0,2,2026-07-15T09:29:29.104643
38,6,10,2,0,2,2026-07-15T09:29:35.693745
38,7,1,4,0,4,2026-07-15T09:29:36.138513
38,7,2,4,0,4,2026-07-15T09:29:36.578506
38,7,3,4,0,4,2026-07-15T09:29:37.103737
38,7,4,4,0,4,2026-07-15T09:29:37.492220
38,7,5,4,0,4,2026-07-15T09:29:38.148600
38,7,6,4,0,4,2026-07-15T09:29:38.600153
38,7,7,4,0,4,2026-07-15T09:29:38.990739
38,7,8,4,0,4,2026-07-15T09:29:39.485229
38,7,9,4,0,4,2026-07-15T09:29:39.938222
38,7,10,4,0,4,2026-07-15T09:29:40.611993
38,8,1,2,0,2,2026-07-15T09:29:41.182350
38,8,2,2,0,2,2026-07-15T09:29:42.711249
38,8,3,3,0,3,2026-07-15T09:29:43.147817
38,8,4,3,0,3,2026-07-15T09:29:44.634317
38,8,5,3,0,3,2026-07-15T09:29:45.052885
38,8,6,2,0,2,2026-07-15T09:29:45.462764
38,8,7,2,0,2,2026-07-15T09:29:46.111526
38,8,8,3,0,3,2026-07-15T09:29:46.537129
38,8,9,3,0,3,2026-07-15T09:29:46.972313
38,8,10,2,0,2,2026-07-15T09:29:47.391952
38,9,1,5,0,5,2026-07-15T09:29:47.811609
38,9,2,5,0,5,2026-07-15T09:29:48.319721
38,9,3,4,0,4,2026-07-15T09:29:48.881672
38,9,4,4,0,4,2026-07-15T09:29:49.295277
38,9,5,5,0,5,2026-07-15T09:29:49.698492
38,9,6,5,0,5,2026-07-15T09:29:50.216795
38,9,7,4,0,4,2026-07-15T09:29:50.755563
38,9,8,4,0,4,2026-07-15T09:29:51.232082
38,9,9,5,0,5,2026-07-15T09:29:51.781648
38,9,10,4,0,4,2026-07-15T09:29:52.184569
39,1,1,4,0,4,2026-07-15T09:29:52.651490
39,1,2,4,0,4,2026-07-15T09:29:53.182077
39,1,3,4,0,4,2026-07-15T09:29:53.712836
39,1,4,4,0,4,2026-07-15T09:29:54.323296
39,1,5,4,0,4,2026-07-15T09:29:54.953441
39,1,6,4,0,4,2026-07-15T09:29:56.534645
39,1,7,4,0,4,2026-07-15T09:29:57.057211
39,1,8,4,0,4,2026-07-15T09:29:57.598315
39,1,9,4,0,4,2026-07-15T09:29:58.112416
39,1,10,4,0,4,2026-07-15T09:29:59.756189
39,2,1,2,0,2,2026-07-15T09:30:01.304733
39,2,2,2,0,2,2026-07-15T09:30:01.790814
39,2,3,2,0,2,2026-07-15T09:30:02.317984
39,2,4,2,0,2,2026-07-15T09:30:03.036048
39,2,5,2,0,2,2026-07-15T09:30:03.478270
39,2,6,2,0,2,2026-07-15T09:30:03.943923
39,2,7,2,0,2,2026-07-15T09:30:04.506038
39,2,8,2,0,2,2026-07-15T09:30:05.010541
39,2,9,2,0,2,2026-07-15T09:30:05.475659
39,2,10,2,0,2,2026-07-15T09:30:06.030514
39,3,1,4,0,4,2026-07-15T09:30:07.608051
39,3,2,4,0,4,2026-07-15T09:30:08.125760
39,3,3,4,0,4,2026-07-15T09:30:08.623286
39,3,4,4,0,4,2026-07-15T09:30:09.106041
39,3,5,4,0,4,2026-07-15T09:30:09.544017
39,3,6,4,0,4,2026-07-15T09:30:10.071591
39,3,7,4,0,4,2026-07-15T09:30:10.479707
39,3,8,4,0,4,2026-07-15T09:30:10.908257
39,3,9,4,0,4,2026-07-15T09:30:11.377559
39,3,10,4,0,4,2026-07-15T09:30:12.690370
39,4,1,2,0,2,2026-07-15T09:30:13.142602
39,4,2,2,0,2,2026-07-15T09:30:13.668894
39,4,3,2,0,2,2026-07-15T09:30:14.168177
39,4,4,2,0,2,2026-07-15T09:30:16.661560
39,4,5,2,0,2,2026-07-15T09:30:17.130680
39,4,6,2,0,2,2026-07-15T09:30:17.650601
39,4,7,2,0,2,2026-07-15T09:30:18.111897
39,4,8,2,0,2,2026-07-15T09:30:18.818973
39,4,9,2,0,2,2026-07-15T09:30:19.449781
39,4,10,2,0,2,2026-07-15T09:30:21.142494
39,5,1,4,0,4,2026-07-15T09:30:21.706280
39,5,2,4,0,4,2026-07-15T09:30:22.284092
39,5,3,4,0,4,2026-07-15T09:30:22.829512
39,5,4,4,0,4,2026-07-15T09:30:23.999605
39,5,5,4,0,4,2026-07-15T09:30:25.187815
39,5,6,4,0,4,2026-07-15T09:30:26.106022
39,5,7,4,0,4,2026-07-15T09:30:26.687476
39,5,8,4,0,4,2026-07-15T09:30:27.139817
39,5,9,4,0,4,2026-07-15T09:30:27.647656
39,5,10,4,0,4,2026-07-15T09:30:28.109250
39,6,1,0,0,0,2026-07-15T09:30:28.682084
39,6,2,0,0,0,2026-07-15T09:30:29.365171
39,6,3,0,0,0,2026-07-15T09:30:29.855408
39,6,4,0,0,0,2026-07-15T09:30:30.614701
39,6,5,0,0,0,2026-07-15T09:30:31.611357
39,6,6,0,0,0,2026-07-15T09:30:32.194647
39,6,7,0,0,0,2026-07-15T09:30:34.231042
39,6,8,0,0,0,2026-07-15T09:30:34.853552
39,6,9,0,0,0,2026-07-15T09:30:35.492862
39,6,10,0,0,0,2026-07-15T09:30:36.108510
39,7,1,4,0,4,2026-07-15T09:30:36.529930
39,7,2,4,0,4,2026-07-15T09:30:36.964622
39,7,3,4,0,4,2026-07-15T09:30:37.435952
39,7,4,4,0,4,2026-07-15T09:30:37.957097
39,7,5,4,0,4,2026-07-15T09:30:38.511855
39,7,6,4,0,4,2026-07-15T09:30:39.972854
39,7,7,4,0,4,2026-07-15T09:30:48.403016
39,7,8,4,0,4,2026-07-15T09:30:49.033328
39,7,9,4,0,4,2026-07-15T09:30:49.450287
39,7,10,4,0,4,2026-07-15T09:30:50.040690
39,8,1,3,0,3,2026-07-15T09:30:50.652396
39,8,2,2,0,2,2026-07-15T09:30:51.105449
39,8,3,2,0,2,2026-07-15T09:30:51.557047
39,8,4,2,0,2,2026-07-15T09:30:52.009174
39,8,5,3,0,3,2026-07-15T09:30:52.556692
39,8,6,2,0,2,2026-07-15T09:30:53.107090
39,8,7,3,0,3,2026-07-15T09:30:53.940479
39,8,8,2,0,2,2026-07-15T09:30:54.369729
39,8,9,2,0,2,2026-07-15T09:30:55.196118
39,8,10,3,0,3,2026-07-15T09:30:55.655687
39,9,1,4,0,4,2026-07-15T09:30:58.482833
39,9,2,4,0,4,2026-07-15T09:31:01.178587
39,9,3,4,0,4,2026-07-15T09:31:03.730370
39,9,4,4,0,4,2026-07-15T09:31:05.796806
39,9,5,4,0,4,2026-07-15T09:31:07.683246
39,9,6,4,0,4,2026-07-15T09:31:08.796394
39,9,7,4,0,4,2026-07-15T09:31:10.165345
39,9,8,4,0,4,2026-07-15T09:31:11.095967
39,9,9,4,0,4,2026-07-15T09:31:12.155581
39,9,10,4,0,4,2026-07-15T09:31:13.110829
40,1,1,2,0,2,2026-07-15T09:31:14.807902
40,1,2,2,0,2,2026-07-15T09:31:16.046449
40,1,3,2,0,2,2026-07-15T09:31:17.357802
40,1,4,2,0,2,2026-07-15T09:31:18.658868
40,1,5,2,0,2,2026-07-15T09:31:19.841198
40,1,6,2,0,2,2026-07-15T09:31:20.818344
40,1,7,2,0,2,2026-07-15T09:31:21.762438
40,1,8,2,0,2,2026-07-15T09:31:22.647716
40,1,9,2,0,2,2026-07-15T09:31:23.202510
40,1,10,2,0,2,2026-07-15T09:31:24.143054
40,2,1,0,0,0,2026-07-15T09:31:24.817206
40,2,2,0,0,0,2026-07-15T09:31:25.313432
40,2,3,0,0,0,2026-07-15T09:31:25.892838
40,2,4,0,0,0,2026-07-15T09:31:26.503402
40,2,5,0,0,0,2026-07-15T09:31:27.034113
40,2,6,0,0,0,2026-07-15T09:31:27.551901
40,2,7,0,0,0,2026-07-15T09:31:28.100835
40,2,8,0,0,0,2026-07-15T09:31:28.608400
40,2,9,0,0,0,2026-07-15T09:31:29.098273
40,2,10,0,0,0,2026-07-15T09:31:29.809577
40,3,1,4,0,4,2026-07-15T09:31:30.385119
40,3,2,4,0,4,2026-07-15T09:31:30.958510
40,3,3,4,0,4,2026-07-15T09:31:31.570418
40,3,4,4,0,4,2026-07-15T09:31:32.331266
40,3,5,4,0,4,2026-07-15T09:31:37.728690
40,3,6,4,0,4,2026-07-15T09:31:38.312723
40,3,7,4,0,4,2026-07-15T09:31:38.887148
40,3,8,4,0,4,2026-07-15T09:31:39.619848
40,3,9,4,0,4,2026-07-15T09:31:40.121562
40,3,10,4,0,4,2026-07-15T09:31:40.686209
40,4,1,0,0,0,2026-07-15T09:31:41.239076
40,4,2,0,0,0,2026-07-15T09:31:41.864867
40,4,3,0,0,0,2026-07-15T09:31:43.687064
40,4,4,0,0,0,2026-07-15T09:31:44.217348
40,4,5,0,0,0,2026-07-15T09:31:44.889575
40,4,6,0,0,0,2026-07-15T09:31:45.715855
40,4,7,0,0,0,2026-07-15T09:31:46.318585
40,4,8,0,0,0,2026-07-15T09:31:46.976542
40,4,9,0,0,0,2026-07-15T09:31:47.446007
40,4,10,0,0,0,2026-07-15T09:31:50.590180
40,5,1,4,0,4,2026-07-15T09:31:51.006206
40,5,2,4,0,4,2026-07-15T09:31:51.489989
40,5,3,4,0,4,2026-07-15T09:31:52.006721
40,5,4,4,0,4,2026-07-15T09:31:52.428017
40,5,5,4,0,4,2026-07-15T09:31:52.858226
40,5,6,4,0,4,2026-07-15T09:31:53.601803
40,5,7,4,0,4,2026-07-15T09:31:54.090676
40,5,8,4,0,4,2026-07-15T09:31:54.611135
40,5,9,4,0,4,2026-07-15T09:31:55.138886
40,5,10,4,0,4,2026-07-15T09:31:55.793505
40,6,1,0,0,0,2026-07-15T09:31:56.305781
40,6,2,0,0,0,2026-07-15T09:31:56.815285
40,6,3,0,0,0,2026-07-15T09:31:57.418736
40,6,4,0,0,0,2026-07-15T09:31:57.935808
40,6,5,0,0,0,2026-07-15T09:32:07.294346
40,6,6,0,0,0,2026-07-15T09:32:07.812901
40,6,7,0,0,0,2026-07-15T09:32:08.385917
40,6,8,0,0,0,2026-07-15T09:32:09.090209
40,6,9,0,0,0,2026-07-15T09:32:09.517904
40,6,10,0,0,0,2026-07-15T09:32:09.974067
40,7,1,4,0,4,2026-07-15T09:32:10.968362
40,7,2,4,0,4,2026-07-15T09:32:11.518830
40,7,3,4,0,4,2026-07-15T09:32:11.965629
40,7,4,4,0,4,2026-07-15T09:32:12.428406
40,7,5,4,0,4,2026-07-15T09:32:13.011737
40,7,6,4,0,4,2026-07-15T09:32:13.470980
40,7,7,4,0,4,2026-07-15T09:32:14.405915
40,7,8,4,0,4,2026-07-15T09:32:14.911363
40,7,9,4,0,4,2026-07-15T09:32:15.419438
40,7,10,4,0,4,2026-07-15T09:32:15.916968
40,8,1,1,0,1,2026-07-15T09:32:16.351462
40,8,2,0,0,0,2026-07-15T09:32:16.858072
40,8,3,0,0,0,2026-07-15T09:32:17.333538
40,8,4,0,0,0,2026-07-15T09:32:17.927477
40,8,5,0,0,0,2026-07-15T09:32:18.340034
40,8,6,0,0,0,2026-07-15T09:32:18.897806
40,8,7,0,0,0,2026-07-15T09:32:19.505699
40,8,8,0,0,0,2026-07-15T09:32:19.982793
40,8,9,0,0,0,2026-07-15T09:32:20.498484
40,8,10,0,0,0,2026-07-15T09:32:21.035493
40,9,1,4,0,4,2026-07-15T09:32:21.480423
40,9,2,4,0,4,2026-07-15T09:32:21.941929
40,9,3,4,0,4,2026-07-15T09:32:23.302768
40,9,4,4,0,4,2026-07-15T09:32:23.859875
40,9,5,4,0,4,2026-07-15T09:32:24.291415
40,9,6,4,0,4,2026-07-15T09:32:24.817576
40,9,7,4,0,4,2026-07-15T09:32:25.306746
40,9,8,4,0,4,2026-07-15T09:32:25.812927
40,9,9,4,0,4,2026-07-15T09:32:29.206280
40,9,10,4,0,4,2026-07-15T09:32:29.836046
41,1,1,3,0,3,2026-07-15T09:32:30.234745
41,1,2,3,0,3,2026-07-15T09:32:30.645061
41,1,3,3,0,3,2026-07-15T09:32:31.116651
41,1,4,3,0,3,2026-07-15T09:32:31.554170
41,1,5,3,0,3,2026-07-15T09:32:32.016383
41,1,6,3,0,3,2026-07-15T09:32:32.584602
41,1,7,3,0,3,2026-07-15T09:32:32.990338
41,1,8,3,0,3,2026-07-15T09:32:33.375092
41,1,9,3,0,3,2026-07-15T09:32:33.883267
41,1,10,3,0,3,2026-07-15T09:32:34.439124
41,2,1,2,0,2,2026-07-15T09:32:35.065535
41,2,2,2,0,2,2026-07-15T09:32:35.853299
41,2,3,2,0,2,2026-07-15T09:32:36.403145
41,2,4,2,0,2,2026-07-15T09:32:36.882735
41,2,5,2,0,2,2026-07-15T09:32:37.403581
41,2,6,2,0,2,2026-07-15T09:32:37.935917
41,2,7,2,0,2,2026-07-15T09:32:38.479869
41,2,8,2,0,2,2026-07-15T09:32:39.056830
41,2,9,2,0,2,2026-07-15T09:32:39.655498
41,2,10,2,0,2,2026-07-15T09:32:40.233985
41,3,1,4,0,4,2026-07-15T09:32:40.767818
41,3,2,4,0,4,2026-07-15T09:32:41.300095
41,3,3,4,0,4,2026-07-15T09:32:42.100357
41,3,4,4,0,4,2026-07-15T09:32:42.573486
41,3,5,4,0,4,2026-07-15T09:32:43.190998
41,3,6,4,0,4,2026-07-15T09:32:43.602299
41,3,7,4,0,4,2026-07-15T09:32:44.369093
41,3,8,4,0,4,2026-07-15T09:32:45.271556
41,3,9,4,0,4,2026-07-15T09:32:45.706578
41,3,10,4,0,4,2026-07-15T09:32:46.254464
41,4,1,2,0,2,2026-07-15T09:32:47.094453
41,4,2,2,0,2,2026-07-15T09:32:47.597043
41,4,3,2,0,2,2026-07-15T09:32:48.095625
41,4,4,2,0,2,2026-07-15T09:32:48.616034
41,4,5,0,0,0,2026-07-15T09:32:49.096163
41,4,6,2,0,2,2026-07-15T09:32:49.695173
41,4,7,0,0,0,2026-07-15T09:32:50.262381
41,4,8,1,0,1,2026-07-15T09:32:50.663859
41,4,9,1,0,1,2026-07-15T09:32:51.197549
41,4,10,0,0,0,2026-07-15T09:32:51.660513
41,5,1,4,0,4,2026-07-15T09:32:52.276624
41,5,2,4,0,4,2026-07-15T09:32:53.127055
41,5,3,4,0,4,2026-07-15T09:32:53.556331
41,5,4,4,0,4,2026-07-15T09:32:54.073364
41,5,5,4,0,4,2026-07-15T09:32:54.650545
41,5,6,4,0,4,2026-07-15T09:32:55.209173
41,5,7,4,0,4,2026-07-15T09:32:55.770081
41,5,8,4,0,4,2026-07-15T09:32:56.358756
41,5,9,4,0,4,2026-07-15T09:32:56.768249
41,5,10,4,0,4,2026-07-15T09:32:57.274141
41,6,1,1,0,1,2026-07-15T09:32:57.995678
41,6,2,0,0,0,2026-07-15T09:32:58.535524
41,6,3,1,0,1,2026-07-15T09:32:59.059494
41,6,4,1,0,1,2026-07-15T09:32:59.996817
41,6,5,0,0,0,2026-07-15T09:33:00.519850
41,6,6,1,0,1,2026-07-15T09:33:01.054425
41,6,7,1,0,1,2026-07-15T09:33:02.600403
41,6,8,1,0,1,2026-07-15T09:33:03.098722
41,6,9,1,0,1,2026-07-15T09:33:03.587648
41,6,10,1,0,1,2026-07-15T09:33:04.154714
41,7,1,4,0,4,2026-07-15T09:33:04.607850
41,7,2,4,0,4,2026-07-15T09:33:05.229887
41,7,3,4,0,4,2026-07-15T09:33:05.824768
41,7,4,4,0,4,2026-07-15T09:33:06.447036
41,7,5,4,0,4,2026-07-15T09:33:06.884742
41,7,6,4,0,4,2026-07-15T09:33:07.374947
41,7,7,4,0,4,2026-07-15T09:33:07.821334
41,7,8,4,0,4,2026-07-15T09:33:08.222147
41,7,9,4,0,4,2026-07-15T09:33:08.651129
41,7,10,4,0,4,2026-07-15T09:33:09.080428
41,8,1,2,0,2,2026-07-15T09:33:09.630680
41,8,2,2,0,2,2026-07-15T09:33:10.244628
41,8,3,2,0,2,2026-07-15T09:33:10.746835
41,8,4,2,0,2,2026-07-15T09:33:11.435161
41,8,5,2,0,2,2026-07-15T09:33:12.131807
41,8,6,2,0,2,2026-07-15T09:33:12.616553
41,8,7,2,0,2,2026-07-15T09:33:13.047257
41,8,8,2,0,2,2026-07-15T09:33:13.606478
41,8,9,2,0,2,2026-07-15T09:33:14.049690
41,8,10,2,0,2,2026-07-15T09:33:14.666249
41,9,1,4,0,4,2026-07-15T09:33:15.115291
41,9,2,4,0,4,2026-07-15T09:33:15.696005
41,9,3,4,0,4,2026-07-15T09:33:16.191760
41,9,4,4,0,4,2026-07-15T09:33:16.814151
41,9,5,4,0,4,2026-07-15T09:33:17.328370
41,9,6,4,0,4,2026-07-15T09:33:17.715118
41,9,7,4,0,4,2026-07-15T09:33:18.179380
41,9,8,4,0,4,2026-07-15T09:33:19.566042
41,9,9,4,0,4,2026-07-15T09:33:20.039071
41,9,10,4,0,4,2026-07-15T09:33:20.440788
42,1,1,0,0,0,2026-07-15T09:33:21.031112
42,1,2,0,0,0,2026-07-15T09:33:21.571661
42,1,3,0,0,0,2026-07-15T09:33:25.675307
42,1,4,0,0,0,2026-07-15T09:33:26.201147
42,1,5,0,0,0,2026-07-15T09:33:26.674118
42,1,6,0,0,0,2026-07-15T09:33:27.536936
42,1,7,0,0,0,2026-07-15T09:33:28.040034
42,1,8,0,0,0,2026-07-15T09:33:28.641455
42,1,9,0,0,0,2026-07-15T09:33:29.267170
42,1,10,0,0,0,2026-07-15T09:33:29.799817
42,2,1,0,0,0,2026-07-15T09:33:30.331911
42,2,2,0,0,0,2026-07-15T09:33:31.824262
42,2,3,0,0,0,2026-07-15T09:33:32.366395
42,2,4,0,0,0,2026-07-15T09:33:32.834117
42,2,5,0,0,0,2026-07-15T09:33:33.307812
42,2,6,0,0,0,2026-07-15T09:33:33.793153
42,2,7,0,0,0,2026-07-15T09:33:34.352348
42,2,8,0,0,0,2026-07-15T09:33:34.880044
42,2,9,0,0,0,2026-07-15T09:33:35.380680
42,2,10,0,0,0,2026-07-15T09:33:35.898596
42,3,1,2,0,2,2026-07-15T09:33:36.452348
42,3,2,0,0,0,2026-07-15T09:33:36.907869
42,3,3,2,0,2,2026-07-15T09:33:37.414326
42,3,4,0,0,0,2026-07-15T09:33:37.861250
42,3,5,2,0,2,2026-07-15T09:33:38.367774
42,3,6,2,0,2,2026-07-15T09:33:38.862047
42,3,7,0,0,0,2026-07-15T09:33:49.197974
42,3,8,2,0,2,2026-07-15T09:33:49.969367
42,3,9,2,0,2,2026-07-15T09:33:50.423819
42,3,10,2,0,2,2026-07-15T09:33:50.914948
42,4,1,0,0,0,2026-07-15T09:33:51.772882
42,4,2,0,0,0,2026-07-15T09:33:52.198695
42,4,3,0,0,0,2026-07-15T09:33:52.813536
42,4,4,0,0,0,2026-07-15T09:33:53.297604
42,4,5,0,0,0,2026-07-15T09:33:53.794798
42,4,6,0,0,0,2026-07-15T09:33:54.427265
42,4,7,0,0,0,2026-07-15T09:33:55.175681
42,4,8,0,0,0,2026-07-15T09:33:55.707419
42,4,9,0,0,0,2026-07-15T09:33:56.501495
42,4,10,0,0,0,2026-07-15T09:33:57.042470
42,5,1,3,0,3,2026-07-15T09:33:57.582907
42,5,2,3,0,3,2026-07-15T09:33:58.042072
42,5,3,3,0,3,2026-07-15T09:33:58.504057
42,5,4,3,0,3,2026-07-15T09:33:59.015890
42,5,5,3,0,3,2026-07-15T09:33:59.394831
42,5,6,3,0,3,2026-07-15T09:33:59.834549
42,5,7,3,0,3,2026-07-15T09:34:00.267894
42,5,8,3,0,3,2026-07-15T09:34:00.761502
42,5,9,3,0,3,2026-07-15T09:34:01.242353
42,5,10,3,0,3,2026-07-15T09:34:01.657954
42,6,1,0,0,0,2026-07-15T09:34:02.097049
42,6,2,0,0,0,2026-07-15T09:34:02.682509
42,6,3,0,0,0,2026-07-15T09:34:03.119540
42,6,4,0,0,0,2026-07-15T09:34:03.605968
42,6,5,0,0,0,2026-07-15T09:34:04.090072
42,6,6,0,0,0,2026-07-15T09:34:04.566431
42,6,7,0,0,0,2026-07-15T09:34:05.038838
42,6,8,0,0,0,2026-07-15T09:34:06.004234
42,6,9,0,0,0,2026-07-15T09:34:06.610953
42,6,10,0,0,0,2026-07-15T09:34:07.210097
42,7,1,4,0,4,2026-07-15T09:34:11.146809
42,7,2,4,0,4,2026-07-15T09:34:17.708293
42,7,3,4,0,4,2026-07-15T09:34:24.617558
42,7,4,4,0,4,2026-07-15T09:34:34.396953
42,7,5,4,0,4,2026-07-15T09:34:41.140089
42,7,6,4,0,4,2026-07-15T09:34:46.641250
42,7,7,4,0,4,2026-07-15T09:34:53.164819
42,7,8,4,0,4,2026-07-15T09:35:02.727136
42,7,9,4,0,4,2026-07-15T09:35:07.139234
42,7,10,4,0,4,2026-07-15T09:35:11.463923
42,8,1,0,0,0,2026-07-15T09:35:11.929817
42,8,2,0,0,0,2026-07-15T09:35:12.361237
42,8,3,0,0,0,2026-07-15T09:35:12.884046
42,8,4,0,0,0,2026-07-15T09:35:13.522741
42,8,5,0,0,0,2026-07-15T09:35:14.001836
42,8,6,0,0,0,2026-07-15T09:35:14.619028
42,8,7,0,0,0,2026-07-15T09:35:15.522259
42,8,8,0,0,0,2026-07-15T09:35:16.004679
42,8,9,0,0,0,2026-07-15T09:35:16.644139
42,8,10,0,0,0,2026-07-15T09:35:17.157204
42,9,1,3,0,3,2026-07-15T09:35:18.233456
42,9,2,3,0,3,2026-07-15T09:35:18.907508
42,9,3,3,0,3,2026-07-15T09:35:19.481798
42,9,4,3,0,3,2026-07-15T09:35:20.028817
42,9,5,3,0,3,2026-07-15T09:35:20.906361
42,9,6,3,0,3,2026-07-15T09:35:21.528273
42,9,7,3,0,3,2026-07-15T09:35:22.080283
42,9,8,3,0,3,2026-07-15T09:35:22.636656
42,9,9,3,0,3,2026-07-15T09:35:23.317464
42,9,10,3,0,3,2026-07-15T09:35:24.161104
43,1,1,4,0,4,2026-07-15T09:35:24.703542
43,1,2,4,0,4,2026-07-15T09:35:25.200543
43,1,3,4,0,4,2026-07-15T09:35:25.684167
43,1,4,4,0,4,2026-07-15T09:35:26.206745
43,1,5,4,0,4,2026-07-15T09:35:26.827728
43,1,6,3,0,3,2026-07-15T09:35:27.510027
43,1,7,4,0,4,2026-07-15T09:35:27.998637
43,1,8,4,0,4,2026-07-15T09:35:28.470718
43,1,9,4,0,4,2026-07-15T09:35:28.954081
43,1,10,4,0,4,2026-07-15T09:35:29.448215
43,2,1,2,0,2,2026-07-15T09:35:30.068616
43,2,2,2,0,2,2026-07-15T09:35:30.540568
43,2,3,2,0,2,2026-07-15T09:35:31.003666
43,2,4,2,0,2,2026-07-15T09:35:31.474504
43,2,5,2,0,2,2026-07-15T09:35:31.943952
43,2,6,2,0,2,2026-07-15T09:35:32.425896
43,2,7,2,0,2,2026-07-15T09:35:32.881492
43,2,8,2,0,2,2026-07-15T09:35:33.351247
43,2,9,2,0,2,2026-07-15T09:35:33.825762
43,2,10,2,0,2,2026-07-15T09:35:35.941219
43,3,1,4,0,4,2026-07-15T09:35:36.435485
43,3,2,4,0,4,2026-07-15T09:35:36.892098
43,3,3,4,0,4,2026-07-15T09:35:37.442051
43,3,4,4,0,4,2026-07-15T09:35:37.884688
43,3,5,4,0,4,2026-07-15T09:35:38.438350
43,3,6,4,0,4,2026-07-15T09:35:38.886580
43,3,7,4,0,4,2026-07-15T09:35:39.346579
43,3,8,4,0,4,2026-07-15T09:35:40.259926
43,3,9,4,0,4,2026-07-15T09:35:40.860744
43,3,10,4,0,4,2026-07-15T09:35:41.419259
43,4,1,2,0,2,2026-07-15T09:35:41.882834
43,4,2,2,0,2,2026-07-15T09:35:42.286852
43,4,3,2,0,2,2026-07-15T09:35:42.712146
43,4,4,2,0,2,2026-07-15T09:35:43.230628
43,4,5,2,0,2,2026-07-15T09:35:43.738268
43,4,6,2,0,2,2026-07-15T09:35:44.249201
43,4,7,2,0,2,2026-07-15T09:35:44.635351
43,4,8,2,0,2,2026-07-15T09:35:45.143232
43,4,9,2,0,2,2026-07-15T09:35:45.567487
43,4,10,2,0,2,2026-07-15T09:35:46.015256
43,5,1,4,0,4,2026-07-15T09:35:46.579700
43,5,2,4,0,4,2026-07-15T09:35:47.081183
43,5,3,4,0,4,2026-07-15T09:35:47.518270
43,5,4,4,0,4,2026-07-15T09:35:48.092787
43,5,5,4,0,4,2026-07-15T09:35:48.598345
43,5,6,4,0,4,2026-07-15T09:35:49.185924
43,5,7,4,0,4,2026-07-15T09:35:49.960320
43,5,8,4,0,4,2026-07-15T09:35:50.570005
43,5,9,4,0,4,2026-07-15T09:35:50.992205
43,5,10,4,0,4,2026-07-15T09:35:51.693539
43,6,1,1,0,1,2026-07-15T09:35:52.262406
43,6,2,1,0,1,2026-07-15T09:35:53.079335
43,6,3,1,0,1,2026-07-15T09:35:53.561906
43,6,4,1,0,1,2026-07-15T09:35:54.140435
43,6,5,1,0,1,2026-07-15T09:36:01.578664
43,6,6,1,0,1,2026-07-15T09:36:02.006352
43,6,7,0,0,0,2026-07-15T09:36:03.086828
43,6,8,0,0,0,2026-07-15T09:36:03.604501
43,6,9,1,0,1,2026-07-15T09:36:04.340615
43,6,10,0,0,0,2026-07-15T09:36:04.882312
43,7,1,4,0,4,2026-07-15T09:36:05.383161
43,7,2,4,0,4,2026-07-15T09:36:05.929740
43,7,3,4,0,4,2026-07-15T09:36:06.443771
43,7,4,4,0,4,2026-07-15T09:36:06.917684
43,7,5,4,0,4,2026-07-15T09:36:07.510638
43,7,6,4,0,4,2026-07-15T09:36:08.350145
43,7,7,4,0,4,2026-07-15T09:36:08.845887
43,7,8,4,0,4,2026-07-15T09:36:09.480147
43,7,9,4,0,4,2026-07-15T09:36:10.022665
43,7,10,4,0,4,2026-07-15T09:36:10.661337
43,8,1,2,0,2,2026-07-15T09:36:11.179732
43,8,2,2,0,2,2026-07-15T09:36:11.658088
43,8,3,2,0,2,2026-07-15T09:36:12.108553
43,8,4,2,0,2,2026-07-15T09:36:12.596842
43,8,5,2,0,2,2026-07-15T09:36:13.091370
43,8,6,2,0,2,2026-07-15T09:36:17.238702
43,8,7,2,0,2,2026-07-15T09:36:17.786083
43,8,8,2,0,2,2026-07-15T09:36:18.265575
43,8,9,2,0,2,2026-07-15T09:36:18.927330
43,8,10,2,0,2,2026-07-15T09:36:19.845386
43,9,1,5,0,5,2026-07-15T09:36:20.295971
43,9,2,4,0,4,2026-07-15T09:36:20.830104
43,9,3,4,0,4,2026-07-15T09:36:21.385341
43,9,4,5,0,5,2026-07-15T09:36:21.932224
43,9,5,4,0,4,2026-07-15T09:36:22.419095
43,9,6,4,0,4,2026-07-15T09:36:22.900710
43,9,7,5,0,5,2026-07-15T09:36:23.642604
43,9,8,5,0,5,2026-07-15T09:36:24.375208
43,9,9,5,0,5,2026-07-15T09:36:24.938750
43,9,10,5,0,5,2026-07-15T09:36:25.487112
44,1,1,4,0,4,2026-07-15T09:36:31.972782
44,1,2,4,0,4,2026-07-15T09:36:41.021280
44,1,3,4,0,4,2026-07-15T09:36:53.097296
44,1,4,4,0,4,2026-07-15T09:37:06.245606
44,1,5,4,0,4,2026-07-15T09:37:18.292204
44,1,6,4,0,4,2026-07-15T09:37:30.462000
44,1,7,4,0,4,2026-07-15T09:37:43.167936
44,1,8,4,0,4,2026-07-15T09:37:51.967794
44,1,9,4,0,4,2026-07-15T09:37:59.572592
44,1,10,4,0,4,2026-07-15T09:38:07.396747
44,2,1,2,0,2,2026-07-15T09:38:08.013744
44,2,2,2,0,2,2026-07-15T09:38:08.704025
44,2,3,2,0,2,2026-07-15T09:38:09.196122
44,2,4,2,0,2,2026-07-15T09:38:10.262608
44,2,5,2,0,2,2026-07-15T09:38:10.835999
44,2,6,2,0,2,2026-07-15T09:38:11.335848
44,2,7,2,0,2,2026-07-15T09:38:11.870817
44,2,8,2,0,2,2026-07-15T09:38:12.501693
44,2,9,2,0,2,2026-07-15T09:38:13.611696
44,2,10,3,0,3,2026-07-15T09:38:14.151262
44,3,1,4,0,4,2026-07-15T09:38:14.687948
44,3,2,4,0,4,2026-07-15T09:38:15.259166
44,3,3,4,0,4,2026-07-15T09:38:16.439132
44,3,4,4,0,4,2026-07-15T09:38:17.136677
44,3,5,4,0,4,2026-07-15T09:38:17.738255
44,3,6,4,0,4,2026-07-15T09:38:18.221774
44,3,7,4,0,4,2026-07-15T09:38:18.734076
44,3,8,4,0,4,2026-07-15T09:38:19.360120
44,3,9,4,0,4,2026-07-15T09:38:20.260009
44,3,10,4,0,4,2026-07-15T09:38:20.938121
44,4,1,4,0,4,2026-07-15T09:38:21.548836
44,4,2,3,0,3,2026-07-15T09:38:22.049838
44,4,3,2,0,2,2026-07-15T09:38:22.531925
44,4,4,4,0,4,2026-07-15T09:38:23.060682
44,4,5,3,0,3,2026-07-15T09:38:23.553389
44,4,6,2,0,2,2026-07-15T09:38:24.100392
44,4,7,3,0,3,2026-07-15T09:38:24.655749
44,4,8,4,0,4,2026-07-15T09:38:25.155018
44,4,9,2,0,2,2026-07-15T09:38:26.550402
44,4,10,4,0,4,2026-07-15T09:38:27.018602
44,5,1,5,0,5,2026-07-15T09:38:31.361549
44,5,2,5,0,5,2026-07-15T09:38:35.840769
44,5,3,5,0,5,2026-07-15T09:38:41.238705
44,5,4,5,0,5,2026-07-15T09:38:45.240696
44,5,5,5,0,5,2026-07-15T09:38:48.898031
44,5,6,5,0,5,2026-07-15T09:38:52.786709
44,5,7,5,0,5,2026-07-15T09:38:57.565808
44,5,8,5,0,5,2026-07-15T09:39:02.128457
44,5,9,5,0,5,2026-07-15T09:39:06.293394
44,5,10,5,0,5,2026-07-15T09:39:09.318382
44,6,1,2,0,2,2026-07-15T09:39:09.829811
44,6,2,0,0,0,2026-07-15T09:39:10.366676
44,6,3,2,0,2,2026-07-15T09:39:11.043123
44,6,4,2,0,2,2026-07-15T09:39:12.581134
44,6,5,2,0,2,2026-07-15T09:39:13.592954
44,6,6,2,0,2,2026-07-15T09:39:14.203146
44,6,7,2,0,2,2026-07-15T09:39:14.745230
44,6,8,2,0,2,2026-07-15T09:39:15.401859
44,6,9,2,0,2,2026-07-15T09:39:16.355675
44,6,10,2,0,2,2026-07-15T09:39:16.951481
44,7,1,5,0,5,2026-07-15T09:39:17.408138
44,7,2,5,0,5,2026-07-15T09:39:18.356984
44,7,3,4,0,4,2026-07-15T09:39:18.957718
44,7,4,4,0,4,2026-07-15T09:39:19.404589
44,7,5,5,0,5,2026-07-15T09:39:20.002723
44,7,6,4,0,4,2026-07-15T09:39:20.500020
44,7,7,4,0,4,2026-07-15T09:39:21.012234
44,7,8,5,0,5,2026-07-15T09:39:21.452558
44,7,9,5,0,5,2026-07-15T09:39:21.971798
44,7,10,4,0,4,2026-07-15T09:39:22.517092
44,8,1,3,0,3,2026-07-15T09:39:28.957826
44,8,2,2,0,2,2026-07-15T09:39:29.379025
44,8,3,3,0,3,2026-07-15T09:39:29.792523
44,8,4,2,0,2,2026-07-15T09:39:30.196401
44,8,5,2,0,2,2026-07-15T09:39:30.719764
44,8,6,3,0,3,2026-07-15T09:39:31.286780
44,8,7,3,0,3,2026-07-15T09:39:37.509315
44,8,8,3,0,3,2026-07-15T09:39:38.113351
44,8,9,3,0,3,2026-07-15T09:39:38.731743
44,8,10,2,0,2,2026-07-15T09:39:39.134803
44,9,1,5,0,5,2026-07-15T09:39:39.705434
44,9,2,5,0,5,2026-07-15T09:39:40.227184
44,9,3,5,0,5,2026-07-15T09:39:41.349314
44,9,4,5,0,5,2026-07-15T09:39:41.833044
44,9,5,5,0,5,2026-07-15T09:39:42.651822
44,9,6,5,0,5,2026-07-15T09:39:43.189751
44,9,7,5,0,5,2026-07-15T09:39:43.724781
44,9,8,5,0,5,2026-07-15T09:39:44.344914
44,9,9,5,0,5,2026-07-15T09:39:44.842551
44,9,10,5,0,5,2026-07-15T09:39:45.547709
45,1,1,3,0,3,2026-07-15T09:39:46.070748
45,1,2,3,0,3,2026-07-15T09:39:46.502913
45,1,3,3,0,3,2026-07-15T09:39:47.033972
45,1,4,3,0,3,2026-07-15T09:39:47.442934
45,1,5,3,0,3,2026-07-15T09:39:48.042461
45,1,6,3,0,3,2026-07-15T09:39:48.527783
45,1,7,3,0,3,2026-07-15T09:39:48.964485
45,1,8,3,0,3,2026-07-15T09:39:49.502699
45,1,9,3,0,3,2026-07-15T09:39:49.929461
45,1,10,3,0,3,2026-07-15T09:39:50.477842
45,2,1,2,0,2,2026-07-15T09:39:51.071121
45,2,2,2,0,2,2026-07-15T09:39:51.550160
45,2,3,0,0,0,2026-07-15T09:39:52.189177
45,2,4,2,0,2,2026-07-15T09:39:52.688727
45,2,5,2,0,2,2026-07-15T09:39:53.126263
45,2,6,2,0,2,2026-07-15T09:39:53.541754
45,2,7,2,0,2,2026-07-15T09:39:53.994645
45,2,8,2,0,2,2026-07-15T09:39:54.658762
45,2,9,2,0,2,2026-07-15T09:39:55.084672
45,2,10,2,0,2,2026-07-15T09:39:55.934284
45,3,1,4,0,4,2026-07-15T09:39:57.575244
45,3,2,4,0,4,2026-07-15T09:39:59.012774
45,3,3,4,0,4,2026-07-15T09:40:00.402996
45,3,4,4,0,4,2026-07-15T09:40:02.194744
45,3,5,4,0,4,2026-07-15T09:40:04.429294
45,3,6,4,0,4,2026-07-15T09:40:06.945007
45,3,7,4,0,4,2026-07-15T09:40:09.719375
45,3,8,4,0,4,2026-07-15T09:40:12.015759
45,3,9,4,0,4,2026-07-15T09:40:14.371597
45,3,10,4,0,4,2026-07-15T09:40:17.693562
45,4,1,2,0,2,2026-07-15T09:40:18.195831
45,4,2,2,0,2,2026-07-15T09:40:18.698374
45,4,3,2,0,2,2026-07-15T09:40:19.144360
45,4,4,1,0,1,2026-07-15T09:40:19.730548
45,4,5,2,0,2,2026-07-15T09:40:20.247917
45,4,6,2,0,2,2026-07-15T09:40:20.880378
45,4,7,1,0,1,2026-07-15T09:40:21.394588
45,4,8,1,0,1,2026-07-15T09:40:22.026729
45,4,9,2,0,2,2026-07-15T09:40:22.492868
45,4,10,1,0,1,2026-07-15T09:40:22.972225
45,5,1,3,0,3,2026-07-15T09:40:23.385973
45,5,2,3,0,3,2026-07-15T09:40:23.877445
45,5,3,3,0,3,2026-07-15T09:40:24.303144
45,5,4,3,0,3,2026-07-15T09:40:24.713374
45,5,5,3,0,3,2026-07-15T09:40:25.683238
45,5,6,3,0,3,2026-07-15T09:40:26.194814
45,5,7,3,0,3,2026-07-15T09:40:26.704064
45,5,8,3,0,3,2026-07-15T09:40:27.403172
45,5,9,3,0,3,2026-07-15T09:40:27.932297
45,5,10,3,0,3,2026-07-15T09:40:34.168657
45,6,1,0,0,0,2026-07-15T09:40:34.835008
45,6,2,1,0,1,2026-07-15T09:40:35.443394
45,6,3,0,0,0,2026-07-15T09:40:36.134196
45,6,4,1,0,1,2026-07-15T09:40:36.538063
45,6,5,1,0,1,2026-07-15T09:40:37.153817
45,6,6,0,0,0,2026-07-15T09:40:37.575361
45,6,7,1,0,1,2026-07-15T09:40:38.070464
45,6,8,2,0,2,2026-07-15T09:40:38.742130
45,6,9,1,0,1,2026-07-15T09:40:39.277796
45,6,10,0,0,0,2026-07-15T09:40:39.818669
45,7,1,4,0,4,2026-07-15T09:40:42.946167
45,7,2,4,0,4,2026-07-15T09:40:45.762031
45,7,3,4,0,4,2026-07-15T09:40:48.861508
45,7,4,4,0,4,2026-07-15T09:40:52.918956
45,7,5,4,0,4,2026-07-15T09:40:57.885326
45,7,6,4,0,4,2026-07-15T09:41:04.206005
45,7,7,4,0,4,2026-07-15T09:41:11.139727
45,7,8,4,0,4,2026-07-15T09:41:16.698545
45,7,9,4,0,4,2026-07-15T09:41:20.921952
45,7,10,4,0,4,2026-07-15T09:41:23.464255
45,8,1,2,0,2,2026-07-15T09:41:24.048918
45,8,2,2,0,2,2026-07-15T09:41:24.605092
45,8,3,2,0,2,2026-07-15T09:41:25.153754
45,8,4,2,0,2,2026-07-15T09:41:25.669094
45,8,5,2,0,2,2026-07-15T09:41:26.304040
45,8,6,2,0,2,2026-07-15T09:41:26.875485
45,8,7,2,0,2,2026-07-15T09:41:27.566935
45,8,8,2,0,2,2026-07-15T09:41:28.145674
45,8,9,2,0,2,2026-07-15T09:41:28.819578
45,8,10,2,0,2,2026-07-15T09:41:29.332201
45,9,1,4,0,4,2026-07-15T09:41:29.831175
45,9,2,4,0,4,2026-07-15T09:41:30.307893
45,9,3,4,0,4,2026-07-15T09:41:30.902285
45,9,4,4,0,4,2026-07-15T09:41:31.473789
45,9,5,4,0,4,2026-07-15T09:41:32.062418
45,9,6,4,0,4,2026-07-15T09:41:32.553417
45,9,7,4,0,4,2026-07-15T09:41:33.114027
45,9,8,4,0,4,2026-07-15T09:41:33.755393
45,9,9,4,0,4,2026-07-15T09:41:34.410830
45,9,10,4,0,4,2026-07-15T09:41:35.541260
46,1,1,3,0,3,2026-07-15T09:41:36.273132
46,1,2,3,0,3,2026-07-15T09:41:36.777049
46,1,3,3,0,3,2026-07-15T09:41:37.693042
46,1,4,3,0,3,2026-07-15T09:41:38.394300
46,1,5,3,0,3,2026-07-15T09:41:39.191679
46,1,6,3,0,3,2026-07-15T09:41:40.308965
46,1,7,3,0,3,2026-07-15T09:41:40.757799
46,1,8,3,0,3,2026-07-15T09:41:41.275761
46,1,9,3,0,3,2026-07-15T09:41:42.213336
46,1,10,2,0,2,2026-07-15T09:41:42.802400
46,2,1,0,0,0,2026-07-15T09:41:43.427309
46,2,2,0,0,0,2026-07-15T09:41:43.905578
46,2,3,0,0,0,2026-07-15T09:41:44.621091
46,2,4,0,0,0,2026-07-15T09:41:45.342113
46,2,5,0,0,0,2026-07-15T09:41:46.198355
46,2,6,0,0,0,2026-07-15T09:41:46.761066
46,2,7,0,0,0,2026-07-15T09:41:47.230349
46,2,8,0,0,0,2026-07-15T09:41:47.681719
46,2,9,0,0,0,2026-07-15T09:41:48.156776
46,2,10,0,0,0,2026-07-15T09:41:48.615311
46,3,1,3,0,3,2026-07-15T09:41:49.221512
46,3,2,3,0,3,2026-07-15T09:41:49.951374
46,3,3,3,0,3,2026-07-15T09:41:50.676510
46,3,4,3,0,3,2026-07-15T09:41:51.192246
46,3,5,3,0,3,2026-07-15T09:41:51.735611
46,3,6,3,0,3,2026-07-15T09:41:52.290022
46,3,7,4,0,4,2026-07-15T09:41:52.867812
46,3,8,4,0,4,2026-07-15T09:41:53.347589
46,3,9,4,0,4,2026-07-15T09:41:53.792830
46,3,10,3,0,3,2026-07-15T09:41:54.277347
46,4,1,0,0,0,2026-07-15T09:41:55.516000
46,4,2,0,0,0,2026-07-15T09:41:56.135895
46,4,3,0,0,0,2026-07-15T09:41:56.838640
46,4,4,0,0,0,2026-07-15T09:41:57.470542
46,4,5,0,0,0,2026-07-15T09:41:58.010010
46,4,6,0,0,0,2026-07-15T09:41:58.531783
46,4,7,0,0,0,2026-07-15T09:41:59.004559
46,4,8,0,0,0,2026-07-15T09:42:00.113813
46,4,9,0,0,0,2026-07-15T09:42:00.546058
46,4,10,0,0,0,2026-07-15T09:42:01.143419
46,5,1,4,0,4,2026-07-15T09:42:01.761263
46,5,2,4,0,4,2026-07-15T09:42:02.304216
46,5,3,4,0,4,2026-07-15T09:42:02.848757
46,5,4,4,0,4,2026-07-15T09:42:03.480156
46,5,5,4,0,4,2026-07-15T09:42:04.062620
46,5,6,4,0,4,2026-07-15T09:42:04.842347
46,5,7,4,0,4,2026-07-15T09:42:05.468775
46,5,8,4,0,4,2026-07-15T09:42:06.122393
46,5,9,4,0,4,2026-07-15T09:42:06.976342
46,5,10,4,0,4,2026-07-15T09:42:07.547722
46,6,1,0,0,0,2026-07-15T09:42:08.199129
46,6,2,0,0,0,2026-07-15T09:42:08.726193
46,6,3,0,0,0,2026-07-15T09:42:09.252470
46,6,4,0,0,0,2026-07-15T09:42:10.388696
46,6,5,0,0,0,2026-07-15T09:42:11.159858
46,6,6,0,0,0,2026-07-15T09:42:11.683361
46,6,7,0,0,0,2026-07-15T09:42:12.163778
46,6,8,0,0,0,2026-07-15T09:42:12.878506
46,6,9,0,0,0,2026-07-15T09:42:13.396470
46,6,10,0,0,0,2026-07-15T09:42:13.922972
46,7,1,4,0,4,2026-07-15T09:42:14.576950
46,7,2,4,0,4,2026-07-15T09:42:15.440554
46,7,3,4,0,4,2026-07-15T09:42:15.991913
46,7,4,4,0,4,2026-07-15T09:42:16.951917
46,7,5,4,0,4,2026-07-15T09:42:17.714136
46,7,6,4,0,4,2026-07-15T09:42:18.998228
46,7,7,4,0,4,2026-07-15T09:42:19.733601
46,7,8,4,0,4,2026-07-15T09:42:20.267517
46,7,9,4,0,4,2026-07-15T09:42:20.847832
46,7,10,4,0,4,2026-07-15T09:42:21.381464
46,8,1,2,0,2,2026-07-15T09:42:21.912431
46,8,2,2,0,2,2026-07-15T09:42:22.497969
46,8,3,2,0,2,2026-07-15T09:42:22.984507
46,8,4,2,0,2,2026-07-15T09:42:23.497284
46,8,5,2,0,2,2026-07-15T09:42:24.503494
46,8,6,2,0,2,2026-07-15T09:42:24.991809
46,8,7,2,0,2,2026-07-15T09:42:25.488319
46,8,8,2,0,2,2026-07-15T09:42:25.998657
46,8,9,2,0,2,2026-07-15T09:42:26.762214
46,8,10,2,0,2,2026-07-15T09:42:27.424415
46,9,1,4,0,4,2026-07-15T09:42:27.936755
46,9,2,4,0,4,2026-07-15T09:42:28.565656
46,9,3,4,0,4,2026-07-15T09:42:29.114807
46,9,4,4,0,4,2026-07-15T09:42:29.793081
46,9,5,4,0,4,2026-07-15T09:42:30.385191
46,9,6,4,0,4,2026-07-15T09:42:31.022481
46,9,7,4,0,4,2026-07-15T09:42:31.682262
46,9,8,4,0,4,2026-07-15T09:42:32.223264
46,9,9,4,0,4,2026-07-15T09:42:32.761234
46,9,10,4,0,4,2026-07-15T09:42:33.321913
47,1,1,4,0,4,2026-07-15T09:42:33.806975
47,1,2,4,0,4,2026-07-15T09:42:34.313312
47,1,3,4,0,4,2026-07-15T09:42:34.864338
47,1,4,4,0,4,2026-07-15T09:42:35.331480
47,1,5,4,0,4,2026-07-15T09:42:35.984221
47,1,6,4,0,4,2026-07-15T09:42:36.692757
47,1,7,4,0,4,2026-07-15T09:42:37.237378
47,1,8,4,0,4,2026-07-15T09:42:37.777707
47,1,9,4,0,4,2026-07-15T09:42:38.330901
47,1,10,4,0,4,2026-07-15T09:42:38.743931
47,2,1,1,0,1,2026-07-15T09:42:45.461184
47,2,2,0,0,0,2026-07-15T09:42:46.074810
47,2,3,0,0,0,2026-07-15T09:42:46.758596
47,2,4,1,0,1,2026-07-15T09:42:47.382439
47,2,5,1,0,1,2026-07-15T09:42:48.427455
47,2,6,1,0,1,2026-07-15T09:42:49.021799
47,2,7,0,0,0,2026-07-15T09:42:49.648439
47,2,8,1,0,1,2026-07-15T09:42:50.164999
47,2,9,1,0,1,2026-07-15T09:42:50.706510
47,2,10,1,0,1,2026-07-15T09:42:51.432087
47,3,1,4,0,4,2026-07-15T09:42:52.043138
47,3,2,4,0,4,2026-07-15T09:42:52.656848
47,3,3,4,0,4,2026-07-15T09:42:53.245240
47,3,4,4,0,4,2026-07-15T09:42:53.766157
47,3,5,4,0,4,2026-07-15T09:42:54.370871
47,3,6,4,0,4,2026-07-15T09:42:54.836900
47,3,7,4,0,4,2026-07-15T09:42:55.401410
47,3,8,4,0,4,2026-07-15T09:42:56.112262
47,3,9,5,0,5,2026-07-15T09:42:56.647053
47,3,10,4,0,4,2026-07-15T09:42:57.139179
47,4,1,0,0,0,2026-07-15T09:42:57.727822
47,4,2,0,0,0,2026-07-15T09:42:58.505037
47,4,3,2,0,2,2026-07-15T09:42:58.971801
47,4,4,0,0,0,2026-07-15T09:42:59.458137
47,4,5,0,0,0,2026-07-15T09:43:00.014786
47,4,6,0,0,0,2026-07-15T09:43:00.562372
47,4,7,0,0,0,2026-07-15T09:43:01.217076
47,4,8,0,0,0,2026-07-15T09:43:02.207974
47,4,9,0,0,0,2026-07-15T09:43:02.818836
47,4,10,2,0,2,2026-07-15T09:43:03.451436
47,5,1,4,0,4,2026-07-15T09:43:04.947784
47,5,2,4,0,4,2026-07-15T09:43:06.867998
47,5,3,5,0,5,2026-07-15T09:43:07.370450
47,5,4,5,0,5,2026-07-15T09:43:07.894607
47,5,5,4,0,4,2026-07-15T09:43:08.396434
47,5,6,4,0,4,2026-07-15T09:43:13.790149
47,5,7,5,0,5,2026-07-15T09:43:14.631857
47,5,8,5,0,5,2026-07-15T09:43:15.133782
47,5,9,4,0,4,2026-07-15T09:43:15.771696
47,5,10,5,0,5,2026-07-15T09:43:16.731491
47,6,1,1,0,1,2026-07-15T09:43:17.425338
47,6,2,1,0,1,2026-07-15T09:43:18.268133
47,6,3,1,0,1,2026-07-15T09:43:18.880354
47,6,4,1,0,1,2026-07-15T09:43:19.342625
47,6,5,1,0,1,2026-07-15T09:43:19.771889
47,6,6,1,0,1,2026-07-15T09:43:20.479520
47,6,7,1,0,1,2026-07-15T09:43:20.950770
47,6,8,1,0,1,2026-07-15T09:43:21.592720
47,6,9,0,0,0,2026-07-15T09:43:22.100467
47,6,10,1,0,1,2026-07-15T09:43:22.768419
47,7,1,5,0,5,2026-07-15T09:43:23.556681
47,7,2,5,0,5,2026-07-15T09:43:24.441690
47,7,3,5,0,5,2026-07-15T09:43:24.995668
47,7,4,4,0,4,2026-07-15T09:43:25.679097
47,7,5,5,0,5,2026-07-15T09:43:26.424981
47,7,6,5,0,5,2026-07-15T09:43:27.075200
47,7,7,5,0,5,2026-07-15T09:43:27.706060
47,7,8,5,0,5,2026-07-15T09:43:28.332410
47,7,9,5,0,5,2026-07-15T09:43:28.950416
47,7,10,5,0,5,2026-07-15T09:43:29.483251
47,8,1,2,0,2,2026-07-15T09:43:30.224830
47,8,2,2,0,2,2026-07-15T09:43:30.799311
47,8,3,2,0,2,2026-07-15T09:43:31.349341
47,8,4,2,0,2,2026-07-15T09:43:31.848437
47,8,5,2,0,2,2026-07-15T09:43:32.469103
47,8,6,2,0,2,2026-07-15T09:43:37.829183
47,8,7,2,0,2,2026-07-15T09:43:38.426871
47,8,8,2,0,2,2026-07-15T09:43:38.941206
47,8,9,2,0,2,2026-07-15T09:43:39.530535
47,8,10,2,0,2,2026-07-15T09:43:40.319874
47,9,1,5,0,5,2026-07-15T09:43:41.229368
47,9,2,5,0,5,2026-07-15T09:43:41.683010
47,9,3,5,0,5,2026-07-15T09:43:42.165581
47,9,4,5,0,5,2026-07-15T09:43:58.668624
47,9,5,5,0,5,2026-07-15T09:43:59.224059
47,9,6,5,0,5,2026-07-15T09:44:00.261083
47,9,7,5,0,5,2026-07-15T09:44:02.332112
47,9,8,5,0,5,2026-07-15T09:44:02.812174
47,9,9,5,0,5,2026-07-15T09:44:03.346992
47,9,10,5,0,5,2026-07-15T09:44:03.901004
48,1,1,3,0,3,2026-07-15T09:44:04.327855
48,1,2,2,0,2,2026-07-15T09:44:04.820864
48,1,3,4,0,4,2026-07-15T09:44:05.339237
48,1,4,4,0,4,2026-07-15T09:44:05.830459
48,1,5,2,0,2,2026-07-15T09:44:06.562532
48,1,6,2,0,2,2026-07-15T09:44:07.349353
48,1,7,2,0,2,2026-07-15T09:44:07.916893
48,1,8,2,0,2,2026-07-15T09:44:08.425512
48,1,9,2,0,2,2026-07-15T09:44:08.949587
48,1,10,2,0,2,2026-07-15T09:44:09.765276
48,2,1,0,0,0,2026-07-15T09:44:10.272877
48,2,2,1,0,1,2026-07-15T09:44:10.781537
48,2,3,1,0,1,2026-07-15T09:44:11.261588
48,2,4,1,0,1,2026-07-15T09:44:12.042140
48,2,5,1,0,1,2026-07-15T09:44:12.633891
48,2,6,1,0,1,2026-07-15T09:44:13.123382
48,2,7,1,0,1,2026-07-15T09:44:13.582784
48,2,8,1,0,1,2026-07-15T09:44:14.090139
48,2,9,1,0,1,2026-07-15T09:44:14.551393
48,2,10,1,0,1,2026-07-15T09:44:15.202310
48,3,1,3,0,3,2026-07-15T09:44:15.700997
48,3,2,3,0,3,2026-07-15T09:44:16.364239
48,3,3,3,0,3,2026-07-15T09:44:16.933885
48,3,4,3,0,3,2026-07-15T09:44:17.614381
48,3,5,3,0,3,2026-07-15T09:44:18.146373
48,3,6,3,0,3,2026-07-15T09:44:18.691194
48,3,7,3,0,3,2026-07-15T09:44:19.774972
48,3,8,3,0,3,2026-07-15T09:44:20.793848
48,3,9,3,0,3,2026-07-15T09:44:21.382276
48,3,10,3,0,3,2026-07-15T09:44:21.920021
48,4,1,0,0,0,2026-07-15T09:44:22.402335
48,4,2,1,0,1,2026-07-15T09:44:23.137339
48,4,3,0,0,0,2026-07-15T09:44:23.667690
48,4,4,0,0,0,2026-07-15T09:44:24.125107
48,4,5,1,0,1,2026-07-15T09:44:24.644087
48,4,6,1,0,1,2026-07-15T09:44:25.135674
48,4,7,0,0,0,2026-07-15T09:44:25.598142
48,4,8,0,0,0,2026-07-15T09:44:26.056674
48,4,9,0,0,0,2026-07-15T09:44:26.540167
48,4,10,0,0,0,2026-07-15T09:44:27.344695
48,5,1,4,0,4,2026-07-15T09:44:27.916500
48,5,2,4,0,4,2026-07-15T09:44:28.405352
48,5,3,4,0,4,2026-07-15T09:44:28.979290
48,5,4,4,0,4,2026-07-15T09:44:29.471777
48,5,5,4,0,4,2026-07-15T09:44:30.049859
48,5,6,4,0,4,2026-07-15T09:44:31.305098
48,5,7,4,0,4,2026-07-15T09:44:31.967454
48,5,8,4,0,4,2026-07-15T09:44:32.505822
48,5,9,4,0,4,2026-07-15T09:44:33.053483
48,5,10,4,0,4,2026-07-15T09:44:34.057513
48,6,1,1,0,1,2026-07-15T09:44:34.619021
48,6,2,1,0,1,2026-07-15T09:44:35.184238
48,6,3,1,0,1,2026-07-15T09:44:36.169882
48,6,4,1,0,1,2026-07-15T09:44:36.814508
48,6,5,1,0,1,2026-07-15T09:44:37.372620
48,6,6,1,0,1,2026-07-15T09:44:38.122413
48,6,7,1,0,1,2026-07-15T09:44:38.851747
48,6,8,1,0,1,2026-07-15T09:44:39.389272
48,6,9,1,0,1,2026-07-15T09:44:40.406057
48,6,10,1,0,1,2026-07-15T09:44:40.986538
48,7,1,4,0,4,2026-07-15T09:44:41.564297
48,7,2,4,0,4,2026-07-15T09:44:42.268486
48,7,3,4,0,4,2026-07-15T09:44:42.830583
48,7,4,4,0,4,2026-07-15T09:44:43.392352
48,7,5,4,0,4,2026-07-15T09:44:43.867845
48,7,6,4,0,4,2026-07-15T09:44:44.469597
48,7,7,4,0,4,2026-07-15T09:44:45.065442
48,7,8,4,0,4,2026-07-15T09:44:45.711697
48,7,9,4,0,4,2026-07-15T09:44:46.219739
48,7,10,4,0,4,2026-07-15T09:44:47.511121
48,8,1,2,0,2,2026-07-15T09:44:47.986342
48,8,2,2,0,2,2026-07-15T09:44:48.496789
48,8,3,2,0,2,2026-07-15T09:44:49.268930
48,8,4,2,0,2,2026-07-15T09:44:49.883389
48,8,5,2,0,2,2026-07-15T09:44:50.362388
48,8,6,2,0,2,2026-07-15T09:44:50.843566
48,8,7,2,0,2,2026-07-15T09:44:51.325921
48,8,8,2,0,2,2026-07-15T09:44:51.989431
48,8,9,2,0,2,2026-07-15T09:44:52.475581
48,8,10,2,0,2,2026-07-15T09:44:52.954709
48,9,1,4,0,4,2026-07-15T09:44:53.364929
48,9,2,4,0,4,2026-07-15T09:44:53.917119
48,9,3,4,0,4,2026-07-15T09:44:54.437631
48,9,4,4,0,4,2026-07-15T09:44:54.859116
48,9,5,4,0,4,2026-07-15T09:44:55.531724
48,9,6,4,0,4,2026-07-15T09:44:55.961749
48,9,7,4,0,4,2026-07-15T09:44:56.650611
48,9,8,4,0,4,2026-07-15T09:44:57.065792
48,9,9,4,0,4,2026-07-15T09:44:57.538597
48,9,10,4,0,4,2026-07-15T09:44:58.334672
49,1,1,3,0,3,2026-07-15T09:44:58.996509
49,1,2,3,0,3,2026-07-15T09:44:59.500280
49,1,3,3,0,3,2026-07-15T09:44:59.968197
49,1,4,3,0,3,2026-07-15T09:45:00.467778
49,1,5,3,0,3,2026-07-15T09:45:01.058611
49,1,6,3,0,3,2026-07-15T09:45:01.971164
49,1,7,3,0,3,2026-07-15T09:45:05.290424
49,1,8,3,0,3,2026-07-15T09:45:05.729766
49,1,9,3,0,3,2026-07-15T09:45:06.346805
49,1,10,3,0,3,2026-07-15T09:45:06.788894
49,2,1,2,0,2,2026-07-15T09:45:07.292963
49,2,2,2,0,2,2026-07-15T09:45:07.799608
49,2,3,2,0,2,2026-07-15T09:45:08.318142
49,2,4,2,0,2,2026-07-15T09:45:08.809897
49,2,5,2,0,2,2026-07-15T09:45:09.489260
49,2,6,2,0,2,2026-07-15T09:45:10.036128
49,2,7,2,0,2,2026-07-15T09:45:10.530458
49,2,8,2,0,2,2026-07-15T09:45:11.105665
49,2,9,2,0,2,2026-07-15T09:45:11.645959
49,2,10,2,0,2,2026-07-15T09:45:12.133702
49,3,1,4,0,4,2026-07-15T09:45:12.996218
49,3,2,4,0,4,2026-07-15T09:45:13.481765
49,3,3,4,0,4,2026-07-15T09:45:14.107276
49,3,4,4,0,4,2026-07-15T09:45:14.585486
49,3,5,4,0,4,2026-07-15T09:45:15.168482
49,3,6,4,0,4,2026-07-15T09:45:15.827024
49,3,7,4,0,4,2026-07-15T09:45:16.453907
49,3,8,4,0,4,2026-07-15T09:45:17.124577
49,3,9,4,0,4,2026-07-15T09:45:17.759786
49,3,10,4,0,4,2026-07-15T09:45:18.209043
49,4,1,1,0,1,2026-07-15T09:45:18.711799
49,4,2,1,0,1,2026-07-15T09:45:19.251346
49,4,3,1,0,1,2026-07-15T09:45:19.751935
49,4,4,2,0,2,2026-07-15T09:45:20.259172
49,4,5,1,0,1,2026-07-15T09:45:20.716911
49,4,6,1,0,1,2026-07-15T09:45:21.193934
49,4,7,1,0,1,2026-07-15T09:45:21.656326
49,4,8,1,0,1,2026-07-15T09:45:22.155752
49,4,9,1,0,1,2026-07-15T09:45:22.650635
49,4,10,1,0,1,2026-07-15T09:45:23.158544
49,5,1,4,0,4,2026-07-15T09:45:23.744778
49,5,2,4,0,4,2026-07-15T09:45:27.558161
49,5,3,4,0,4,2026-07-15T09:45:28.114184
49,5,4,4,0,4,2026-07-15T09:45:28.685744
49,5,5,4,0,4,2026-07-15T09:45:29.390405
49,5,6,4,0,4,2026-07-15T09:45:29.951980
49,5,7,4,0,4,2026-07-15T09:45:30.622185
49,5,8,4,0,4,2026-07-15T09:45:31.278474
49,5,9,4,0,4,2026-07-15T09:45:31.932723
49,5,10,4,0,4,2026-07-15T09:45:32.579852
49,6,1,1,0,1,2026-07-15T09:45:33.150510
49,6,2,1,0,1,2026-07-15T09:45:33.988509
49,6,3,1,0,1,2026-07-15T09:45:34.730836
49,6,4,1,0,1,2026-07-15T09:45:35.299490
49,6,5,1,0,1,2026-07-15T09:45:35.894471
49,6,6,1,0,1,2026-07-15T09:45:36.595923
49,6,7,1,0,1,2026-07-15T09:45:37.357239
49,6,8,1,0,1,2026-07-15T09:45:40.277069
49,6,9,1,0,1,2026-07-15T09:45:41.792214
49,6,10,1,0,1,2026-07-15T09:45:42.891329
49,7,1,4,0,4,2026-07-15T09:45:43.434244
49,7,2,4,0,4,2026-07-15T09:45:43.957172
49,7,3,4,0,4,2026-07-15T09:45:44.527404
49,7,4,4,0,4,2026-07-15T09:45:45.240563
49,7,5,4,0,4,2026-07-15T09:45:45.797917
49,7,6,4,0,4,2026-07-15T09:45:46.473970
49,7,7,4,0,4,2026-07-15T09:45:47.123213
49,7,8,4,0,4,2026-07-15T09:45:47.659773
49,7,9,4,0,4,2026-07-15T09:45:49.340002
49,7,10,4,0,4,2026-07-15T09:45:49.857044
49,8,1,2,0,2,2026-07-15T09:45:50.410742
49,8,2,2,0,2,2026-07-15T09:45:50.900985
49,8,3,2,0,2,2026-07-15T09:45:51.516842
49,8,4,2,0,2,2026-07-15T09:45:52.108040
49,8,5,2,0,2,2026-07-15T09:45:52.623034
49,8,6,2,0,2,2026-07-15T09:45:53.265522
49,8,7,2,0,2,2026-07-15T09:45:53.824968
49,8,8,2,0,2,2026-07-15T09:45:54.395966
49,8,9,2,0,2,2026-07-15T09:45:54.978198
49,8,10,2,0,2,2026-07-15T09:45:55.753452
49,9,1,5,0,5,2026-07-15T09:45:56.541448
49,9,2,5,0,5,2026-07-15T09:45:57.154054
49,9,3,5,0,5,2026-07-15T09:45:57.623386
49,9,4,5,0,5,2026-07-15T09:45:58.070717
49,9,5,5,0,5,2026-07-15T09:45:58.568455
49,9,6,5,0,5,2026-07-15T09:45:59.034229
49,9,7,5,0,5,2026-07-15T09:45:59.468910
49,9,8,5,0,5,2026-07-15T09:45:59.958778
49,9,9,5,0,5,2026-07-15T09:46:00.522467
49,9,10,5,0,5,2026-07-15T09:46:01.050826
50,1,1,4,0,4,2026-07-15T09:46:01.619125
50,1,2,4,0,4,2026-07-15T09:46:02.227521
50,1,3,4,0,4,2026-07-15T09:46:02.865771
50,1,4,4,0,4,2026-07-15T09:46:03.434587
50,1,5,4,0,4,2026-07-15T09:46:04.096740
50,1,6,4,0,4,2026-07-15T09:46:04.702326
50,1,7,4,0,4,2026-07-15T09:46:05.238320
50,1,8,4,0,4,2026-07-15T09:46:06.244960
50,1,9,4,0,4,2026-07-15T09:46:06.813800
50,1,10,4,0,4,2026-07-15T09:46:07.628697
50,2,1,2,0,2,2026-07-15T09:46:08.027623
50,2,2,2,0,2,2026-07-15T09:46:08.443847
50,2,3,3,0,3,2026-07-15T09:46:08.930711
50,2,4,3,0,3,2026-07-15T09:46:09.374358
50,2,5,2,0,2,2026-07-15T09:46:09.798287
50,2,6,3,0,3,2026-07-15T09:46:10.315579
50,2,7,3,0,3,2026-07-15T09:46:10.786155
50,2,8,3,0,3,2026-07-15T09:46:11.449025
50,2,9,3,0,3,2026-07-15T09:46:11.953517
50,2,10,3,0,3,2026-07-15T09:46:12.431074
50,3,1,4,0,4,2026-07-15T09:46:15.718882
50,3,2,4,0,4,2026-07-15T09:46:16.347293
50,3,3,4,0,4,2026-07-15T09:46:16.920786
50,3,4,4,0,4,2026-07-15T09:46:17.648422
50,3,5,4,0,4,2026-07-15T09:46:18.142227
50,3,6,4,0,4,2026-07-15T09:46:18.688093
50,3,7,4,0,4,2026-07-15T09:46:19.406590
50,3,8,4,0,4,2026-07-15T09:46:20.059067
50,3,9,4,0,4,2026-07-15T09:46:20.647661
50,3,10,4,0,4,2026-07-15T09:46:21.147986
50,4,1,2,0,2,2026-07-15T09:46:21.637618
50,4,2,2,0,2,2026-07-15T09:46:22.068888
50,4,3,2,0,2,2026-07-15T09:46:22.526956
50,4,4,2,0,2,2026-07-15T09:46:23.194247
50,4,5,2,0,2,2026-07-15T09:46:23.780103
50,4,6,2,0,2,2026-07-15T09:46:24.314908
50,4,7,2,0,2,2026-07-15T09:46:24.748516
50,4,8,2,0,2,2026-07-15T09:46:25.473939
50,4,9,2,0,2,2026-07-15T09:46:26.112634
50,4,10,2,0,2,2026-07-15T09:46:26.672308
50,5,1,4,0,4,2026-07-15T09:46:28.268743
50,5,2,4,0,4,2026-07-15T09:46:28.742548
50,5,3,4,0,4,2026-07-15T09:46:30.237181
50,5,4,4,0,4,2026-07-15T09:46:30.736526
50,5,5,4,0,4,2026-07-15T09:46:31.182895
50,5,6,4,0,4,2026-07-15T09:46:31.645587
50,5,7,4,0,4,2026-07-15T09:46:32.098902
50,5,8,4,0,4,2026-07-15T09:46:32.719235
50,5,9,4,0,4,2026-07-15T09:46:33.438337
50,5,10,4,0,4,2026-07-15T09:46:33.905421
50,6,1,2,0,2,2026-07-15T09:46:34.765693
50,6,2,2,0,2,2026-07-15T09:46:35.284794
50,6,3,2,0,2,2026-07-15T09:46:35.804204
50,6,4,2,0,2,2026-07-15T09:46:36.264605
50,6,5,2,0,2,2026-07-15T09:46:36.771357
50,6,6,2,0,2,2026-07-15T09:46:37.526716
50,6,7,2,0,2,2026-07-15T09:46:38.249236
50,6,8,2,0,2,2026-07-15T09:46:38.694866
50,6,9,2,0,2,2026-07-15T09:46:39.124895
50,6,10,2,0,2,2026-07-15T09:46:39.589533
50,7,1,4,0,4,2026-07-15T09:46:40.182246
50,7,2,4,0,4,2026-07-15T09:46:40.806135
50,7,3,4,0,4,2026-07-15T09:46:41.375953
50,7,4,4,0,4,2026-07-15T09:46:41.880896
50,7,5,4,0,4,2026-07-15T09:46:42.712244
50,7,6,4,0,4,2026-07-15T09:46:45.749458
50,7,7,4,0,4,2026-07-15T09:46:46.246790
50,7,8,4,0,4,2026-07-15T09:46:46.881240
50,7,9,4,0,4,2026-07-15T09:46:49.970145
50,7,10,4,0,4,2026-07-15T09:46:50.500542
50,8,1,3,0,3,2026-07-15T09:46:51.055986
50,8,2,4,0,4,2026-07-15T09:46:53.835395
50,8,3,3,0,3,2026-07-15T09:46:54.399609
50,8,4,3,0,3,2026-07-15T09:46:55.109929
50,8,5,3,0,3,2026-07-15T09:46:55.904437
50,8,6,3,0,3,2026-07-15T09:46:56.481799
50,8,7,2,0,2,2026-07-15T09:46:56.989949
50,8,8,3,0,3,2026-07-15T09:46:57.589632
50,8,9,3,0,3,2026-07-15T09:46:58.155887
50,8,10,3,0,3,2026-07-15T09:46:58.844004
50,9,1,5,0,5,2026-07-15T09:46:59.371758
50,9,2,4,0,4,2026-07-15T09:46:59.822285
50,9,3,5,0,5,2026-07-15T09:47:00.491354
50,9,4,5,0,5,2026-07-15T09:47:01.007080
50,9,5,5,0,5,2026-07-15T09:47:01.503530
50,9,6,4,0,4,2026-07-15T09:47:02.077213
50,9,7,5,0,5,2026-07-15T09:47:02.527660
50,9,8,4,0,4,2026-07-15T09:47:03.725628
50,9,9,4,0,4,2026-07-15T09:47:04.779349
50,9,10,5,0,5,2026-07-15T09:47:05.620629
51,1,1,4,0,4,2026-07-15T09:47:06.145020
51,1,2,4,0,4,2026-07-15T09:47:06.637711
51,1,3,4,0,4,2026-07-15T09:47:07.180667
51,1,4,4,0,4,2026-07-15T09:47:07.925187
51,1,5,4,0,4,2026-07-15T09:47:08.442489
51,1,6,4,0,4,2026-07-15T09:47:09.222966
51,1,7,4,0,4,2026-07-15T09:47:09.817413
51,1,8,4,0,4,2026-07-15T09:47:10.401102
51,1,9,4,0,4,2026-07-15T09:47:10.942143
51,1,10,4,0,4,2026-07-15T09:47:11.536876
51,2,1,2,0,2,2026-07-15T09:47:12.063315
51,2,2,2,0,2,2026-07-15T09:47:12.534560
51,2,3,2,0,2,2026-07-15T09:47:13.233652
51,2,4,2,0,2,2026-07-15T09:47:13.761448
51,2,5,2,0,2,2026-07-15T09:47:14.252700
51,2,6,2,0,2,2026-07-15T09:47:14.757471
51,2,7,2,0,2,2026-07-15T09:47:15.919384
51,2,8,2,0,2,2026-07-15T09:47:16.412330
51,2,9,2,0,2,2026-07-15T09:47:16.906442
51,2,10,2,0,2,2026-07-15T09:47:17.366133
51,3,1,4,0,4,2026-07-15T09:47:18.045674
51,3,2,4,0,4,2026-07-15T09:47:18.701882
51,3,3,4,0,4,2026-07-15T09:47:19.252314
51,3,4,4,0,4,2026-07-15T09:47:20.037757
51,3,5,4,0,4,2026-07-15T09:47:20.543376
51,3,6,4,0,4,2026-07-15T09:47:21.630657
51,3,7,4,0,4,2026-07-15T09:47:22.672913
51,3,8,4,0,4,2026-07-15T09:47:23.273740
51,3,9,4,0,4,2026-07-15T09:47:23.804352
51,3,10,4,0,4,2026-07-15T09:47:24.317511
51,4,1,2,0,2,2026-07-15T09:47:24.888920
51,4,2,2,0,2,2026-07-15T09:47:25.666351
51,4,3,2,0,2,2026-07-15T09:47:26.198231
51,4,4,2,0,2,2026-07-15T09:47:26.859893
51,4,5,2,0,2,2026-07-15T09:47:27.526163
51,4,6,2,0,2,2026-07-15T09:47:28.145438
51,4,7,2,0,2,2026-07-15T09:47:28.698877
51,4,8,2,0,2,2026-07-15T09:47:29.251874
51,4,9,2,0,2,2026-07-15T09:47:29.770978
51,4,10,2,0,2,2026-07-15T09:47:30.561073
51,5,1,4,0,4,2026-07-15T09:47:31.041442
51,5,2,4,0,4,2026-07-15T09:47:31.519053
51,5,3,4,0,4,2026-07-15T09:47:31.982552
51,5,4,4,0,4,2026-07-15T09:47:32.634923
51,5,5,4,0,4,2026-07-15T09:47:33.086739
51,5,6,4,0,4,2026-07-15T09:47:33.792395
51,5,7,4,0,4,2026-07-15T09:47:34.395864
51,5,8,4,0,4,2026-07-15T09:47:34.833721
51,5,9,4,0,4,2026-07-15T09:47:40.018532
51,5,10,4,0,4,2026-07-15T09:47:40.523473
51,6,1,2,0,2,2026-07-15T09:47:40.992792
51,6,2,2,0,2,2026-07-15T09:47:41.618574
51,6,3,2,0,2,2026-07-15T09:47:42.109411
51,6,4,2,0,2,2026-07-15T09:47:42.955901
51,6,5,2,0,2,2026-07-15T09:47:43.784499
51,6,6,2,0,2,2026-07-15T09:47:44.364016
51,6,7,2,0,2,2026-07-15T09:47:45.735413
51,6,8,2,0,2,2026-07-15T09:47:46.237294
51,6,9,2,0,2,2026-07-15T09:47:46.710145
51,6,10,2,0,2,2026-07-15T09:47:47.217249
51,7,1,4,0,4,2026-07-15T09:47:48.172129
51,7,2,4,0,4,2026-07-15T09:47:48.940909
51,7,3,4,0,4,2026-07-15T09:47:49.457163
51,7,4,5,0,5,2026-07-15T09:47:50.077889
51,7,5,5,0,5,2026-07-15T09:47:50.558582
51,7,6,5,0,5,2026-07-15T09:47:51.015035
51,7,7,4,0,4,2026-07-15T09:47:51.782367
51,7,8,5,0,5,2026-07-15T09:47:52.223901
51,7,9,4,0,4,2026-07-15T09:47:53.146303
51,7,10,4,0,4,2026-07-15T09:47:54.185083
51,8,1,4,0,4,2026-07-15T09:47:54.746268
51,8,2,4,0,4,2026-07-15T09:47:55.610651
51,8,3,4,0,4,2026-07-15T09:47:56.126989
51,8,4,3,0,3,2026-07-15T09:47:56.682623
51,8,5,3,0,3,2026-07-15T09:47:57.367964
51,8,6,3,0,3,2026-07-15T09:47:58.094514
51,8,7,3,0,3,2026-07-15T09:47:58.730270
51,8,8,4,0,4,2026-07-15T09:47:59.221164
51,8,9,4,0,4,2026-07-15T09:47:59.745705
51,8,10,4,0,4,2026-07-15T09:48:00.690122
51,9,1,5,0,5,2026-07-15T09:48:01.757722
51,9,2,5,0,5,2026-07-15T09:48:02.246238
51,9,3,5,0,5,2026-07-15T09:48:02.736318
51,9,4,5,0,5,2026-07-15T09:48:03.224549
51,9,5,5,0,5,2026-07-15T09:48:03.742786
51,9,6,5,0,5,2026-07-15T09:48:04.510943
51,9,7,5,0,5,2026-07-15T09:48:04.962672
51,9,8,5,0,5,2026-07-15T09:48:05.716511
51,9,9,5,0,5,2026-07-15T09:48:06.211956
51,9,10,5,0,5,2026-07-15T09:48:06.761395
52,1,1,4,0,4,2026-07-15T09:48:07.366365
52,1,2,4,0,4,2026-07-15T09:48:07.889369
52,1,3,4,0,4,2026-07-15T09:48:08.619950
52,1,4,4,0,4,2026-07-15T09:48:09.375479
52,1,5,4,0,4,2026-07-15T09:48:10.096962
52,1,6,4,0,4,2026-07-15T09:48:10.643234
52,1,7,4,0,4,2026-07-15T09:48:11.177038
52,1,8,4,0,4,2026-07-15T09:48:11.709950
52,1,9,4,0,4,2026-07-15T09:48:12.282302
52,1,10,4,0,4,2026-07-15T09:48:18.164337
52,2,1,1,0,1,2026-07-15T09:48:18.654871
52,2,2,0,0,0,2026-07-15T09:48:19.213264
52,2,3,0,0,0,2026-07-15T09:48:19.738416
52,2,4,0,0,0,2026-07-15T09:48:20.314348
52,2,5,0,0,0,2026-07-15T09:48:20.808777
52,2,6,0,0,0,2026-07-15T09:48:21.413698
52,2,7,0,0,0,2026-07-15T09:48:21.948465
52,2,8,0,0,0,2026-07-15T09:48:22.451392
52,2,9,0,0,0,2026-07-15T09:48:23.079857
52,2,10,2,0,2,2026-07-15T09:48:23.623989
52,3,1,4,0,4,2026-07-15T09:48:25.649495
52,3,2,4,0,4,2026-07-15T09:48:26.262713
52,3,3,4,0,4,2026-07-15T09:48:26.780644
52,3,4,4,0,4,2026-07-15T09:48:27.339034
52,3,5,4,0,4,2026-07-15T09:48:27.840259
52,3,6,4,0,4,2026-07-15T09:48:28.357572
52,3,7,4,0,4,2026-07-15T09:48:28.937903
52,3,8,4,0,4,2026-07-15T09:48:29.455877
52,3,9,4,0,4,2026-07-15T09:48:29.993730
52,3,10,4,0,4,2026-07-15T09:48:31.035573
52,4,1,1,0,1,2026-07-15T09:48:31.624785
52,4,2,1,0,1,2026-07-15T09:48:32.313092
52,4,3,1,0,1,2026-07-15T09:48:32.796701
52,4,4,1,0,1,2026-07-15T09:48:33.431104
52,4,5,1,0,1,2026-07-15T09:48:33.933722
52,4,6,1,0,1,2026-07-15T09:48:34.373353
52,4,7,1,0,1,2026-07-15T09:48:34.836458
52,4,8,1,0,1,2026-07-15T09:48:35.394108
52,4,9,1,0,1,2026-07-15T09:48:35.886189
52,4,10,1,0,1,2026-07-15T09:48:36.467478
52,5,1,4,0,4,2026-07-15T09:48:37.143709
52,5,2,4,0,4,2026-07-15T09:48:37.606410
52,5,3,4,0,4,2026-07-15T09:48:38.065089
52,5,4,4,0,4,2026-07-15T09:48:38.521437
52,5,5,4,0,4,2026-07-15T09:48:39.031053
52,5,6,4,0,4,2026-07-15T09:48:39.417878
52,5,7,4,0,4,2026-07-15T09:48:39.963770
52,5,8,4,0,4,2026-07-15T09:48:40.487872
52,5,9,4,0,4,2026-07-15T09:48:41.016022
52,5,10,4,0,4,2026-07-15T09:48:42.216208
52,6,1,0,0,0,2026-07-15T09:48:42.698803
52,6,2,0,0,0,2026-07-15T09:48:43.416727
52,6,3,0,0,0,2026-07-15T09:48:43.962024
52,6,4,0,0,0,2026-07-15T09:48:44.517898
52,6,5,0,0,0,2026-07-15T09:48:45.150297
52,6,6,0,0,0,2026-07-15T09:48:45.645123
52,6,7,0,0,0,2026-07-15T09:48:46.153968
52,6,8,0,0,0,2026-07-15T09:48:46.737337
52,6,9,0,0,0,2026-07-15T09:48:47.232109
52,6,10,0,0,0,2026-07-15T09:48:47.848020
52,7,1,4,0,4,2026-07-15T09:48:48.496562
52,7,2,4,0,4,2026-07-15T09:48:49.052731
52,7,3,4,0,4,2026-07-15T09:48:49.550613
52,7,4,4,0,4,2026-07-15T09:48:50.088743
52,7,5,4,0,4,2026-07-15T09:48:50.615758
52,7,6,4,0,4,2026-07-15T09:48:51.271543
52,7,7,4,0,4,2026-07-15T09:48:51.948412
52,7,8,4,0,4,2026-07-15T09:48:52.802789
52,7,9,4,0,4,2026-07-15T09:48:53.380919
52,7,10,4,0,4,2026-07-15T09:48:53.951939
52,8,1,2,0,2,2026-07-15T09:48:54.495959
52,8,2,2,0,2,2026-07-15T09:48:56.470711
52,8,3,2,0,2,2026-07-15T09:48:57.089497
52,8,4,2,0,2,2026-07-15T09:48:57.610245
52,8,5,2,0,2,2026-07-15T09:48:58.088334
52,8,6,2,0,2,2026-07-15T09:48:58.631012
52,8,7,2,0,2,2026-07-15T09:48:59.261075
52,8,8,2,0,2,2026-07-15T09:48:59.747534
52,8,9,2,0,2,2026-07-15T09:49:00.281744
52,8,10,2,0,2,2026-07-15T09:49:00.784903
52,9,1,4,0,4,2026-07-15T09:49:01.332931
52,9,2,4,0,4,2026-07-15T09:49:01.828083
52,9,3,4,0,4,2026-07-15T09:49:02.701128
52,9,4,4,0,4,2026-07-15T09:49:03.181435
52,9,5,4,0,4,2026-07-15T09:49:03.835225
52,9,6,4,0,4,2026-07-15T09:49:04.348260
52,9,7,4,0,4,2026-07-15T09:49:04.857819
52,9,8,4,0,4,2026-07-15T09:49:05.351812
52,9,9,4,0,4,2026-07-15T09:49:05.816356
52,9,10,4,0,4,2026-07-15T09:49:06.291690
53,1,1,4,0,4,2026-07-15T09:49:06.777498
53,1,2,4,0,4,2026-07-15T09:49:07.202202
53,1,3,4,0,4,2026-07-15T09:49:07.620541
53,1,4,4,0,4,2026-07-15T09:49:08.244108
53,1,5,4,0,4,2026-07-15T09:49:09.214177
53,1,6,4,0,4,2026-07-15T09:49:09.664174
53,1,7,4,0,4,2026-07-15T09:49:10.068142
53,1,8,4,0,4,2026-07-15T09:49:10.469533
53,1,9,4,0,4,2026-07-15T09:49:16.153958
53,1,10,4,0,4,2026-07-15T09:49:16.900882
53,2,1,5,0,5,2026-07-15T09:49:17.565561
53,2,2,4,0,4,2026-07-15T09:49:17.998757
53,2,3,4,0,4,2026-07-15T09:49:18.559991
53,2,4,5,0,5,2026-07-15T09:49:18.981956
53,2,5,2,0,2,2026-07-15T09:49:19.579405
53,2,6,2,0,2,2026-07-15T09:49:20.090808
53,2,7,2,0,2,2026-07-15T09:49:20.619260
53,2,8,2,0,2,2026-07-15T09:49:23.261246
53,2,9,5,0,5,2026-07-15T09:49:23.929589
53,2,10,5,0,5,2026-07-15T09:49:24.497153
53,3,1,4,0,4,2026-07-15T09:49:24.993983
53,3,2,4,0,4,2026-07-15T09:49:25.455141
53,3,3,4,0,4,2026-07-15T09:49:25.968726
53,3,4,4,0,4,2026-07-15T09:49:26.506126
53,3,5,4,0,4,2026-07-15T09:49:29.158097
53,3,6,4,0,4,2026-07-15T09:49:29.938558
53,3,7,4,0,4,2026-07-15T09:49:30.488665
53,3,8,4,0,4,2026-07-15T09:49:30.970919
53,3,9,4,0,4,2026-07-15T09:49:31.667043
53,3,10,4,0,4,2026-07-15T09:49:32.279543
53,4,1,2,0,2,2026-07-15T09:49:32.818539
53,4,2,2,0,2,2026-07-15T09:49:33.410795
53,4,3,2,0,2,2026-07-15T09:49:33.933200
53,4,4,2,0,2,2026-07-15T09:49:34.354645
53,4,5,2,0,2,2026-07-15T09:49:34.867920
53,4,6,2,0,2,2026-07-15T09:49:35.303728
53,4,7,2,0,2,2026-07-15T09:49:35.744539
53,4,8,2,0,2,2026-07-15T09:49:36.142157
53,4,9,2,0,2,2026-07-15T09:49:36.733225
53,4,10,2,0,2,2026-07-15T09:49:37.220861
53,5,1,4,0,4,2026-07-15T09:49:37.744916
53,5,2,4,0,4,2026-07-15T09:49:38.310206
53,5,3,4,0,4,2026-07-15T09:49:38.827077
53,5,4,4,0,4,2026-07-15T09:49:39.337661
53,5,5,4,0,4,2026-07-15T09:49:39.964023
53,5,6,4,0,4,2026-07-15T09:49:40.468512
53,5,7,4,0,4,2026-07-15T09:49:40.962464
53,5,8,5,0,5,2026-07-15T09:49:41.519332
53,5,9,4,0,4,2026-07-15T09:49:42.030052
53,5,10,4,0,4,2026-07-15T09:49:42.845385
53,6,1,0,0,0,2026-07-15T09:49:43.428771
53,6,2,0,0,0,2026-07-15T09:49:44.001859
53,6,3,0,0,0,2026-07-15T09:49:44.642322
53,6,4,0,0,0,2026-07-15T09:49:45.399973
53,6,5,0,0,0,2026-07-15T09:49:45.940563
53,6,6,0,0,0,2026-07-15T09:49:46.438540
53,6,7,0,0,0,2026-07-15T09:49:48.543645
53,6,8,0,0,0,2026-07-15T09:49:49.044031
53,6,9,0,0,0,2026-07-15T09:49:49.674106
53,6,10,0,0,0,2026-07-15T09:49:50.175277
53,7,1,5,0,5,2026-07-15T09:49:50.628911
53,7,2,4,0,4,2026-07-15T09:49:51.217238
53,7,3,5,0,5,2026-07-15T09:49:51.648229
53,7,4,4,0,4,2026-07-15T09:49:52.090773
53,7,5,4,0,4,2026-07-15T09:49:52.643475
53,7,6,4,0,4,2026-07-15T09:49:53.197166
53,7,7,4,0,4,2026-07-15T09:49:53.787356
53,7,8,4,0,4,2026-07-15T09:49:54.644559
53,7,9,4,0,4,2026-07-15T09:49:55.121545
53,7,10,4,0,4,2026-07-15T09:49:55.704060
53,8,1,5,0,5,2026-07-15T09:49:56.151145
53,8,2,4,0,4,2026-07-15T09:49:56.805455
53,8,3,4,0,4,2026-07-15T09:49:57.526078
53,8,4,4,0,4,2026-07-15T09:49:58.224851
53,8,5,4,0,4,2026-07-15T09:49:58.851067
53,8,6,5,0,5,2026-07-15T09:49:59.339983
53,8,7,4,0,4,2026-07-15T09:50:00.075241
53,8,8,4,0,4,2026-07-15T09:50:00.700920
53,8,9,5,0,5,2026-07-15T09:50:01.202708
53,8,10,4,0,4,2026-07-15T09:50:01.808042
53,9,1,5,0,5,2026-07-15T09:50:02.670102
53,9,2,5,0,5,2026-07-15T09:50:03.178628
53,9,3,5,0,5,2026-07-15T09:50:03.873960
53,9,4,5,0,5,2026-07-15T09:50:04.334711
53,9,5,5,0,5,2026-07-15T09:50:05.801012
53,9,6,5,0,5,2026-07-15T09:50:06.381162
53,9,7,5,0,5,2026-07-15T09:50:07.259685
53,9,8,5,0,5,2026-07-15T09:50:07.811166
53,9,9,5,0,5,2026-07-15T09:50:08.361758
53,9,10,5,0,5,2026-07-15T09:50:09.134343
54,1,1,0,0,0,2026-07-15T09:50:09.697067
54,1,2,0,0,0,2026-07-15T09:50:10.179599
54,1,3,0,0,0,2026-07-15T09:50:11.010134
54,1,4,0,0,0,2026-07-15T09:50:11.554788
54,1,5,0,0,0,2026-07-15T09:50:12.502224
54,1,6,0,0,0,2026-07-15T09:50:13.040122
54,1,7,0,0,0,2026-07-15T09:50:14.599701
54,1,8,0,0,0,2026-07-15T09:50:15.128003
54,1,9,0,0,0,2026-07-15T09:50:15.776006
54,1,10,0,0,0,2026-07-15T09:50:16.362373
54,2,1,0,0,0,2026-07-15T09:50:16.867635
54,2,2,0,0,0,2026-07-15T09:50:17.316545
54,2,3,0,0,0,2026-07-15T09:50:17.833874
54,2,4,0,0,0,2026-07-15T09:50:18.398224
54,2,5,0,0,0,2026-07-15T09:50:19.017731
54,2,6,0,0,0,2026-07-15T09:50:19.526404
54,2,7,0,0,0,2026-07-15T09:50:20.040776
54,2,8,0,0,0,2026-07-15T09:50:20.562412
54,2,9,0,0,0,2026-07-15T09:50:21.057014
54,2,10,0,0,0,2026-07-15T09:50:21.534332
54,3,1,2,0,2,2026-07-15T09:50:22.339045
54,3,2,2,0,2,2026-07-15T09:50:22.997741
54,3,3,2,0,2,2026-07-15T09:50:23.501541
54,3,4,2,0,2,2026-07-15T09:50:24.052258
54,3,5,2,0,2,2026-07-15T09:50:24.547704
54,3,6,2,0,2,2026-07-15T09:50:25.104662
54,3,7,2,0,2,2026-07-15T09:50:25.570573
54,3,8,2,0,2,2026-07-15T09:50:25.963040
54,3,9,2,0,2,2026-07-15T09:50:26.492714
54,3,10,2,0,2,2026-07-15T09:50:27.003689
54,4,1,0,0,0,2026-07-15T09:50:27.627752
54,4,2,0,0,0,2026-07-15T09:50:28.110055
54,4,3,0,0,0,2026-07-15T09:50:29.187631
54,4,4,0,0,0,2026-07-15T09:50:29.754856
54,4,5,0,0,0,2026-07-15T09:50:30.260863
54,4,6,0,0,0,2026-07-15T09:50:30.685151
54,4,7,0,0,0,2026-07-15T09:50:31.298632
54,4,8,0,0,0,2026-07-15T09:50:32.011951
54,4,9,0,0,0,2026-07-15T09:50:32.509356
54,4,10,0,0,0,2026-07-15T09:50:32.995587
54,5,1,4,0,4,2026-07-15T09:50:33.848514
54,5,2,4,0,4,2026-07-15T09:50:34.378391
54,5,3,4,0,4,2026-07-15T09:50:35.004391
54,5,4,4,0,4,2026-07-15T09:50:35.570120
54,5,5,4,0,4,2026-07-15T09:50:36.096129
54,5,6,3,0,3,2026-07-15T09:50:36.698430
54,5,7,4,0,4,2026-07-15T09:50:37.307767
54,5,8,4,0,4,2026-07-15T09:50:38.314962
54,5,9,4,0,4,2026-07-15T09:50:38.755436
54,5,10,4,0,4,2026-07-15T09:50:39.255650
54,6,1,0,0,0,2026-07-15T09:50:39.830134
54,6,2,0,0,0,2026-07-15T09:50:40.569910
54,6,3,0,0,0,2026-07-15T09:50:41.427356
54,6,4,0,0,0,2026-07-15T09:50:41.883464
54,6,5,0,0,0,2026-07-15T09:50:42.505602
54,6,6,0,0,0,2026-07-15T09:50:43.014952
54,6,7,0,0,0,2026-07-15T09:50:43.493859
54,6,8,0,0,0,2026-07-15T09:50:43.982597
54,6,9,0,0,0,2026-07-15T09:50:44.585060
54,6,10,0,0,0,2026-07-15T09:50:45.466695
54,7,1,4,0,4,2026-07-15T09:50:45.983428
54,7,2,4,0,4,2026-07-15T09:50:46.768702
54,7,3,4,0,4,2026-07-15T09:50:47.214276
54,7,4,4,0,4,2026-07-15T09:50:47.748320
54,7,5,4,0,4,2026-07-15T09:50:48.357494
54,7,6,4,0,4,2026-07-15T09:50:48.838437
54,7,7,4,0,4,2026-07-15T09:50:52.332504
54,7,8,4,0,4,2026-07-15T09:50:52.923290
54,7,9,4,0,4,2026-07-15T09:50:53.450586
54,7,10,4,0,4,2026-07-15T09:50:53.940023
54,8,1,0,0,0,2026-07-15T09:50:55.052448
54,8,2,0,0,0,2026-07-15T09:50:55.506650
54,8,3,0,0,0,2026-07-15T09:50:56.013040
54,8,4,0,0,0,2026-07-15T09:50:56.500573
54,8,5,0,0,0,2026-07-15T09:50:57.003184
54,8,6,0,0,0,2026-07-15T09:50:57.551053
54,8,7,0,0,0,2026-07-15T09:50:58.156463
54,8,8,0,0,0,2026-07-15T09:50:58.685313
54,8,9,0,0,0,2026-07-15T09:50:59.178173
54,8,10,0,0,0,2026-07-15T09:50:59.690389
54,9,1,3,0,3,2026-07-15T09:51:00.214021
54,9,2,3,0,3,2026-07-15T09:51:01.107668
54,9,3,3,0,3,2026-07-15T09:51:01.701159
54,9,4,4,0,4,2026-07-15T09:51:02.730750
54,9,5,3,0,3,2026-07-15T09:51:03.442838
54,9,6,3,0,3,2026-07-15T09:51:04.323191
54,9,7,3,0,3,2026-07-15T09:51:04.876033
54,9,8,4,0,4,2026-07-15T09:51:10.126326
54,9,9,4,0,4,2026-07-15T09:51:10.722530
54,9,10,3,0,3,2026-07-15T09:51:11.211498
55,1,1,4,0,4,2026-07-15T09:51:11.646853
55,1,2,4,0,4,2026-07-15T09:51:12.279550
55,1,3,4,0,4,2026-07-15T09:51:12.871664
55,1,4,4,0,4,2026-07-15T09:51:13.361994
55,1,5,4,0,4,2026-07-15T09:51:14.152685
55,1,6,4,0,4,2026-07-15T09:51:14.609032
55,1,7,4,0,4,2026-07-15T09:51:15.234800
55,1,8,4,0,4,2026-07-15T09:51:16.078824
55,1,9,4,0,4,2026-07-15T09:51:16.535586
55,1,10,4,0,4,2026-07-15T09:51:17.089856
55,2,1,1,0,1,2026-07-15T09:51:17.615204
55,2,2,1,0,1,2026-07-15T09:51:18.266957
55,2,3,1,0,1,2026-07-15T09:51:18.656129
55,2,4,1,0,1,2026-07-15T09:51:19.141712
55,2,5,1,0,1,2026-07-15T09:51:19.748154
55,2,6,1,0,1,2026-07-15T09:51:20.669608
55,2,7,1,0,1,2026-07-15T09:51:21.118545
55,2,8,1,0,1,2026-07-15T09:51:21.503626
55,2,9,1,0,1,2026-07-15T09:51:21.949011
55,2,10,1,0,1,2026-07-15T09:51:22.601105
55,3,1,4,0,4,2026-07-15T09:51:23.069502
55,3,2,4,0,4,2026-07-15T09:51:23.607288
55,3,3,4,0,4,2026-07-15T09:51:24.205561
55,3,4,4,0,4,2026-07-15T09:51:24.713425
55,3,5,4,0,4,2026-07-15T09:51:25.413865
55,3,6,4,0,4,2026-07-15T09:51:25.903567
55,3,7,4,0,4,2026-07-15T09:51:27.633874
55,3,8,4,0,4,2026-07-15T09:51:28.242845
55,3,9,4,0,4,2026-07-15T09:51:28.843992
55,3,10,4,0,4,2026-07-15T09:51:29.470182
55,4,1,1,0,1,2026-07-15T09:51:29.952203
55,4,2,1,0,1,2026-07-15T09:51:30.471952
55,4,3,1,0,1,2026-07-15T09:51:31.053470
55,4,4,1,0,1,2026-07-15T09:51:31.579212
55,4,5,1,0,1,2026-07-15T09:51:32.038656
55,4,6,1,0,1,2026-07-15T09:51:32.865827
55,4,7,1,0,1,2026-07-15T09:51:33.413468
55,4,8,1,0,1,2026-07-15T09:51:34.069144
55,4,9,1,0,1,2026-07-15T09:51:34.611469
55,4,10,1,0,1,2026-07-15T09:51:35.249861
55,5,1,4,0,4,2026-07-15T09:51:36.158969
55,5,2,4,0,4,2026-07-15T09:51:36.817945
55,5,3,4,0,4,2026-07-15T09:51:37.277192
55,5,4,4,0,4,2026-07-15T09:51:37.881682
55,5,5,4,0,4,2026-07-15T09:51:38.364480
55,5,6,4,0,4,2026-07-15T09:51:38.779004
55,5,7,4,0,4,2026-07-15T09:51:39.216831
55,5,8,4,0,4,2026-07-15T09:51:39.653210
55,5,9,4,0,4,2026-07-15T09:51:40.142312
55,5,10,4,0,4,2026-07-15T09:51:40.643436
55,6,1,0,0,0,2026-07-15T09:51:41.157225
55,6,2,0,0,0,2026-07-15T09:51:41.713861
55,6,3,0,0,0,2026-07-15T09:51:42.231598
55,6,4,0,0,0,2026-07-15T09:51:43.140532
55,6,5,0,0,0,2026-07-15T09:51:43.690221
55,6,6,0,0,0,2026-07-15T09:51:44.182736
55,6,7,0,0,0,2026-07-15T09:51:44.933258
55,6,8,0,0,0,2026-07-15T09:51:45.485689
55,6,9,0,0,0,2026-07-15T09:51:46.051904
55,6,10,0,0,0,2026-07-15T09:51:46.599867
55,7,1,4,0,4,2026-07-15T09:51:47.113481
55,7,2,4,0,4,2026-07-15T09:51:47.617953
55,7,3,4,0,4,2026-07-15T09:51:48.336495
55,7,4,4,0,4,2026-07-15T09:51:48.778290
55,7,5,4,0,4,2026-07-15T09:51:49.267645
55,7,6,4,0,4,2026-07-15T09:51:49.756841
55,7,7,4,0,4,2026-07-15T09:51:50.342926
55,7,8,4,0,4,2026-07-15T09:51:50.838531
55,7,9,4,0,4,2026-07-15T09:51:51.360710
55,7,10,4,0,4,2026-07-15T09:51:53.899379
55,8,1,2,0,2,2026-07-15T09:51:54.393041
55,8,2,2,0,2,2026-07-15T09:51:54.962597
55,8,3,2,0,2,2026-07-15T09:51:55.415739
55,8,4,2,0,2,2026-07-15T09:51:56.208070
55,8,5,2,0,2,2026-07-15T09:51:56.936218
55,8,6,2,0,2,2026-07-15T09:51:57.608301
55,8,7,2,0,2,2026-07-15T09:51:58.164122
55,8,8,2,0,2,2026-07-15T09:51:58.677922
55,8,9,2,0,2,2026-07-15T09:51:59.117815
55,8,10,2,0,2,2026-07-15T09:52:00.007215
55,9,1,5,0,5,2026-07-15T09:52:00.577791
55,9,2,5,0,5,2026-07-15T09:52:01.208395
55,9,3,5,0,5,2026-07-15T09:52:01.914925
55,9,4,5,0,5,2026-07-15T09:52:02.480912
55,9,5,5,0,5,2026-07-15T09:52:03.244631
55,9,6,5,0,5,2026-07-15T09:52:03.690892
55,9,7,5,0,5,2026-07-15T09:52:04.385095
55,9,8,5,0,5,2026-07-15T09:52:04.984832
55,9,9,5,0,5,2026-07-15T09:52:05.506825
55,9,10,5,0,5,2026-07-15T09:52:06.067652
56,1,1,4,0,4,2026-07-15T09:52:06.801667
56,1,2,4,0,4,2026-07-15T09:52:07.318656
56,1,3,4,0,4,2026-07-15T09:52:07.864947
56,1,4,4,0,4,2026-07-15T09:52:08.384902
56,1,5,4,0,4,2026-07-15T09:52:08.984259
56,1,6,4,0,4,2026-07-15T09:52:09.486606
56,1,7,4,0,4,2026-07-15T09:52:10.069477
56,1,8,4,0,4,2026-07-15T09:52:10.562914
56,1,9,4,0,4,2026-07-15T09:52:11.292710
56,1,10,4,0,4,2026-07-15T09:52:11.770810
56,2,1,1,0,1,2026-07-15T09:52:12.457579
56,2,2,1,0,1,2026-07-15T09:52:13.056483
56,2,3,1,0,1,2026-07-15T09:52:13.605014
56,2,4,1,0,1,2026-07-15T09:52:14.070484
56,2,5,1,0,1,2026-07-15T09:52:14.869892
56,2,6,1,0,1,2026-07-15T09:52:15.385063
56,2,7,1,0,1,2026-07-15T09:52:16.253150
56,2,8,1,0,1,2026-07-15T09:52:16.697743
56,2,9,1,0,1,2026-07-15T09:52:17.221702
56,2,10,1,0,1,2026-07-15T09:52:17.727961
56,3,1,4,0,4,2026-07-15T09:52:18.672304
56,3,2,4,0,4,2026-07-15T09:52:19.215135
56,3,3,4,0,4,2026-07-15T09:52:19.744171
56,3,4,4,0,4,2026-07-15T09:52:20.394191
56,3,5,4,0,4,2026-07-15T09:52:21.025991
56,3,6,4,0,4,2026-07-15T09:52:21.832414
56,3,7,4,0,4,2026-07-15T09:52:22.331911
56,3,8,4,0,4,2026-07-15T09:52:23.064559
56,3,9,4,0,4,2026-07-15T09:52:23.599695
56,3,10,4,0,4,2026-07-15T09:52:24.105060
56,4,1,2,0,2,2026-07-15T09:52:25.021497
56,4,2,2,0,2,2026-07-15T09:52:25.585440
56,4,3,2,0,2,2026-07-15T09:52:26.147759
56,4,4,2,0,2,2026-07-15T09:52:26.742535
56,4,5,2,0,2,2026-07-15T09:52:27.296736
56,4,6,2,0,2,2026-07-15T09:52:27.830352
56,4,7,2,0,2,2026-07-15T09:52:28.961553
56,4,8,2,0,2,2026-07-15T09:52:29.528159
56,4,9,2,0,2,2026-07-15T09:52:30.125979
56,4,10,2,0,2,2026-07-15T09:52:31.059057
56,5,1,4,0,4,2026-07-15T09:52:31.931610
56,5,2,4,0,4,2026-07-15T09:52:32.785961
56,5,3,4,0,4,2026-07-15T09:52:33.567553
56,5,4,4,0,4,2026-07-15T09:52:34.764318
56,5,5,4,0,4,2026-07-15T09:52:35.270294
56,5,6,4,0,4,2026-07-15T09:52:36.765474
56,5,7,4,0,4,2026-07-15T09:52:37.392810
56,5,8,4,0,4,2026-07-15T09:52:38.026426
56,5,9,4,0,4,2026-07-15T09:52:38.677034
56,5,10,4,0,4,2026-07-15T09:52:39.820967
56,6,1,0,0,0,2026-07-15T09:52:40.321054
56,6,2,1,0,1,2026-07-15T09:52:41.629341
56,6,3,0,0,0,2026-07-15T09:52:42.080640
56,6,4,1,0,1,2026-07-15T09:52:42.940810
56,6,5,1,0,1,2026-07-15T09:52:43.483457
56,6,6,1,0,1,2026-07-15T09:52:44.003463
56,6,7,1,0,1,2026-07-15T09:52:44.640820
56,6,8,1,0,1,2026-07-15T09:52:45.100963
56,6,9,1,0,1,2026-07-15T09:52:45.634340
56,6,10,0,0,0,2026-07-15T09:52:46.382561
56,7,1,5,0,5,2026-07-15T09:52:46.947623
56,7,2,5,0,5,2026-07-15T09:52:47.482150
56,7,3,5,0,5,2026-07-15T09:52:47.991902
56,7,4,5,0,5,2026-07-15T09:52:48.689435
56,7,5,5,0,5,2026-07-15T09:52:49.287389
56,7,6,5,0,5,2026-07-15T09:52:50.031275
56,7,7,5,0,5,2026-07-15T09:52:50.736636
56,7,8,5,0,5,2026-07-15T09:52:52.017364
56,7,9,5,0,5,2026-07-15T09:52:52.547551
56,7,10,5,0,5,2026-07-15T09:52:53.038801
56,8,1,2,0,2,2026-07-15T09:52:56.969263
56,8,2,2,0,2,2026-07-15T09:52:57.561038
56,8,3,2,0,2,2026-07-15T09:52:58.373033
56,8,4,2,0,2,2026-07-15T09:52:59.203408
56,8,5,2,0,2,2026-07-15T09:52:59.742193
56,8,6,2,0,2,2026-07-15T09:53:06.990731
56,8,7,2,0,2,2026-07-15T09:53:07.549430
56,8,8,2,0,2,2026-07-15T09:53:08.051380
56,8,9,2,0,2,2026-07-15T09:53:08.574405
56,8,10,2,0,2,2026-07-15T09:53:09.580753
56,9,1,5,0,5,2026-07-15T09:53:10.085929
56,9,2,5,0,5,2026-07-15T09:53:10.601437
56,9,3,5,0,5,2026-07-15T09:53:11.068466
56,9,4,5,0,5,2026-07-15T09:53:11.715271
56,9,5,5,0,5,2026-07-15T09:53:12.243244
56,9,6,5,0,5,2026-07-15T09:53:12.812874
56,9,7,5,0,5,2026-07-15T09:53:13.465058
56,9,8,5,0,5,2026-07-15T09:53:13.968744
56,9,9,5,0,5,2026-07-15T09:53:14.510550
56,9,10,5,0,5,2026-07-15T09:53:15.597539
57,1,1,4,0,4,2026-07-15T09:53:16.634163
57,1,2,3,0,3,2026-07-15T09:53:17.327760
57,1,3,3,0,3,2026-07-15T09:53:18.018848
57,1,4,3,0,3,2026-07-15T09:53:18.496892
57,1,5,3,0,3,2026-07-15T09:53:18.915352
57,1,6,3,0,3,2026-07-15T09:53:19.390176
57,1,7,3,0,3,2026-07-15T09:53:19.857268
57,1,8,3,0,3,2026-07-15T09:53:20.336939
57,1,9,4,0,4,2026-07-15T09:53:20.806177
57,1,10,3,0,3,2026-07-15T09:53:21.284038
57,2,1,2,0,2,2026-07-15T09:53:21.773295
57,2,2,2,0,2,2026-07-15T09:53:22.258719
57,2,3,2,0,2,2026-07-15T09:53:22.808210
57,2,4,2,0,2,2026-07-15T09:53:23.756806
57,2,5,2,0,2,2026-07-15T09:53:24.366002
57,2,6,2,0,2,2026-07-15T09:53:24.873239
57,2,7,2,0,2,2026-07-15T09:53:25.443755
57,2,8,2,0,2,2026-07-15T09:53:26.046481
57,2,9,2,0,2,2026-07-15T09:53:26.514483
57,2,10,2,0,2,2026-07-15T09:53:27.094079
57,3,1,4,0,4,2026-07-15T09:53:28.438357
57,3,2,4,0,4,2026-07-15T09:53:29.069293
57,3,3,4,0,4,2026-07-15T09:53:30.574831
57,3,4,4,0,4,2026-07-15T09:53:31.166111
57,3,5,4,0,4,2026-07-15T09:53:31.956581
57,3,6,4,0,4,2026-07-15T09:53:34.794167
57,3,7,4,0,4,2026-07-15T09:53:35.307303
57,3,8,4,0,4,2026-07-15T09:53:35.877582
57,3,9,4,0,4,2026-07-15T09:53:36.377622
57,3,10,4,0,4,2026-07-15T09:53:36.910298
57,4,1,2,0,2,2026-07-15T09:53:37.502097
57,4,2,2,0,2,2026-07-15T09:53:38.016262
57,4,3,2,0,2,2026-07-15T09:53:39.020705
57,4,4,2,0,2,2026-07-15T09:53:40.013427
57,4,5,2,0,2,2026-07-15T09:53:40.809704
57,4,6,2,0,2,2026-07-15T09:53:41.398242
57,4,7,2,0,2,2026-07-15T09:53:41.995475
57,4,8,2,0,2,2026-07-15T09:53:42.578378
57,4,9,2,0,2,2026-07-15T09:53:43.104148
57,4,10,2,0,2,2026-07-15T09:53:43.705054
57,5,1,4,0,4,2026-07-15T09:53:44.169083
57,5,2,4,0,4,2026-07-15T09:53:44.685011
57,5,3,4,0,4,2026-07-15T09:53:45.267335
57,5,4,4,0,4,2026-07-15T09:53:45.755093
57,5,5,4,0,4,2026-07-15T09:53:46.479030
57,5,6,4,0,4,2026-07-15T09:53:47.109532
57,5,7,4,0,4,2026-07-15T09:53:48.031264
57,5,8,4,0,4,2026-07-15T09:53:48.630546
57,5,9,4,0,4,2026-07-15T09:53:49.380669
57,5,10,4,0,4,2026-07-15T09:53:49.895796
57,6,1,1,0,1,2026-07-15T09:53:50.366500
57,6,2,1,0,1,2026-07-15T09:53:50.881854
57,6,3,1,0,1,2026-07-15T09:53:51.400503
57,6,4,0,0,0,2026-07-15T09:53:51.982474
57,6,5,1,0,1,2026-07-15T09:53:52.439011
57,6,6,1,0,1,2026-07-15T09:53:52.944490
57,6,7,1,0,1,2026-07-15T09:53:53.529969
57,6,8,1,0,1,2026-07-15T09:53:54.264716
57,6,9,0,0,0,2026-07-15T09:53:54.760660
57,6,10,0,0,0,2026-07-15T09:53:55.556979
57,7,1,4,0,4,2026-07-15T09:53:56.062795
57,7,2,4,0,4,2026-07-15T09:53:56.851050
57,7,3,4,0,4,2026-07-15T09:54:02.368173
57,7,4,4,0,4,2026-07-15T09:54:02.897056
57,7,5,4,0,4,2026-07-15T09:54:03.633050
57,7,6,4,0,4,2026-07-15T09:54:04.146228
57,7,7,4,0,4,2026-07-15T09:54:04.691683
57,7,8,4,0,4,2026-07-15T09:54:05.208238
57,7,9,4,0,4,2026-07-15T09:54:05.876688
57,7,10,4,0,4,2026-07-15T09:54:06.432362
57,8,1,2,0,2,2026-07-15T09:54:06.957390
57,8,2,2,0,2,2026-07-15T09:54:07.542252
57,8,3,2,0,2,2026-07-15T09:54:08.210824
57,8,4,2,0,2,2026-07-15T09:54:08.706977
57,8,5,2,0,2,2026-07-15T09:54:09.272614
57,8,6,2,0,2,2026-07-15T09:54:09.863521
57,8,7,2,0,2,2026-07-15T09:54:10.329667
57,8,8,2,0,2,2026-07-15T09:54:10.810466
57,8,9,2,0,2,2026-07-15T09:54:11.355155
57,8,10,2,0,2,2026-07-15T09:54:11.861326
57,9,1,5,0,5,2026-07-15T09:54:12.360777
57,9,2,5,0,5,2026-07-15T09:54:12.870865
57,9,3,4,0,4,2026-07-15T09:54:13.484912
57,9,4,4,0,4,2026-07-15T09:54:14.133974
57,9,5,4,0,4,2026-07-15T09:54:16.448331
57,9,6,4,0,4,2026-07-15T09:54:17.252948
57,9,7,4,0,4,2026-07-15T09:54:17.918802
57,9,8,4,0,4,2026-07-15T09:54:18.569851
57,9,9,5,0,5,2026-07-15T09:54:19.112197
57,9,10,4,0,4,2026-07-15T09:54:19.648374
58,1,1,2,0,2,2026-07-15T09:54:20.108428
58,1,2,2,0,2,2026-07-15T09:54:20.766133
58,1,3,2,0,2,2026-07-15T09:54:21.432583
58,1,4,2,0,2,2026-07-15T09:54:22.011066
58,1,5,2,0,2,2026-07-15T09:54:22.489288
58,1,6,2,0,2,2026-07-15T09:54:23.147354
58,1,7,2,0,2,2026-07-15T09:54:23.740936
58,1,8,2,0,2,2026-07-15T09:54:24.263587
58,1,9,2,0,2,2026-07-15T09:54:25.215201
58,1,10,2,0,2,2026-07-15T09:54:25.622909
58,2,1,1,0,1,2026-07-15T09:54:27.363139
58,2,2,1,0,1,2026-07-15T09:54:27.802072
58,2,3,0,0,0,2026-07-15T09:54:29.187130
58,2,4,1,0,1,2026-07-15T09:54:29.908952
58,2,5,1,0,1,2026-07-15T09:54:30.650773
58,2,6,1,0,1,2026-07-15T09:54:31.170781
58,2,7,1,0,1,2026-07-15T09:54:31.641047
58,2,8,1,0,1,2026-07-15T09:54:32.156242
58,2,9,1,0,1,2026-07-15T09:54:32.903495
58,2,10,1,0,1,2026-07-15T09:54:33.512998
58,3,1,2,0,2,2026-07-15T09:54:34.051441
58,3,2,2,0,2,2026-07-15T09:54:34.473667
58,3,3,2,0,2,2026-07-15T09:54:34.955264
58,3,4,2,0,2,2026-07-15T09:54:35.643525
58,3,5,2,0,2,2026-07-15T09:54:36.329417
58,3,6,2,0,2,2026-07-15T09:54:37.055542
58,3,7,2,0,2,2026-07-15T09:54:37.546281
58,3,8,2,0,2,2026-07-15T09:54:37.971838
58,3,9,2,0,2,2026-07-15T09:54:38.711383
58,3,10,2,0,2,2026-07-15T09:54:39.299783
58,4,1,1,0,1,2026-07-15T09:54:39.758963
58,4,2,1,0,1,2026-07-15T09:54:40.192017
58,4,3,1,0,1,2026-07-15T09:54:40.598725
58,4,4,1,0,1,2026-07-15T09:54:41.114374
58,4,5,1,0,1,2026-07-15T09:54:41.553056
58,4,6,1,0,1,2026-07-15T09:54:41.961994
58,4,7,1,0,1,2026-07-15T09:54:42.813904
58,4,8,1,0,1,2026-07-15T09:54:43.293446
58,4,9,1,0,1,2026-07-15T09:54:43.707248
58,4,10,1,0,1,2026-07-15T09:54:44.199225
58,5,1,2,0,2,2026-07-15T09:54:44.688592
58,5,2,2,0,2,2026-07-15T09:54:45.388010
58,5,3,2,0,2,2026-07-15T09:54:46.141359
58,5,4,2,0,2,2026-07-15T09:54:46.597101
58,5,5,2,0,2,2026-07-15T09:54:47.208388
58,5,6,2,0,2,2026-07-15T09:54:47.679879
58,5,7,2,0,2,2026-07-15T09:54:49.041841
58,5,8,2,0,2,2026-07-15T09:54:49.531994
58,5,9,2,0,2,2026-07-15T09:54:50.375897
58,5,10,2,0,2,2026-07-15T09:54:50.982694
58,6,1,1,0,1,2026-07-15T09:54:51.458487
58,6,2,1,0,1,2026-07-15T09:54:51.966282
58,6,3,1,0,1,2026-07-15T09:54:52.406910
58,6,4,1,0,1,2026-07-15T09:54:52.870391
58,6,5,1,0,1,2026-07-15T09:54:53.328950
58,6,6,1,0,1,2026-07-15T09:54:53.853533
58,6,7,1,0,1,2026-07-15T09:54:54.352434
58,6,8,1,0,1,2026-07-15T09:54:55.091909
58,6,9,1,0,1,2026-07-15T09:54:55.619539
58,6,10,1,0,1,2026-07-15T09:54:56.207903
58,7,1,2,0,2,2026-07-15T09:54:56.799382
58,7,2,3,0,3,2026-07-15T09:54:57.386822
58,7,3,2,0,2,2026-07-15T09:54:58.144606
58,7,4,2,0,2,2026-07-15T09:54:58.979833
58,7,5,2,0,2,2026-07-15T09:54:59.486310
58,7,6,2,0,2,2026-07-15T09:55:00.009337
58,7,7,2,0,2,2026-07-15T09:55:00.490028
58,7,8,2,0,2,2026-07-15T09:55:01.175417
58,7,9,2,0,2,2026-07-15T09:55:01.739485
58,7,10,2,0,2,2026-07-15T09:55:02.324442
58,8,1,1,0,1,2026-07-15T09:55:02.837039
58,8,2,1,0,1,2026-07-15T09:55:03.291430
58,8,3,1,0,1,2026-07-15T09:55:03.751089
58,8,4,1,0,1,2026-07-15T09:55:04.288196
58,8,5,1,0,1,2026-07-15T09:55:04.799375
58,8,6,1,0,1,2026-07-15T09:55:05.638909
58,8,7,1,0,1,2026-07-15T09:55:06.619388
58,8,8,1,0,1,2026-07-15T09:55:07.165001
58,8,9,1,0,1,2026-07-15T09:55:07.727059
58,8,10,1,0,1,2026-07-15T09:55:08.251962
58,9,1,2,0,2,2026-07-15T09:55:08.682240
58,9,2,2,0,2,2026-07-15T09:55:09.192332
58,9,3,2,0,2,2026-07-15T09:55:09.767988
58,9,4,2,0,2,2026-07-15T09:55:10.350731
58,9,5,2,0,2,2026-07-15T09:55:10.843676
58,9,6,2,0,2,2026-07-15T09:55:11.256496
58,9,7,4,0,4,2026-07-15T09:55:11.727877
58,9,8,4,0,4,2026-07-15T09:55:12.180031
58,9,9,4,0,4,2026-07-15T09:55:12.737168
58,9,10,4,0,4,2026-07-15T09:55:13.227216
59,1,1,4,0,4,2026-07-15T09:55:13.864025
59,1,2,4,0,4,2026-07-15T09:55:14.344824
59,1,3,4,0,4,2026-07-15T09:55:14.950120
59,1,4,4,0,4,2026-07-15T09:55:15.912548
59,1,5,4,0,4,2026-07-15T09:55:16.420641
59,1,6,4,0,4,2026-07-15T09:55:16.896133
59,1,7,4,0,4,2026-07-15T09:55:17.407971
59,1,8,4,0,4,2026-07-15T09:55:17.933469
59,1,9,4,0,4,2026-07-15T09:55:18.495922
59,1,10,4,0,4,2026-07-15T09:55:19.268475
59,2,1,3,0,3,2026-07-15T09:55:20.072819
59,2,2,2,0,2,2026-07-15T09:55:20.534370
59,2,3,3,0,3,2026-07-15T09:55:21.056285
59,2,4,3,0,3,2026-07-15T09:55:21.505944
59,2,5,3,0,3,2026-07-15T09:55:22.055244
59,2,6,3,0,3,2026-07-15T09:55:22.678334
59,2,7,2,0,2,2026-07-15T09:55:23.400294
59,2,8,3,0,3,2026-07-15T09:55:23.985624
59,2,9,2,0,2,2026-07-15T09:55:24.485505
59,2,10,3,0,3,2026-07-15T09:55:25.048159
59,3,1,4,0,4,2026-07-15T09:55:25.520303
59,3,2,4,0,4,2026-07-15T09:55:26.114747
59,3,3,4,0,4,2026-07-15T09:55:26.561375
59,3,4,4,0,4,2026-07-15T09:55:27.153645
59,3,5,4,0,4,2026-07-15T09:55:27.572967
59,3,6,4,0,4,2026-07-15T09:55:28.065856
59,3,7,4,0,4,2026-07-15T09:55:28.730527
59,3,8,4,0,4,2026-07-15T09:55:29.275218
59,3,9,4,0,4,2026-07-15T09:55:29.756379
59,3,10,4,0,4,2026-07-15T09:55:30.278794
59,4,1,3,0,3,2026-07-15T09:55:30.773634
59,4,2,3,0,3,2026-07-15T09:55:31.328361
59,4,3,3,0,3,2026-07-15T09:55:32.106859
59,4,4,3,0,3,2026-07-15T09:55:32.695940
59,4,5,3,0,3,2026-07-15T09:55:33.221517
59,4,6,3,0,3,2026-07-15T09:55:34.031026
59,4,7,3,0,3,2026-07-15T09:55:34.692338
59,4,8,3,0,3,2026-07-15T09:55:35.513469
59,4,9,3,0,3,2026-07-15T09:55:36.383186
59,4,10,3,0,3,2026-07-15T09:55:36.932591
59,5,1,4,0,4,2026-07-15T09:55:38.266902
59,5,2,4,0,4,2026-07-15T09:55:38.775297
59,5,3,4,0,4,2026-07-15T09:55:39.383195
59,5,4,4,0,4,2026-07-15T09:55:39.874551
59,5,5,4,0,4,2026-07-15T09:55:40.371737
59,5,6,4,0,4,2026-07-15T09:55:40.897536
59,5,7,4,0,4,2026-07-15T09:55:41.416761
59,5,8,4,0,4,2026-07-15T09:55:41.922622
59,5,9,4,0,4,2026-07-15T09:55:42.372264
59,5,10,4,0,4,2026-07-15T09:55:43.071503
59,6,1,2,0,2,2026-07-15T09:55:44.539472
59,6,2,2,0,2,2026-07-15T09:55:45.088360
59,6,3,2,0,2,2026-07-15T09:55:45.832643
59,6,4,2,0,2,2026-07-15T09:55:46.540537
59,6,5,2,0,2,2026-07-15T09:55:47.073978
59,6,6,2,0,2,2026-07-15T09:55:47.562201
59,6,7,2,0,2,2026-07-15T09:55:48.175615
59,6,8,2,0,2,2026-07-15T09:55:48.628458
59,6,9,2,0,2,2026-07-15T09:55:49.120616
59,6,10,2,0,2,2026-07-15T09:55:49.643211
59,7,1,4,0,4,2026-07-15T09:55:50.204374
59,7,2,4,0,4,2026-07-15T09:55:50.931475
59,7,3,4,0,4,2026-07-15T09:55:51.400141
59,7,4,4,0,4,2026-07-15T09:55:52.256452
59,7,5,4,0,4,2026-07-15T09:55:52.766022
59,7,6,4,0,4,2026-07-15T09:55:53.633536
59,7,7,4,0,4,2026-07-15T09:55:54.162352
59,7,8,4,0,4,2026-07-15T09:55:54.658387
59,7,9,4,0,4,2026-07-15T09:55:55.430611
59,7,10,4,0,4,2026-07-15T09:55:56.002956
59,8,1,3,0,3,2026-07-15T09:55:56.604720
59,8,2,3,0,3,2026-07-15T09:55:57.216721
59,8,3,3,0,3,2026-07-15T09:55:57.781907
59,8,4,3,0,3,2026-07-15T09:55:58.434932
59,8,5,3,0,3,2026-07-15T09:55:59.061266
59,8,6,3,0,3,2026-07-15T09:55:59.877511
59,8,7,3,0,3,2026-07-15T09:56:00.810959
59,8,8,3,0,3,2026-07-15T09:56:01.310988
59,8,9,3,0,3,2026-07-15T09:56:01.997930
59,8,10,3,0,3,2026-07-15T09:56:02.524370
59,9,1,4,0,4,2026-07-15T09:56:03.113506
59,9,2,4,0,4,2026-07-15T09:56:07.072651
59,9,3,4,0,4,2026-07-15T09:56:07.554379
59,9,4,4,0,4,2026-07-15T09:56:08.006067
59,9,5,4,0,4,2026-07-15T09:56:08.482804
59,9,6,4,0,4,2026-07-15T09:56:08.983205
59,9,7,4,0,4,2026-07-15T09:56:09.567569
59,9,8,4,0,4,2026-07-15T09:56:10.141383
59,9,9,4,0,4,2026-07-15T09:56:10.803917
59,9,10,4,0,4,2026-07-15T09:56:11.697609
60,1,1,2,0,2,2026-07-15T09:56:12.206478
60,1,2,2,0,2,2026-07-15T09:56:12.796797
60,1,3,2,0,2,2026-07-15T09:56:13.491755
60,1,4,2,0,2,2026-07-15T09:56:14.110275
60,1,5,2,0,2,2026-07-15T09:56:14.581068
60,1,6,2,0,2,2026-07-15T09:56:15.148338
60,1,7,2,0,2,2026-07-15T09:56:15.705309
60,1,8,2,0,2,2026-07-15T09:56:17.304425
60,1,9,2,0,2,2026-07-15T09:56:17.963940
60,1,10,2,0,2,2026-07-15T09:56:18.616198
60,2,1,1,0,1,2026-07-15T09:56:20.987269
60,2,2,1,0,1,2026-07-15T09:56:21.485085
60,2,3,1,0,1,2026-07-15T09:56:21.986807
60,2,4,1,0,1,2026-07-15T09:56:22.740138
60,2,5,1,0,1,2026-07-15T09:56:23.443981
60,2,6,1,0,1,2026-07-15T09:56:23.922914
60,2,7,1,0,1,2026-07-15T09:56:24.603398
60,2,8,1,0,1,2026-07-15T09:56:25.228466
60,2,9,1,0,1,2026-07-15T09:56:25.918950
60,2,10,1,0,1,2026-07-15T09:56:26.469615
60,3,1,2,0,2,2026-07-15T09:56:27.527787
60,3,2,2,0,2,2026-07-15T09:56:28.032587
60,3,3,2,0,2,2026-07-15T09:56:28.725505
60,3,4,2,0,2,2026-07-15T09:56:29.324960
60,3,5,2,0,2,2026-07-15T09:56:29.909369
60,3,6,3,0,3,2026-07-15T09:56:30.546358
60,3,7,2,0,2,2026-07-15T09:56:31.079295
60,3,8,2,0,2,2026-07-15T09:56:31.779089
60,3,9,2,0,2,2026-07-15T09:56:32.264378
60,3,10,2,0,2,2026-07-15T09:56:32.737218
60,4,1,1,0,1,2026-07-15T09:56:33.179065
60,4,2,1,0,1,2026-07-15T09:56:33.797583
60,4,3,1,0,1,2026-07-15T09:56:34.338175
60,4,4,1,0,1,2026-07-15T09:56:34.861566
60,4,5,2,0,2,2026-07-15T09:56:35.256278
60,4,6,1,0,1,2026-07-15T09:56:35.738539
60,4,7,1,0,1,2026-07-15T09:56:36.284650
60,4,8,1,0,1,2026-07-15T09:56:36.844355
60,4,9,1,0,1,2026-07-15T09:56:37.297177
60,4,10,1,0,1,2026-07-15T09:56:37.839224
60,5,1,3,0,3,2026-07-15T09:56:38.354009
60,5,2,3,0,3,2026-07-15T09:56:38.848982
60,5,3,3,0,3,2026-07-15T09:56:39.320795
60,5,4,3,0,3,2026-07-15T09:56:39.901088
60,5,5,3,0,3,2026-07-15T09:56:40.688549
60,5,6,3,0,3,2026-07-15T09:56:41.263847
60,5,7,4,0,4,2026-07-15T09:56:41.975613
60,5,8,3,0,3,2026-07-15T09:56:42.435141
60,5,9,3,0,3,2026-07-15T09:56:43.189633
60,5,10,3,0,3,2026-07-15T09:56:43.672679
60,6,1,0,0,0,2026-07-15T09:56:44.192917
60,6,2,0,0,0,2026-07-15T09:56:44.716678
60,6,3,0,0,0,2026-07-15T09:56:45.140081
60,6,4,0,0,0,2026-07-15T09:56:45.630009
60,6,5,0,0,0,2026-07-15T09:56:46.178892
60,6,6,0,0,0,2026-07-15T09:56:46.629613
60,6,7,0,0,0,2026-07-15T09:56:47.189259
60,6,8,0,0,0,2026-07-15T09:56:52.157703
60,6,9,0,0,0,2026-07-15T09:56:52.731790
60,6,10,0,0,0,2026-07-15T09:56:53.363376
60,7,1,4,0,4,2026-07-15T09:56:53.866402
60,7,2,4,0,4,2026-07-15T09:56:54.412529
60,7,3,4,0,4,2026-07-15T09:56:54.901157
60,7,4,4,0,4,2026-07-15T09:56:55.456369
60,7,5,4,0,4,2026-07-15T09:56:56.040435
60,7,6,4,0,4,2026-07-15T09:56:56.582603
60,7,7,4,0,4,2026-07-15T09:56:57.061004
60,7,8,4,0,4,2026-07-15T09:56:57.529543
60,7,9,4,0,4,2026-07-15T09:56:57.994447
60,7,10,4,0,4,2026-07-15T09:56:58.544575
60,8,1,0,0,0,2026-07-15T09:56:59.078625
60,8,2,0,0,0,2026-07-15T09:56:59.558943
60,8,3,1,0,1,2026-07-15T09:57:04.379769
60,8,4,0,0,0,2026-07-15T09:57:05.028267
60,8,5,0,0,0,2026-07-15T09:57:05.564169
60,8,6,0,0,0,2026-07-15T09:57:06.079354
60,8,7,0,0,0,2026-07-15T09:57:06.551905
60,8,8,0,0,0,2026-07-15T09:57:07.126654
60,8,9,0,0,0,2026-07-15T09:57:07.967079
60,8,10,1,0,1,2026-07-15T09:57:08.601980
60,9,1,4,0,4,2026-07-15T09:57:09.021848
60,9,2,4,0,4,2026-07-15T09:57:09.575819
60,9,3,4,0,4,2026-07-15T09:57:10.476898
60,9,4,4,0,4,2026-07-15T09:57:10.995526
60,9,5,4,0,4,2026-07-15T09:57:11.418304
60,9,6,4,0,4,2026-07-15T09:57:12.252670
60,9,7,4,0,4,2026-07-15T09:57:12.823739
60,9,8,4,0,4,2026-07-15T09:57:13.262392
60,9,9,4,0,4,2026-07-15T09:57:13.727239
60,9,10,4,0,4,2026-07-15T09:57:14.232380
61,1,1,2,0,2,2026-07-15T09:57:14.681173
61,1,2,2,0,2,2026-07-15T09:57:15.144043
61,1,3,2,0,2,2026-07-15T09:57:15.683088
61,1,4,2,0,2,2026-07-15T09:57:16.137490
61,1,5,2,0,2,2026-07-15T09:57:16.587440
61,1,6,2,0,2,2026-07-15T09:57:17.105435
61,1,7,2,0,2,2026-07-15T09:57:17.631147
61,1,8,2,0,2,2026-07-15T09:57:18.348841
61,1,9,2,0,2,2026-07-15T09:57:18.854875
61,1,10,2,0,2,2026-07-15T09:57:19.530432
61,2,1,2,0,2,2026-07-15T09:57:20.010447
61,2,2,2,0,2,2026-07-15T09:57:20.820607
61,2,3,2,0,2,2026-07-15T09:57:21.417683
61,2,4,2,0,2,2026-07-15T09:57:21.888489
61,2,5,2,0,2,2026-07-15T09:57:22.457062
61,2,6,2,0,2,2026-07-15T09:57:23.010976
61,2,7,2,0,2,2026-07-15T09:57:23.623084
61,2,8,2,0,2,2026-07-15T09:57:24.065996
61,2,9,2,0,2,2026-07-15T09:57:24.591235
61,2,10,2,0,2,2026-07-15T09:57:25.071450
61,3,1,3,0,3,2026-07-15T09:57:25.517127
61,3,2,3,0,3,2026-07-15T09:57:25.965945
61,3,3,3,0,3,2026-07-15T09:57:26.504496
61,3,4,3,0,3,2026-07-15T09:57:26.952939
61,3,5,3,0,3,2026-07-15T09:57:27.442039
61,3,6,3,0,3,2026-07-15T09:57:27.904785
61,3,7,3,0,3,2026-07-15T09:57:28.343965
61,3,8,3,0,3,2026-07-15T09:57:28.793121
61,3,9,3,0,3,2026-07-15T09:57:29.452806
61,3,10,3,0,3,2026-07-15T09:57:29.901509
61,4,1,1,0,1,2026-07-15T09:57:30.598300
61,4,2,1,0,1,2026-07-15T09:57:31.083185
61,4,3,0,0,0,2026-07-15T09:57:31.655861
61,4,4,1,0,1,2026-07-15T09:57:32.027258
61,4,5,0,0,0,2026-07-15T09:57:32.445471
61,4,6,1,0,1,2026-07-15T09:57:32.844780
61,4,7,0,0,0,2026-07-15T09:57:33.239003
61,4,8,0,0,0,2026-07-15T09:57:33.711938
61,4,9,1,0,1,2026-07-15T09:57:34.136330
61,4,10,0,0,0,2026-07-15T09:57:34.573649
61,5,1,4,0,4,2026-07-15T09:57:35.076201
61,5,2,4,0,4,2026-07-15T09:57:35.810289
61,5,3,4,0,4,2026-07-15T09:57:36.300659
61,5,4,4,0,4,2026-07-15T09:57:36.999077
61,5,5,4,0,4,2026-07-15T09:57:37.530577
61,5,6,4,0,4,2026-07-15T09:57:38.006319
61,5,7,4,0,4,2026-07-15T09:57:38.504495
61,5,8,4,0,4,2026-07-15T09:57:39.021683
61,5,9,4,0,4,2026-07-15T09:57:39.499093
61,5,10,4,0,4,2026-07-15T09:57:40.098000
61,6,1,1,0,1,2026-07-15T09:57:40.554492
61,6,2,1,0,1,2026-07-15T09:57:40.951374
61,6,3,1,0,1,2026-07-15T09:57:41.392616
61,6,4,1,0,1,2026-07-15T09:57:41.902603
61,6,5,1,0,1,2026-07-15T09:57:42.530850
61,6,6,1,0,1,2026-07-15T09:57:43.010995
61,6,7,1,0,1,2026-07-15T09:57:43.503124
61,6,8,1,0,1,2026-07-15T09:57:43.891139
61,6,9,1,0,1,2026-07-15T09:57:44.521854
61,6,10,1,0,1,2026-07-15T09:57:44.944682
61,7,1,4,0,4,2026-07-15T09:57:45.518117
61,7,2,4,0,4,2026-07-15T09:57:46.097903
61,7,3,4,0,4,2026-07-15T09:57:46.736820
61,7,4,4,0,4,2026-07-15T09:57:47.178159
61,7,5,4,0,4,2026-07-15T09:57:47.671396
61,7,6,4,0,4,2026-07-15T09:57:48.155163
61,7,7,4,0,4,2026-07-15T09:57:48.583812
61,7,8,4,0,4,2026-07-15T09:57:49.390829
61,7,9,4,0,4,2026-07-15T09:57:49.835940
61,7,10,4,0,4,2026-07-15T09:57:50.449385
61,8,1,2,0,2,2026-07-15T09:57:50.960574
61,8,2,2,0,2,2026-07-15T09:57:51.710700
61,8,3,2,0,2,2026-07-15T09:57:52.266455
61,8,4,2,0,2,2026-07-15T09:57:52.782260
61,8,5,2,0,2,2026-07-15T09:57:53.251689
61,8,6,2,0,2,2026-07-15T09:57:53.727082
61,8,7,2,0,2,2026-07-15T09:57:54.244172
61,8,8,2,0,2,2026-07-15T09:57:54.769813
61,8,9,2,0,2,2026-07-15T09:57:55.481685
61,8,10,2,0,2,2026-07-15T09:57:56.219916
61,9,1,4,0,4,2026-07-15T09:57:56.755965
61,9,2,4,0,4,2026-07-15T09:57:57.275148
61,9,3,4,0,4,2026-07-15T09:57:57.817643
61,9,4,4,0,4,2026-07-15T09:57:58.327232
61,9,5,4,0,4,2026-07-15T09:57:59.200994
61,9,6,4,0,4,2026-07-15T09:57:59.732597
61,9,7,4,0,4,2026-07-15T09:58:00.620096
61,9,8,4,0,4,2026-07-15T09:58:01.212752
61,9,9,4,0,4,2026-07-15T09:58:01.730403
61,9,10,4,0,4,2026-07-15T09:58:02.230763
62,1,1,3,0,3,2026-07-15T09:58:02.672907
62,1,2,3,0,3,2026-07-15T09:58:03.156003
62,1,3,3,0,3,2026-07-15T09:58:03.603283
62,1,4,3,0,3,2026-07-15T09:58:04.101651
62,1,5,3,0,3,2026-07-15T09:58:04.539416
62,1,6,3,0,3,2026-07-15T09:58:05.102557
62,1,7,3,0,3,2026-07-15T09:58:05.521775
62,1,8,3,0,3,2026-07-15T09:58:05.959299
62,1,9,3,0,3,2026-07-15T09:58:06.355803
62,1,10,3,0,3,2026-07-15T09:58:06.802287
62,2,1,2,0,2,2026-07-15T09:58:07.483729
62,2,2,2,0,2,2026-07-15T09:58:08.200258
62,2,3,2,0,2,2026-07-15T09:58:08.654521
62,2,4,2,0,2,2026-07-15T09:58:09.123124
62,2,5,2,0,2,2026-07-15T09:58:09.697097
62,2,6,2,0,2,2026-07-15T09:58:10.200885
62,2,7,2,0,2,2026-07-15T09:58:11.154253
62,2,8,2,0,2,2026-07-15T09:58:11.597614
62,2,9,2,0,2,2026-07-15T09:58:12.163042
62,2,10,2,0,2,2026-07-15T09:58:12.850290
62,3,1,4,0,4,2026-07-15T09:58:13.435825
62,3,2,4,0,4,2026-07-15T09:58:13.969409
62,3,3,4,0,4,2026-07-15T09:58:14.579538
62,3,4,4,0,4,2026-07-15T09:58:15.390672
62,3,5,4,0,4,2026-07-15T09:58:15.855500
62,3,6,4,0,4,2026-07-15T09:58:16.402564
62,3,7,4,0,4,2026-07-15T09:58:16.941869
62,3,8,4,0,4,2026-07-15T09:58:17.502964
62,3,9,4,0,4,2026-07-15T09:58:18.029978
62,3,10,4,0,4,2026-07-15T09:58:18.594334
62,4,1,2,0,2,2026-07-15T09:58:19.084418
62,4,2,2,0,2,2026-07-15T09:58:19.579267
62,4,3,2,0,2,2026-07-15T09:58:20.354965
62,4,4,2,0,2,2026-07-15T09:58:21.236998
62,4,5,2,0,2,2026-07-15T09:58:21.862379
62,4,6,2,0,2,2026-07-15T09:58:22.626898
62,4,7,2,0,2,2026-07-15T09:58:23.276769
62,4,8,2,0,2,2026-07-15T09:58:24.377233
62,4,9,2,0,2,2026-07-15T09:58:24.947308
62,4,10,2,0,2,2026-07-15T09:58:25.492454
62,5,1,4,0,4,2026-07-15T09:58:26.074949
62,5,2,4,0,4,2026-07-15T09:58:26.847101
62,5,3,4,0,4,2026-07-15T09:58:27.458930
62,5,4,4,0,4,2026-07-15T09:58:27.977653
62,5,5,4,0,4,2026-07-15T09:58:28.677540
62,5,6,4,0,4,2026-07-15T09:58:29.326238
62,5,7,4,0,4,2026-07-15T09:58:29.991890
62,5,8,4,0,4,2026-07-15T09:58:30.581993
62,5,9,4,0,4,2026-07-15T09:58:31.135292
62,5,10,4,0,4,2026-07-15T09:58:31.659098
62,6,1,0,0,0,2026-07-15T09:58:32.243469
62,6,2,2,0,2,2026-07-15T09:58:32.773823
62,6,3,2,0,2,2026-07-15T09:58:33.341726
62,6,4,0,0,0,2026-07-15T09:58:33.819947
62,6,5,2,0,2,2026-07-15T09:58:34.394518
62,6,6,2,0,2,2026-07-15T09:58:34.900577
62,6,7,2,0,2,2026-07-15T09:58:35.554856
62,6,8,2,0,2,2026-07-15T09:58:36.198945
62,6,9,2,0,2,2026-07-15T09:58:36.740642
62,6,10,2,0,2,2026-07-15T09:58:37.224442
62,7,1,4,0,4,2026-07-15T09:58:37.840551
62,7,2,4,0,4,2026-07-15T09:58:38.446898
62,7,3,4,0,4,2026-07-15T09:58:38.917357
62,7,4,4,0,4,2026-07-15T09:58:39.453429
62,7,5,4,0,4,2026-07-15T09:58:39.941261
62,7,6,4,0,4,2026-07-15T09:58:40.452567
62,7,7,4,0,4,2026-07-15T09:58:43.471528
62,7,8,4,0,4,2026-07-15T09:58:43.953142
62,7,9,4,0,4,2026-07-15T09:58:44.475353
62,7,10,4,0,4,2026-07-15T09:58:45.089181
62,8,1,2,0,2,2026-07-15T09:58:45.573837
62,8,2,2,0,2,2026-07-15T09:58:46.114455
62,8,3,2,0,2,2026-07-15T09:58:46.724622
62,8,4,2,0,2,2026-07-15T09:58:47.445615
62,8,5,2,0,2,2026-07-15T09:58:48.192078
62,8,6,2,0,2,2026-07-15T09:58:48.665631
62,8,7,2,0,2,2026-07-15T09:58:49.112871
62,8,8,2,0,2,2026-07-15T09:58:49.619594
62,8,9,2,0,2,2026-07-15T09:58:50.376450
62,8,10,2,0,2,2026-07-15T09:58:51.109679
62,9,1,4,0,4,2026-07-15T09:58:51.729282
62,9,2,4,0,4,2026-07-15T09:58:52.191153
62,9,3,4,0,4,2026-07-15T09:58:52.675783
62,9,4,4,0,4,2026-07-15T09:58:53.193080
62,9,5,4,0,4,2026-07-15T09:58:55.926215
62,9,6,4,0,4,2026-07-15T09:58:56.457091
62,9,7,4,0,4,2026-07-15T09:58:56.941923
62,9,8,4,0,4,2026-07-15T09:58:57.403815
62,9,9,4,0,4,2026-07-15T09:58:57.862672
62,9,10,4,0,4,2026-07-15T09:58:58.375830
63,1,1,4,0,4,2026-07-15T09:58:58.833371
63,1,2,4,0,4,2026-07-15T09:58:59.324863
63,1,3,4,0,4,2026-07-15T09:58:59.866960
63,1,4,4,0,4,2026-07-15T09:59:00.403340
63,1,5,4,0,4,2026-07-15T09:59:00.901624
63,1,6,4,0,4,2026-07-15T09:59:01.385741
63,1,7,4,0,4,2026-07-15T09:59:02.083326
63,1,8,4,0,4,2026-07-15T09:59:02.743114
63,1,9,4,0,4,2026-07-15T09:59:03.313159
63,1,10,4,0,4,2026-07-15T09:59:03.803098
63,2,1,1,0,1,2026-07-15T09:59:04.292269
63,2,2,1,0,1,2026-07-15T09:59:04.804988
63,2,3,1,0,1,2026-07-15T09:59:05.308947
63,2,4,1,0,1,2026-07-15T09:59:05.852245
63,2,5,1,0,1,2026-07-15T09:59:06.339355
63,2,6,0,0,0,2026-07-15T09:59:06.804633
63,2,7,1,0,1,2026-07-15T09:59:07.336258
63,2,8,1,0,1,2026-07-15T09:59:08.088516
63,2,9,1,0,1,2026-07-15T09:59:08.635769
63,2,10,0,0,0,2026-07-15T09:59:09.069774
63,3,1,4,0,4,2026-07-15T09:59:09.943116
63,3,2,4,0,4,2026-07-15T09:59:10.469139
63,3,3,4,0,4,2026-07-15T09:59:10.925151
63,3,4,4,0,4,2026-07-15T09:59:11.526541
63,3,5,4,0,4,2026-07-15T09:59:11.980722
63,3,6,4,0,4,2026-07-15T09:59:12.492824
63,3,7,4,0,4,2026-07-15T09:59:13.398718
63,3,8,4,0,4,2026-07-15T09:59:13.891182
63,3,9,4,0,4,2026-07-15T09:59:14.392066
63,3,10,4,0,4,2026-07-15T09:59:14.830134
63,4,1,1,0,1,2026-07-15T09:59:15.408024
63,4,2,1,0,1,2026-07-15T09:59:15.931633
63,4,3,1,0,1,2026-07-15T09:59:16.495122
63,4,4,1,0,1,2026-07-15T09:59:16.946849
63,4,5,0,0,0,2026-07-15T09:59:17.386870
63,4,6,2,0,2,2026-07-15T09:59:17.810705
63,4,7,0,0,0,2026-07-15T09:59:18.281972
63,4,8,2,0,2,2026-07-15T09:59:18.771694
63,4,9,1,0,1,2026-07-15T09:59:19.253443
63,4,10,2,0,2,2026-07-15T09:59:19.773930
63,5,1,4,0,4,2026-07-15T09:59:20.238182
63,5,2,4,0,4,2026-07-15T09:59:20.711959
63,5,3,4,0,4,2026-07-15T09:59:21.196080
63,5,4,4,0,4,2026-07-15T09:59:22.141226
63,5,5,4,0,4,2026-07-15T09:59:22.697642
63,5,6,4,0,4,2026-07-15T09:59:23.387284
63,5,7,4,0,4,2026-07-15T09:59:23.828197
63,5,8,5,0,5,2026-07-15T09:59:24.430851
63,5,9,4,0,4,2026-07-15T09:59:24.934031
63,5,10,4,0,4,2026-07-15T09:59:25.395630
63,6,1,0,0,0,2026-07-15T09:59:27.027563
63,6,2,0,0,0,2026-07-15T09:59:27.714589
63,6,3,0,0,0,2026-07-15T09:59:28.347170
63,6,4,0,0,0,2026-07-15T09:59:29.186197
63,6,5,0,0,0,2026-07-15T09:59:29.660628
63,6,6,0,0,0,2026-07-15T09:59:32.901153
63,6,7,0,0,0,2026-07-15T09:59:33.411121
63,6,8,0,0,0,2026-07-15T09:59:33.935263
63,6,9,0,0,0,2026-07-15T09:59:42.107956
63,6,10,0,0,0,2026-07-15T09:59:42.616731
63,7,1,4,0,4,2026-07-15T09:59:43.173691
63,7,2,4,0,4,2026-07-15T09:59:43.674104
63,7,3,4,0,4,2026-07-15T09:59:44.269896
63,7,4,4,0,4,2026-07-15T09:59:45.020454
63,7,5,4,0,4,2026-07-15T09:59:45.526688
63,7,6,4,0,4,2026-07-15T09:59:45.997244
63,7,7,4,0,4,2026-07-15T09:59:46.468002
63,7,8,5,0,5,2026-07-15T09:59:47.057229
63,7,9,4,0,4,2026-07-15T09:59:47.549592
63,7,10,5,0,5,2026-07-15T09:59:48.150958
63,8,1,2,0,2,2026-07-15T09:59:48.580784
63,8,2,2,0,2,2026-07-15T09:59:49.030903
63,8,3,2,0,2,2026-07-15T09:59:49.558277
63,8,4,2,0,2,2026-07-15T09:59:50.038091
63,8,5,2,0,2,2026-07-15T09:59:50.553176
63,8,6,2,0,2,2026-07-15T09:59:51.222151
63,8,7,2,0,2,2026-07-15T09:59:51.691889
63,8,8,2,0,2,2026-07-15T09:59:52.088064
63,8,9,2,0,2,2026-07-15T09:59:52.790768
63,8,10,2,0,2,2026-07-15T09:59:53.247843
63,9,1,5,0,5,2026-07-15T09:59:53.808372
63,9,2,5,0,5,2026-07-15T09:59:54.446252
63,9,3,5,0,5,2026-07-15T09:59:54.969115
63,9,4,5,0,5,2026-07-15T09:59:55.593322
63,9,5,5,0,5,2026-07-15T10:00:03.726508
63,9,6,5,0,5,2026-07-15T10:00:04.333242
63,9,7,5,0,5,2026-07-15T10:00:04.969244
63,9,8,5,0,5,2026-07-15T10:00:05.499427
63,9,9,5,0,5,2026-07-15T10:00:05.967984
63,9,10,5,0,5,2026-07-15T10:00:06.677956
64,1,1,4,0,4,2026-07-15T10:00:07.146047
64,1,2,4,0,4,2026-07-15T10:00:07.662699
64,1,3,4,0,4,2026-07-15T10:00:08.665502
64,1,4,4,0,4,2026-07-15T10:00:09.172825
64,1,5,4,0,4,2026-07-15T10:00:09.679781
64,1,6,4,0,4,2026-07-15T10:00:10.268690
64,1,7,4,0,4,2026-07-15T10:00:10.826159
64,1,8,4,0,4,2026-07-15T10:00:11.767175
64,1,9,4,0,4,2026-07-15T10:00:12.290520
64,1,10,4,0,4,2026-07-15T10:00:12.752047
64,2,1,2,0,2,2026-07-15T10:00:13.261290
64,2,2,1,0,1,2026-07-15T10:00:13.803265
64,2,3,2,0,2,2026-07-15T10:00:14.286459
64,2,4,1,0,1,2026-07-15T10:00:14.819859
64,2,5,2,0,2,2026-07-15T10:00:15.332630
64,2,6,2,0,2,2026-07-15T10:00:15.970264
64,2,7,1,0,1,2026-07-15T10:00:16.627729
64,2,8,2,0,2,2026-07-15T10:00:17.072228
64,2,9,1,0,1,2026-07-15T10:00:17.618925
64,2,10,1,0,1,2026-07-15T10:00:18.129226
64,3,1,4,0,4,2026-07-15T10:00:18.508565
64,3,2,4,0,4,2026-07-15T10:00:18.970316
64,3,3,4,0,4,2026-07-15T10:00:19.409272
64,3,4,4,0,4,2026-07-15T10:00:19.823009
64,3,5,4,0,4,2026-07-15T10:00:20.216691
64,3,6,4,0,4,2026-07-15T10:00:20.697797
64,3,7,4,0,4,2026-07-15T10:00:21.133480
64,3,8,4,0,4,2026-07-15T10:00:21.850483
64,3,9,4,0,4,2026-07-15T10:00:22.356602
64,3,10,4,0,4,2026-07-15T10:00:22.859080
64,4,1,2,0,2,2026-07-15T10:00:23.382118
64,4,2,1,0,1,2026-07-15T10:00:23.839683
64,4,3,2,0,2,2026-07-15T10:00:24.324398
64,4,4,2,0,2,2026-07-15T10:00:24.880795
64,4,5,2,0,2,2026-07-15T10:00:25.775929
64,4,6,2,0,2,2026-07-15T10:00:26.242112
64,4,7,1,0,1,2026-07-15T10:00:26.838923
64,4,8,2,0,2,2026-07-15T10:00:27.414423
64,4,9,1,0,1,2026-07-15T10:00:27.934079
64,4,10,2,0,2,2026-07-15T10:00:28.381130
64,5,1,4,0,4,2026-07-15T10:00:28.895747
64,5,2,4,0,4,2026-07-15T10:00:29.372962
64,5,3,4,0,4,2026-07-15T10:00:29.873273
64,5,4,4,0,4,2026-07-15T10:00:30.332318
64,5,5,4,0,4,2026-07-15T10:00:30.828213
64,5,6,4,0,4,2026-07-15T10:00:31.288277
64,5,7,4,0,4,2026-07-15T10:00:31.885719
64,5,8,4,0,4,2026-07-15T10:00:32.572201
64,5,9,4,0,4,2026-07-15T10:00:38.730177
64,5,10,4,0,4,2026-07-15T10:00:39.203684
64,6,1,0,0,0,2026-07-15T10:00:39.785084
64,6,2,0,0,0,2026-07-15T10:00:40.305970
64,6,3,0,0,0,2026-07-15T10:00:40.846842
64,6,4,0,0,0,2026-07-15T10:00:41.298604
64,6,5,0,0,0,2026-07-15T10:00:41.942144
64,6,6,0,0,0,2026-07-15T10:00:42.452160
64,6,7,0,0,0,2026-07-15T10:00:43.008929
64,6,8,0,0,0,2026-07-15T10:00:43.552800
64,6,9,0,0,0,2026-07-15T10:00:44.050447
64,6,10,0,0,0,2026-07-15T10:00:44.597065
64,7,1,4,0,4,2026-07-15T10:00:45.322563
64,7,2,4,0,4,2026-07-15T10:00:45.864453
64,7,3,4,0,4,2026-07-15T10:00:46.431027
64,7,4,4,0,4,2026-07-15T10:00:46.972468
64,7,5,4,0,4,2026-07-15T10:00:47.518037
64,7,6,4,0,4,2026-07-15T10:00:48.161270
64,7,7,4,0,4,2026-07-15T10:00:48.699455
64,7,8,4,0,4,2026-07-15T10:00:49.189012
64,7,9,4,0,4,2026-07-15T10:00:49.687165
64,7,10,4,0,4,2026-07-15T10:00:50.253183
64,8,1,2,0,2,2026-07-15T10:00:51.348325
64,8,2,2,0,2,2026-07-15T10:00:51.874922
64,8,3,2,0,2,2026-07-15T10:00:52.740858
64,8,4,2,0,2,2026-07-15T10:00:53.361877
64,8,5,2,0,2,2026-07-15T10:00:53.897947
64,8,6,2,0,2,2026-07-15T10:00:59.934867
64,8,7,2,0,2,2026-07-15T10:01:00.499075
64,8,8,2,0,2,2026-07-15T10:01:01.061274
64,8,9,2,0,2,2026-07-15T10:01:01.597890
64,8,10,2,0,2,2026-07-15T10:01:02.175492
64,9,1,4,0,4,2026-07-15T10:01:02.804917
64,9,2,4,0,4,2026-07-15T10:01:03.296828
64,9,3,4,0,4,2026-07-15T10:01:03.784929
64,9,4,4,0,4,2026-07-15T10:01:04.306573
64,9,5,4,0,4,2026-07-15T10:01:05.077372
64,9,6,4,0,4,2026-07-15T10:01:05.609406
64,9,7,4,0,4,2026-07-15T10:01:06.125227
64,9,8,4,0,4,2026-07-15T10:01:06.762875
64,9,9,4,0,4,2026-07-15T10:01:07.351014
64,9,10,4,0,4,2026-07-15T10:01:08.202121
65,1,1,3,0,3,2026-07-15T10:01:08.951083
65,1,2,4,0,4,2026-07-15T10:01:09.496178
65,1,3,3,0,3,2026-07-15T10:01:10.002308
65,1,4,4,0,4,2026-07-15T10:01:10.771329
65,1,5,3,0,3,2026-07-15T10:01:11.304476
65,1,6,3,0,3,2026-07-15T10:01:11.802740
65,1,7,4,0,4,2026-07-15T10:01:12.584151
65,1,8,3,0,3,2026-07-15T10:01:13.504761
65,1,9,3,0,3,2026-07-15T10:01:14.015823
65,1,10,3,0,3,2026-07-15T10:01:14.682796
65,2,1,2,0,2,2026-07-15T10:01:15.245985
65,2,2,2,0,2,2026-07-15T10:01:15.807163
65,2,3,2,0,2,2026-07-15T10:01:16.364658
65,2,4,2,0,2,2026-07-15T10:01:16.956173
65,2,5,2,0,2,2026-07-15T10:01:17.452165
65,2,6,2,0,2,2026-07-15T10:01:18.135817
65,2,7,2,0,2,2026-07-15T10:01:18.673790
65,2,8,2,0,2,2026-07-15T10:01:19.140671
65,2,9,2,0,2,2026-07-15T10:01:19.594568
65,2,10,2,0,2,2026-07-15T10:01:20.069254
65,3,1,4,0,4,2026-07-15T10:01:21.821387
65,3,2,4,0,4,2026-07-15T10:01:23.469958
65,3,3,4,0,4,2026-07-15T10:01:24.148200
65,3,4,4,0,4,2026-07-15T10:01:24.655872
65,3,5,4,0,4,2026-07-15T10:01:25.145090
65,3,6,4,0,4,2026-07-15T10:01:25.580250
65,3,7,4,0,4,2026-07-15T10:01:26.324004
65,3,8,4,0,4,2026-07-15T10:01:26.948103
65,3,9,4,0,4,2026-07-15T10:01:27.385365
65,3,10,4,0,4,2026-07-15T10:01:28.258128
65,4,1,2,0,2,2026-07-15T10:01:28.823223
65,4,2,2,0,2,2026-07-15T10:01:29.439832
65,4,3,2,0,2,2026-07-15T10:01:30.008444
65,4,4,2,0,2,2026-07-15T10:01:30.823764
65,4,5,2,0,2,2026-07-15T10:01:31.471543
65,4,6,2,0,2,2026-07-15T10:01:32.221437
65,4,7,2,0,2,2026-07-15T10:01:33.118408
65,4,8,2,0,2,2026-07-15T10:01:33.970076
65,4,9,2,0,2,2026-07-15T10:01:35.172354
65,4,10,2,0,2,2026-07-15T10:01:35.743319
65,5,1,4,0,4,2026-07-15T10:01:36.275646
65,5,2,4,0,4,2026-07-15T10:01:36.846796
65,5,3,4,0,4,2026-07-15T10:01:37.541355
65,5,4,4,0,4,2026-07-15T10:01:38.060475
65,5,5,4,0,4,2026-07-15T10:01:38.587298
65,5,6,4,0,4,2026-07-15T10:01:39.162869
65,5,7,4,0,4,2026-07-15T10:01:39.692696
65,5,8,4,0,4,2026-07-15T10:01:40.570447
65,5,9,4,0,4,2026-07-15T10:01:41.187617
65,5,10,4,0,4,2026-07-15T10:01:41.693464
65,6,1,0,0,0,2026-07-15T10:01:42.146752
65,6,2,2,0,2,2026-07-15T10:01:42.786896
65,6,3,0,0,0,2026-07-15T10:01:43.301961
65,6,4,0,0,0,2026-07-15T10:01:43.785402
65,6,5,0,0,0,2026-07-15T10:01:44.252999
65,6,6,0,0,0,2026-07-15T10:01:44.844907
65,6,7,0,0,0,2026-07-15T10:01:45.310791
65,6,8,0,0,0,2026-07-15T10:01:45.820176
65,6,9,0,0,0,2026-07-15T10:01:46.818323
65,6,10,0,0,0,2026-07-15T10:01:47.317434
65,7,1,4,0,4,2026-07-15T10:01:48.103515
65,7,2,4,0,4,2026-07-15T10:01:48.746405
65,7,3,4,0,4,2026-07-15T10:01:49.263938
65,7,4,4,0,4,2026-07-15T10:01:49.827005
65,7,5,4,0,4,2026-07-15T10:01:50.401535
65,7,6,4,0,4,2026-07-15T10:01:50.908360
65,7,7,4,0,4,2026-07-15T10:01:51.378978
65,7,8,4,0,4,2026-07-15T10:01:51.914845
65,7,9,4,0,4,2026-07-15T10:01:52.466413
65,7,10,4,0,4,2026-07-15T10:01:53.052128
65,8,1,2,0,2,2026-07-15T10:01:54.198071
65,8,2,2,0,2,2026-07-15T10:01:54.775228
65,8,3,2,0,2,2026-07-15T10:01:55.515881
65,8,4,2,0,2,2026-07-15T10:01:56.154444
65,8,5,2,0,2,2026-07-15T10:01:56.634084
65,8,6,2,0,2,2026-07-15T10:01:57.453981
65,8,7,2,0,2,2026-07-15T10:01:57.969462
65,8,8,2,0,2,2026-07-15T10:01:58.772297
65,8,9,2,0,2,2026-07-15T10:01:59.454332
65,8,10,2,0,2,2026-07-15T10:01:59.968962
65,9,1,5,0,5,2026-07-15T10:02:01.000701
65,9,2,5,0,5,2026-07-15T10:02:01.547690
65,9,3,5,0,5,2026-07-15T10:02:02.486493
65,9,4,5,0,5,2026-07-15T10:02:03.216932
65,9,5,4,0,4,2026-07-15T10:02:04.522593
65,9,6,5,0,5,2026-07-15T10:02:05.200017
65,9,7,4,0,4,2026-07-15T10:02:06.478522
65,9,8,4,0,4,2026-07-15T10:02:08.207630
65,9,9,5,0,5,2026-07-15T10:02:09.299802
65,9,10,5,0,5,2026-07-15T10:02:09.981648
66,1,1,2,0,2,2026-07-15T10:02:10.487128
66,1,2,2,0,2,2026-07-15T10:02:11.056224
66,1,3,2,0,2,2026-07-15T10:02:11.644540
66,1,4,2,0,2,2026-07-15T10:02:12.240792
66,1,5,2,0,2,2026-07-15T10:02:12.719616
66,1,6,2,0,2,2026-07-15T10:02:13.323603
66,1,7,2,0,2,2026-07-15T10:02:13.835356
66,1,8,2,0,2,2026-07-15T10:02:14.334401
66,1,9,2,0,2,2026-07-15T10:02:14.844045
66,1,10,2,0,2,2026-07-15T10:02:15.385725
66,2,1,2,0,2,2026-07-15T10:02:15.959561
66,2,2,2,0,2,2026-07-15T10:02:16.370273
66,2,3,2,0,2,2026-07-15T10:02:16.830285
66,2,4,2,0,2,2026-07-15T10:02:17.476644
66,2,5,2,0,2,2026-07-15T10:02:17.864931
66,2,6,2,0,2,2026-07-15T10:02:18.327323
66,2,7,2,0,2,2026-07-15T10:02:18.789762
66,2,8,2,0,2,2026-07-15T10:02:20.200529
66,2,9,2,0,2,2026-07-15T10:02:20.681742
66,2,10,2,0,2,2026-07-15T10:02:21.141273
66,3,1,4,0,4,2026-07-15T10:02:21.644628
66,3,2,3,0,3,2026-07-15T10:02:22.151650
66,3,3,3,0,3,2026-07-15T10:02:22.732224
66,3,4,4,0,4,2026-07-15T10:02:23.260985
66,3,5,3,0,3,2026-07-15T10:02:23.791290
66,3,6,3,0,3,2026-07-15T10:02:24.514089
66,3,7,3,0,3,2026-07-15T10:02:25.109127
66,3,8,3,0,3,2026-07-15T10:02:25.713782
66,3,9,3,0,3,2026-07-15T10:02:26.266418
66,3,10,3,0,3,2026-07-15T10:02:26.817631
66,4,1,0,0,0,2026-07-15T10:02:27.356750
66,4,2,0,0,0,2026-07-15T10:02:28.221868
66,4,3,0,0,0,2026-07-15T10:02:29.117088
66,4,4,0,0,0,2026-07-15T10:02:30.121772
66,4,5,0,0,0,2026-07-15T10:02:30.974279
66,4,6,0,0,0,2026-07-15T10:02:31.735159
66,4,7,0,0,0,2026-07-15T10:02:32.261956
66,4,8,0,0,0,2026-07-15T10:02:32.796750
66,4,9,0,0,0,2026-07-15T10:02:33.254352
66,4,10,0,0,0,2026-07-15T10:02:33.859723
66,5,1,4,0,4,2026-07-15T10:02:34.769881
66,5,2,4,0,4,2026-07-15T10:02:35.474859
66,5,3,4,0,4,2026-07-15T10:02:36.774768
66,5,4,4,0,4,2026-07-15T10:02:37.264819
66,5,5,4,0,4,2026-07-15T10:02:37.703607
66,5,6,4,0,4,2026-07-15T10:02:38.133406
66,5,7,4,0,4,2026-07-15T10:02:38.610054
66,5,8,4,0,4,2026-07-15T10:02:39.054517
66,5,9,4,0,4,2026-07-15T10:02:39.739455
66,5,10,4,0,4,2026-07-15T10:02:40.203247
66,6,1,0,0,0,2026-07-15T10:02:40.630506
66,6,2,0,0,0,2026-07-15T10:02:41.256087
66,6,3,0,0,0,2026-07-15T10:02:41.736383
66,6,4,0,0,0,2026-07-15T10:02:42.248941
66,6,5,0,0,0,2026-07-15T10:02:42.912814
66,6,6,0,0,0,2026-07-15T10:02:43.414088
66,6,7,0,0,0,2026-07-15T10:02:43.963012
66,6,8,0,0,0,2026-07-15T10:02:44.438178
66,6,9,0,0,0,2026-07-15T10:02:45.020545
66,6,10,0,0,0,2026-07-15T10:02:45.435135
66,7,1,4,0,4,2026-07-15T10:02:46.061439
66,7,2,4,0,4,2026-07-15T10:02:46.492416
66,7,3,4,0,4,2026-07-15T10:02:46.902254
66,7,4,4,0,4,2026-07-15T10:02:47.367986
66,7,5,4,0,4,2026-07-15T10:02:47.812083
66,7,6,4,0,4,2026-07-15T10:02:48.318671
66,7,7,4,0,4,2026-07-15T10:02:48.825763
66,7,8,4,0,4,2026-07-15T10:02:49.321448
66,7,9,4,0,4,2026-07-15T10:02:49.777829
66,7,10,4,0,4,2026-07-15T10:02:50.341023
66,8,1,2,0,2,2026-07-15T10:02:50.882485
66,8,2,2,0,2,2026-07-15T10:02:51.432919
66,8,3,2,0,2,2026-07-15T10:02:51.911023
66,8,4,2,0,2,2026-07-15T10:02:52.434967
66,8,5,2,0,2,2026-07-15T10:02:53.038092
66,8,6,2,0,2,2026-07-15T10:02:53.589571
66,8,7,2,0,2,2026-07-15T10:02:54.172456
66,8,8,2,0,2,2026-07-15T10:02:54.701554
66,8,9,2,0,2,2026-07-15T10:02:55.453454
66,8,10,2,0,2,2026-07-15T10:02:55.975436
66,9,1,4,0,4,2026-07-15T10:02:56.412416
66,9,2,4,0,4,2026-07-15T10:02:56.991173
66,9,3,4,0,4,2026-07-15T10:02:57.627723
66,9,4,4,0,4,2026-07-15T10:02:58.161727
66,9,5,4,0,4,2026-07-15T10:02:58.751499
66,9,6,4,0,4,2026-07-15T10:02:59.994217
66,9,7,4,0,4,2026-07-15T10:03:00.766351
66,9,8,4,0,4,2026-07-15T10:03:01.229119
66,9,9,4,0,4,2026-07-15T10:03:01.687549
66,9,10,4,0,4,2026-07-15T10:03:02.776947
67,1,1,2,0,2,2026-07-15T10:03:06.238202
67,1,2,2,0,2,2026-07-15T10:03:06.730174
67,1,3,2,0,2,2026-07-15T10:03:07.287276
67,1,4,2,0,2,2026-07-15T10:03:07.866507
67,1,5,2,0,2,2026-07-15T10:03:08.395519
67,1,6,2,0,2,2026-07-15T10:03:08.891251
67,1,7,2,0,2,2026-07-15T10:03:09.396731
67,1,8,2,0,2,2026-07-15T10:03:09.856333
67,1,9,2,0,2,2026-07-15T10:03:10.296246
67,1,10,2,0,2,2026-07-15T10:03:11.010882
67,2,1,0,0,0,2026-07-15T10:03:11.447926
67,2,2,0,0,0,2026-07-15T10:03:11.836271
67,2,3,1,0,1,2026-07-15T10:03:12.430365
67,2,4,0,0,0,2026-07-15T10:03:12.874239
67,2,5,1,0,1,2026-07-15T10:03:13.473313
67,2,6,0,0,0,2026-07-15T10:03:13.945187
67,2,7,1,0,1,2026-07-15T10:03:14.358792
67,2,8,0,0,0,2026-07-15T10:03:14.867827
67,2,9,0,0,0,2026-07-15T10:03:15.353016
67,2,10,0,0,0,2026-07-15T10:03:15.762627
67,3,1,2,0,2,2026-07-15T10:03:16.599583
67,3,2,2,0,2,2026-07-15T10:03:17.160216
67,3,3,2,0,2,2026-07-15T10:03:18.363767
67,3,4,2,0,2,2026-07-15T10:03:19.730559
67,3,5,2,0,2,2026-07-15T10:03:20.248544
67,3,6,2,0,2,2026-07-15T10:03:20.769111
67,3,7,2,0,2,2026-07-15T10:03:21.318168
67,3,8,2,0,2,2026-07-15T10:03:21.936246
67,3,9,2,0,2,2026-07-15T10:03:22.446960
67,3,10,2,0,2,2026-07-15T10:03:22.929515
67,4,1,0,0,0,2026-07-15T10:03:23.860042
67,4,2,0,0,0,2026-07-15T10:03:24.390649
67,4,3,0,0,0,2026-07-15T10:03:24.904902
67,4,4,0,0,0,2026-07-15T10:03:25.449648
67,4,5,0,0,0,2026-07-15T10:03:25.915046
67,4,6,0,0,0,2026-07-15T10:03:26.386513
67,4,7,0,0,0,2026-07-15T10:03:26.979670
67,4,8,0,0,0,2026-07-15T10:03:27.538962
67,4,9,0,0,0,2026-07-15T10:03:28.167640
67,4,10,0,0,0,2026-07-15T10:03:29.038352
67,5,1,3,0,3,2026-07-15T10:03:29.809087
67,5,2,3,0,3,2026-07-15T10:03:30.571171
67,5,3,3,0,3,2026-07-15T10:03:31.066815
67,5,4,3,0,3,2026-07-15T10:03:31.586174
67,5,5,3,0,3,2026-07-15T10:03:32.140371
67,5,6,3,0,3,2026-07-15T10:03:32.646694
67,5,7,3,0,3,2026-07-15T10:03:33.548711
67,5,8,3,0,3,2026-07-15T10:03:34.487897
67,5,9,3,0,3,2026-07-15T10:03:35.327324
67,5,10,3,0,3,2026-07-15T10:03:36.070452
67,6,1,0,0,0,2026-07-15T10:03:36.528428
67,6,2,0,0,0,2026-07-15T10:03:36.963208
67,6,3,0,0,0,2026-07-15T10:03:37.540385
67,6,4,0,0,0,2026-07-15T10:03:37.989170
67,6,5,0,0,0,2026-07-15T10:03:38.524079
67,6,6,0,0,0,2026-07-15T10:03:39.119660
67,6,7,0,0,0,2026-07-15T10:03:39.649751
67,6,8,0,0,0,2026-07-15T10:03:40.319770
67,6,9,0,0,0,2026-07-15T10:03:40.823869
67,6,10,0,0,0,2026-07-15T10:03:42.375859
67,7,1,4,0,4,2026-07-15T10:03:42.921896
67,7,2,4,0,4,2026-07-15T10:03:43.542514
67,7,3,4,0,4,2026-07-15T10:03:44.210551
67,7,4,4,0,4,2026-07-15T10:03:44.888202
67,7,5,4,0,4,2026-07-15T10:03:45.653449
67,7,6,4,0,4,2026-07-15T10:03:47.987254
67,7,7,4,0,4,2026-07-15T10:03:56.437368
67,7,8,4,0,4,2026-07-15T10:03:56.901761
67,7,9,4,0,4,2026-07-15T10:03:57.418783
67,7,10,4,0,4,2026-07-15T10:03:57.944138
67,8,1,0,0,0,2026-07-15T10:03:58.385702
67,8,2,1,0,1,2026-07-15T10:03:59.368098
67,8,3,2,0,2,2026-07-15T10:03:59.926300
67,8,4,0,0,0,2026-07-15T10:04:11.675477
67,8,5,1,0,1,2026-07-15T10:04:12.360391
67,8,6,1,0,1,2026-07-15T10:04:12.866114
67,8,7,0,0,0,2026-07-15T10:04:13.527702
67,8,8,0,0,0,2026-07-15T10:04:14.008593
67,8,9,2,0,2,2026-07-15T10:04:14.625271
67,8,10,1,0,1,2026-07-15T10:04:15.256677
67,9,1,4,0,4,2026-07-15T10:04:16.000910
67,9,2,4,0,4,2026-07-15T10:04:16.607599
67,9,3,4,0,4,2026-07-15T10:04:17.384858
67,9,4,4,0,4,2026-07-15T10:04:17.873426
67,9,5,4,0,4,2026-07-15T10:04:18.516967
67,9,6,4,0,4,2026-07-15T10:04:19.102363
67,9,7,4,0,4,2026-07-15T10:04:19.885434
67,9,8,4,0,4,2026-07-15T10:04:20.520276
67,9,9,4,0,4,2026-07-15T10:04:21.060907
67,9,10,4,0,4,2026-07-15T10:04:21.627054
68,1,1,4,0,4,2026-07-15T10:04:22.109439
68,1,2,4,0,4,2026-07-15T10:04:22.757095
68,1,3,4,0,4,2026-07-15T10:04:23.281626
68,1,4,4,0,4,2026-07-15T10:04:23.949562
68,1,5,4,0,4,2026-07-15T10:04:24.455513
68,1,6,4,0,4,2026-07-15T10:04:24.952766
68,1,7,4,0,4,2026-07-15T10:04:25.437010
68,1,8,4,0,4,2026-07-15T10:04:26.038389
68,1,9,4,0,4,2026-07-15T10:04:26.611343
68,1,10,4,0,4,2026-07-15T10:04:27.109359
68,2,1,1,0,1,2026-07-15T10:04:27.639741
68,2,2,2,0,2,2026-07-15T10:04:28.104098
68,2,3,2,0,2,2026-07-15T10:04:28.642399
68,2,4,2,0,2,2026-07-15T10:04:29.103988
68,2,5,2,0,2,2026-07-15T10:04:29.606937
68,2,6,1,0,1,2026-07-15T10:04:30.116907
68,2,7,1,0,1,2026-07-15T10:04:30.645270
68,2,8,1,0,1,2026-07-15T10:04:31.211417
68,2,9,2,0,2,2026-07-15T10:04:31.738311
68,2,10,2,0,2,2026-07-15T10:04:32.244699
68,3,1,4,0,4,2026-07-15T10:04:32.954201
68,3,2,4,0,4,2026-07-15T10:04:33.486228
68,3,3,4,0,4,2026-07-15T10:04:34.139095
68,3,4,4,0,4,2026-07-15T10:04:34.729884
68,3,5,4,0,4,2026-07-15T10:04:35.195528
68,3,6,4,0,4,2026-07-15T10:04:35.841040
68,3,7,4,0,4,2026-07-15T10:04:36.310384
68,3,8,4,0,4,2026-07-15T10:04:36.879479
68,3,9,4,0,4,2026-07-15T10:04:37.461278
68,3,10,4,0,4,2026-07-15T10:04:37.947690
68,4,1,2,0,2,2026-07-15T10:04:38.515492
68,4,2,2,0,2,2026-07-15T10:04:38.982188
68,4,3,2,0,2,2026-07-15T10:04:39.471664
68,4,4,2,0,2,2026-07-15T10:04:39.993611
68,4,5,2,0,2,2026-07-15T10:04:40.485491
68,4,6,2,0,2,2026-07-15T10:04:41.001335
68,4,7,2,0,2,2026-07-15T10:04:41.528199
68,4,8,2,0,2,2026-07-15T10:04:42.046766
68,4,9,2,0,2,2026-07-15T10:04:42.727753
68,4,10,2,0,2,2026-07-15T10:04:43.417613
68,5,1,4,0,4,2026-07-15T10:04:43.916251
68,5,2,4,0,4,2026-07-15T10:04:44.422126
68,5,3,4,0,4,2026-07-15T10:04:45.046817
68,5,4,4,0,4,2026-07-15T10:04:45.526661
68,5,5,4,0,4,2026-07-15T10:04:46.542123
68,5,6,4,0,4,2026-07-15T10:04:47.139227
68,5,7,4,0,4,2026-07-15T10:04:47.916459
68,5,8,4,0,4,2026-07-15T10:04:48.394280
68,5,9,4,0,4,2026-07-15T10:04:49.282963
68,5,10,4,0,4,2026-07-15T10:04:49.767616
68,6,1,1,0,1,2026-07-15T10:04:50.552875
68,6,2,1,0,1,2026-07-15T10:04:51.302613
68,6,3,1,0,1,2026-07-15T10:04:52.093954
68,6,4,1,0,1,2026-07-15T10:04:52.720052
68,6,5,1,0,1,2026-07-15T10:04:53.220666
68,6,6,1,0,1,2026-07-15T10:04:53.663465
68,6,7,1,0,1,2026-07-15T10:04:54.170208
68,6,8,1,0,1,2026-07-15T10:04:54.804845
68,6,9,1,0,1,2026-07-15T10:04:55.551251
68,6,10,1,0,1,2026-07-15T10:04:56.202271
68,7,1,4,0,4,2026-07-15T10:04:56.928774
68,7,2,4,0,4,2026-07-15T10:04:57.603738
68,7,3,4,0,4,2026-07-15T10:04:58.111547
68,7,4,4,0,4,2026-07-15T10:04:58.563412
68,7,5,4,0,4,2026-07-15T10:04:59.055810
68,7,6,4,0,4,2026-07-15T10:04:59.661879
68,7,7,4,0,4,2026-07-15T10:05:00.159622
68,7,8,4,0,4,2026-07-15T10:05:00.777960
68,7,9,4,0,4,2026-07-15T10:05:01.277426
68,7,10,4,0,4,2026-07-15T10:05:02.028946
68,8,1,3,0,3,2026-07-15T10:05:02.465049
68,8,2,3,0,3,2026-07-15T10:05:03.461444
68,8,3,2,0,2,2026-07-15T10:05:03.983205
68,8,4,2,0,2,2026-07-15T10:05:04.436438
68,8,5,3,0,3,2026-07-15T10:05:04.946396
68,8,6,3,0,3,2026-07-15T10:05:05.379491
68,8,7,3,0,3,2026-07-15T10:05:06.846994
68,8,8,3,0,3,2026-07-15T10:05:07.234382
68,8,9,2,0,2,2026-07-15T10:05:07.677438
68,8,10,3,0,3,2026-07-15T10:05:08.252055
68,9,1,4,0,4,2026-07-15T10:05:08.876191
68,9,2,4,0,4,2026-07-15T10:05:11.007059
68,9,3,4,0,4,2026-07-15T10:05:11.675081
68,9,4,4,0,4,2026-07-15T10:05:12.142885
68,9,5,4,0,4,2026-07-15T10:05:12.672797
68,9,6,4,0,4,2026-07-15T10:05:13.318850
68,9,7,4,0,4,2026-07-15T10:05:13.832556
68,9,8,4,0,4,2026-07-15T10:05:14.354327
68,9,9,4,0,4,2026-07-15T10:05:14.890661
68,9,10,4,0,4,2026-07-15T10:05:15.487216
69,1,1,3,0,3,2026-07-15T10:05:16.093339
69,1,2,3,0,3,2026-07-15T10:05:16.630974
69,1,3,3,0,3,2026-07-15T10:05:17.530779
69,1,4,3,0,3,2026-07-15T10:05:18.133578
69,1,5,3,0,3,2026-07-15T10:05:18.960355
69,1,6,3,0,3,2026-07-15T10:05:19.420387
69,1,7,3,0,3,2026-07-15T10:05:20.083381
69,1,8,3,0,3,2026-07-15T10:05:20.818516
69,1,9,3,0,3,2026-07-15T10:05:21.312496
69,1,10,3,0,3,2026-07-15T10:05:22.077840
69,2,1,3,0,3,2026-07-15T10:05:22.584955
69,2,2,3,0,3,2026-07-15T10:05:23.102408
69,2,3,3,0,3,2026-07-15T10:05:23.549196
69,2,4,3,0,3,2026-07-15T10:05:24.016256
69,2,5,3,0,3,2026-07-15T10:05:24.481038
69,2,6,3,0,3,2026-07-15T10:05:24.948152
69,2,7,3,0,3,2026-07-15T10:05:25.443812
69,2,8,2,0,2,2026-07-15T10:05:25.872120
69,2,9,3,0,3,2026-07-15T10:05:26.504343
69,2,10,2,0,2,2026-07-15T10:05:26.928652
69,3,1,3,0,3,2026-07-15T10:05:27.455714
69,3,2,3,0,3,2026-07-15T10:05:27.968574
69,3,3,3,0,3,2026-07-15T10:05:28.690306
69,3,4,3,0,3,2026-07-15T10:05:29.661010
69,3,5,3,0,3,2026-07-15T10:05:30.163267
69,3,6,3,0,3,2026-07-15T10:05:30.709495
69,3,7,3,0,3,2026-07-15T10:05:31.196781
69,3,8,4,0,4,2026-07-15T10:05:32.333593
69,3,9,3,0,3,2026-07-15T10:05:33.035782
69,3,10,3,0,3,2026-07-15T10:05:33.567396
69,4,1,2,0,2,2026-07-15T10:05:34.288253
69,4,2,2,0,2,2026-07-15T10:05:34.881768
69,4,3,2,0,2,2026-07-15T10:05:35.467279
69,4,4,2,0,2,2026-07-15T10:05:36.019893
69,4,5,2,0,2,2026-07-15T10:05:36.566510
69,4,6,2,0,2,2026-07-15T10:05:37.294755
69,4,7,2,0,2,2026-07-15T10:05:37.922509
69,4,8,2,0,2,2026-07-15T10:05:38.962983
69,4,9,2,0,2,2026-07-15T10:05:39.562984
69,4,10,2,0,2,2026-07-15T10:05:40.341763
69,5,1,4,0,4,2026-07-15T10:05:41.331083
69,5,2,4,0,4,2026-07-15T10:05:41.792580
69,5,3,4,0,4,2026-07-15T10:05:42.202248
69,5,4,4,0,4,2026-07-15T10:05:42.879612
69,5,5,4,0,4,2026-07-15T10:05:43.543260
69,5,6,4,0,4,2026-07-15T10:05:44.169067
69,5,7,4,0,4,2026-07-15T10:05:44.746755
69,5,8,4,0,4,2026-07-15T10:05:45.317206
69,5,9,4,0,4,2026-07-15T10:05:45.781358
69,5,10,4,0,4,2026-07-15T10:05:46.298868
69,6,1,2,0,2,2026-07-15T10:05:46.774393
69,6,2,0,0,0,2026-07-15T10:05:47.215481
69,6,3,2,0,2,2026-07-15T10:05:47.708782
69,6,4,2,0,2,2026-07-15T10:05:48.151969
69,6,5,2,0,2,2026-07-15T10:05:48.647190
69,6,6,2,0,2,2026-07-15T10:05:49.128481
69,6,7,2,0,2,2026-07-15T10:05:49.655479
69,6,8,2,0,2,2026-07-15T10:05:50.107513
69,6,9,2,0,2,2026-07-15T10:05:50.551462
69,6,10,2,0,2,2026-07-15T10:05:50.990345
69,7,1,4,0,4,2026-07-15T10:05:51.481720
69,7,2,4,0,4,2026-07-15T10:05:52.065793
69,7,3,4,0,4,2026-07-15T10:05:52.800055
69,7,4,4,0,4,2026-07-15T10:05:53.333475
69,7,5,4,0,4,2026-07-15T10:05:53.901434
69,7,6,4,0,4,2026-07-15T10:05:54.566563
69,7,7,4,0,4,2026-07-15T10:05:55.297433
69,7,8,4,0,4,2026-07-15T10:05:55.811763
69,7,9,4,0,4,2026-07-15T10:05:56.327883
69,7,10,4,0,4,2026-07-15T10:05:56.883415
69,8,1,2,0,2,2026-07-15T10:05:57.381140
69,8,2,3,0,3,2026-07-15T10:05:57.877232
69,8,3,3,0,3,2026-07-15T10:05:58.405328
69,8,4,3,0,3,2026-07-15T10:05:59.118157
69,8,5,3,0,3,2026-07-15T10:05:59.624170
69,8,6,3,0,3,2026-07-15T10:06:00.246521
69,8,7,3,0,3,2026-07-15T10:06:00.928377
69,8,8,3,0,3,2026-07-15T10:06:01.536038
69,8,9,3,0,3,2026-07-15T10:06:02.100826
69,8,10,3,0,3,2026-07-15T10:06:03.045980
69,9,1,4,0,4,2026-07-15T10:06:03.663901
69,9,2,4,0,4,2026-07-15T10:06:04.139505
69,9,3,4,0,4,2026-07-15T10:06:04.890406
69,9,4,4,0,4,2026-07-15T10:06:05.566768
69,9,5,4,0,4,2026-07-15T10:06:06.111444
69,9,6,4,0,4,2026-07-15T10:06:06.675588
69,9,7,4,0,4,2026-07-15T10:06:07.121438
69,9,8,4,0,4,2026-07-15T10:06:07.640994
69,9,9,4,0,4,2026-07-15T10:06:08.624387
69,9,10,4,0,4,2026-07-15T10:06:09.211065
70,1,1,3,0,3,2026-07-15T10:06:10.197819
70,1,2,3,0,3,2026-07-15T10:06:11.316603
70,1,3,3,0,3,2026-07-15T10:06:11.778143
70,1,4,3,0,3,2026-07-15T10:06:13.195908
70,1,5,3,0,3,2026-07-15T10:06:13.716290
70,1,6,3,0,3,2026-07-15T10:06:14.236807
70,1,7,3,0,3,2026-07-15T10:06:14.827847
70,1,8,3,0,3,2026-07-15T10:06:15.528601
70,1,9,3,0,3,2026-07-15T10:06:16.012950
70,1,10,3,0,3,2026-07-15T10:06:16.775379
70,2,1,2,0,2,2026-07-15T10:06:17.538941
70,2,2,2,0,2,2026-07-15T10:06:18.144878
70,2,3,2,0,2,2026-07-15T10:06:18.636926
70,2,4,2,0,2,2026-07-15T10:06:19.161891
70,2,5,2,0,2,2026-07-15T10:06:19.699778
70,2,6,2,0,2,2026-07-15T10:06:20.326510
70,2,7,2,0,2,2026-07-15T10:06:21.128795
70,2,8,2,0,2,2026-07-15T10:06:21.704779
70,2,9,2,0,2,2026-07-15T10:06:22.222025
70,2,10,2,0,2,2026-07-15T10:06:22.932556
70,3,1,3,0,3,2026-07-15T10:06:24.102947
70,3,2,3,0,3,2026-07-15T10:06:27.977489
70,3,3,3,0,3,2026-07-15T10:06:28.763101
70,3,4,4,0,4,2026-07-15T10:06:29.543502
70,3,5,3,0,3,2026-07-15T10:06:30.014804
70,3,6,3,0,3,2026-07-15T10:06:30.583709
70,3,7,3,0,3,2026-07-15T10:06:31.192279
70,3,8,3,0,3,2026-07-15T10:06:31.775968
70,3,9,3,0,3,2026-07-15T10:06:32.318330
70,3,10,3,0,3,2026-07-15T10:06:32.810806
70,4,1,2,0,2,2026-07-15T10:06:33.298707
70,4,2,2,0,2,2026-07-15T10:06:34.318076
70,4,3,2,0,2,2026-07-15T10:06:35.141964
70,4,4,2,0,2,2026-07-15T10:06:35.551241
70,4,5,2,0,2,2026-07-15T10:06:36.166937
70,4,6,2,0,2,2026-07-15T10:06:36.633985
70,4,7,2,0,2,2026-07-15T10:06:37.273902
70,4,8,2,0,2,2026-07-15T10:06:37.850910
70,4,9,2,0,2,2026-07-15T10:06:38.567475
70,4,10,2,0,2,2026-07-15T10:06:39.221663
70,5,1,3,0,3,2026-07-15T10:06:39.813263
70,5,2,3,0,3,2026-07-15T10:06:40.332727
70,5,3,3,0,3,2026-07-15T10:06:40.791780
70,5,4,3,0,3,2026-07-15T10:06:41.505329
70,5,5,3,0,3,2026-07-15T10:06:42.024147
70,5,6,3,0,3,2026-07-15T10:06:42.513430
70,5,7,3,0,3,2026-07-15T10:06:43.270693
70,5,8,3,0,3,2026-07-15T10:06:43.995282
70,5,9,3,0,3,2026-07-15T10:06:44.860938
70,5,10,3,0,3,2026-07-15T10:06:45.305310
70,6,1,2,0,2,2026-07-15T10:06:45.870259
70,6,2,2,0,2,2026-07-15T10:06:46.318115
70,6,3,2,0,2,2026-07-15T10:06:46.854080
70,6,4,2,0,2,2026-07-15T10:06:47.411955
70,6,5,2,0,2,2026-07-15T10:06:47.971870
70,6,6,2,0,2,2026-07-15T10:06:48.449173
70,6,7,2,0,2,2026-07-15T10:06:49.021516
70,6,8,2,0,2,2026-07-15T10:06:49.706373
70,6,9,2,0,2,2026-07-15T10:06:50.340626
70,6,10,2,0,2,2026-07-15T10:06:51.132425
70,7,1,3,0,3,2026-07-15T10:06:51.576323
70,7,2,3,0,3,2026-07-15T10:06:52.443163
70,7,3,3,0,3,2026-07-15T10:06:52.927832
70,7,4,3,0,3,2026-07-15T10:06:57.815209
70,7,5,3,0,3,2026-07-15T10:06:58.254320
70,7,6,3,0,3,2026-07-15T10:06:58.723908
70,7,7,3,0,3,2026-07-15T10:06:59.162735
70,7,8,3,0,3,2026-07-15T10:06:59.683674
70,7,9,3,0,3,2026-07-15T10:07:01.982098
70,7,10,3,0,3,2026-07-15T10:07:02.587584
70,8,1,2,0,2,2026-07-15T10:07:03.119191
70,8,2,2,0,2,2026-07-15T10:07:03.906616
70,8,3,2,0,2,2026-07-15T10:07:04.436809
70,8,4,2,0,2,2026-07-15T10:07:04.965782
70,8,5,2,0,2,2026-07-15T10:07:05.457860
70,8,6,2,0,2,2026-07-15T10:07:05.982748
70,8,7,2,0,2,2026-07-15T10:07:06.466327
70,8,8,2,0,2,2026-07-15T10:07:06.900180
70,8,9,2,0,2,2026-07-15T10:07:10.381364
70,8,10,2,0,2,2026-07-15T10:07:10.867094
70,9,1,4,0,4,2026-07-15T10:07:11.440481
70,9,2,4,0,4,2026-07-15T10:07:11.932288
70,9,3,4,0,4,2026-07-15T10:07:12.781849
70,9,4,4,0,4,2026-07-15T10:07:13.487146
70,9,5,4,0,4,2026-07-15T10:07:13.994352
70,9,6,4,0,4,2026-07-15T10:07:14.547946
70,9,7,4,0,4,2026-07-15T10:07:15.055190
70,9,8,4,0,4,2026-07-15T10:07:15.534994
70,9,9,4,0,4,2026-07-15T10:07:16.367249
70,9,10,4,0,4,2026-07-15T10:07:16.868970
71,1,1,2,0,2,2026-07-15T10:07:24.332547
71,1,2,3,0,3,2026-07-15T10:07:24.909491
71,1,3,2,0,2,2026-07-15T10:07:25.333602
71,1,4,2,0,2,2026-07-15T10:07:25.859632
71,1,5,3,0,3,2026-07-15T10:07:26.763461
71,1,6,3,0,3,2026-07-15T10:07:27.432508
71,1,7,3,0,3,2026-07-15T10:07:28.001065
71,1,8,2,0,2,2026-07-15T10:07:28.700979
71,1,9,3,0,3,2026-07-15T10:07:29.312837
71,1,10,3,0,3,2026-07-15T10:07:30.096596
71,2,1,2,0,2,2026-07-15T10:07:30.589567
71,2,2,2,0,2,2026-07-15T10:07:31.110114
71,2,3,2,0,2,2026-07-15T10:07:31.776720
71,2,4,2,0,2,2026-07-15T10:07:32.702918
71,2,5,2,0,2,2026-07-15T10:07:33.188603
71,2,6,2,0,2,2026-07-15T10:07:33.744775
71,2,7,2,0,2,2026-07-15T10:07:34.243914
71,2,8,2,0,2,2026-07-15T10:07:34.715820
71,2,9,2,0,2,2026-07-15T10:07:35.274659
71,2,10,2,0,2,2026-07-15T10:07:35.819984
71,3,1,3,0,3,2026-07-15T10:07:36.283889
71,3,2,3,0,3,2026-07-15T10:07:37.073517
71,3,3,3,0,3,2026-07-15T10:07:37.975349
71,3,4,3,0,3,2026-07-15T10:07:38.442313
71,3,5,4,0,4,2026-07-15T10:07:38.879735
71,3,6,4,0,4,2026-07-15T10:07:39.476674
71,3,7,3,0,3,2026-07-15T10:07:39.957174
71,3,8,3,0,3,2026-07-15T10:07:40.370931
71,3,9,4,0,4,2026-07-15T10:07:40.892002
71,3,10,3,0,3,2026-07-15T10:07:44.106473
71,4,1,0,0,0,2026-07-15T10:07:44.899777
71,4,2,0,0,0,2026-07-15T10:07:45.764885
71,4,3,0,0,0,2026-07-15T10:07:46.488539
71,4,4,0,0,0,2026-07-15T10:07:47.004458
71,4,5,0,0,0,2026-07-15T10:07:47.463841
71,4,6,0,0,0,2026-07-15T10:07:48.023137
71,4,7,0,0,0,2026-07-15T10:07:48.464083
71,4,8,0,0,0,2026-07-15T10:07:48.980313
71,4,9,0,0,0,2026-07-15T10:07:49.695505
71,4,10,0,0,0,2026-07-15T10:07:50.143622
71,5,1,4,0,4,2026-07-15T10:07:50.833899
71,5,2,4,0,4,2026-07-15T10:07:51.371034
71,5,3,4,0,4,2026-07-15T10:07:51.851723
71,5,4,4,0,4,2026-07-15T10:07:52.452522
71,5,5,4,0,4,2026-07-15T10:07:52.944278
71,5,6,4,0,4,2026-07-15T10:07:53.572219
71,5,7,4,0,4,2026-07-15T10:07:54.185090
71,5,8,4,0,4,2026-07-15T10:07:54.719914
71,5,9,4,0,4,2026-07-15T10:07:55.360285
71,5,10,4,0,4,2026-07-15T10:07:56.180563
71,6,1,0,0,0,2026-07-15T10:07:56.853991
71,6,2,0,0,0,2026-07-15T10:07:57.501113
71,6,3,0,0,0,2026-07-15T10:07:58.088428
71,6,4,0,0,0,2026-07-15T10:07:58.727611
71,6,5,0,0,0,2026-07-15T10:07:59.264596
71,6,6,0,0,0,2026-07-15T10:07:59.795362
71,6,7,0,0,0,2026-07-15T10:08:00.376841
71,6,8,0,0,0,2026-07-15T10:08:03.133132
71,6,9,0,0,0,2026-07-15T10:08:03.700831
71,6,10,0,0,0,2026-07-15T10:08:04.602368
71,7,1,4,0,4,2026-07-15T10:08:05.136812
71,7,2,4,0,4,2026-07-15T10:08:05.669697
71,7,3,4,0,4,2026-07-15T10:08:06.533832
71,7,4,4,0,4,2026-07-15T10:08:07.149610
71,7,5,4,0,4,2026-07-15T10:08:07.675244
71,7,6,4,0,4,2026-07-15T10:08:08.223320
71,7,7,4,0,4,2026-07-15T10:08:08.937732
71,7,8,4,0,4,2026-07-15T10:08:09.833476
71,7,9,4,0,4,2026-07-15T10:08:10.436701
71,7,10,4,0,4,2026-07-15T10:08:10.975128
71,8,1,2,0,2,2026-07-15T10:08:11.463629
71,8,2,2,0,2,2026-07-15T10:08:12.108119
71,8,3,2,0,2,2026-07-15T10:08:12.628414
71,8,4,2,0,2,2026-07-15T10:08:13.419192
71,8,5,2,0,2,2026-07-15T10:08:14.721510
71,8,6,2,0,2,2026-07-15T10:08:15.258403
71,8,7,2,0,2,2026-07-15T10:08:15.715924
71,8,8,2,0,2,2026-07-15T10:08:16.201105
71,8,9,2,0,2,2026-07-15T10:08:16.802924
71,8,10,2,0,2,2026-07-15T10:08:17.383960
71,9,1,4,0,4,2026-07-15T10:08:17.920372
71,9,2,4,0,4,2026-07-15T10:08:18.525060
71,9,3,4,0,4,2026-07-15T10:08:18.934479
71,9,4,4,0,4,2026-07-15T10:08:19.398384
71,9,5,4,0,4,2026-07-15T10:08:19.801550
71,9,6,4,0,4,2026-07-15T10:08:20.206503
71,9,7,4,0,4,2026-07-15T10:08:20.620102
71,9,8,4,0,4,2026-07-15T10:08:21.076016
71,9,9,4,0,4,2026-07-15T10:08:21.545299
71,9,10,4,0,4,2026-07-15T10:08:21.942279
72,1,1,4,0,4,2026-07-15T10:08:22.473325
72,1,2,4,0,4,2026-07-15T10:08:23.017508
72,1,3,4,0,4,2026-07-15T10:08:23.590213
72,1,4,4,0,4,2026-07-15T10:08:24.131779
72,1,5,4,0,4,2026-07-15T10:08:29.753807
72,1,6,4,0,4,2026-07-15T10:08:30.310976
72,1,7,4,0,4,2026-07-15T10:08:30.828286
72,1,8,4,0,4,2026-07-15T10:08:31.609972
72,1,9,4,0,4,2026-07-15T10:08:32.340363
72,1,10,4,0,4,2026-07-15T10:08:32.871448
72,2,1,1,0,1,2026-07-15T10:08:33.730000
72,2,2,1,0,1,2026-07-15T10:08:34.262693
72,2,3,1,0,1,2026-07-15T10:08:34.883918
72,2,4,1,0,1,2026-07-15T10:08:35.512920
72,2,5,1,0,1,2026-07-15T10:08:36.236372
72,2,6,1,0,1,2026-07-15T10:08:36.832694
72,2,7,1,0,1,2026-07-15T10:08:37.360065
72,2,8,1,0,1,2026-07-15T10:08:38.057380
72,2,9,1,0,1,2026-07-15T10:08:38.579416
72,2,10,1,0,1,2026-07-15T10:08:39.070156
72,3,1,4,0,4,2026-07-15T10:08:39.896371
72,3,2,4,0,4,2026-07-15T10:08:40.386465
72,3,3,4,0,4,2026-07-15T10:08:43.505920
72,3,4,4,0,4,2026-07-15T10:08:49.483148
72,3,5,4,0,4,2026-07-15T10:08:49.981216
72,3,6,4,0,4,2026-07-15T10:08:50.669343
72,3,7,4,0,4,2026-07-15T10:08:51.209249
72,3,8,4,0,4,2026-07-15T10:08:51.775414
72,3,9,4,0,4,2026-07-15T10:08:52.382548
72,3,10,4,0,4,2026-07-15T10:08:53.139493
72,4,1,2,0,2,2026-07-15T10:08:53.933735
72,4,2,2,0,2,2026-07-15T10:08:54.413659
72,4,3,2,0,2,2026-07-15T10:08:54.946476
72,4,4,2,0,2,2026-07-15T10:08:55.389944
72,4,5,2,0,2,2026-07-15T10:08:56.093977
72,4,6,2,0,2,2026-07-15T10:08:56.613871
72,4,7,2,0,2,2026-07-15T10:08:57.113320
72,4,8,2,0,2,2026-07-15T10:08:57.664859
72,4,9,2,0,2,2026-07-15T10:08:58.209438
72,4,10,2,0,2,2026-07-15T10:08:58.644723
72,5,1,4,0,4,2026-07-15T10:08:59.408240
72,5,2,4,0,4,2026-07-15T10:08:59.882842
72,5,3,4,0,4,2026-07-15T10:09:00.653398
72,5,4,4,0,4,2026-07-15T10:09:01.186177
72,5,5,4,0,4,2026-07-15T10:09:01.755951
72,5,6,4,0,4,2026-07-15T10:09:02.319546
72,5,7,4,0,4,2026-07-15T10:09:03.064696
72,5,8,4,0,4,2026-07-15T10:09:07.748577
72,5,9,4,0,4,2026-07-15T10:09:09.204192
72,5,10,4,0,4,2026-07-15T10:09:10.732441
72,6,1,0,0,0,2026-07-15T10:09:14.640757
72,6,2,0,0,0,2026-07-15T10:09:15.527526
72,6,3,0,0,0,2026-07-15T10:09:16.402250
72,6,4,1,0,1,2026-07-15T10:09:16.950244
72,6,5,0,0,0,2026-07-15T10:09:17.526617
72,6,6,0,0,0,2026-07-15T10:09:18.026938
72,6,7,1,0,1,2026-07-15T10:09:18.621146
72,6,8,0,0,0,2026-07-15T10:09:19.130207
72,6,9,0,0,0,2026-07-15T10:09:20.394925
72,6,10,0,0,0,2026-07-15T10:09:21.275139
72,7,1,4,0,4,2026-07-15T10:09:21.769899
72,7,2,4,0,4,2026-07-15T10:09:22.274957
72,7,3,4,0,4,2026-07-15T10:09:22.875383
72,7,4,4,0,4,2026-07-15T10:09:23.385403
72,7,5,4,0,4,2026-07-15T10:09:24.176417
72,7,6,4,0,4,2026-07-15T10:09:24.966266
72,7,7,4,0,4,2026-07-15T10:09:25.447075
72,7,8,4,0,4,2026-07-15T10:09:26.242803
72,7,9,4,0,4,2026-07-15T10:09:26.779286
72,7,10,4,0,4,2026-07-15T10:09:27.282021
72,8,1,2,0,2,2026-07-15T10:09:28.042027
72,8,2,2,0,2,2026-07-15T10:09:28.618983
72,8,3,2,0,2,2026-07-15T10:09:29.274469
72,8,4,2,0,2,2026-07-15T10:09:29.887742
72,8,5,2,0,2,2026-07-15T10:09:31.904691
72,8,6,2,0,2,2026-07-15T10:09:32.607690
72,8,7,2,0,2,2026-07-15T10:09:33.503375
72,8,8,2,0,2,2026-07-15T10:09:34.376941
72,8,9,2,0,2,2026-07-15T10:09:34.903456
72,8,10,2,0,2,2026-07-15T10:09:35.474782
72,9,1,4,0,4,2026-07-15T10:09:35.958419
72,9,2,4,0,4,2026-07-15T10:09:36.587799
72,9,3,4,0,4,2026-07-15T10:09:37.087476
72,9,4,4,0,4,2026-07-15T10:09:37.547530
72,9,5,4,0,4,2026-07-15T10:09:38.081775
72,9,6,4,0,4,2026-07-15T10:09:38.573400
72,9,7,4,0,4,2026-07-15T10:09:39.136119
72,9,8,4,0,4,2026-07-15T10:09:39.613589
72,9,9,4,0,4,2026-07-15T10:09:40.172597
72,9,10,4,0,4,2026-07-15T10:09:40.634421
73,1,1,2,0,2,2026-07-15T10:09:41.513627
73,1,2,2,0,2,2026-07-15T10:09:42.331024
73,1,3,2,0,2,2026-07-15T10:09:44.667193
73,1,4,2,0,2,2026-07-15T10:09:45.253112
73,1,5,2,0,2,2026-07-15T10:09:45.822128
73,1,6,2,0,2,2026-07-15T10:09:46.315089
73,1,7,2,0,2,2026-07-15T10:09:47.046311
73,1,8,2,0,2,2026-07-15T10:09:55.643324
73,1,9,2,0,2,2026-07-15T10:09:56.227529
73,1,10,2,0,2,2026-07-15T10:09:56.705302
73,2,1,1,0,1,2026-07-15T10:09:57.256245
73,2,2,1,0,1,2026-07-15T10:09:57.738338
73,2,3,1,0,1,2026-07-15T10:09:58.225233
73,2,4,1,0,1,2026-07-15T10:09:58.783740
73,2,5,1,0,1,2026-07-15T10:09:59.281229
73,2,6,1,0,1,2026-07-15T10:09:59.774248
73,2,7,1,0,1,2026-07-15T10:10:00.250387
73,2,8,1,0,1,2026-07-15T10:10:00.767521
73,2,9,1,0,1,2026-07-15T10:10:01.296677
73,2,10,1,0,1,2026-07-15T10:10:01.832060
73,3,1,4,0,4,2026-07-15T10:10:02.255518
73,3,2,4,0,4,2026-07-15T10:10:02.686699
73,3,3,4,0,4,2026-07-15T10:10:03.157976
73,3,4,4,0,4,2026-07-15T10:10:03.599182
73,3,5,4,0,4,2026-07-15T10:10:04.327422
73,3,6,4,0,4,2026-07-15T10:10:04.722473
73,3,7,4,0,4,2026-07-15T10:10:05.254303
73,3,8,4,0,4,2026-07-15T10:10:05.777277
73,3,9,4,0,4,2026-07-15T10:10:06.366146
73,3,10,4,0,4,2026-07-15T10:10:14.690035
73,4,1,2,0,2,2026-07-15T10:10:15.286205
73,4,2,2,0,2,2026-07-15T10:10:15.820603
73,4,3,2,0,2,2026-07-15T10:10:16.327418
73,4,4,2,0,2,2026-07-15T10:10:16.776473
73,4,5,1,0,1,2026-07-15T10:10:17.628273
73,4,6,2,0,2,2026-07-15T10:10:18.723120
73,4,7,2,0,2,2026-07-15T10:10:19.216862
73,4,8,2,0,2,2026-07-15T10:10:19.719892
73,4,9,1,0,1,2026-07-15T10:10:20.882257
73,4,10,2,0,2,2026-07-15T10:10:21.394781
73,5,1,3,0,3,2026-07-15T10:10:21.903294
73,5,2,4,0,4,2026-07-15T10:10:22.450672
73,5,3,4,0,4,2026-07-15T10:10:22.982314
73,5,4,3,0,3,2026-07-15T10:10:23.600579
73,5,5,4,0,4,2026-07-15T10:10:24.161510
73,5,6,4,0,4,2026-07-15T10:10:24.857306
73,5,7,4,0,4,2026-07-15T10:10:25.399418
73,5,8,4,0,4,2026-07-15T10:10:25.910598
73,5,9,3,0,3,2026-07-15T10:10:26.737416
73,5,10,3,0,3,2026-07-15T10:10:27.256217
73,6,1,0,0,0,2026-07-15T10:10:27.795727
73,6,2,0,0,0,2026-07-15T10:10:28.312733
73,6,3,0,0,0,2026-07-15T10:10:28.907096
73,6,4,1,0,1,2026-07-15T10:10:29.555799
73,6,5,0,0,0,2026-07-15T10:10:30.113926
73,6,6,0,0,0,2026-07-15T10:10:30.584233
73,6,7,0,0,0,2026-07-15T10:10:31.121617
73,6,8,0,0,0,2026-07-15T10:10:31.745883
73,6,9,1,0,1,2026-07-15T10:10:32.281849
73,6,10,0,0,0,2026-07-15T10:10:33.082394
73,7,1,4,0,4,2026-07-15T10:10:33.656066
73,7,2,4,0,4,2026-07-15T10:10:34.410170
73,7,3,4,0,4,2026-07-15T10:10:34.954040
73,7,4,4,0,4,2026-07-15T10:10:35.781444
73,7,5,4,0,4,2026-07-15T10:10:36.288464
73,7,6,4,0,4,2026-07-15T10:10:36.744520
73,7,7,4,0,4,2026-07-15T10:10:37.177773
73,7,8,4,0,4,2026-07-15T10:10:37.650139
73,7,9,4,0,4,2026-07-15T10:10:38.119362
73,7,10,4,0,4,2026-07-15T10:10:38.609190
73,8,1,2,0,2,2026-07-15T10:10:39.131720
73,8,2,2,0,2,2026-07-15T10:10:40.122162
73,8,3,2,0,2,2026-07-15T10:10:40.826295
73,8,4,2,0,2,2026-07-15T10:10:41.362348
73,8,5,2,0,2,2026-07-15T10:10:42.236159
73,8,6,2,0,2,2026-07-15T10:10:43.310532
73,8,7,2,0,2,2026-07-15T10:10:44.309429
73,8,8,2,0,2,2026-07-15T10:10:45.492877
73,8,9,2,0,2,2026-07-15T10:10:46.463968
73,8,10,2,0,2,2026-07-15T10:10:48.814477
73,9,1,4,0,4,2026-07-15T10:10:49.254029
73,9,2,4,0,4,2026-07-15T10:10:49.758597
73,9,3,4,0,4,2026-07-15T10:10:53.629896
73,9,4,4,0,4,2026-07-15T10:10:54.147373
73,9,5,4,0,4,2026-07-15T10:10:54.635211
73,9,6,4,0,4,2026-07-15T10:10:55.410784
73,9,7,4,0,4,2026-07-15T10:10:56.086335
73,9,8,4,0,4,2026-07-15T10:10:56.558813
73,9,9,4,0,4,2026-07-15T10:10:57.056247
73,9,10,4,0,4,2026-07-15T10:10:57.621057
74,1,1,4,0,4,2026-07-15T10:10:58.397272
74,1,2,4,0,4,2026-07-15T10:10:59.181264
74,1,3,4,0,4,2026-07-15T10:10:59.730853
74,1,4,4,0,4,2026-07-15T10:11:00.310064
74,1,5,4,0,4,2026-07-15T10:11:01.105186
74,1,6,4,0,4,2026-07-15T10:11:01.669343
74,1,7,4,0,4,2026-07-15T10:11:02.220352
74,1,8,4,0,4,2026-07-15T10:11:02.749637
74,1,9,4,0,4,2026-07-15T10:11:04.280914
74,1,10,4,0,4,2026-07-15T10:11:04.914299
74,2,1,2,0,2,2026-07-15T10:11:05.479139
74,2,2,2,0,2,2026-07-15T10:11:05.981510
74,2,3,2,0,2,2026-07-15T10:11:06.416333
74,2,4,2,0,2,2026-07-15T10:11:06.859753
74,2,5,2,0,2,2026-07-15T10:11:07.415312
74,2,6,2,0,2,2026-07-15T10:11:07.902547
74,2,7,2,0,2,2026-07-15T10:11:08.533341
74,2,8,2,0,2,2026-07-15T10:11:08.995154
74,2,9,2,0,2,2026-07-15T10:11:09.524486
74,2,10,2,0,2,2026-07-15T10:11:09.984332
74,3,1,4,0,4,2026-07-15T10:11:10.483571
74,3,2,4,0,4,2026-07-15T10:11:10.995201
74,3,3,4,0,4,2026-07-15T10:11:11.613964
74,3,4,4,0,4,2026-07-15T10:11:12.123316
74,3,5,4,0,4,2026-07-15T10:11:12.620952
74,3,6,4,0,4,2026-07-15T10:11:16.160715
74,3,7,4,0,4,2026-07-15T10:11:16.743220
74,3,8,4,0,4,2026-07-15T10:11:17.549963
74,3,9,4,0,4,2026-07-15T10:11:18.084068
74,3,10,4,0,4,2026-07-15T10:11:18.552170
74,4,1,2,0,2,2026-07-15T10:11:26.836100
74,4,2,2,0,2,2026-07-15T10:11:32.872094
74,4,3,2,0,2,2026-07-15T10:11:37.367546
74,4,4,2,0,2,2026-07-15T10:11:39.317639
74,4,5,2,0,2,2026-07-15T10:11:40.699042
74,4,6,2,0,2,2026-07-15T10:11:41.889609
74,4,7,2,0,2,2026-07-15T10:11:42.502836
74,4,8,2,0,2,2026-07-15T10:11:43.305899
74,4,9,2,0,2,2026-07-15T10:11:43.933800
74,4,10,2,0,2,2026-07-15T10:11:44.944480
74,5,1,4,0,4,2026-07-15T10:11:45.468980
74,5,2,4,0,4,2026-07-15T10:11:45.979615
74,5,3,4,0,4,2026-07-15T10:11:46.473004
74,5,4,4,0,4,2026-07-15T10:11:47.540304
74,5,5,4,0,4,2026-07-15T10:11:48.344945
74,5,6,4,0,4,2026-07-15T10:11:49.050745
74,5,7,4,0,4,2026-07-15T10:11:49.476840
74,5,8,4,0,4,2026-07-15T10:11:49.909154
74,5,9,4,0,4,2026-07-15T10:11:50.394398
74,5,10,4,0,4,2026-07-15T10:11:50.872661
74,6,1,0,0,0,2026-07-15T10:11:51.584730
74,6,2,0,0,0,2026-07-15T10:11:52.213573
74,6,3,0,0,0,2026-07-15T10:11:52.699573
74,6,4,0,0,0,2026-07-15T10:11:53.427192
74,6,5,0,0,0,2026-07-15T10:11:53.999766
74,6,6,0,0,0,2026-07-15T10:11:54.520959
74,6,7,0,0,0,2026-07-15T10:11:55.032912
74,6,8,0,0,0,2026-07-15T10:11:55.803204
74,6,9,0,0,0,2026-07-15T10:11:56.403306
74,6,10,0,0,0,2026-07-15T10:11:56.916354
74,7,1,4,0,4,2026-07-15T10:11:57.332873
74,7,2,4,0,4,2026-07-15T10:11:57.876560
74,7,3,4,0,4,2026-07-15T10:11:58.497719
74,7,4,4,0,4,2026-07-15T10:11:58.949180
74,7,5,4,0,4,2026-07-15T10:11:59.479460
74,7,6,4,0,4,2026-07-15T10:12:00.114592
74,7,7,4,0,4,2026-07-15T10:12:00.521772
74,7,8,4,0,4,2026-07-15T10:22:01.504101
74,7,9,4,0,4,2026-07-15T10:22:01.992140
74,7,10,4,0,4,2026-07-15T10:22:02.468679
74,8,1,2,0,2,2026-07-15T10:22:02.870524
74,8,2,2,0,2,2026-07-15T10:22:03.263924
74,8,3,3,0,3,2026-07-15T10:22:03.865325
74,8,4,2,0,2,2026-07-15T10:22:04.343798
74,8,5,2,0,2,2026-07-15T10:22:04.935552
74,8,6,2,0,2,2026-07-15T10:22:05.783824
74,8,7,2,0,2,2026-07-15T10:22:06.352983
74,8,8,2,0,2,2026-07-15T10:22:06.859336
74,8,9,2,0,2,2026-07-15T10:22:07.672396
74,8,10,2,0,2,2026-07-15T10:22:08.169426
74,9,1,4,0,4,2026-07-15T10:22:08.660306
74,9,2,4,0,4,2026-07-15T10:22:09.203134
74,9,3,4,0,4,2026-07-15T10:22:09.731706
74,9,4,4,0,4,2026-07-15T10:22:10.463770
74,9,5,4,0,4,2026-07-15T10:22:10.983651
74,9,6,4,0,4,2026-07-15T10:22:11.465256
74,9,7,4,0,4,2026-07-15T10:22:12.010308
74,9,8,4,0,4,2026-07-15T10:22:12.597544
74,9,9,4,0,4,2026-07-15T10:22:13.290282
74,9,10,4,0,4,2026-07-15T10:22:13.922483
75,1,1,5,0,5,2026-07-15T10:22:21.566008
75,1,2,5,0,5,2026-07-15T10:22:22.145850
75,1,3,5,0,5,2026-07-15T10:22:22.658866
75,1,4,5,0,5,2026-07-15T10:22:23.296995
75,1,5,5,0,5,2026-07-15T10:22:23.804733
75,1,6,5,0,5,2026-07-15T10:22:24.245175
75,1,7,5,0,5,2026-07-15T10:22:24.853236
75,1,8,5,0,5,2026-07-15T10:22:25.575231
75,1,9,5,0,5,2026-07-15T10:22:26.048392
75,1,10,5,0,5,2026-07-15T10:22:26.980978
75,2,1,0,0,0,2026-07-15T10:22:27.536023
75,2,2,0,0,0,2026-07-15T10:22:28.074555
75,2,3,0,0,0,2026-07-15T10:22:28.659485
75,2,4,0,0,0,2026-07-15T10:22:29.320384
75,2,5,0,0,0,2026-07-15T10:22:29.989264
75,2,6,0,0,0,2026-07-15T10:22:30.488482
75,2,7,0,0,0,2026-07-15T10:22:31.140331
75,2,8,0,0,0,2026-07-15T10:22:31.858810
75,2,9,0,0,0,2026-07-15T10:22:32.463462
75,2,10,0,0,0,2026-07-15T10:22:33.044221
75,3,1,5,0,5,2026-07-15T10:22:33.632670
75,3,2,5,0,5,2026-07-15T10:22:34.104417
75,3,3,5,0,5,2026-07-15T10:22:34.639526
75,3,4,5,0,5,2026-07-15T10:22:35.160357
75,3,5,5,0,5,2026-07-15T10:22:35.582617
75,3,6,5,0,5,2026-07-15T10:22:36.049423
75,3,7,5,0,5,2026-07-15T10:22:36.522896
75,3,8,5,0,5,2026-07-15T10:22:37.019775
75,3,9,5,0,5,2026-07-15T10:22:37.558367
75,3,10,5,0,5,2026-07-15T10:22:38.150000
75,4,1,0,0,0,2026-07-15T10:22:39.035775
75,4,2,0,0,0,2026-07-15T10:22:39.547985
75,4,3,0,0,0,2026-07-15T10:22:40.051812
75,4,4,0,0,0,2026-07-15T10:22:40.495434
75,4,5,0,0,0,2026-07-15T10:22:41.024415
75,4,6,0,0,0,2026-07-15T10:22:41.508823
75,4,7,0,0,0,2026-07-15T10:22:42.036775
75,4,8,0,0,0,2026-07-15T10:22:42.628209
75,4,9,0,0,0,2026-07-15T10:22:43.104685
75,4,10,0,0,0,2026-07-15T10:22:43.623580
75,5,1,5,0,5,2026-07-15T10:22:44.139523
75,5,2,5,0,5,2026-07-15T10:22:44.700336
75,5,3,5,0,5,2026-07-15T10:22:45.366377
75,5,4,5,0,5,2026-07-15T10:22:45.882535
75,5,5,5,0,5,2026-07-15T10:22:46.555663
75,5,6,5,0,5,2026-07-15T10:22:47.014059
75,5,7,5,0,5,2026-07-15T10:22:47.729060
75,5,8,5,0,5,2026-07-15T10:22:48.293803
75,5,9,5,0,5,2026-07-15T10:22:48.872024
75,5,10,5,0,5,2026-07-15T10:22:49.476817
75,6,1,0,0,0,2026-07-15T10:22:50.414989
75,6,2,0,0,0,2026-07-15T10:22:50.947580
75,6,3,0,0,0,2026-07-15T10:22:51.490309
75,6,4,0,0,0,2026-07-15T10:22:51.951422
75,6,5,0,0,0,2026-07-15T10:22:52.641118
75,6,6,0,0,0,2026-07-15T10:22:53.731818
75,6,7,0,0,0,2026-07-15T10:22:54.205809
75,6,8,0,0,0,2026-07-15T10:22:54.708404
75,6,9,0,0,0,2026-07-15T10:22:55.625587
75,6,10,0,0,0,2026-07-15T10:22:56.187042
75,7,1,5,0,5,2026-07-15T10:22:56.651826
75,7,2,5,0,5,2026-07-15T10:22:57.169848
75,7,3,5,0,5,2026-07-15T10:22:57.740971
75,7,4,5,0,5,2026-07-15T10:22:58.277027
75,7,5,5,0,5,2026-07-15T10:22:58.857376
75,7,6,5,0,5,2026-07-15T10:22:59.375295
75,7,7,5,0,5,2026-07-15T10:22:59.810059
75,7,8,5,0,5,2026-07-15T10:23:06.480508
75,7,9,5,0,5,2026-07-15T10:23:07.080049
75,7,10,5,0,5,2026-07-15T10:23:10.746885
75,8,1,0,0,0,2026-07-15T10:23:11.300315
75,8,2,0,0,0,2026-07-15T10:23:11.905566
75,8,3,0,0,0,2026-07-15T10:23:12.406824
75,8,4,0,0,0,2026-07-15T10:23:12.901477
75,8,5,0,0,0,2026-07-15T10:23:13.435792
75,8,6,0,0,0,2026-07-15T10:23:14.279480
75,8,7,0,0,0,2026-07-15T10:23:14.883051
75,8,8,0,0,0,2026-07-15T10:23:15.397604
75,8,9,0,0,0,2026-07-15T10:23:15.882998
75,8,10,0,0,0,2026-07-15T10:23:16.472085
75,9,1,5,0,5,2026-07-15T10:23:17.159641
75,9,2,5,0,5,2026-07-15T10:23:17.925937
75,9,3,5,0,5,2026-07-15T10:23:19.322033
75,9,4,5,0,5,2026-07-15T10:23:20.573122
75,9,5,5,0,5,2026-07-15T10:23:21.997055
75,9,6,5,0,5,2026-07-15T10:23:23.675976
75,9,7,5,0,5,2026-07-15T10:23:26.881008
75,9,8,5,0,5,2026-07-15T10:23:29.666227
75,9,9,5,0,5,2026-07-15T10:23:31.811769
75,9,10,5,0,5,2026-07-15T10:23:33.886593
76,1,1,5,0,5,2026-07-15T10:23:34.346790
76,1,2,4,0,4,2026-07-15T10:23:34.802023
76,1,3,5,0,5,2026-07-15T10:23:39.463304
76,1,4,4,0,4,2026-07-15T10:23:40.009225
76,1,5,5,0,5,2026-07-15T10:23:40.603911
76,1,6,5,0,5,2026-07-15T10:23:41.237307
76,1,7,4,0,4,2026-07-15T10:23:41.808549
76,1,8,5,0,5,2026-07-15T10:23:42.276752
76,1,9,4,0,4,2026-07-15T10:23:42.770776
76,1,10,4,0,4,2026-07-15T10:23:43.320392
76,2,1,0,0,0,2026-07-15T10:23:43.804169
76,2,2,0,0,0,2026-07-15T10:23:44.716501
76,2,3,0,0,0,2026-07-15T10:23:45.250887
76,2,4,0,0,0,2026-07-15T10:23:45.895596
76,2,5,0,0,0,2026-07-15T10:23:46.448952
76,2,6,0,0,0,2026-07-15T10:23:47.115002
76,2,7,0,0,0,2026-07-15T10:23:47.686365
76,2,8,0,0,0,2026-07-15T10:23:48.253418
76,2,9,0,0,0,2026-07-15T10:23:49.073636
76,2,10,0,0,0,2026-07-15T10:23:49.860921
76,3,1,5,0,5,2026-07-15T10:23:50.612394
76,3,2,5,0,5,2026-07-15T10:23:51.136794
76,3,3,4,0,4,2026-07-15T10:23:51.681413
76,3,4,4,0,4,2026-07-15T10:23:52.279386
76,3,5,5,0,5,2026-07-15T10:23:52.872165
76,3,6,5,0,5,2026-07-15T10:23:53.509421
76,3,7,4,0,4,2026-07-15T10:23:54.081060
76,3,8,5,0,5,2026-07-15T10:23:54.604096
76,3,9,5,0,5,2026-07-15T10:23:55.077906
76,3,10,4,0,4,2026-07-15T10:23:55.802580
76,4,1,0,0,0,2026-07-15T10:23:56.399400
76,4,2,0,0,0,2026-07-15T10:23:56.934895
76,4,3,0,0,0,2026-07-15T10:23:57.883087
76,4,4,0,0,0,2026-07-15T10:23:58.383642
76,4,5,0,0,0,2026-07-15T10:23:59.502123
76,4,6,0,0,0,2026-07-15T10:24:00.209454
76,4,7,0,0,0,2026-07-15T10:24:00.783316
76,4,8,0,0,0,2026-07-15T10:24:02.058813
76,4,9,0,0,0,2026-07-15T10:24:02.741196
76,4,10,0,0,0,2026-07-15T10:24:03.374685
76,5,1,5,0,5,2026-07-15T10:24:04.040452
76,5,2,4,0,4,2026-07-15T10:24:04.476972
76,5,3,5,0,5,2026-07-15T10:24:04.993713
76,5,4,5,0,5,2026-07-15T10:24:05.608498
76,5,5,5,0,5,2026-07-15T10:24:06.075475
76,5,6,4,0,4,2026-07-15T10:24:06.925481
76,5,7,4,0,4,2026-07-15T10:24:07.599838
76,5,8,5,0,5,2026-07-15T10:24:08.176922
76,5,9,5,0,5,2026-07-15T10:24:08.629210
76,5,10,4,0,4,2026-07-15T10:24:09.096567
76,6,1,0,0,0,2026-07-15T10:24:09.560771
76,6,2,0,0,0,2026-07-15T10:24:10.038862
76,6,3,0,0,0,2026-07-15T10:24:10.549292
76,6,4,0,0,0,2026-07-15T10:24:11.049959
76,6,5,0,0,0,2026-07-15T10:24:11.542098
76,6,6,0,0,0,2026-07-15T10:24:12.064602
76,6,7,0,0,0,2026-07-15T10:24:17.544794
76,6,8,0,0,0,2026-07-15T10:24:21.137946
76,6,9,0,0,0,2026-07-15T10:24:21.710413
76,6,10,0,0,0,2026-07-15T10:24:22.230202
76,7,1,5,0,5,2026-07-15T10:24:22.731188
76,7,2,5,0,5,2026-07-15T10:24:23.207070
76,7,3,5,0,5,2026-07-15T10:24:24.176694
76,7,4,5,0,5,2026-07-15T10:24:24.793987
76,7,5,5,0,5,2026-07-15T10:24:25.378548
76,7,6,5,0,5,2026-07-15T10:24:25.982238
76,7,7,5,0,5,2026-07-15T10:24:26.480241
76,7,8,5,0,5,2026-07-15T10:24:27.098648
76,7,9,5,0,5,2026-07-15T10:24:27.587384
76,7,10,5,0,5,2026-07-15T10:24:28.198547
76,8,1,1,0,1,2026-07-15T10:24:28.674796
76,8,2,1,0,1,2026-07-15T10:24:29.152346
76,8,3,1,0,1,2026-07-15T10:24:33.296999
76,8,4,1,0,1,2026-07-15T10:24:33.884041
76,8,5,0,0,0,2026-07-15T10:24:34.452908
76,8,6,1,0,1,2026-07-15T10:24:35.361268
76,8,7,1,0,1,2026-07-15T10:24:36.141757
76,8,8,0,0,0,2026-07-15T10:24:36.697027
76,8,9,0,0,0,2026-07-15T10:24:37.216742
76,8,10,1,0,1,2026-07-15T10:24:37.701147
76,9,1,5,0,5,2026-07-15T10:24:41.619346
76,9,2,5,0,5,2026-07-15T10:24:42.435808
76,9,3,5,0,5,2026-07-15T10:24:43.163445
76,9,4,5,0,5,2026-07-15T10:24:43.712623
76,9,5,5,0,5,2026-07-15T10:24:44.222861
76,9,6,5,0,5,2026-07-15T10:24:44.772926
76,9,7,5,0,5,2026-07-15T10:24:45.357324
76,9,8,5,0,5,2026-07-15T10:24:50.688231
76,9,9,5,0,5,2026-07-15T10:24:51.125197
76,9,10,5,0,5,2026-07-15T10:24:51.540128
77,1,1,4,0,4,2026-07-15T10:24:52.128732
77,1,2,4,0,4,2026-07-15T10:24:52.638194
77,1,3,4,0,4,2026-07-15T10:24:54.174615
77,1,4,4,0,4,2026-07-15T10:24:54.735624
77,1,5,4,0,4,2026-07-15T10:24:58.116352
77,1,6,4,0,4,2026-07-15T10:24:58.655789
77,1,7,4,0,4,2026-07-15T10:24:59.313796
77,1,8,4,0,4,2026-07-15T10:24:59.831963
77,1,9,4,0,4,2026-07-15T10:25:00.633232
77,1,10,4,0,4,2026-07-15T10:25:01.087769
77,2,1,0,0,0,2026-07-15T10:25:01.783375
77,2,2,0,0,0,2026-07-15T10:25:02.398185
77,2,3,0,0,0,2026-07-15T10:25:05.802642
77,2,4,0,0,0,2026-07-15T10:25:06.343736
77,2,5,0,0,0,2026-07-15T10:25:06.809040
77,2,6,0,0,0,2026-07-15T10:25:07.339225
77,2,7,0,0,0,2026-07-15T10:25:07.916678
77,2,8,0,0,0,2026-07-15T10:25:08.429437
77,2,9,0,0,0,2026-07-15T10:25:08.915534
77,2,10,0,0,0,2026-07-15T10:25:09.460739
77,3,1,4,0,4,2026-07-15T10:25:10.061454
77,3,2,4,0,4,2026-07-15T10:25:10.850322
77,3,3,4,0,4,2026-07-15T10:25:11.519424
77,3,4,4,0,4,2026-07-15T10:25:12.011791
77,3,5,4,0,4,2026-07-15T10:25:12.554484
77,3,6,4,0,4,2026-07-15T10:25:13.162060
77,3,7,4,0,4,2026-07-15T10:25:15.661826
77,3,8,4,0,4,2026-07-15T10:25:16.204340
77,3,9,4,0,4,2026-07-15T10:25:16.700820
77,3,10,4,0,4,2026-07-15T10:25:17.330201
77,4,1,0,0,0,2026-07-15T10:25:17.845025
77,4,2,0,0,0,2026-07-15T10:25:18.458720
77,4,3,0,0,0,2026-07-15T10:25:19.393270
77,4,4,2,0,2,2026-07-15T10:25:19.950965
77,4,5,2,0,2,2026-07-15T10:25:20.690923
77,4,6,0,0,0,2026-07-15T10:25:21.474063
77,4,7,2,0,2,2026-07-15T10:25:22.173335
77,4,8,2,0,2,2026-07-15T10:25:22.756147
77,4,9,2,0,2,2026-07-15T10:25:23.691341
77,4,10,2,0,2,2026-07-15T10:25:24.267834
77,5,1,4,0,4,2026-07-15T10:25:24.787017
77,5,2,4,0,4,2026-07-15T10:25:25.229599
77,5,3,4,0,4,2026-07-15T10:25:25.719723
77,5,4,4,0,4,2026-07-15T10:25:26.315196
77,5,5,4,0,4,2026-07-15T10:25:26.759963
77,5,6,4,0,4,2026-07-15T10:25:27.280623
77,5,7,4,0,4,2026-07-15T10:25:27.823370
77,5,8,4,0,4,2026-07-15T10:25:28.342791
77,5,9,4,0,4,2026-07-15T10:25:29.069904
77,5,10,4,0,4,2026-07-15T10:25:29.655125
77,6,1,0,0,0,2026-07-15T10:25:30.239835
77,6,2,0,0,0,2026-07-15T10:25:32.176170
77,6,3,0,0,0,2026-07-15T10:25:32.956620
77,6,4,0,0,0,2026-07-15T10:25:33.554336
77,6,5,0,0,0,2026-07-15T10:25:34.030723
77,6,6,0,0,0,2026-07-15T10:25:34.606634
77,6,7,0,0,0,2026-07-15T10:25:35.164286
77,6,8,0,0,0,2026-07-15T10:25:36.044133
77,6,9,0,0,0,2026-07-15T10:25:36.484761
77,6,10,0,0,0,2026-07-15T10:25:37.085039
77,7,1,4,0,4,2026-07-15T10:25:37.665685
77,7,2,4,0,4,2026-07-15T10:25:38.146848
77,7,3,4,0,4,2026-07-15T10:25:39.227446
77,7,4,4,0,4,2026-07-15T10:25:39.740109
77,7,5,4,0,4,2026-07-15T10:25:40.254815
77,7,6,4,0,4,2026-07-15T10:25:41.804605
77,7,7,4,0,4,2026-07-15T10:25:42.316251
77,7,8,4,0,4,2026-07-15T10:25:42.800777
77,7,9,4,0,4,2026-07-15T10:25:43.382742
77,7,10,4,0,4,2026-07-15T10:25:43.843457
77,8,1,2,0,2,2026-07-15T10:25:44.488862
77,8,2,2,0,2,2026-07-15T10:25:44.998504
77,8,3,2,0,2,2026-07-15T10:25:45.536898
77,8,4,2,0,2,2026-07-15T10:25:46.244613
77,8,5,2,0,2,2026-07-15T10:25:46.784719
77,8,6,2,0,2,2026-07-15T10:25:47.361652
77,8,7,2,0,2,2026-07-15T10:25:47.858226
77,8,8,2,0,2,2026-07-15T10:25:48.328563
77,8,9,2,0,2,2026-07-15T10:25:48.857778
77,8,10,2,0,2,2026-07-15T10:25:49.359444
77,9,1,4,0,4,2026-07-15T10:25:50.085796
77,9,2,4,0,4,2026-07-15T10:25:50.889868
77,9,3,4,0,4,2026-07-15T10:25:51.383228
77,9,4,4,0,4,2026-07-15T10:25:52.036374
77,9,5,4,0,4,2026-07-15T10:25:52.531437
77,9,6,4,0,4,2026-07-15T10:25:53.129626
77,9,7,4,0,4,2026-07-15T10:25:53.653627
77,9,8,4,0,4,2026-07-15T10:25:54.258538
77,9,9,4,0,4,2026-07-15T10:25:54.849749
77,9,10,4,0,4,2026-07-15T10:25:55.314544
78,1,1,3,0,3,2026-07-15T10:25:56.144031
78,1,2,3,0,3,2026-07-15T10:25:56.798622
78,1,3,2,0,2,2026-07-15T10:25:57.516104
78,1,4,3,0,3,2026-07-15T10:25:58.398261
78,1,5,3,0,3,2026-07-15T10:25:59.098554
78,1,6,3,0,3,2026-07-15T10:25:59.594487
78,1,7,2,0,2,2026-07-15T10:26:00.291769
78,1,8,3,0,3,2026-07-15T10:26:00.885995
78,1,9,2,0,2,2026-07-15T10:26:01.399163
78,1,10,2,0,2,2026-07-15T10:26:01.901616
78,2,1,2,0,2,2026-07-15T10:26:02.484022
78,2,2,2,0,2,2026-07-15T10:26:03.134384
78,2,3,2,0,2,2026-07-15T10:26:03.631590
78,2,4,2,0,2,2026-07-15T10:26:04.253954
78,2,5,2,0,2,2026-07-15T10:26:04.763160
78,2,6,2,0,2,2026-07-15T10:26:05.513680
78,2,7,2,0,2,2026-07-15T10:26:05.997818
78,2,8,2,0,2,2026-07-15T10:26:06.755685
78,2,9,2,0,2,2026-07-15T10:26:07.279564
78,2,10,2,0,2,2026-07-15T10:26:07.749893
78,3,1,4,0,4,2026-07-15T10:26:08.454190
78,3,2,4,0,4,2026-07-15T10:26:09.152163
78,3,3,4,0,4,2026-07-15T10:26:09.765661
78,3,4,3,0,3,2026-07-15T10:26:10.273976
78,3,5,3,0,3,2026-07-15T10:26:10.774276
78,3,6,4,0,4,2026-07-15T10:26:11.272915
78,3,7,4,0,4,2026-07-15T10:26:11.822601
78,3,8,3,0,3,2026-07-15T10:26:17.115112
78,3,9,4,0,4,2026-07-15T10:26:17.597687
78,3,10,4,0,4,2026-07-15T10:26:20.204100
78,4,1,1,0,1,2026-07-15T10:26:20.637952
78,4,2,2,0,2,2026-07-15T10:26:21.124944
78,4,3,1,0,1,2026-07-15T10:26:21.746788
78,4,4,2,0,2,2026-07-15T10:26:22.321860
78,4,5,2,0,2,2026-07-15T10:26:22.836582
78,4,6,2,0,2,2026-07-15T10:26:26.055314
78,4,7,2,0,2,2026-07-15T10:26:27.723949
78,4,8,2,0,2,2026-07-15T10:26:28.162375
78,4,9,2,0,2,2026-07-15T10:26:28.695432
78,4,10,2,0,2,2026-07-15T10:26:29.063597
78,5,1,4,0,4,2026-07-15T10:26:29.738487
78,5,2,4,0,4,2026-07-15T10:26:30.422644
78,5,3,4,0,4,2026-07-15T10:26:30.976901
78,5,4,4,0,4,2026-07-15T10:26:31.659698
78,5,5,4,0,4,2026-07-15T10:26:32.117372
78,5,6,4,0,4,2026-07-15T10:26:32.667625
78,5,7,4,0,4,2026-07-15T10:26:33.300845
78,5,8,4,0,4,2026-07-15T10:26:34.230356
78,5,9,4,0,4,2026-07-15T10:26:34.865223
78,5,10,4,0,4,2026-07-15T10:26:35.531702
78,6,1,0,0,0,2026-07-15T10:26:36.204173
78,6,2,0,0,0,2026-07-15T10:26:36.720961
78,6,3,1,0,1,2026-07-15T10:26:37.237222
78,6,4,1,0,1,2026-07-15T10:26:40.217135
78,6,5,1,0,1,2026-07-15T10:26:41.066472
78,6,6,1,0,1,2026-07-15T10:26:41.621270
78,6,7,0,0,0,2026-07-15T10:26:42.122630
78,6,8,1,0,1,2026-07-15T10:26:42.636509
78,6,9,1,0,1,2026-07-15T10:26:43.675334
78,6,10,0,0,0,2026-07-15T10:26:44.227940
78,7,1,4,0,4,2026-07-15T10:26:44.891217
78,7,2,4,0,4,2026-07-15T10:26:45.630463
78,7,3,4,0,4,2026-07-15T10:26:46.189485
78,7,4,4,0,4,2026-07-15T10:26:46.841098
78,7,5,4,0,4,2026-07-15T10:26:47.339699
78,7,6,4,0,4,2026-07-15T10:26:47.890969
78,7,7,4,0,4,2026-07-15T10:26:48.417966
78,7,8,4,0,4,2026-07-15T10:26:48.976550
78,7,9,4,0,4,2026-07-15T10:26:49.536361
78,7,10,4,0,4,2026-07-15T10:26:50.427339
78,8,1,2,0,2,2026-07-15T10:26:51.082728
78,8,2,2,0,2,2026-07-15T10:26:51.565868
78,8,3,2,0,2,2026-07-15T10:26:52.135606
78,8,4,2,0,2,2026-07-15T10:26:52.654442
78,8,5,2,0,2,2026-07-15T10:26:53.234898
78,8,6,2,0,2,2026-07-15T10:26:53.688621
78,8,7,2,0,2,2026-07-15T10:26:54.127501
78,8,8,2,0,2,2026-07-15T10:26:54.614800
78,8,9,2,0,2,2026-07-15T10:26:55.170687
78,8,10,2,0,2,2026-07-15T10:26:55.710978
78,9,1,4,0,4,2026-07-15T10:26:56.294581
78,9,2,4,0,4,2026-07-15T10:26:56.987673
78,9,3,4,0,4,2026-07-15T10:26:57.408165
78,9,4,4,0,4,2026-07-15T10:26:58.015996
78,9,5,4,0,4,2026-07-15T10:26:58.523606
78,9,6,4,0,4,2026-07-15T10:26:59.106925
78,9,7,4,0,4,2026-07-15T10:26:59.600702
78,9,8,4,0,4,2026-07-15T10:27:00.159059
78,9,9,4,0,4,2026-07-15T10:27:00.683285
78,9,10,4,0,4,2026-07-15T10:27:01.229866
79,1,1,4,0,4,2026-07-15T10:27:01.774292
79,1,2,4,0,4,2026-07-15T10:27:02.281343
79,1,3,4,0,4,2026-07-15T10:27:02.773455
79,1,4,4,0,4,2026-07-15T10:27:03.292925
79,1,5,4,0,4,2026-07-15T10:27:03.937937
79,1,6,4,0,4,2026-07-15T10:27:04.458482
79,1,7,4,0,4,2026-07-15T10:27:04.918502
79,1,8,4,0,4,2026-07-15T10:27:05.397480
79,1,9,4,0,4,2026-07-15T10:27:05.947534
79,1,10,4,0,4,2026-07-15T10:27:06.418944
79,2,1,2,0,2,2026-07-15T10:27:06.878749
79,2,2,2,0,2,2026-07-15T10:27:07.427534
79,2,3,2,0,2,2026-07-15T10:27:07.939578
79,2,4,2,0,2,2026-07-15T10:27:11.922311
79,2,5,2,0,2,2026-07-15T10:27:12.606879
79,2,6,2,0,2,2026-07-15T10:27:13.086723
79,2,7,2,0,2,2026-07-15T10:27:13.716104
79,2,8,2,0,2,2026-07-15T10:27:14.174660
79,2,9,2,0,2,2026-07-15T10:27:14.833142
79,2,10,2,0,2,2026-07-15T10:27:15.323428
79,3,1,4,0,4,2026-07-15T10:27:15.816411
79,3,2,4,0,4,2026-07-15T10:27:16.441324
79,3,3,4,0,4,2026-07-15T10:27:16.978387
79,3,4,4,0,4,2026-07-15T10:27:17.532626
79,3,5,4,0,4,2026-07-15T10:27:18.091612
79,3,6,4,0,4,2026-07-15T10:27:18.614508
79,3,7,4,0,4,2026-07-15T10:27:19.354007
79,3,8,4,0,4,2026-07-15T10:27:19.888585
79,3,9,4,0,4,2026-07-15T10:27:20.388570
79,3,10,4,0,4,2026-07-15T10:27:21.032377
79,4,1,2,0,2,2026-07-15T10:27:21.602826
79,4,2,2,0,2,2026-07-15T10:27:22.214917
79,4,3,2,0,2,2026-07-15T10:27:22.732031
79,4,4,2,0,2,2026-07-15T10:27:23.259500
79,4,5,2,0,2,2026-07-15T10:27:23.714679
79,4,6,2,0,2,2026-07-15T10:27:24.452374
79,4,7,2,0,2,2026-07-15T10:27:25.008917
79,4,8,2,0,2,2026-07-15T10:27:25.506185
79,4,9,2,0,2,2026-07-15T10:27:25.985382
79,4,10,2,0,2,2026-07-15T10:27:26.470663
79,5,1,4,0,4,2026-07-15T10:27:26.987905
79,5,2,4,0,4,2026-07-15T10:27:27.482149
79,5,3,4,0,4,2026-07-15T10:27:27.952023
79,5,4,4,0,4,2026-07-15T10:27:28.452469
79,5,5,4,0,4,2026-07-15T10:27:29.027562
79,5,6,4,0,4,2026-07-15T10:27:29.445170
79,5,7,4,0,4,2026-07-15T10:27:29.920747
79,5,8,4,0,4,2026-07-15T10:27:30.434610
79,5,9,4,0,4,2026-07-15T10:27:30.916402
79,5,10,4,0,4,2026-07-15T10:27:31.741876
79,6,1,2,0,2,2026-07-15T10:27:32.293125
79,6,2,2,0,2,2026-07-15T10:27:32.796663
79,6,3,2,0,2,2026-07-15T10:27:33.240353
79,6,4,2,0,2,2026-07-15T10:27:33.751496
79,6,5,2,0,2,2026-07-15T10:27:34.213440
79,6,6,2,0,2,2026-07-15T10:27:34.614242
79,6,7,2,0,2,2026-07-15T10:27:35.296175
79,6,8,2,0,2,2026-07-15T10:27:35.710170
79,6,9,2,0,2,2026-07-15T10:27:36.103048
79,6,10,2,0,2,2026-07-15T10:27:36.492806
79,7,1,4,0,4,2026-07-15T10:27:36.990183
79,7,2,4,0,4,2026-07-15T10:27:37.612237
79,7,3,4,0,4,2026-07-15T10:27:38.091364
79,7,4,4,0,4,2026-07-15T10:27:38.636361
79,7,5,4,0,4,2026-07-15T10:27:39.082538
79,7,6,4,0,4,2026-07-15T10:27:39.556569
79,7,7,4,0,4,2026-07-15T10:27:40.353994
79,7,8,4,0,4,2026-07-15T10:27:40.942180
79,7,9,4,0,4,2026-07-15T10:27:41.693896
79,7,10,4,0,4,2026-07-15T10:27:42.201858
79,8,1,3,0,3,2026-07-15T10:27:42.740518
79,8,2,3,0,3,2026-07-15T10:27:43.386994
79,8,3,3,0,3,2026-07-15T10:27:43.872931
79,8,4,3,0,3,2026-07-15T10:27:44.844939
79,8,5,3,0,3,2026-07-15T10:27:45.359987
79,8,6,2,0,2,2026-07-15T10:27:45.971543
79,8,7,3,0,3,2026-07-15T10:27:46.844814
79,8,8,2,0,2,2026-07-15T10:27:47.362419
79,8,9,3,0,3,2026-07-15T10:27:47.923241
79,8,10,2,0,2,2026-07-15T10:27:48.465695
79,9,1,4,0,4,2026-07-15T10:27:48.918956
79,9,2,4,0,4,2026-07-15T10:27:49.783684
79,9,3,4,0,4,2026-07-15T10:27:50.255974
79,9,4,4,0,4,2026-07-15T10:27:50.748711
79,9,5,4,0,4,2026-07-15T10:27:51.342632
79,9,6,4,0,4,2026-07-15T10:27:51.906837
79,9,7,4,0,4,2026-07-15T10:27:52.488852
79,9,8,4,0,4,2026-07-15T10:27:53.018970
79,9,9,4,0,4,2026-07-15T10:27:53.469944
79,9,10,4,0,4,2026-07-15T10:27:53.948524
80,1,1,2,0,2,2026-07-15T10:27:54.488777
80,1,2,2,0,2,2026-07-15T10:27:55.118630
80,1,3,2,0,2,2026-07-15T10:27:55.775617
80,1,4,2,0,2,2026-07-15T10:27:56.472646
80,1,5,2,0,2,2026-07-15T10:27:57.366743
80,1,6,2,0,2,2026-07-15T10:27:57.978248
80,1,7,2,0,2,2026-07-15T10:27:58.735942
80,1,8,2,0,2,2026-07-15T10:27:59.418170
80,1,9,2,0,2,2026-07-15T10:27:59.999498
80,1,10,2,0,2,2026-07-15T10:28:00.652626
80,2,1,0,0,0,2026-07-15T10:28:01.652291
80,2,2,0,0,0,2026-07-15T10:28:02.212612
80,2,3,0,0,0,2026-07-15T10:28:05.286158
80,2,4,0,0,0,2026-07-15T10:28:05.994141
80,2,5,0,0,0,2026-07-15T10:28:06.866289
80,2,6,0,0,0,2026-07-15T10:28:07.367589
80,2,7,0,0,0,2026-07-15T10:28:07.952336
80,2,8,0,0,0,2026-07-15T10:28:08.462287
80,2,9,0,0,0,2026-07-15T10:28:09.021986
80,2,10,0,0,0,2026-07-15T10:28:09.627648
80,3,1,4,0,4,2026-07-15T10:28:10.221154
80,3,2,4,0,4,2026-07-15T10:28:10.745890
80,3,3,4,0,4,2026-07-15T10:28:11.264294
80,3,4,4,0,4,2026-07-15T10:28:12.723436
80,3,5,4,0,4,2026-07-15T10:28:13.245095
80,3,6,4,0,4,2026-07-15T10:28:13.800257
80,3,7,4,0,4,2026-07-15T10:28:14.922926
80,3,8,4,0,4,2026-07-15T10:28:15.395884
80,3,9,4,0,4,2026-07-15T10:28:15.847349
80,3,10,4,0,4,2026-07-15T10:28:16.337562
80,4,1,0,0,0,2026-07-15T10:28:17.246402
80,4,2,0,0,0,2026-07-15T10:28:17.749674
80,4,3,0,0,0,2026-07-15T10:28:18.572598
80,4,4,0,0,0,2026-07-15T10:28:19.137312
80,4,5,0,0,0,2026-07-15T10:28:19.682300
80,4,6,0,0,0,2026-07-15T10:28:20.193733
80,4,7,0,0,0,2026-07-15T10:28:20.848203
80,4,8,0,0,0,2026-07-15T10:28:21.395225
80,4,9,0,0,0,2026-07-15T10:28:22.299404
80,4,10,0,0,0,2026-07-15T10:28:22.891040
80,5,1,4,0,4,2026-07-15T10:28:23.528223
80,5,2,4,0,4,2026-07-15T10:28:23.994391
80,5,3,4,0,4,2026-07-15T10:28:24.417800
80,5,4,4,0,4,2026-07-15T10:28:25.029609
80,5,5,4,0,4,2026-07-15T10:28:25.505163
80,5,6,4,0,4,2026-07-15T10:28:25.979107
80,5,7,4,0,4,2026-07-15T10:28:27.133996
80,5,8,4,0,4,2026-07-15T10:28:27.675675
80,5,9,4,0,4,2026-07-15T10:28:28.118649
80,5,10,4,0,4,2026-07-15T10:28:28.740188
80,6,1,0,0,0,2026-07-15T10:28:29.402957
80,6,2,0,0,0,2026-07-15T10:28:29.936225
80,6,3,0,0,0,2026-07-15T10:28:30.563289
80,6,4,0,0,0,2026-07-15T10:28:31.136437
80,6,5,0,0,0,2026-07-15T10:28:31.614993
80,6,6,0,0,0,2026-07-15T10:28:32.451812
80,6,7,0,0,0,2026-07-15T10:28:32.968405
80,6,8,0,0,0,2026-07-15T10:28:33.808099
80,6,9,0,0,0,2026-07-15T10:28:34.416684
80,6,10,0,0,0,2026-07-15T10:28:34.948776
80,7,1,5,0,5,2026-07-15T10:28:35.749255
80,7,2,4,0,4,2026-07-15T10:28:36.627023
80,7,3,5,0,5,2026-07-15T10:28:37.239303
80,7,4,5,0,5,2026-07-15T10:28:38.004808
80,7,5,5,0,5,2026-07-15T10:28:38.604713
80,7,6,5,0,5,2026-07-15T10:28:39.322818
80,7,7,5,0,5,2026-07-15T10:28:40.020247
80,7,8,4,0,4,2026-07-15T10:28:40.871177
80,7,9,4,0,4,2026-07-15T10:28:41.713973
80,7,10,4,0,4,2026-07-15T10:28:42.466123
80,8,1,1,0,1,2026-07-15T10:28:42.933003
80,8,2,1,0,1,2026-07-15T10:28:43.603461
80,8,3,1,0,1,2026-07-15T10:28:44.142757
80,8,4,1,0,1,2026-07-15T10:28:44.629312
80,8,5,1,0,1,2026-07-15T10:28:45.097744
80,8,6,1,0,1,2026-07-15T10:28:45.590855
80,8,7,1,0,1,2026-07-15T10:28:46.251570
80,8,8,1,0,1,2026-07-15T10:28:46.884852
80,8,9,1,0,1,2026-07-15T10:28:47.346940
80,8,10,1,0,1,2026-07-15T10:28:47.873611
80,9,1,4,0,4,2026-07-15T10:28:48.380145
80,9,2,4,0,4,2026-07-15T10:28:48.976400
80,9,3,4,0,4,2026-07-15T10:28:49.457944
80,9,4,4,0,4,2026-07-15T10:28:49.889525
80,9,5,4,0,4,2026-07-15T10:28:50.335110
80,9,6,4,0,4,2026-07-15T10:28:50.844998
80,9,7,4,0,4,2026-07-15T10:28:51.406717
80,9,8,4,0,4,2026-07-15T10:28:52.022854
80,9,9,4,0,4,2026-07-15T10:28:52.609970
80,9,10,4,0,4,2026-07-15T10:28:53.307177
81,1,1,2,0,2,2026-07-15T10:28:54.589324
81,1,2,2,0,2,2026-07-15T10:28:56.095543
81,1,3,2,0,2,2026-07-15T10:28:57.743128
81,1,4,2,0,2,2026-07-15T10:28:59.598133
81,1,5,2,0,2,2026-07-15T10:29:01.290864
81,1,6,2,0,2,2026-07-15T10:29:02.153147
81,1,7,2,0,2,2026-07-15T10:29:02.939056
81,1,8,2,0,2,2026-07-15T10:29:03.581930
81,1,9,2,0,2,2026-07-15T10:29:07.386465
81,1,10,2,0,2,2026-07-15T10:29:07.879974
81,2,1,1,0,1,2026-07-15T10:29:08.626371
81,2,2,1,0,1,2026-07-15T10:29:09.542038
81,2,3,1,0,1,2026-07-15T10:29:10.391392
81,2,4,1,0,1,2026-07-15T10:29:10.932661
81,2,5,1,0,1,2026-07-15T10:29:11.401793
81,2,6,1,0,1,2026-07-15T10:29:11.901848
81,2,7,1,0,1,2026-07-15T10:29:12.556334
81,2,8,1,0,1,2026-07-15T10:29:13.095566
81,2,9,1,0,1,2026-07-15T10:29:13.767269
81,2,10,1,0,1,2026-07-15T10:29:14.347702
81,3,1,2,0,2,2026-07-15T10:29:14.863084
81,3,2,2,0,2,2026-07-15T10:29:15.466954
81,3,3,2,0,2,2026-07-15T10:29:16.023432
81,3,4,2,0,2,2026-07-15T10:29:16.525014
81,3,5,2,0,2,2026-07-15T10:29:17.012335
81,3,6,2,0,2,2026-07-15T10:29:17.654333
81,3,7,2,0,2,2026-07-15T10:29:18.235177
81,3,8,2,0,2,2026-07-15T10:29:19.897159
81,3,9,2,0,2,2026-07-15T10:29:20.673942
81,3,10,2,0,2,2026-07-15T10:29:23.432907
81,4,1,1,0,1,2026-07-15T10:29:24.495870
81,4,2,1,0,1,2026-07-15T10:29:25.013984
81,4,3,1,0,1,2026-07-15T10:29:25.536703
81,4,4,1,0,1,2026-07-15T10:29:26.122401
81,4,5,1,0,1,2026-07-15T10:29:26.585743
81,4,6,1,0,1,2026-07-15T10:29:27.541345
81,4,7,1,0,1,2026-07-15T10:29:28.055168
81,4,8,1,0,1,2026-07-15T10:29:29.255083
81,4,9,1,0,1,2026-07-15T10:29:29.789795
81,4,10,1,0,1,2026-07-15T10:29:30.390564
81,5,1,2,0,2,2026-07-15T10:29:30.942442
81,5,2,2,0,2,2026-07-15T10:29:31.468650
81,5,3,2,0,2,2026-07-15T10:29:32.145518
81,5,4,2,0,2,2026-07-15T10:29:32.633932
81,5,5,2,0,2,2026-07-15T10:29:33.452809
81,5,6,2,0,2,2026-07-15T10:29:34.077233
81,5,7,2,0,2,2026-07-15T10:29:34.568069
81,5,8,2,0,2,2026-07-15T10:29:43.511988
81,5,9,2,0,2,2026-07-15T10:29:44.285479
81,5,10,2,0,2,2026-07-15T10:29:44.782336
81,6,1,1,0,1,2026-07-15T10:29:45.452253
81,6,2,1,0,1,2026-07-15T10:29:45.965752
81,6,3,1,0,1,2026-07-15T10:29:46.531954
81,6,4,1,0,1,2026-07-15T10:29:47.043196
81,6,5,1,0,1,2026-07-15T10:29:47.579518
81,6,6,1,0,1,2026-07-15T10:29:48.043775
81,6,7,1,0,1,2026-07-15T10:29:48.713515
81,6,8,1,0,1,2026-07-15T10:29:49.214835
81,6,9,1,0,1,2026-07-15T10:29:49.914195
81,6,10,1,0,1,2026-07-15T10:29:50.535272
81,7,1,3,0,3,2026-07-15T10:29:51.013268
81,7,2,3,0,3,2026-07-15T10:29:51.544731
81,7,3,3,0,3,2026-07-15T10:29:52.164488
81,7,4,3,0,3,2026-07-15T10:29:52.670122
81,7,5,3,0,3,2026-07-15T10:29:53.149718
81,7,6,3,0,3,2026-07-15T10:29:53.909765
81,7,7,3,0,3,2026-07-15T10:29:54.429450
81,7,8,3,0,3,2026-07-15T10:29:55.102689
81,7,9,3,0,3,2026-07-15T10:29:55.680911
81,7,10,3,0,3,2026-07-15T10:29:56.169718
81,8,1,2,0,2,2026-07-15T10:29:56.664839
81,8,2,2,0,2,2026-07-15T10:29:57.176115
81,8,3,2,0,2,2026-07-15T10:29:57.648615
81,8,4,2,0,2,2026-07-15T10:30:04.465126
81,8,5,2,0,2,2026-07-15T10:30:05.043827
81,8,6,2,0,2,2026-07-15T10:30:05.975502
81,8,7,2,0,2,2026-07-15T10:30:06.588027
81,8,8,2,0,2,2026-07-15T10:30:07.261920
81,8,9,2,0,2,2026-07-15T10:30:07.807022
81,8,10,2,0,2,2026-07-15T10:30:08.565931
81,9,1,3,0,3,2026-07-15T10:30:09.118585
81,9,2,3,0,3,2026-07-15T10:30:09.689023
81,9,3,3,0,3,2026-07-15T10:30:10.390691
81,9,4,3,0,3,2026-07-15T10:30:11.486335
81,9,5,3,0,3,2026-07-15T10:30:12.033241
81,9,6,3,0,3,2026-07-15T10:30:12.572740
81,9,7,3,0,3,2026-07-15T10:30:13.035506
81,9,8,3,0,3,2026-07-15T10:30:13.635970
81,9,9,4,0,4,2026-07-15T10:30:14.141006
81,9,10,3,0,3,2026-07-15T10:30:16.814156
82,1,1,3,0,3,2026-07-15T10:30:17.325213
82,1,2,3,0,3,2026-07-15T10:30:19.331565
82,1,3,3,0,3,2026-07-15T10:30:20.108337
82,1,4,3,0,3,2026-07-15T10:30:20.572169
82,1,5,3,0,3,2026-07-15T10:30:21.026074
82,1,6,3,0,3,2026-07-15T10:30:24.560888
82,1,7,3,0,3,2026-07-15T10:30:25.149009
82,1,8,3,0,3,2026-07-15T10:30:25.799968
82,1,9,3,0,3,2026-07-15T10:30:26.298899
82,1,10,3,0,3,2026-07-15T10:30:27.235826
82,2,1,0,0,0,2026-07-15T10:30:28.118236
82,2,2,0,0,0,2026-07-15T10:30:28.782840
82,2,3,1,0,1,2026-07-15T10:30:29.381977
82,2,4,1,0,1,2026-07-15T10:30:30.172896
82,2,5,0,0,0,2026-07-15T10:30:30.603407
82,2,6,0,0,0,2026-07-15T10:30:31.800322
82,2,7,2,0,2,2026-07-15T10:30:32.275555
82,2,8,0,0,0,2026-07-15T10:30:32.794146
82,2,9,0,0,0,2026-07-15T10:30:33.202192
82,2,10,0,0,0,2026-07-15T10:30:33.712733
82,3,1,3,0,3,2026-07-15T10:30:34.448973
82,3,2,3,0,3,2026-07-15T10:30:35.821851
82,3,3,3,0,3,2026-07-15T10:30:36.584151
82,3,4,3,0,3,2026-07-15T10:30:37.500473
82,3,5,3,0,3,2026-07-15T10:30:38.071665
82,3,6,3,0,3,2026-07-15T10:30:38.621818
82,3,7,3,0,3,2026-07-15T10:30:39.172238
82,3,8,3,0,3,2026-07-15T10:30:39.712698
82,3,9,2,0,2,2026-07-15T10:30:40.432569
82,3,10,3,0,3,2026-07-15T10:30:40.960975
82,4,1,2,0,2,2026-07-15T10:30:41.656734
82,4,2,2,0,2,2026-07-15T10:30:42.418809
82,4,3,2,0,2,2026-07-15T10:30:43.395548
82,4,4,2,0,2,2026-07-15T10:30:43.886781
82,4,5,2,0,2,2026-07-15T10:30:44.375249
82,4,6,2,0,2,2026-07-15T10:30:44.898436
82,4,7,2,0,2,2026-07-15T10:30:45.407492
82,4,8,2,0,2,2026-07-15T10:30:46.253956
82,4,9,2,0,2,2026-07-15T10:30:46.754480
82,4,10,2,0,2,2026-07-15T10:30:47.265018
82,5,1,3,0,3,2026-07-15T10:30:48.014924
82,5,2,3,0,3,2026-07-15T10:30:48.617868
82,5,3,3,0,3,2026-07-15T10:30:49.178984
82,5,4,3,0,3,2026-07-15T10:30:49.917540
82,5,5,3,0,3,2026-07-15T10:30:51.351903
82,5,6,3,0,3,2026-07-15T10:30:52.041260
82,5,7,3,0,3,2026-07-15T10:30:53.694770
82,5,8,3,0,3,2026-07-15T10:30:54.282180
82,5,9,3,0,3,2026-07-15T10:30:54.776749
82,5,10,3,0,3,2026-07-15T10:30:55.318743
82,6,1,0,0,0,2026-07-15T10:30:55.881559
82,6,2,0,0,0,2026-07-15T10:30:56.675914
82,6,3,0,0,0,2026-07-15T10:30:57.191344
82,6,4,0,0,0,2026-07-15T10:30:57.752112
82,6,5,0,0,0,2026-07-15T10:30:58.247533
82,6,6,0,0,0,2026-07-15T10:30:59.047822
82,6,7,0,0,0,2026-07-15T10:30:59.704562
82,6,8,0,0,0,2026-07-15T10:31:00.473210
82,6,9,2,0,2,2026-07-15T10:31:06.971936
82,6,10,0,0,0,2026-07-15T10:31:07.477498
82,7,1,4,0,4,2026-07-15T10:31:07.947934
82,7,2,4,0,4,2026-07-15T10:31:08.456919
82,7,3,4,0,4,2026-07-15T10:31:09.241678
82,7,4,4,0,4,2026-07-15T10:31:09.913865
82,7,5,4,0,4,2026-07-15T10:31:10.407279
82,7,6,4,0,4,2026-07-15T10:31:11.091360
82,7,7,4,0,4,2026-07-15T10:31:12.520365
82,7,8,4,0,4,2026-07-15T10:31:13.062525
82,7,9,4,0,4,2026-07-15T10:31:13.649760
82,7,10,4,0,4,2026-07-15T10:31:14.217975
82,8,1,2,0,2,2026-07-15T10:31:14.699393
82,8,2,2,0,2,2026-07-15T10:31:17.539460
82,8,3,2,0,2,2026-07-15T10:31:19.096432
82,8,4,2,0,2,2026-07-15T10:31:19.667254
82,8,5,2,0,2,2026-07-15T10:31:20.249527
82,8,6,2,0,2,2026-07-15T10:31:21.012097
82,8,7,2,0,2,2026-07-15T10:31:21.536972
82,8,8,2,0,2,2026-07-15T10:31:22.141362
82,8,9,2,0,2,2026-07-15T10:31:22.772246
82,8,10,2,0,2,2026-07-15T10:31:23.814525
82,9,1,4,0,4,2026-07-15T10:31:24.268488
82,9,2,4,0,4,2026-07-15T10:31:24.973710
82,9,3,4,0,4,2026-07-15T10:31:29.452619
82,9,4,4,0,4,2026-07-15T10:31:30.127049
82,9,5,4,0,4,2026-07-15T10:31:30.601587
82,9,6,4,0,4,2026-07-15T10:31:31.184161
82,9,7,4,0,4,2026-07-15T10:31:32.099374
82,9,8,4,0,4,2026-07-15T10:31:32.590031
82,9,9,4,0,4,2026-07-15T10:31:33.107528
82,9,10,4,0,4,2026-07-15T10:31:33.782624
83,1,1,3,0,3,2026-07-15T10:31:34.580133
83,1,2,3,0,3,2026-07-15T10:31:35.282310
83,1,3,3,0,3,2026-07-15T10:31:39.436894
83,1,4,3,0,3,2026-07-15T10:31:39.951225
83,1,5,3,0,3,2026-07-15T10:31:40.474385
83,1,6,3,0,3,2026-07-15T10:31:41.230194
83,1,7,3,0,3,2026-07-15T10:31:41.704501
83,1,8,3,0,3,2026-07-15T10:31:42.239558
83,1,9,3,0,3,2026-07-15T10:31:50.428643
83,1,10,3,0,3,2026-07-15T10:31:50.932797
83,2,1,2,0,2,2026-07-15T10:31:51.443188
83,2,2,2,0,2,2026-07-15T10:31:52.378010
83,2,3,2,0,2,2026-07-15T10:31:52.894089
83,2,4,2,0,2,2026-07-15T10:31:53.644987
83,2,5,2,0,2,2026-07-15T10:31:54.204964
83,2,6,2,0,2,2026-07-15T10:31:58.193863
83,2,7,2,0,2,2026-07-15T10:31:58.786840
83,2,8,2,0,2,2026-07-15T10:31:59.283973
83,2,9,2,0,2,2026-07-15T10:31:59.966206
83,2,10,2,0,2,2026-07-15T10:32:00.457428
83,3,1,4,0,4,2026-07-15T10:32:01.005999
83,3,2,4,0,4,2026-07-15T10:32:01.524226
83,3,3,4,0,4,2026-07-15T10:32:02.022109
83,3,4,4,0,4,2026-07-15T10:32:02.963199
83,3,5,4,0,4,2026-07-15T10:32:09.767260
83,3,6,4,0,4,2026-07-15T10:32:10.423513
83,3,7,4,0,4,2026-07-15T10:32:10.990722
83,3,8,4,0,4,2026-07-15T10:32:11.448966
83,3,9,4,0,4,2026-07-15T10:32:12.240695
83,3,10,4,0,4,2026-07-15T10:32:13.018550
83,4,1,2,0,2,2026-07-15T10:32:13.578110
83,4,2,2,0,2,2026-07-15T10:32:14.059907
83,4,3,2,0,2,2026-07-15T10:32:14.814757
83,4,4,2,0,2,2026-07-15T10:32:15.450069
83,4,5,2,0,2,2026-07-15T10:32:16.086934
83,4,6,2,0,2,2026-07-15T10:32:16.634638
83,4,7,2,0,2,2026-07-15T10:32:17.334621
83,4,8,2,0,2,2026-07-15T10:32:18.094739
83,4,9,2,0,2,2026-07-15T10:32:18.766819
83,4,10,2,0,2,2026-07-15T10:32:19.391258
83,5,1,4,0,4,2026-07-15T10:32:20.084072
83,5,2,4,0,4,2026-07-15T10:32:20.697613
83,5,3,4,0,4,2026-07-15T10:32:21.321682
83,5,4,4,0,4,2026-07-15T10:32:21.877476
83,5,5,4,0,4,2026-07-15T10:32:22.492217
83,5,6,4,0,4,2026-07-15T10:32:23.073508
83,5,7,4,0,4,2026-07-15T10:32:23.976771
83,5,8,4,0,4,2026-07-15T10:32:24.607387
83,5,9,4,0,4,2026-07-15T10:32:25.119012
83,5,10,4,0,4,2026-07-15T10:32:25.808435
83,6,1,1,0,1,2026-07-15T10:32:26.217550
83,6,2,1,0,1,2026-07-15T10:32:26.686412
83,6,3,1,0,1,2026-07-15T10:32:27.197061
83,6,4,1,0,1,2026-07-15T10:32:27.633235
83,6,5,1,0,1,2026-07-15T10:32:28.245837
83,6,6,1,0,1,2026-07-15T10:32:28.677562
83,6,7,1,0,1,2026-07-15T10:32:29.174216
83,6,8,1,0,1,2026-07-15T10:32:29.731875
83,6,9,1,0,1,2026-07-15T10:32:30.128671
83,6,10,1,0,1,2026-07-15T10:32:31.565922
83,7,1,4,0,4,2026-07-15T10:32:32.077728
83,7,2,4,0,4,2026-07-15T10:32:32.744603
83,7,3,4,0,4,2026-07-15T10:32:33.677073
83,7,4,4,0,4,2026-07-15T10:32:34.260260
83,7,5,4,0,4,2026-07-15T10:32:34.863453
83,7,6,4,0,4,2026-07-15T10:32:35.407084
83,7,7,4,0,4,2026-07-15T10:32:35.889678
83,7,8,4,0,4,2026-07-15T10:32:36.729101
83,7,9,4,0,4,2026-07-15T10:32:37.186185
83,7,10,4,0,4,2026-07-15T10:32:37.720769
83,8,1,2,0,2,2026-07-15T10:32:38.212880
83,8,2,2,0,2,2026-07-15T10:32:38.767124
83,8,3,2,0,2,2026-07-15T10:32:39.559711
83,8,4,2,0,2,2026-07-15T10:32:40.256156
83,8,5,2,0,2,2026-07-15T10:32:40.794000
83,8,6,2,0,2,2026-07-15T10:32:41.339900
83,8,7,2,0,2,2026-07-15T10:32:41.935612
83,8,8,2,0,2,2026-07-15T10:32:42.572415
83,8,9,2,0,2,2026-07-15T10:32:43.190107
83,8,10,2,0,2,2026-07-15T10:32:43.770929
83,9,1,4,0,4,2026-07-15T10:32:44.298626
83,9,2,4,0,4,2026-07-15T10:32:44.778542
83,9,3,4,0,4,2026-07-15T10:32:45.349005
83,9,4,4,0,4,2026-07-15T10:32:46.236758
83,9,5,4,0,4,2026-07-15T10:32:46.718428
83,9,6,4,0,4,2026-07-15T10:32:47.204215
83,9,7,4,0,4,2026-07-15T10:32:47.699887
83,9,8,4,0,4,2026-07-15T10:32:48.171273
83,9,9,4,0,4,2026-07-15T10:32:48.853942
83,9,10,4,0,4,2026-07-15T10:32:49.399526
84,1,1,3,0,3,2026-07-15T10:32:49.971411
84,1,2,4,0,4,2026-07-15T10:32:50.707635
84,1,3,3,0,3,2026-07-15T10:32:51.312252
84,1,4,3,0,3,2026-07-15T10:32:51.888301
84,1,5,4,0,4,2026-07-15T10:32:52.376260
84,1,6,4,0,4,2026-07-15T10:32:52.843722
84,1,7,4,0,4,2026-07-15T10:32:53.495421
84,1,8,4,0,4,2026-07-15T10:32:54.135807
84,1,9,3,0,3,2026-07-15T10:32:55.053958
84,1,10,4,0,4,2026-07-15T10:32:55.582269
84,2,1,2,0,2,2026-07-15T10:32:56.093935
84,2,2,2,0,2,2026-07-15T10:32:56.604334
84,2,3,2,0,2,2026-07-15T10:32:57.131612
84,2,4,2,0,2,2026-07-15T10:32:57.611630
84,2,5,2,0,2,2026-07-15T10:32:58.486103
84,2,6,2,0,2,2026-07-15T10:32:59.336654
84,2,7,2,0,2,2026-07-15T10:32:59.827556
84,2,8,2,0,2,2026-07-15T10:33:00.269149
84,2,9,2,0,2,2026-07-15T10:33:00.718200
84,2,10,2,0,2,2026-07-15T10:33:01.322528
84,3,1,4,0,4,2026-07-15T10:33:02.254777
84,3,2,4,0,4,2026-07-15T10:33:02.778207
84,3,3,4,0,4,2026-07-15T10:33:03.560836
84,3,4,4,0,4,2026-07-15T10:33:04.093076
84,3,5,4,0,4,2026-07-15T10:33:04.663017
84,3,6,4,0,4,2026-07-15T10:33:05.397127
84,3,7,4,0,4,2026-07-15T10:33:06.026456
84,3,8,4,0,4,2026-07-15T10:33:06.647360
84,3,9,4,0,4,2026-07-15T10:33:07.121865
84,3,10,4,0,4,2026-07-15T10:33:07.579487
84,4,1,2,0,2,2026-07-15T10:33:08.136339
84,4,2,2,0,2,2026-07-15T10:33:08.615567
84,4,3,2,0,2,2026-07-15T10:33:09.441640
84,4,4,2,0,2,2026-07-15T10:33:09.912181
84,4,5,2,0,2,2026-07-15T10:33:10.671050
84,4,6,2,0,2,2026-07-15T10:33:11.151684
84,4,7,2,0,2,2026-07-15T10:33:11.696296
84,4,8,2,0,2,2026-07-15T10:33:13.282958
84,4,9,2,0,2,2026-07-15T10:33:13.896299
84,4,10,2,0,2,2026-07-15T10:33:14.512395
84,5,1,4,0,4,2026-07-15T10:33:15.081235
84,5,2,4,0,4,2026-07-15T10:33:15.606039
84,5,3,4,0,4,2026-07-15T10:33:16.147237
84,5,4,4,0,4,2026-07-15T10:33:16.611064
84,5,5,4,0,4,2026-07-15T10:33:17.212640
84,5,6,4,0,4,2026-07-15T10:33:17.790142
84,5,7,3,0,3,2026-07-15T10:33:18.698220
84,5,8,4,0,4,2026-07-15T10:33:19.264489
84,5,9,4,0,4,2026-07-15T10:33:19.842054
84,5,10,4,0,4,2026-07-15T10:33:20.637823
84,6,1,2,0,2,2026-07-15T10:33:21.063587
84,6,2,2,0,2,2026-07-15T10:33:21.529557
84,6,3,2,0,2,2026-07-15T10:33:22.011108
84,6,4,2,0,2,2026-07-15T10:33:22.520356
84,6,5,2,0,2,2026-07-15T10:33:23.013084
84,6,6,2,0,2,2026-07-15T10:33:23.763721
84,6,7,2,0,2,2026-07-15T10:33:24.237731
84,6,8,2,0,2,2026-07-15T10:33:24.709711
84,6,9,2,0,2,2026-07-15T10:33:25.171039
84,6,10,2,0,2,2026-07-15T10:33:25.722270
84,7,1,4,0,4,2026-07-15T10:33:26.314174
84,7,2,4,0,4,2026-07-15T10:33:26.780025
84,7,3,4,0,4,2026-07-15T10:33:27.289499
84,7,4,4,0,4,2026-07-15T10:33:28.031268
84,7,5,4,0,4,2026-07-15T10:33:28.531048
84,7,6,4,0,4,2026-07-15T10:33:30.146813
84,7,7,4,0,4,2026-07-15T10:33:30.840008
84,7,8,4,0,4,2026-07-15T10:33:31.380802
84,7,9,4,0,4,2026-07-15T10:33:32.169726
84,7,10,4,0,4,2026-07-15T10:33:32.673014
84,8,1,2,0,2,2026-07-15T10:33:33.203113
84,8,2,2,0,2,2026-07-15T10:33:33.686202
84,8,3,2,0,2,2026-07-15T10:33:34.166294
84,8,4,2,0,2,2026-07-15T10:33:34.686928
84,8,5,2,0,2,2026-07-15T10:33:35.496526
84,8,6,2,0,2,2026-07-15T10:33:36.480516
84,8,7,2,0,2,2026-07-15T10:33:36.944065
84,8,8,2,0,2,2026-07-15T10:33:37.540390
84,8,9,2,0,2,2026-07-15T10:33:38.212832
84,8,10,2,0,2,2026-07-15T10:33:38.693845
84,9,1,4,0,4,2026-07-15T10:33:39.474849
84,9,2,4,0,4,2026-07-15T10:33:40.121156
84,9,3,4,0,4,2026-07-15T10:33:40.667535
84,9,4,4,0,4,2026-07-15T10:33:41.114765
84,9,5,4,0,4,2026-07-15T10:33:41.999221
84,9,6,4,0,4,2026-07-15T10:33:42.622367
84,9,7,4,0,4,2026-07-15T10:33:43.199262
84,9,8,4,0,4,2026-07-15T10:33:43.864918
84,9,9,4,0,4,2026-07-15T10:33:44.424737
84,9,10,4,0,4,2026-07-15T10:33:44.970988
85,1,1,3,0,3,2026-07-15T10:33:45.447478
85,1,2,3,0,3,2026-07-15T10:33:45.953915
85,1,3,4,0,4,2026-07-15T10:33:46.478066
85,1,4,4,0,4,2026-07-15T10:33:47.160492
85,1,5,3,0,3,2026-07-15T10:33:47.698315
85,1,6,3,0,3,2026-07-15T10:33:48.155734
85,1,7,4,0,4,2026-07-15T10:33:48.651129
85,1,8,3,0,3,2026-07-15T10:33:49.179853
85,1,9,3,0,3,2026-07-15T10:33:49.949208
85,1,10,4,0,4,2026-07-15T10:33:50.442981
85,2,1,2,0,2,2026-07-15T10:33:51.234067
85,2,2,2,0,2,2026-07-15T10:33:52.002769
85,2,3,2,0,2,2026-07-15T10:33:52.446103
85,2,4,2,0,2,2026-07-15T10:33:52.890564
85,2,5,2,0,2,2026-07-15T10:33:53.358742
85,2,6,2,0,2,2026-07-15T10:33:53.836092
85,2,7,2,0,2,2026-07-15T10:33:54.666347
85,2,8,2,0,2,2026-07-15T10:33:55.171382
85,2,9,2,0,2,2026-07-15T10:33:55.684478
85,2,10,2,0,2,2026-07-15T10:33:56.415322
85,3,1,3,0,3,2026-07-15T10:33:56.889216
85,3,2,4,0,4,2026-07-15T10:33:57.391635
85,3,3,3,0,3,2026-07-15T10:33:57.840714
85,3,4,3,0,3,2026-07-15T10:33:58.406630
85,3,5,4,0,4,2026-07-15T10:33:58.927285
85,3,6,3,0,3,2026-07-15T10:33:59.415610
85,3,7,4,0,4,2026-07-15T10:34:00.013400
85,3,8,4,0,4,2026-07-15T10:34:00.661719
85,3,9,4,0,4,2026-07-15T10:34:01.371766
85,3,10,4,0,4,2026-07-15T10:34:01.970233
85,4,1,2,0,2,2026-07-15T10:34:02.518383
85,4,2,2,0,2,2026-07-15T10:34:02.989375
85,4,3,2,0,2,2026-07-15T10:34:03.589837
85,4,4,2,0,2,2026-07-15T10:34:04.100221
85,4,5,2,0,2,2026-07-15T10:34:04.617459
85,4,6,2,0,2,2026-07-15T10:34:05.257453
85,4,7,2,0,2,2026-07-15T10:34:05.715983
85,4,8,2,0,2,2026-07-15T10:34:06.649871
85,4,9,2,0,2,2026-07-15T10:34:07.194933
85,4,10,2,0,2,2026-07-15T10:34:07.733473
85,5,1,4,0,4,2026-07-15T10:34:08.405661
85,5,2,4,0,4,2026-07-15T10:34:10.028104
85,5,3,4,0,4,2026-07-15T10:34:10.649359
85,5,4,4,0,4,2026-07-15T10:34:11.316635
85,5,5,4,0,4,2026-07-15T10:34:11.904945
85,5,6,4,0,4,2026-07-15T10:34:12.486137
85,5,7,4,0,4,2026-07-15T10:34:13.017231
85,5,8,4,0,4,2026-07-15T10:34:13.611152
85,5,9,4,0,4,2026-07-15T10:34:14.154657
85,5,10,4,0,4,2026-07-15T10:34:14.761259
85,6,1,2,0,2,2026-07-15T10:34:15.235974
85,6,2,2,0,2,2026-07-15T10:34:15.732587
85,6,3,2,0,2,2026-07-15T10:34:23.464142
85,6,4,2,0,2,2026-07-15T10:34:23.954134
85,6,5,2,0,2,2026-07-15T10:34:24.597471
85,6,6,2,0,2,2026-07-15T10:34:25.825267
85,6,7,2,0,2,2026-07-15T10:34:26.265372
85,6,8,2,0,2,2026-07-15T10:34:26.700043
85,6,9,2,0,2,2026-07-15T10:34:27.168057
85,6,10,2,0,2,2026-07-15T10:34:27.643551
85,7,1,4,0,4,2026-07-15T10:34:28.172069
85,7,2,4,0,4,2026-07-15T10:34:29.727567
85,7,3,4,0,4,2026-07-15T10:34:31.039358
85,7,4,4,0,4,2026-07-15T10:34:31.652896
85,7,5,4,0,4,2026-07-15T10:34:32.165514
85,7,6,4,0,4,2026-07-15T10:34:32.645681
85,7,7,4,0,4,2026-07-15T10:34:33.189318
85,7,8,4,0,4,2026-07-15T10:34:33.704408
85,7,9,4,0,4,2026-07-15T10:34:34.272803
85,7,10,4,0,4,2026-07-15T10:34:34.795181
85,8,1,3,0,3,2026-07-15T10:34:35.689461
85,8,2,3,0,3,2026-07-15T10:34:36.189568
85,8,3,3,0,3,2026-07-15T10:34:37.144413
85,8,4,3,0,3,2026-07-15T10:34:37.796119
85,8,5,3,0,3,2026-07-15T10:34:39.106529
85,8,6,3,0,3,2026-07-15T10:34:39.736175
85,8,7,3,0,3,2026-07-15T10:34:40.439246
85,8,8,3,0,3,2026-07-15T10:34:41.491713
85,8,9,3,0,3,2026-07-15T10:34:50.907289
85,8,10,3,0,3,2026-07-15T10:34:51.611943
85,9,1,4,0,4,2026-07-15T10:34:52.311106
85,9,2,4,0,4,2026-07-15T10:34:52.772312
85,9,3,4,0,4,2026-07-15T10:34:53.397274
85,9,4,4,0,4,2026-07-15T10:34:53.871450
85,9,5,4,0,4,2026-07-15T10:34:54.381436
85,9,6,4,0,4,2026-07-15T10:34:54.826094
85,9,7,4,0,4,2026-07-15T10:34:55.364982
85,9,8,4,0,4,2026-07-15T10:34:55.870910
85,9,9,4,0,4,2026-07-15T10:34:56.398868
85,9,10,4,0,4,2026-07-15T10:34:56.906548
86,1,1,2,0,2,2026-07-15T10:34:57.420461
86,1,2,2,0,2,2026-07-15T10:34:58.000262
86,1,3,2,0,2,2026-07-15T10:34:58.494705
86,1,4,2,0,2,2026-07-15T10:34:58.946130
86,1,5,2,0,2,2026-07-15T10:34:59.370113
86,1,6,2,0,2,2026-07-15T10:35:00.020294
86,1,7,2,0,2,2026-07-15T10:35:00.472122
86,1,8,2,0,2,2026-07-15T10:35:00.923119
86,1,9,2,0,2,2026-07-15T10:35:01.417217
86,1,10,2,0,2,2026-07-15T10:35:01.976993
86,2,1,0,0,0,2026-07-15T10:35:02.492672
86,2,2,0,0,0,2026-07-15T10:35:03.099552
86,2,3,0,0,0,2026-07-15T10:35:03.664079
86,2,4,0,0,0,2026-07-15T10:35:04.362962
86,2,5,0,0,0,2026-07-15T10:35:05.460594
86,2,6,0,0,0,2026-07-15T10:35:06.014682
86,2,7,0,0,0,2026-07-15T10:35:07.353930
86,2,8,0,0,0,2026-07-15T10:35:07.887361
86,2,9,0,0,0,2026-07-15T10:35:08.386069
86,2,10,0,0,0,2026-07-15T10:35:09.124603
86,3,1,2,0,2,2026-07-15T10:35:09.680704
86,3,2,2,0,2,2026-07-15T10:35:10.180510
86,3,3,2,0,2,2026-07-15T10:35:10.722927
86,3,4,3,0,3,2026-07-15T10:35:12.477364
86,3,5,2,0,2,2026-07-15T10:35:12.952926
86,3,6,2,0,2,2026-07-15T10:35:13.429878
86,3,7,2,0,2,2026-07-15T10:35:14.143770
86,3,8,2,0,2,2026-07-15T10:35:14.674004
86,3,9,2,0,2,2026-07-15T10:35:15.368264
86,3,10,2,0,2,2026-07-15T10:35:16.076682
86,4,1,0,0,0,2026-07-15T10:35:16.635583
86,4,2,0,0,0,2026-07-15T10:35:17.294140
86,4,3,0,0,0,2026-07-15T10:35:17.920128
86,4,4,0,0,0,2026-07-15T10:35:18.419402
86,4,5,0,0,0,2026-07-15T10:35:18.914676
86,4,6,0,0,0,2026-07-15T10:35:19.367318
86,4,7,0,0,0,2026-07-15T10:35:19.860902
86,4,8,0,0,0,2026-07-15T10:35:20.106567
86,4,9,0,0,0,2026-07-15T10:35:20.630944
86,4,10,0,0,0,2026-07-15T10:35:21.346490
86,5,1,2,0,2,2026-07-15T10:35:26.042286
86,5,2,3,0,3,2026-07-15T10:35:26.575835
86,5,3,3,0,3,2026-07-15T10:35:27.083449
86,5,4,3,0,3,2026-07-15T10:35:27.720806
86,5,5,2,0,2,2026-07-15T10:35:28.307108
86,5,6,2,0,2,2026-07-15T10:35:33.016297
86,5,7,3,0,3,2026-07-15T10:35:33.684855
86,5,8,3,0,3,2026-07-15T10:35:37.399756
86,5,9,3,0,3,2026-07-15T10:35:39.179046
86,5,10,3,0,3,2026-07-15T10:35:39.772777
86,6,1,0,0,0,2026-07-15T10:35:40.472922
86,6,2,0,0,0,2026-07-15T10:35:40.962090
86,6,3,0,0,0,2026-07-15T10:35:41.488818
86,6,4,0,0,0,2026-07-15T10:35:42.053161
86,6,5,0,0,0,2026-07-15T10:35:42.528613
86,6,6,0,0,0,2026-07-15T10:35:43.341359
86,6,7,0,0,0,2026-07-15T10:35:47.195175
86,6,8,0,0,0,2026-07-15T10:35:47.675500
86,6,9,0,0,0,2026-07-15T10:35:48.242001
86,6,10,0,0,0,2026-07-15T10:35:48.717617
86,7,1,3,0,3,2026-07-15T10:35:49.291725
86,7,2,3,0,3,2026-07-15T10:35:49.798767
86,7,3,3,0,3,2026-07-15T10:35:50.351407
86,7,4,3,0,3,2026-07-15T10:35:50.849585
86,7,5,4,0,4,2026-07-15T10:35:58.613920
86,7,6,3,0,3,2026-07-15T10:35:59.119177
86,7,7,3,0,3,2026-07-15T10:35:59.911770
86,7,8,3,0,3,2026-07-15T10:36:00.375387
86,7,9,3,0,3,2026-07-15T10:36:00.914267
86,7,10,3,0,3,2026-07-15T10:36:01.485974
86,8,1,0,0,0,2026-07-15T10:36:01.911204
86,8,2,0,0,0,2026-07-15T10:36:02.452576
86,8,3,2,0,2,2026-07-15T10:36:03.000748
86,8,4,2,0,2,2026-07-15T10:36:03.458643
86,8,5,0,0,0,2026-07-15T10:36:03.977977
86,8,6,0,0,0,2026-07-15T10:36:04.552649
86,8,7,0,0,0,2026-07-15T10:36:05.034329
86,8,8,2,0,2,2026-07-15T10:36:05.520830
86,8,9,0,0,0,2026-07-15T10:36:06.121127
86,8,10,0,0,0,2026-07-15T10:36:06.855828
86,9,1,4,0,4,2026-07-15T10:36:07.533596
86,9,2,4,0,4,2026-07-15T10:36:08.030796
86,9,3,4,0,4,2026-07-15T10:36:08.530992
86,9,4,4,0,4,2026-07-15T10:36:09.357449
86,9,5,3,0,3,2026-07-15T10:36:09.834156
86,9,6,4,0,4,2026-07-15T10:36:10.589023
86,9,7,3,0,3,2026-07-15T10:36:11.088486
86,9,8,3,0,3,2026-07-15T10:36:12.023062
86,9,9,4,0,4,2026-07-15T10:36:12.550184
86,9,10,4,0,4,2026-07-15T10:36:13.015857
87,1,1,4,0,4,2026-07-15T10:36:13.658934
87,1,2,4,0,4,2026-07-15T10:36:14.173276
87,1,3,4,0,4,2026-07-15T10:36:14.622957
87,1,4,4,0,4,2026-07-15T10:36:15.094572
87,1,5,4,0,4,2026-07-15T10:36:15.595677
87,1,6,4,0,4,2026-07-15T10:36:16.054625
87,1,7,4,0,4,2026-07-15T10:36:17.116907
87,1,8,4,0,4,2026-07-15T10:36:17.807745
87,1,9,4,0,4,2026-07-15T10:36:18.216015
87,1,10,4,0,4,2026-07-15T10:36:18.734318
87,2,1,2,0,2,2026-07-15T10:36:19.395324
87,2,2,2,0,2,2026-07-15T10:36:19.955585
87,2,3,2,0,2,2026-07-15T10:36:20.458416
87,2,4,2,0,2,2026-07-15T10:36:21.124962
87,2,5,2,0,2,2026-07-15T10:36:21.702593
87,2,6,2,0,2,2026-07-15T10:36:22.236264
87,2,7,2,0,2,2026-07-15T10:36:22.987631
87,2,8,2,0,2,2026-07-15T10:36:23.521051
87,2,9,2,0,2,2026-07-15T10:36:24.004214
87,2,10,2,0,2,2026-07-15T10:36:24.513257
87,3,1,4,0,4,2026-07-15T10:36:25.073554
87,3,2,4,0,4,2026-07-15T10:36:25.990297
87,3,3,4,0,4,2026-07-15T10:36:26.584131
87,3,4,4,0,4,2026-07-15T10:36:27.668750
87,3,5,4,0,4,2026-07-15T10:36:28.284326
87,3,6,4,0,4,2026-07-15T10:36:28.770964
87,3,7,4,0,4,2026-07-15T10:36:29.252709
87,3,8,4,0,4,2026-07-15T10:36:34.759742
87,3,9,4,0,4,2026-07-15T10:36:35.627125
87,3,10,4,0,4,2026-07-15T10:36:36.291719
87,4,1,2,0,2,2026-07-15T10:36:36.945769
87,4,2,2,0,2,2026-07-15T10:36:37.602206
87,4,3,2,0,2,2026-07-15T10:36:38.071842
87,4,4,2,0,2,2026-07-15T10:36:38.644472
87,4,5,2,0,2,2026-07-15T10:36:39.138755
87,4,6,2,0,2,2026-07-15T10:36:39.611540
87,4,7,2,0,2,2026-07-15T10:36:40.099290
87,4,8,2,0,2,2026-07-15T10:36:40.772454
87,4,9,2,0,2,2026-07-15T10:36:41.231050
87,4,10,2,0,2,2026-07-15T10:36:41.806174
87,5,1,4,0,4,2026-07-15T10:36:42.343423
87,5,2,4,0,4,2026-07-15T10:36:42.859574
87,5,3,4,0,4,2026-07-15T10:36:43.429136
87,5,4,4,0,4,2026-07-15T10:36:44.074939
87,5,5,4,0,4,2026-07-15T10:36:44.596292
87,5,6,4,0,4,2026-07-15T10:36:45.199765
87,5,7,4,0,4,2026-07-15T10:36:46.064032
87,5,8,4,0,4,2026-07-15T10:36:47.124127
87,5,9,4,0,4,2026-07-15T10:36:47.655420
87,5,10,4,0,4,2026-07-15T10:36:48.476530
87,6,1,2,0,2,2026-07-15T10:36:49.293457
87,6,2,2,0,2,2026-07-15T10:36:49.769515
87,6,3,2,0,2,2026-07-15T10:36:50.278084
87,6,4,2,0,2,2026-07-15T10:36:50.831678
87,6,5,2,0,2,2026-07-15T10:36:51.336248
87,6,6,2,0,2,2026-07-15T10:36:52.264997
87,6,7,2,0,2,2026-07-15T10:36:53.069541
87,6,8,0,0,0,2026-07-15T10:36:53.617371
87,6,9,2,0,2,2026-07-15T10:36:54.062137
87,6,10,0,0,0,2026-07-15T10:36:55.069720
87,7,1,4,0,4,2026-07-15T10:36:55.795154
87,7,2,4,0,4,2026-07-15T10:36:56.533575
87,7,3,4,0,4,2026-07-15T10:36:57.037956
87,7,4,4,0,4,2026-07-15T10:36:57.607582
87,7,5,4,0,4,2026-07-15T10:36:58.357438
87,7,6,4,0,4,2026-07-15T10:36:59.297643
87,7,7,4,0,4,2026-07-15T10:36:59.867694
87,7,8,4,0,4,2026-07-15T10:37:02.405053
87,7,9,4,0,4,2026-07-15T10:37:02.913327
87,7,10,4,0,4,2026-07-15T10:37:03.427062
87,8,1,4,0,4,2026-07-15T10:37:03.954682
87,8,2,4,0,4,2026-07-15T10:37:04.508851
87,8,3,4,0,4,2026-07-15T10:37:05.035951
87,8,4,4,0,4,2026-07-15T10:37:05.680642
87,8,5,4,0,4,2026-07-15T10:37:06.363104
87,8,6,4,0,4,2026-07-15T10:37:07.020801
87,8,7,4,0,4,2026-07-15T10:37:07.524000
87,8,8,4,0,4,2026-07-15T10:37:07.996230
87,8,9,4,0,4,2026-07-15T10:37:08.491534
87,8,10,4,0,4,2026-07-15T10:37:09.060715
87,9,1,5,0,5,2026-07-15T10:37:09.673069
87,9,2,4,0,4,2026-07-15T10:37:10.388902
87,9,3,5,0,5,2026-07-15T10:37:10.903800
87,9,4,5,0,5,2026-07-15T10:37:11.423038
87,9,5,5,0,5,2026-07-15T10:37:12.102974
87,9,6,5,0,5,2026-07-15T10:37:12.641076
87,9,7,4,0,4,2026-07-15T10:37:13.153527
87,9,8,5,0,5,2026-07-15T10:37:13.678208
87,9,9,5,0,5,2026-07-15T10:37:14.250855
87,9,10,4,0,4,2026-07-15T10:37:14.820178
88,1,1,4,0,4,2026-07-15T10:37:15.331077
88,1,2,4,0,4,2026-07-15T10:37:15.917984
88,1,3,4,0,4,2026-07-15T10:37:16.698958
88,1,4,4,0,4,2026-07-15T10:37:17.198948
88,1,5,4,0,4,2026-07-15T10:37:17.939090
88,1,6,4,0,4,2026-07-15T10:37:18.489017
88,1,7,4,0,4,2026-07-15T10:37:19.066873
88,1,8,4,0,4,2026-07-15T10:37:19.583336
88,1,9,4,0,4,2026-07-15T10:37:20.147059
88,1,10,4,0,4,2026-07-15T10:37:20.732279
88,2,1,0,0,0,2026-07-15T10:37:21.250145
88,2,2,0,0,0,2026-07-15T10:37:21.970540
88,2,3,0,0,0,2026-07-15T10:37:22.691020
88,2,4,0,0,0,2026-07-15T10:37:23.271410
88,2,5,0,0,0,2026-07-15T10:37:23.884470
88,2,6,0,0,0,2026-07-15T10:37:24.448041
88,2,7,1,0,1,2026-07-15T10:37:25.007188
88,2,8,0,0,0,2026-07-15T10:37:25.645760
88,2,9,0,0,0,2026-07-15T10:37:26.155741
88,2,10,0,0,0,2026-07-15T10:37:26.776437
88,3,1,4,0,4,2026-07-15T10:37:27.452718
88,3,2,4,0,4,2026-07-15T10:37:27.966595
88,3,3,4,0,4,2026-07-15T10:37:28.481765
88,3,4,4,0,4,2026-07-15T10:37:29.411225
88,3,5,4,0,4,2026-07-15T10:37:31.238802
88,3,6,4,0,4,2026-07-15T10:37:32.217593
88,3,7,4,0,4,2026-07-15T10:37:32.889073
88,3,8,4,0,4,2026-07-15T10:37:34.405753
88,3,9,4,0,4,2026-07-15T10:37:34.994232
88,3,10,4,0,4,2026-07-15T10:37:35.603164
88,4,1,2,0,2,2026-07-15T10:37:36.103080
88,4,2,2,0,2,2026-07-15T10:37:38.640585
88,4,3,2,0,2,2026-07-15T10:37:39.258011
88,4,4,2,0,2,2026-07-15T10:37:39.785663
88,4,5,2,0,2,2026-07-15T10:37:40.250734
88,4,6,2,0,2,2026-07-15T10:37:40.830041
88,4,7,2,0,2,2026-07-15T10:37:41.368647
88,4,8,2,0,2,2026-07-15T10:37:46.413240
88,4,9,2,0,2,2026-07-15T10:37:47.527810
88,4,10,2,0,2,2026-07-15T10:37:48.186696
88,5,1,4,0,4,2026-07-15T10:37:48.761951
88,5,2,4,0,4,2026-07-15T10:37:49.317148
88,5,3,4,0,4,2026-07-15T10:37:50.171163
88,5,4,4,0,4,2026-07-15T10:37:50.643499
88,5,5,4,0,4,2026-07-15T10:37:51.132909
88,5,6,4,0,4,2026-07-15T10:37:59.749183
88,5,7,4,0,4,2026-07-15T10:38:00.261725
88,5,8,4,0,4,2026-07-15T10:38:01.181373
88,5,9,4,0,4,2026-07-15T10:38:01.729113
88,5,10,4,0,4,2026-07-15T10:38:02.201527
88,6,1,0,0,0,2026-07-15T10:38:09.784477
88,6,2,0,0,0,2026-07-15T10:38:19.626936
88,6,3,0,0,0,2026-07-15T10:38:29.853466
88,6,4,0,0,0,2026-07-15T10:38:38.572889
88,6,5,0,0,0,2026-07-15T10:38:46.567981
88,6,6,0,0,0,2026-07-15T10:38:54.707144
88,6,7,0,0,0,2026-07-15T10:39:03.294896
88,6,8,0,0,0,2026-07-15T10:39:06.415785
88,6,9,0,0,0,2026-07-15T10:39:09.521149
88,6,10,0,0,0,2026-07-15T10:39:12.552906
88,7,1,5,0,5,2026-07-15T10:39:13.054957
88,7,2,5,0,5,2026-07-15T10:39:13.484116
88,7,3,5,0,5,2026-07-15T10:39:14.023641
88,7,4,5,0,5,2026-07-15T10:39:14.465883
88,7,5,5,0,5,2026-07-15T10:39:15.014630
88,7,6,5,0,5,2026-07-15T10:39:15.628026
88,7,7,5,0,5,2026-07-15T10:39:16.305842
88,7,8,5,0,5,2026-07-15T10:39:17.053341
88,7,9,5,0,5,2026-07-15T10:39:17.727539
88,7,10,5,0,5,2026-07-15T10:39:18.388138
88,8,1,2,0,2,2026-07-15T10:39:19.046403
88,8,2,2,0,2,2026-07-15T10:39:19.613929
88,8,3,2,0,2,2026-07-15T10:39:20.149527
88,8,4,2,0,2,2026-07-15T10:39:20.818996
88,8,5,2,0,2,2026-07-15T10:39:21.440749
88,8,6,2,0,2,2026-07-15T10:39:21.978347
88,8,7,2,0,2,2026-07-15T10:39:22.634134
88,8,8,2,0,2,2026-07-15T10:39:23.248499
88,8,9,1,0,1,2026-07-15T10:39:23.788510
88,8,10,2,0,2,2026-07-15T10:39:24.587271
88,9,1,5,0,5,2026-07-15T10:39:25.104769
88,9,2,5,0,5,2026-07-15T10:39:25.718309
88,9,3,5,0,5,2026-07-15T10:39:26.380260
88,9,4,5,0,5,2026-07-15T10:39:26.893711
88,9,5,4,0,4,2026-07-15T10:39:27.527688
88,9,6,5,0,5,2026-07-15T10:39:28.255421
88,9,7,5,0,5,2026-07-15T10:39:29.639648
88,9,8,4,0,4,2026-07-15T10:39:30.232118
88,9,9,5,0,5,2026-07-15T10:39:30.797963
88,9,10,5,0,5,2026-07-15T10:39:31.463351
89,1,1,2,0,2,2026-07-15T10:39:31.960214
89,1,2,2,0,2,2026-07-15T10:39:32.658627
89,1,3,2,0,2,2026-07-15T10:39:33.178164
89,1,4,2,0,2,2026-07-15T10:39:34.120305
89,1,5,2,0,2,2026-07-15T10:39:34.681083
89,1,6,2,0,2,2026-07-15T10:39:35.227731
89,1,7,2,0,2,2026-07-15T10:39:36.036597
89,1,8,2,0,2,2026-07-15T10:39:36.565025
89,1,9,2,0,2,2026-07-15T10:39:37.061392
89,1,10,2,0,2,2026-07-15T10:39:40.448526
89,2,1,0,0,0,2026-07-15T10:39:41.024086
89,2,2,0,0,0,2026-07-15T10:39:44.697483
89,2,3,0,0,0,2026-07-15T10:39:45.284879
89,2,4,0,0,0,2026-07-15T10:39:45.845918
89,2,5,0,0,0,2026-07-15T10:39:46.334704
89,2,6,0,0,0,2026-07-15T10:39:46.885991
89,2,7,0,0,0,2026-07-15T10:39:47.766544
89,2,8,0,0,0,2026-07-15T10:39:48.325036
89,2,9,0,0,0,2026-07-15T10:39:48.878812
89,2,10,0,0,0,2026-07-15T10:39:49.486461
89,3,1,3,0,3,2026-07-15T10:39:49.938685
89,3,2,3,0,3,2026-07-15T10:39:50.330837
89,3,3,3,0,3,2026-07-15T10:39:51.057110
89,3,4,3,0,3,2026-07-15T10:39:51.631791
89,3,5,3,0,3,2026-07-15T10:39:52.185340
89,3,6,3,0,3,2026-07-15T10:39:52.829531
89,3,7,3,0,3,2026-07-15T10:39:53.292381
89,3,8,3,0,3,2026-07-15T10:39:53.700148
89,3,9,3,0,3,2026-07-15T10:39:54.285870
89,3,10,3,0,3,2026-07-15T10:39:54.797913
89,4,1,0,0,0,2026-07-15T10:39:55.289654
89,4,2,0,0,0,2026-07-15T10:39:57.235848
89,4,3,0,0,0,2026-07-15T10:39:57.688190
89,4,4,0,0,0,2026-07-15T10:39:58.300183
89,4,5,0,0,0,2026-07-15T10:39:58.851311
89,4,6,1,0,1,2026-07-15T10:39:59.354029
89,4,7,0,0,0,2026-07-15T10:39:59.857809
89,4,8,0,0,0,2026-07-15T10:40:00.290085
89,4,9,1,0,1,2026-07-15T10:40:00.696937
89,4,10,0,0,0,2026-07-15T10:40:01.141782
89,5,1,3,0,3,2026-07-15T10:40:01.840386
89,5,2,3,0,3,2026-07-15T10:40:02.437505
89,5,3,4,0,4,2026-07-15T10:40:03.133511
89,5,4,4,0,4,2026-07-15T10:40:05.008022
89,5,5,3,0,3,2026-07-15T10:40:05.999094
89,5,6,4,0,4,2026-07-15T10:40:06.656114
89,5,7,3,0,3,2026-07-15T10:40:12.034705
89,5,8,3,0,3,2026-07-15T10:40:12.649327
89,5,9,4,0,4,2026-07-15T10:40:13.269228
89,5,10,3,0,3,2026-07-15T10:40:13.839658
89,6,1,0,0,0,2026-07-15T10:40:14.504573
89,6,2,0,0,0,2026-07-15T10:40:15.172786
89,6,3,0,0,0,2026-07-15T10:40:15.785987
89,6,4,0,0,0,2026-07-15T10:40:16.349455
89,6,5,0,0,0,2026-07-15T10:40:16.811356
89,6,6,0,0,0,2026-07-15T10:40:17.282870
89,6,7,0,0,0,2026-07-15T10:40:17.832126
89,6,8,0,0,0,2026-07-15T10:40:18.300166
89,6,9,0,0,0,2026-07-15T10:40:18.848083
89,6,10,0,0,0,2026-07-15T10:40:19.617187
89,7,1,4,0,4,2026-07-15T10:40:20.194820
89,7,2,4,0,4,2026-07-15T10:40:20.755586
89,7,3,4,0,4,2026-07-15T10:40:21.401765
89,7,4,4,0,4,2026-07-15T10:40:22.083865
89,7,5,4,0,4,2026-07-15T10:40:22.762491
89,7,6,4,0,4,2026-07-15T10:40:23.334948
89,7,7,4,0,4,2026-07-15T10:40:24.278217
89,7,8,4,0,4,2026-07-15T10:40:24.914976
89,7,9,4,0,4,2026-07-15T10:40:25.566476
89,7,10,4,0,4,2026-07-15T10:40:26.306337
89,8,1,1,0,1,2026-07-15T10:40:26.946406
89,8,2,1,0,1,2026-07-15T10:40:27.444139
89,8,3,2,0,2,2026-07-15T10:40:27.927620
89,8,4,1,0,1,2026-07-15T10:40:28.424978
89,8,5,1,0,1,2026-07-15T10:40:29.333886
89,8,6,2,0,2,2026-07-15T10:40:29.790096
89,8,7,2,0,2,2026-07-15T10:40:30.241033
89,8,8,1,0,1,2026-07-15T10:40:30.815338
89,8,9,1,0,1,2026-07-15T10:40:31.356678
89,8,10,1,0,1,2026-07-15T10:40:31.828085
89,9,1,4,0,4,2026-07-15T10:40:32.372235
89,9,2,4,0,4,2026-07-15T10:40:35.836094
89,9,3,4,0,4,2026-07-15T10:40:36.283729
89,9,4,4,0,4,2026-07-15T10:40:36.846594
89,9,5,4,0,4,2026-07-15T10:40:37.541104
89,9,6,4,0,4,2026-07-15T10:40:38.176450
89,9,7,4,0,4,2026-07-15T10:40:38.638893
89,9,8,4,0,4,2026-07-15T10:40:39.115529
89,9,9,4,0,4,2026-07-15T10:40:39.737371
89,9,10,4,0,4,2026-07-15T10:40:40.356341
90,1,1,2,0,2,2026-07-15T10:40:40.967559
90,1,2,2,0,2,2026-07-15T10:40:41.476274
90,1,3,2,0,2,2026-07-15T10:40:42.044092
90,1,4,2,0,2,2026-07-15T10:40:42.922466
90,1,5,2,0,2,2026-07-15T10:40:43.588526
90,1,6,2,0,2,2026-07-15T10:40:44.345634
90,1,7,2,0,2,2026-07-15T10:40:44.964999
90,1,8,2,0,2,2026-07-15T10:40:45.490298
90,1,9,2,0,2,2026-07-15T10:40:52.086460
90,1,10,2,0,2,2026-07-15T10:40:52.712839
90,2,1,0,0,0,2026-07-15T10:40:53.647693
90,2,2,0,0,0,2026-07-15T10:40:54.543777
90,2,3,0,0,0,2026-07-15T10:40:55.475015
90,2,4,0,0,0,2026-07-15T10:40:56.154869
90,2,5,0,0,0,2026-07-15T10:40:56.810078
90,2,6,0,0,0,2026-07-15T10:40:57.430520
90,2,7,0,0,0,2026-07-15T10:40:58.499529
90,2,8,0,0,0,2026-07-15T10:40:59.360977
90,2,9,0,0,0,2026-07-15T10:41:00.080247
90,2,10,0,0,0,2026-07-15T10:41:00.704821
90,3,1,3,0,3,2026-07-15T10:41:01.813195
90,3,2,4,0,4,2026-07-15T10:41:02.310310
90,3,3,3,0,3,2026-07-15T10:41:02.830430
90,3,4,3,0,3,2026-07-15T10:41:03.270019
90,3,5,3,0,3,2026-07-15T10:41:03.782215
90,3,6,4,0,4,2026-07-15T10:41:04.210864
90,3,7,3,0,3,2026-07-15T10:41:04.652849
90,3,8,3,0,3,2026-07-15T10:41:06.060142
90,3,9,3,0,3,2026-07-15T10:41:06.518810
90,3,10,3,0,3,2026-07-15T10:41:06.952548
90,4,1,2,0,2,2026-07-15T10:41:07.596995
90,4,2,0,0,0,2026-07-15T10:41:08.056222
90,4,3,2,0,2,2026-07-15T10:41:08.606768
90,4,4,0,0,0,2026-07-15T10:41:09.658256
90,4,5,2,0,2,2026-07-15T10:41:10.265082
90,4,6,2,0,2,2026-07-15T10:41:10.808390
90,4,7,2,0,2,2026-07-15T10:41:11.449520
90,4,8,2,0,2,2026-07-15T10:41:12.001100
90,4,9,0,0,0,2026-07-15T10:41:12.560529
90,4,10,2,0,2,2026-07-15T10:41:13.202569
90,5,1,4,0,4,2026-07-15T10:41:13.718215
90,5,2,4,0,4,2026-07-15T10:41:14.452752
90,5,3,4,0,4,2026-07-15T10:41:15.001068
90,5,4,4,0,4,2026-07-15T10:41:15.505393
90,5,5,4,0,4,2026-07-15T10:41:16.076930
90,5,6,4,0,4,2026-07-15T10:41:16.666544
90,5,7,4,0,4,2026-07-15T10:41:17.268479
90,5,8,4,0,4,2026-07-15T10:41:17.806244
90,5,9,4,0,4,2026-07-15T10:41:18.367069
90,5,10,4,0,4,2026-07-15T10:41:19.069190
90,6,1,0,0,0,2026-07-15T10:41:19.743729
90,6,2,0,0,0,2026-07-15T10:41:20.349956
90,6,3,0,0,0,2026-07-15T10:41:20.860657
90,6,4,0,0,0,2026-07-15T10:41:21.564666
90,6,5,0,0,0,2026-07-15T10:41:22.068983
90,6,6,0,0,0,2026-07-15T10:41:22.605762
90,6,7,0,0,0,2026-07-15T10:41:23.134501
90,6,8,0,0,0,2026-07-15T10:41:23.630450
90,6,9,0,0,0,2026-07-15T10:41:24.192807
90,6,10,0,0,0,2026-07-15T10:41:24.651357
90,7,1,4,0,4,2026-07-15T10:41:25.114540
90,7,2,4,0,4,2026-07-15T10:41:25.623257
90,7,3,4,0,4,2026-07-15T10:41:26.271617
90,7,4,4,0,4,2026-07-15T10:41:26.776562
90,7,5,4,0,4,2026-07-15T10:41:27.554418
90,7,6,4,0,4,2026-07-15T10:41:28.057104
90,7,7,4,0,4,2026-07-15T10:41:28.629185
90,7,8,4,0,4,2026-07-15T10:41:29.310034
90,7,9,4,0,4,2026-07-15T10:41:29.837470
90,7,10,4,0,4,2026-07-15T10:41:30.402835
90,8,1,2,0,2,2026-07-15T10:41:30.888786
90,8,2,2,0,2,2026-07-15T10:41:31.433976
90,8,3,2,0,2,2026-07-15T10:41:31.868457
90,8,4,2,0,2,2026-07-15T10:41:32.376630
90,8,5,2,0,2,2026-07-15T10:41:32.861642
90,8,6,2,0,2,2026-07-15T10:41:33.649658
90,8,7,2,0,2,2026-07-15T10:41:34.183801
90,8,8,2,0,2,2026-07-15T10:41:41.685478
90,8,9,2,0,2,2026-07-15T10:41:42.540860
90,8,10,2,0,2,2026-07-15T10:41:42.985983
90,9,1,4,0,4,2026-07-15T10:41:43.511682
90,9,2,4,0,4,2026-07-15T10:41:44.008413
90,9,3,4,0,4,2026-07-15T10:41:44.498714
90,9,4,4,0,4,2026-07-15T10:41:44.972830
90,9,5,4,0,4,2026-07-15T10:41:45.411867
90,9,6,4,0,4,2026-07-15T10:41:45.916172
90,9,7,4,0,4,2026-07-15T10:41:46.417520
90,9,8,4,0,4,2026-07-15T10:41:47.047814
90,9,9,4,0,4,2026-07-15T10:41:47.883948
90,9,10,4,0,4,2026-07-15T10:41:48.442293
91,1,1,2,0,2,2026-07-15T10:41:48.880178
91,1,2,2,0,2,2026-07-15T10:41:49.386572
91,1,3,2,0,2,2026-07-15T10:41:49.944117
91,1,4,2,0,2,2026-07-15T10:41:50.542206
91,1,5,2,0,2,2026-07-15T10:41:51.015019
91,1,6,2,0,2,2026-07-15T10:41:51.438411
91,1,7,2,0,2,2026-07-15T10:41:51.898531
91,1,8,2,0,2,2026-07-15T10:41:52.371871
91,1,9,2,0,2,2026-07-15T10:41:53.147528
91,1,10,3,0,3,2026-07-15T10:41:53.627530
91,2,1,2,0,2,2026-07-15T10:42:06.148463
91,2,2,2,0,2,2026-07-15T10:42:19.345646
91,2,3,2,0,2,2026-07-15T10:42:26.671336
91,2,4,2,0,2,2026-07-15T10:42:33.440525
91,2,5,2,0,2,2026-07-15T10:42:40.500091
91,2,6,2,0,2,2026-07-15T10:42:46.372349
91,2,7,2,0,2,2026-07-15T10:42:51.826473
91,2,8,2,0,2,2026-07-15T10:42:56.675421
91,2,9,2,0,2,2026-07-15T10:43:00.943457
91,2,10,2,0,2,2026-07-15T10:43:04.631296
91,3,1,3,0,3,2026-07-15T10:43:05.132585
91,3,2,3,0,3,2026-07-15T10:43:05.643254
91,3,3,3,0,3,2026-07-15T10:43:06.095866
91,3,4,4,0,4,2026-07-15T10:43:06.796130
91,3,5,3,0,3,2026-07-15T10:43:07.275931
91,3,6,3,0,3,2026-07-15T10:43:07.977413
91,3,7,3,0,3,2026-07-15T10:43:08.489655
91,3,8,3,0,3,2026-07-15T10:43:09.845429
91,3,9,3,0,3,2026-07-15T10:43:10.330262
91,3,10,3,0,3,2026-07-15T10:43:10.831985
91,4,1,2,0,2,2026-07-15T10:43:11.540575
91,4,2,2,0,2,2026-07-15T10:43:12.340083
91,4,3,2,0,2,2026-07-15T10:43:12.938740
91,4,4,2,0,2,2026-07-15T10:43:13.610373
91,4,5,2,0,2,2026-07-15T10:43:14.179130
91,4,6,2,0,2,2026-07-15T10:43:14.778649
91,4,7,2,0,2,2026-07-15T10:43:21.087637
91,4,8,2,0,2,2026-07-15T10:43:21.699673
91,4,9,2,0,2,2026-07-15T10:43:22.241351
91,4,10,2,0,2,2026-07-15T10:43:23.132993
91,5,1,4,0,4,2026-07-15T10:43:23.621101
91,5,2,4,0,4,2026-07-15T10:43:24.211232
91,5,3,4,0,4,2026-07-15T10:43:24.910645
91,5,4,4,0,4,2026-07-15T10:43:25.403099
91,5,5,4,0,4,2026-07-15T10:43:25.946154
91,5,6,4,0,4,2026-07-15T10:43:26.518025
91,5,7,4,0,4,2026-07-15T10:43:27.182283
91,5,8,4,0,4,2026-07-15T10:43:27.772141
91,5,9,4,0,4,2026-07-15T10:43:28.298417
91,5,10,4,0,4,2026-07-15T10:43:28.846096
91,6,1,1,0,1,2026-07-15T10:43:29.370584
91,6,2,1,0,1,2026-07-15T10:43:29.821836
91,6,3,1,0,1,2026-07-15T10:43:30.313737
91,6,4,1,0,1,2026-07-15T10:43:30.899789
91,6,5,1,0,1,2026-07-15T10:43:31.632186
91,6,6,1,0,1,2026-07-15T10:43:32.111882
91,6,7,1,0,1,2026-07-15T10:43:32.642855
91,6,8,1,0,1,2026-07-15T10:43:33.148808
91,6,9,1,0,1,2026-07-15T10:43:33.669101
91,6,10,1,0,1,2026-07-15T10:43:34.418239
91,7,1,4,0,4,2026-07-15T10:43:34.876112
91,7,2,4,0,4,2026-07-15T10:43:35.329387
91,7,3,4,0,4,2026-07-15T10:43:35.900243
91,7,4,4,0,4,2026-07-15T10:43:37.125306
91,7,5,4,0,4,2026-07-15T10:43:37.672131
91,7,6,4,0,4,2026-07-15T10:43:38.287325
91,7,7,4,0,4,2026-07-15T10:43:38.881010
91,7,8,4,0,4,2026-07-15T10:43:39.349373
91,7,9,4,0,4,2026-07-15T10:43:39.814240
91,7,10,4,0,4,2026-07-15T10:43:40.323157
91,8,1,2,0,2,2026-07-15T10:43:40.946135
91,8,2,2,0,2,2026-07-15T10:43:41.339416
91,8,3,2,0,2,2026-07-15T10:43:41.892329
91,8,4,2,0,2,2026-07-15T10:43:42.507903
91,8,5,2,0,2,2026-07-15T10:43:42.998649
91,8,6,2,0,2,2026-07-15T10:43:43.591588
91,8,7,2,0,2,2026-07-15T10:43:44.021345
91,8,8,2,0,2,2026-07-15T10:43:44.515576
91,8,9,2,0,2,2026-07-15T10:43:44.984388
91,8,10,2,0,2,2026-07-15T10:43:45.597944
91,9,1,4,0,4,2026-07-15T10:43:46.068858
91,9,2,4,0,4,2026-07-15T10:43:46.599873
91,9,3,4,0,4,2026-07-15T10:43:47.300141
91,9,4,4,0,4,2026-07-15T10:43:47.811926
91,9,5,4,0,4,2026-07-15T10:43:48.322774
91,9,6,4,0,4,2026-07-15T10:43:48.835215
91,9,7,4,0,4,2026-07-15T10:43:49.403106
91,9,8,4,0,4,2026-07-15T10:43:49.919852
91,9,9,4,0,4,2026-07-15T10:43:50.413901
91,9,10,4,0,4,2026-07-15T10:43:51.088444
92,1,1,4,0,4,2026-07-15T10:43:51.585762
92,1,2,4,0,4,2026-07-15T10:43:52.159114
92,1,3,4,0,4,2026-07-15T10:43:52.726358
92,1,4,4,0,4,2026-07-15T10:43:53.239188
92,1,5,4,0,4,2026-07-15T10:43:53.804073
92,1,6,4,0,4,2026-07-15T10:43:54.425266
92,1,7,4,0,4,2026-07-15T10:43:54.952734
92,1,8,4,0,4,2026-07-15T10:43:55.818653
92,1,9,4,0,4,2026-07-15T10:43:56.360535
92,1,10,4,0,4,2026-07-15T10:43:57.082126
92,2,1,1,0,1,2026-07-15T10:43:57.969219
92,2,2,2,0,2,2026-07-15T10:43:58.514634
92,2,3,1,0,1,2026-07-15T10:43:58.903578
92,2,4,1,0,1,2026-07-15T10:43:59.382557
92,2,5,2,0,2,2026-07-15T10:43:59.894673
92,2,6,1,0,1,2026-07-15T10:44:00.356212
92,2,7,2,0,2,2026-07-15T10:44:01.017440
92,2,8,1,0,1,2026-07-15T10:44:01.576372
92,2,9,1,0,1,2026-07-15T10:44:02.043188
92,2,10,1,0,1,2026-07-15T10:44:02.455232
92,3,1,4,0,4,2026-07-15T10:44:02.997106
92,3,2,4,0,4,2026-07-15T10:44:03.772686
92,3,3,4,0,4,2026-07-15T10:44:04.399278
92,3,4,4,0,4,2026-07-15T10:44:04.992965
92,3,5,4,0,4,2026-07-15T10:44:05.525824
92,3,6,4,0,4,2026-07-15T10:44:06.141102
92,3,7,4,0,4,2026-07-15T10:44:06.677131
92,3,8,4,0,4,2026-07-15T10:44:07.267421
92,3,9,4,0,4,2026-07-15T10:44:07.984710
92,3,10,4,0,4,2026-07-15T10:44:08.493578
92,4,1,2,0,2,2026-07-15T10:44:09.109150
92,4,2,2,0,2,2026-07-15T10:44:09.646879
92,4,3,2,0,2,2026-07-15T10:44:10.234654
92,4,4,2,0,2,2026-07-15T10:44:10.924449
92,4,5,2,0,2,2026-07-15T10:44:11.464822
92,4,6,2,0,2,2026-07-15T10:44:12.084832
92,4,7,2,0,2,2026-07-15T10:44:12.583534
92,4,8,2,0,2,2026-07-15T10:44:13.102986
92,4,9,2,0,2,2026-07-15T10:44:13.720137
92,4,10,2,0,2,2026-07-15T10:44:14.332958
92,5,1,4,0,4,2026-07-15T10:44:15.825141
92,5,2,4,0,4,2026-07-15T10:44:16.304505
92,5,3,4,0,4,2026-07-15T10:44:16.794528
92,5,4,4,0,4,2026-07-15T10:44:20.146383
92,5,5,4,0,4,2026-07-15T10:44:20.725001
92,5,6,4,0,4,2026-07-15T10:44:21.366205
92,5,7,4,0,4,2026-07-15T10:44:22.200843
92,5,8,4,0,4,2026-07-15T10:44:22.709510
92,5,9,4,0,4,2026-07-15T10:44:23.342895
92,5,10,4,0,4,2026-07-15T10:44:23.937882
92,6,1,1,0,1,2026-07-15T10:44:24.558921
92,6,2,1,0,1,2026-07-15T10:44:25.188110
92,6,3,1,0,1,2026-07-15T10:44:25.749079
92,6,4,1,0,1,2026-07-15T10:44:26.756877
92,6,5,1,0,1,2026-07-15T10:44:27.248244
92,6,6,1,0,1,2026-07-15T10:44:27.754360
92,6,7,1,0,1,2026-07-15T10:44:28.336766
92,6,8,1,0,1,2026-07-15T10:44:29.386853
92,6,9,1,0,1,2026-07-15T10:44:29.866763
92,6,10,1,0,1,2026-07-15T10:44:30.413247
92,7,1,4,0,4,2026-07-15T10:44:30.937710
92,7,2,4,0,4,2026-07-15T10:44:31.535301
92,7,3,4,0,4,2026-07-15T10:44:32.356029
92,7,4,4,0,4,2026-07-15T10:44:32.884174
92,7,5,4,0,4,2026-07-15T10:44:33.379643
92,7,6,4,0,4,2026-07-15T10:44:34.098266
92,7,7,4,0,4,2026-07-15T10:44:34.609075
92,7,8,4,0,4,2026-07-15T10:44:36.347412
92,7,9,4,0,4,2026-07-15T10:44:36.938408
92,7,10,4,0,4,2026-07-15T10:44:37.517612
92,8,1,3,0,3,2026-07-15T10:44:38.258500
92,8,2,3,0,3,2026-07-15T10:44:38.807969
92,8,3,3,0,3,2026-07-15T10:44:39.319298
92,8,4,3,0,3,2026-07-15T10:44:46.778635
92,8,5,3,0,3,2026-07-15T10:44:47.409140
92,8,6,3,0,3,2026-07-15T10:44:48.226946
92,8,7,3,0,3,2026-07-15T10:44:48.717917
92,8,8,3,0,3,2026-07-15T10:44:49.123624
92,8,9,3,0,3,2026-07-15T10:44:49.655125
92,8,10,3,0,3,2026-07-15T10:44:50.227052
92,9,1,5,0,5,2026-07-15T10:44:50.697454
92,9,2,4,0,4,2026-07-15T10:44:51.145148
92,9,3,4,0,4,2026-07-15T10:44:51.647678
92,9,4,4,0,4,2026-07-15T10:44:52.161529
92,9,5,4,0,4,2026-07-15T10:44:52.836691
92,9,6,4,0,4,2026-07-15T10:44:53.315999
92,9,7,4,0,4,2026-07-15T10:44:53.814256
92,9,8,4,0,4,2026-07-15T10:44:54.314756
92,9,9,4,0,4,2026-07-15T10:44:54.786182
92,9,10,4,0,4,2026-07-15T10:44:55.227720
93,1,1,4,0,4,2026-07-15T10:44:56.420777
93,1,2,4,0,4,2026-07-15T10:44:56.929785
93,1,3,4,0,4,2026-07-15T10:44:57.359190
93,1,4,4,0,4,2026-07-15T10:44:57.835448
93,1,5,4,0,4,2026-07-15T10:44:58.350671
93,1,6,4,0,4,2026-07-15T10:44:58.978777
93,1,7,4,0,4,2026-07-15T10:44:59.595409
93,1,8,4,0,4,2026-07-15T10:45:00.151694
93,1,9,4,0,4,2026-07-15T10:45:00.720309
93,1,10,4,0,4,2026-07-15T10:45:01.185873
93,2,1,2,0,2,2026-07-15T10:45:01.839911
93,2,2,2,0,2,2026-07-15T10:45:02.387258
93,2,3,2,0,2,2026-07-15T10:45:03.075264
93,2,4,2,0,2,2026-07-15T10:45:03.575741
93,2,5,2,0,2,2026-07-15T10:45:04.147756
93,2,6,2,0,2,2026-07-15T10:45:04.714940
93,2,7,2,0,2,2026-07-15T10:45:05.204238
93,2,8,2,0,2,2026-07-15T10:45:05.849723
93,2,9,2,0,2,2026-07-15T10:45:06.340493
93,2,10,2,0,2,2026-07-15T10:45:06.965758
93,3,1,4,0,4,2026-07-15T10:45:07.587145
93,3,2,4,0,4,2026-07-15T10:45:08.318629
93,3,3,4,0,4,2026-07-15T10:45:08.797135
93,3,4,4,0,4,2026-07-15T10:45:09.528670
93,3,5,4,0,4,2026-07-15T10:45:10.038111
93,3,6,4,0,4,2026-07-15T10:45:10.551158
93,3,7,4,0,4,2026-07-15T10:45:11.112827
93,3,8,4,0,4,2026-07-15T10:45:11.631062
93,3,9,4,0,4,2026-07-15T10:45:12.260593
93,3,10,4,0,4,2026-07-15T10:45:13.336453
93,4,1,2,0,2,2026-07-15T10:45:13.795747
93,4,2,2,0,2,2026-07-15T10:45:14.482923
93,4,3,2,0,2,2026-07-15T10:45:15.057822
93,4,4,2,0,2,2026-07-15T10:45:15.573326
93,4,5,2,0,2,2026-07-15T10:45:16.092649
93,4,6,2,0,2,2026-07-15T10:45:16.647701
93,4,7,2,0,2,2026-07-15T10:45:17.441319
93,4,8,2,0,2,2026-07-15T10:45:18.129579
93,4,9,2,0,2,2026-07-15T10:45:18.644400
93,4,10,2,0,2,2026-07-15T10:45:19.145012
93,5,1,4,0,4,2026-07-15T10:45:20.684650
93,5,2,4,0,4,2026-07-15T10:45:21.814306
93,5,3,4,0,4,2026-07-15T10:45:22.942758
93,5,4,4,0,4,2026-07-15T10:45:23.758483
93,5,5,4,0,4,2026-07-15T10:45:24.567923
93,5,6,4,0,4,2026-07-15T10:45:27.828411
93,5,7,4,0,4,2026-07-15T10:45:32.512940
93,5,8,4,0,4,2026-07-15T10:45:34.468442
93,5,9,4,0,4,2026-07-15T10:45:35.632791
93,5,10,4,0,4,2026-07-15T10:45:36.972244
93,6,1,1,0,1,2026-07-15T10:45:37.790510
93,6,2,0,0,0,2026-07-15T10:45:38.303713
93,6,3,1,0,1,2026-07-15T10:45:39.019804
93,6,4,0,0,0,2026-07-15T10:45:39.530292
93,6,5,0,0,0,2026-07-15T10:45:40.350722
93,6,6,1,0,1,2026-07-15T10:45:40.862442
93,6,7,1,0,1,2026-07-15T10:45:41.597234
93,6,8,1,0,1,2026-07-15T10:45:42.091930
93,6,9,1,0,1,2026-07-15T10:45:42.607103
93,6,10,1,0,1,2026-07-15T10:45:43.428367
93,7,1,4,0,4,2026-07-15T10:45:44.356360
93,7,2,4,0,4,2026-07-15T10:45:44.958693
93,7,3,4,0,4,2026-07-15T10:45:45.466694
93,7,4,4,0,4,2026-07-15T10:45:45.940407
93,7,5,4,0,4,2026-07-15T10:45:46.600724
93,7,6,4,0,4,2026-07-15T10:45:47.109091
93,7,7,4,0,4,2026-07-15T10:45:47.648267
93,7,8,4,0,4,2026-07-15T10:45:48.235808
93,7,9,4,0,4,2026-07-15T10:45:48.715345
93,7,10,4,0,4,2026-07-15T10:45:49.259714
93,8,1,2,0,2,2026-07-15T10:45:50.284081
93,8,2,2,0,2,2026-07-15T10:45:50.911208
93,8,3,2,0,2,2026-07-15T10:45:51.511412
93,8,4,2,0,2,2026-07-15T10:45:52.332053
93,8,5,2,0,2,2026-07-15T10:45:53.048287
93,8,6,2,0,2,2026-07-15T10:45:53.592152
93,8,7,2,0,2,2026-07-15T10:45:54.339099
93,8,8,2,0,2,2026-07-15T10:45:55.221290
93,8,9,2,0,2,2026-07-15T10:45:55.714719
93,8,10,2,0,2,2026-07-15T10:45:56.324071
93,9,1,4,0,4,2026-07-15T10:45:57.039708
93,9,2,4,0,4,2026-07-15T10:45:57.554376
93,9,3,4,0,4,2026-07-15T10:45:59.087338
93,9,4,4,0,4,2026-07-15T10:45:59.614751
93,9,5,4,0,4,2026-07-15T10:46:00.100241
93,9,6,4,0,4,2026-07-15T10:46:05.664435
93,9,7,4,0,4,2026-07-15T10:46:06.153123
93,9,8,4,0,4,2026-07-15T10:46:06.699898
93,9,9,4,0,4,2026-07-15T10:46:07.180397
93,9,10,4,0,4,2026-07-15T10:46:07.725828
94,1,1,0,0,0,2026-07-15T10:46:08.203138
94,1,2,0,0,0,2026-07-15T10:46:08.867584
94,1,3,0,0,0,2026-07-15T10:46:09.535372
94,1,4,2,0,2,2026-07-15T10:46:10.250194
94,1,5,0,0,0,2026-07-15T10:46:10.736887
94,1,6,0,0,0,2026-07-15T10:46:11.249765
94,1,7,0,0,0,2026-07-15T10:46:11.795863
94,1,8,0,0,0,2026-07-15T10:46:12.402106
94,1,9,0,0,0,2026-07-15T10:46:12.949297
94,1,10,0,0,0,2026-07-15T10:46:13.798549
94,2,1,0,0,0,2026-07-15T10:46:14.368024
94,2,2,0,0,0,2026-07-15T10:46:14.963389
94,2,3,0,0,0,2026-07-15T10:46:15.512643
94,2,4,0,0,0,2026-07-15T10:46:16.148387
94,2,5,0,0,0,2026-07-15T10:46:17.112509
94,2,6,0,0,0,2026-07-15T10:46:17.728033
94,2,7,0,0,0,2026-07-15T10:46:18.340249
94,2,8,0,0,0,2026-07-15T10:46:18.850020
94,2,9,0,0,0,2026-07-15T10:46:19.466665
94,2,10,0,0,0,2026-07-15T10:46:20.134963
94,3,1,2,0,2,2026-07-15T10:46:20.789907
94,3,2,2,0,2,2026-07-15T10:46:21.192866
94,3,3,2,0,2,2026-07-15T10:46:21.677999
94,3,4,2,0,2,2026-07-15T10:46:22.130336
94,3,5,2,0,2,2026-07-15T10:46:22.572763
94,3,6,2,0,2,2026-07-15T10:46:23.016477
94,3,7,2,0,2,2026-07-15T10:46:23.471819
94,3,8,2,0,2,2026-07-15T10:46:23.853371
94,3,9,2,0,2,2026-07-15T10:46:24.261501
94,3,10,2,0,2,2026-07-15T10:46:25.100363
94,4,1,0,0,0,2026-07-15T10:46:25.713745
94,4,2,0,0,0,2026-07-15T10:46:26.327314
94,4,3,0,0,0,2026-07-15T10:46:26.834410
94,4,4,0,0,0,2026-07-15T10:46:27.262331
94,4,5,0,0,0,2026-07-15T10:46:27.822349
94,4,6,0,0,0,2026-07-15T10:46:28.214797
94,4,7,0,0,0,2026-07-15T10:46:28.892998
94,4,8,0,0,0,2026-07-15T10:46:29.503518
94,4,9,0,0,0,2026-07-15T10:46:30.061085
94,4,10,0,0,0,2026-07-15T10:46:30.631132
94,5,1,4,0,4,2026-07-15T10:46:31.143254
94,5,2,4,0,4,2026-07-15T10:46:31.756318
94,5,3,4,0,4,2026-07-15T10:46:32.577912
94,5,4,4,0,4,2026-07-15T10:46:33.473727
94,5,5,4,0,4,2026-07-15T10:46:33.967023
94,5,6,4,0,4,2026-07-15T10:46:34.637987
94,5,7,4,0,4,2026-07-15T10:46:35.236553
94,5,8,4,0,4,2026-07-15T10:46:35.853269
94,5,9,4,0,4,2026-07-15T10:46:36.424509
94,5,10,4,0,4,2026-07-15T10:46:36.998328
94,6,1,0,0,0,2026-07-15T10:46:37.583586
94,6,2,0,0,0,2026-07-15T10:46:38.192197
94,6,3,0,0,0,2026-07-15T10:46:38.794086
94,6,4,0,0,0,2026-07-15T10:46:39.265054
94,6,5,0,0,0,2026-07-15T10:46:39.845350
94,6,6,0,0,0,2026-07-15T10:46:40.395304
94,6,7,0,0,0,2026-07-15T10:46:40.944081
94,6,8,0,0,0,2026-07-15T10:46:41.689771
94,6,9,0,0,0,2026-07-15T10:46:42.305390
94,6,10,0,0,0,2026-07-15T10:46:42.779826
94,7,1,4,0,4,2026-07-15T10:46:43.578421
94,7,2,4,0,4,2026-07-15T10:46:44.325141
94,7,3,4,0,4,2026-07-15T10:46:44.969031
94,7,4,4,0,4,2026-07-15T10:46:45.603656
94,7,5,4,0,4,2026-07-15T10:46:46.361987
94,7,6,4,0,4,2026-07-15T10:46:46.946400
94,7,7,4,0,4,2026-07-15T10:46:47.552782
94,7,8,4,0,4,2026-07-15T10:46:49.067702
94,7,9,4,0,4,2026-07-15T10:46:50.496226
94,7,10,4,0,4,2026-07-15T10:46:52.345440
94,8,1,2,0,2,2026-07-15T10:46:52.950904
94,8,2,2,0,2,2026-07-15T10:46:53.670725
94,8,3,2,0,2,2026-07-15T10:46:54.172796
94,8,4,2,0,2,2026-07-15T10:46:54.687750
94,8,5,0,0,0,2026-07-15T10:46:55.276538
94,8,6,0,0,0,2026-07-15T10:46:56.134666
94,8,7,0,0,0,2026-07-15T10:46:56.609844
94,8,8,2,0,2,2026-07-15T10:46:57.191633
94,8,9,0,0,0,2026-07-15T10:46:57.676113
94,8,10,2,0,2,2026-07-15T10:46:58.213552
94,9,1,4,0,4,2026-07-15T10:46:58.685366
94,9,2,4,0,4,2026-07-15T10:46:59.222914
94,9,3,4,0,4,2026-07-15T10:46:59.672689
94,9,4,4,0,4,2026-07-15T10:47:00.734709
94,9,5,4,0,4,2026-07-15T10:47:01.216502
94,9,6,4,0,4,2026-07-15T10:47:01.866753
94,9,7,4,0,4,2026-07-15T10:47:02.475583
94,9,8,4,0,4,2026-07-15T10:47:02.923827
94,9,9,4,0,4,2026-07-15T10:47:03.498972
94,9,10,4,0,4,2026-07-15T10:47:04.115366
95,1,1,3,0,3,2026-07-15T10:47:04.728933
95,1,2,3,0,3,2026-07-15T10:47:05.328396
95,1,3,3,0,3,2026-07-15T10:47:05.890372
95,1,4,3,0,3,2026-07-15T10:47:06.468251
95,1,5,3,0,3,2026-07-15T10:47:07.085733
95,1,6,3,0,3,2026-07-15T10:47:07.652007
95,1,7,3,0,3,2026-07-15T10:47:08.223310
95,1,8,3,0,3,2026-07-15T10:47:09.030053
95,1,9,3,0,3,2026-07-15T10:47:09.645081
95,1,10,3,0,3,2026-07-15T10:47:10.137371
95,2,1,2,0,2,2026-07-15T10:47:10.670719
95,2,2,2,0,2,2026-07-15T10:47:11.236038
95,2,3,2,0,2,2026-07-15T10:47:11.793499
95,2,4,2,0,2,2026-07-15T10:47:12.355182
95,2,5,2,0,2,2026-07-15T10:47:13.022913
95,2,6,2,0,2,2026-07-15T10:47:13.639162
95,2,7,2,0,2,2026-07-15T10:47:14.216530
95,2,8,2,0,2,2026-07-15T10:47:14.763596
95,2,9,2,0,2,2026-07-15T10:47:15.304456
95,2,10,2,0,2,2026-07-15T10:47:15.899766
95,3,1,4,0,4,2026-07-15T10:47:16.402899
95,3,2,4,0,4,2026-07-15T10:47:17.041553
95,3,3,4,0,4,2026-07-15T10:47:17.622893
95,3,4,4,0,4,2026-07-15T10:47:18.139116
95,3,5,4,0,4,2026-07-15T10:47:18.912584
95,3,6,4,0,4,2026-07-15T10:47:19.416470
95,3,7,4,0,4,2026-07-15T10:47:20.216184
95,3,8,4,0,4,2026-07-15T10:47:20.733285
95,3,9,4,0,4,2026-07-15T10:47:21.308621
95,3,10,4,0,4,2026-07-15T10:47:21.822693
95,4,1,0,0,0,2026-07-15T10:47:22.413556
95,4,2,0,0,0,2026-07-15T10:47:22.955050
95,4,3,0,0,0,2026-07-15T10:47:23.539621
95,4,4,0,0,0,2026-07-15T10:47:23.998870
95,4,5,0,0,0,2026-07-15T10:47:24.560919
95,4,6,0,0,0,2026-07-15T10:47:25.075360
95,4,7,0,0,0,2026-07-15T10:47:25.565493
95,4,8,0,0,0,2026-07-15T10:47:26.131170
95,4,9,0,0,0,2026-07-15T10:47:26.621626
95,4,10,0,0,0,2026-07-15T10:47:31.148933
95,5,1,4,0,4,2026-07-15T10:47:31.764023
95,5,2,4,0,4,2026-07-15T10:47:32.362954
95,5,3,4,0,4,2026-07-15T10:47:32.836632
95,5,4,4,0,4,2026-07-15T10:47:33.350108
95,5,5,4,0,4,2026-07-15T10:47:34.015767
95,5,6,4,0,4,2026-07-15T10:47:34.587252
95,5,7,4,0,4,2026-07-15T10:47:35.347543
95,5,8,4,0,4,2026-07-15T10:47:36.144637
95,5,9,4,0,4,2026-07-15T10:47:36.683652
95,5,10,4,0,4,2026-07-15T10:47:38.669389
95,6,1,0,0,0,2026-07-15T10:47:39.234115
95,6,2,0,0,0,2026-07-15T10:47:39.745628
95,6,3,0,0,0,2026-07-15T10:47:40.466667
95,6,4,0,0,0,2026-07-15T10:47:41.183928
95,6,5,0,0,0,2026-07-15T10:47:41.688993
95,6,6,0,0,0,2026-07-15T10:47:42.219028
95,6,7,0,0,0,2026-07-15T10:47:43.436115
95,6,8,0,0,0,2026-07-15T10:47:44.154523
95,6,9,0,0,0,2026-07-15T10:47:44.709623
95,6,10,0,0,0,2026-07-15T10:47:45.257853
95,7,1,4,0,4,2026-07-15T10:47:46.005784
95,7,2,4,0,4,2026-07-15T10:47:46.721637
95,7,3,4,0,4,2026-07-15T10:47:47.271596
95,7,4,4,0,4,2026-07-15T10:47:47.839155
95,7,5,4,0,4,2026-07-15T10:47:48.455350
95,7,6,4,0,4,2026-07-15T10:47:49.314114
95,7,7,4,0,4,2026-07-15T10:47:50.039492
95,7,8,4,0,4,2026-07-15T10:47:50.706475
95,7,9,4,0,4,2026-07-15T10:47:51.508979
95,7,10,4,0,4,2026-07-15T10:47:52.056102
95,8,1,2,0,2,2026-07-15T10:47:52.791375
95,8,2,2,0,2,2026-07-15T10:47:53.473439
95,8,3,2,0,2,2026-07-15T10:47:54.087440
95,8,4,2,0,2,2026-07-15T10:47:54.549539
95,8,5,2,0,2,2026-07-15T10:47:55.117414
95,8,6,2,0,2,2026-07-15T10:47:55.543301
95,8,7,2,0,2,2026-07-15T10:47:56.135186
95,8,8,2,0,2,2026-07-15T10:47:56.695485
95,8,9,2,0,2,2026-07-15T10:47:57.390411
95,8,10,2,0,2,2026-07-15T10:47:58.102138
95,9,1,4,0,4,2026-07-15T10:47:58.639448
95,9,2,4,0,4,2026-07-15T10:47:59.141030
95,9,3,4,0,4,2026-07-15T10:47:59.603314
95,9,4,4,0,4,2026-07-15T10:48:00.051176
95,9,5,4,0,4,2026-07-15T10:48:00.595123
95,9,6,4,0,4,2026-07-15T10:48:01.101768
95,9,7,4,0,4,2026-07-15T10:48:01.598618
95,9,8,4,0,4,2026-07-15T10:48:02.176224
95,9,9,4,0,4,2026-07-15T10:48:02.894842
95,9,10,4,0,4,2026-07-15T10:48:03.419923
96,1,1,4,0,4,2026-07-15T10:48:03.988990
96,1,2,4,0,4,2026-07-15T10:48:04.465057
96,1,3,4,0,4,2026-07-15T10:48:04.997314
96,1,4,4,0,4,2026-07-15T10:48:06.192181
96,1,5,4,0,4,2026-07-15T10:48:07.687711
96,1,6,4,0,4,2026-07-15T10:48:08.750575
96,1,7,4,0,4,2026-07-15T10:48:09.296238
96,1,8,4,0,4,2026-07-15T10:48:09.834354
96,1,9,4,0,4,2026-07-15T10:48:10.351389
96,1,10,4,0,4,2026-07-15T10:48:10.853489
96,2,1,2,0,2,2026-07-15T10:48:11.488348
96,2,2,2,0,2,2026-07-15T10:48:12.052624
96,2,3,2,0,2,2026-07-15T10:48:12.847524
96,2,4,2,0,2,2026-07-15T10:48:13.345015
96,2,5,2,0,2,2026-07-15T10:48:14.255136
96,2,6,2,0,2,2026-07-15T10:48:15.051246
96,2,7,2,0,2,2026-07-15T10:48:15.824471
96,2,8,2,0,2,2026-07-15T10:48:16.410167
96,2,9,2,0,2,2026-07-15T10:48:16.906493
96,2,10,2,0,2,2026-07-15T10:48:17.497778
96,3,1,4,0,4,2026-07-15T10:48:18.047938
96,3,2,4,0,4,2026-07-15T10:48:18.536406
96,3,3,4,0,4,2026-07-15T10:48:19.166299
96,3,4,4,0,4,2026-07-15T10:48:19.733210
96,3,5,4,0,4,2026-07-15T10:48:20.507389
96,3,6,4,0,4,2026-07-15T10:48:21.268920
96,3,7,4,0,4,2026-07-15T10:48:21.823349
96,3,8,4,0,4,2026-07-15T10:48:22.306854
96,3,9,4,0,4,2026-07-15T10:48:22.997604
96,3,10,4,0,4,2026-07-15T10:48:24.388025
96,4,1,2,0,2,2026-07-15T10:48:25.422528
96,4,2,2,0,2,2026-07-15T10:48:26.034629
96,4,3,2,0,2,2026-07-15T10:48:26.618789
96,4,4,2,0,2,2026-07-15T10:48:27.239393
96,4,5,2,0,2,2026-07-15T10:48:27.982392
96,4,6,2,0,2,2026-07-15T10:48:28.801038
96,4,7,2,0,2,2026-07-15T10:48:29.371965
96,4,8,2,0,2,2026-07-15T10:48:29.980917
96,4,9,2,0,2,2026-07-15T10:48:36.922599
96,4,10,2,0,2,2026-07-15T10:48:37.476225
96,5,1,4,0,4,2026-07-15T10:48:37.938838
96,5,2,4,0,4,2026-07-15T10:48:38.635836
96,5,3,4,0,4,2026-07-15T10:48:39.025932
96,5,4,4,0,4,2026-07-15T10:48:39.654747
96,5,5,4,0,4,2026-07-15T10:48:40.197267
96,5,6,4,0,4,2026-07-15T10:48:40.753119
96,5,7,4,0,4,2026-07-15T10:48:41.271520
96,5,8,4,0,4,2026-07-15T10:48:42.015019
96,5,9,4,0,4,2026-07-15T10:48:42.952884
96,5,10,4,0,4,2026-07-15T10:48:43.471837
96,6,1,1,0,1,2026-07-15T10:48:44.036463
96,6,2,1,0,1,2026-07-15T10:48:44.535797
96,6,3,1,0,1,2026-07-15T10:48:45.005013
96,6,4,1,0,1,2026-07-15T10:48:45.518562
96,6,5,1,0,1,2026-07-15T10:48:46.099138
96,6,6,0,0,0,2026-07-15T10:48:47.111157
96,6,7,1,0,1,2026-07-15T10:48:47.848887
96,6,8,0,0,0,2026-07-15T10:48:48.350951
96,6,9,1,0,1,2026-07-15T10:48:48.847368
96,6,10,1,0,1,2026-07-15T10:48:49.355487
96,7,1,4,0,4,2026-07-15T10:48:49.818002
96,7,2,4,0,4,2026-07-15T10:48:50.373046
96,7,3,4,0,4,2026-07-15T10:48:50.867566
96,7,4,4,0,4,2026-07-15T10:48:51.479719
96,7,5,4,0,4,2026-07-15T10:48:52.026385
96,7,6,4,0,4,2026-07-15T10:48:52.493946
96,7,7,4,0,4,2026-07-15T10:48:53.540147
96,7,8,4,0,4,2026-07-15T10:48:54.080061
96,7,9,4,0,4,2026-07-15T10:48:54.607011
96,7,10,4,0,4,2026-07-15T10:48:55.158284
96,8,1,3,0,3,2026-07-15T10:48:55.843423
96,8,2,3,0,3,2026-07-15T10:48:56.351237
96,8,3,3,0,3,2026-07-15T10:48:57.072298
96,8,4,3,0,3,2026-07-15T10:48:57.678865
96,8,5,4,0,4,2026-07-15T10:48:58.244211
96,8,6,3,0,3,2026-07-15T10:48:58.932871
96,8,7,3,0,3,2026-07-15T10:48:59.462273
96,8,8,3,0,3,2026-07-15T10:49:04.696792
96,8,9,4,0,4,2026-07-15T10:49:05.173594
96,8,10,4,0,4,2026-07-15T10:49:05.785861
96,9,1,4,0,4,2026-07-15T10:49:06.364642
96,9,2,4,0,4,2026-07-15T10:49:07.341425
96,9,3,4,0,4,2026-07-15T10:49:07.886680
96,9,4,4,0,4,2026-07-15T10:49:08.629775
96,9,5,4,0,4,2026-07-15T10:49:09.147360
96,9,6,4,0,4,2026-07-15T10:49:09.720477
96,9,7,4,0,4,2026-07-15T10:49:10.273923
96,9,8,4,0,4,2026-07-15T10:49:10.894722
96,9,9,4,0,4,2026-07-15T10:49:11.453455
96,9,10,4,0,4,2026-07-15T10:49:12.097980
97,1,1,3,0,3,2026-07-15T10:49:12.833076
97,1,2,3,0,3,2026-07-15T10:49:13.351839
97,1,3,3,0,3,2026-07-15T10:49:13.863119
97,1,4,3,0,3,2026-07-15T10:49:14.423311
97,1,5,3,0,3,2026-07-15T10:49:15.092702
97,1,6,3,0,3,2026-07-15T10:49:15.689793
97,1,7,3,0,3,2026-07-15T10:49:16.328467
97,1,8,3,0,3,2026-07-15T10:49:16.800550
97,1,9,3,0,3,2026-07-15T10:49:17.388080
97,1,10,3,0,3,2026-07-15T10:49:17.971475
97,2,1,1,0,1,2026-07-15T10:49:18.582836
97,2,2,0,0,0,2026-07-15T10:49:19.244494
97,2,3,1,0,1,2026-07-15T10:49:19.866200
97,2,4,1,0,1,2026-07-15T10:49:20.514262
97,2,5,0,0,0,2026-07-15T10:49:21.111158
97,2,6,1,0,1,2026-07-15T10:49:22.013923
97,2,7,1,0,1,2026-07-15T10:49:22.767055
97,2,8,1,0,1,2026-07-15T10:49:23.304690
97,2,9,1,0,1,2026-07-15T10:49:23.873353
97,2,10,1,0,1,2026-07-15T10:49:24.390391
97,3,1,3,0,3,2026-07-15T10:49:25.136737
97,3,2,3,0,3,2026-07-15T10:49:25.657541
97,3,3,3,0,3,2026-07-15T10:49:26.150485
97,3,4,3,0,3,2026-07-15T10:49:27.578527
97,3,5,3,0,3,2026-07-15T10:49:28.028897
97,3,6,3,0,3,2026-07-15T10:49:28.492172
97,3,7,3,0,3,2026-07-15T10:49:29.127901
97,3,8,3,0,3,2026-07-15T10:49:29.795493
97,3,9,3,0,3,2026-07-15T10:49:34.002261
97,3,10,3,0,3,2026-07-15T10:49:34.651745
97,4,1,0,0,0,2026-07-15T10:49:35.288168
97,4,2,0,0,0,2026-07-15T10:49:35.956875
97,4,3,0,0,0,2026-07-15T10:49:36.485337
97,4,4,0,0,0,2026-07-15T10:49:37.105743
97,4,5,0,0,0,2026-07-15T10:49:37.665337
97,4,6,0,0,0,2026-07-15T10:49:38.282140
97,4,7,0,0,0,2026-07-15T10:49:38.792215
97,4,8,0,0,0,2026-07-15T10:49:39.457769
97,4,9,0,0,0,2026-07-15T10:49:39.967691
97,4,10,0,0,0,2026-07-15T10:49:40.509812
97,5,1,4,0,4,2026-07-15T10:49:41.105197
97,5,2,4,0,4,2026-07-15T10:49:41.711359
97,5,3,4,0,4,2026-07-15T10:49:42.543306
97,5,4,4,0,4,2026-07-15T10:49:43.346465
97,5,5,4,0,4,2026-07-15T10:49:44.261266
97,5,6,4,0,4,2026-07-15T10:49:44.787203
97,5,7,4,0,4,2026-07-15T10:49:45.398797
97,5,8,4,0,4,2026-07-15T10:49:45.953145
97,5,9,4,0,4,2026-07-15T10:49:46.576472
97,5,10,4,0,4,2026-07-15T10:49:47.432544
97,6,1,0,0,0,2026-07-15T10:49:48.103836
97,6,2,0,0,0,2026-07-15T10:49:48.617527
97,6,3,0,0,0,2026-07-15T10:49:49.006646
97,6,4,0,0,0,2026-07-15T10:49:49.635153
97,6,5,0,0,0,2026-07-15T10:49:50.190512
97,6,6,0,0,0,2026-07-15T10:49:50.615643
97,6,7,0,0,0,2026-07-15T10:49:51.112381
97,6,8,0,0,0,2026-07-15T10:49:51.558562
97,6,9,0,0,0,2026-07-15T10:49:52.052037
97,6,10,0,0,0,2026-07-15T10:49:55.443965
97,7,1,4,0,4,2026-07-15T10:49:56.012598
97,7,2,4,0,4,2026-07-15T10:49:56.455235
97,7,3,4,0,4,2026-07-15T10:49:56.921670
97,7,4,4,0,4,2026-07-15T10:49:57.443496
97,7,5,4,0,4,2026-07-15T10:49:58.015871
97,7,6,4,0,4,2026-07-15T10:49:58.470371
97,7,7,4,0,4,2026-07-15T10:49:58.909360
97,7,8,4,0,4,2026-07-15T10:49:59.315689
97,7,9,4,0,4,2026-07-15T10:49:59.755567
97,7,10,4,0,4,2026-07-15T10:50:01.175187
97,8,1,2,0,2,2026-07-15T10:50:01.985077
97,8,2,2,0,2,2026-07-15T10:50:02.740209
97,8,3,2,0,2,2026-07-15T10:50:03.792628
97,8,4,2,0,2,2026-07-15T10:50:04.297223
97,8,5,2,0,2,2026-07-15T10:50:05.123314
97,8,6,2,0,2,2026-07-15T10:50:05.578609
97,8,7,2,0,2,2026-07-15T10:50:06.183589
97,8,8,2,0,2,2026-07-15T10:50:06.799481
97,8,9,2,0,2,2026-07-15T10:50:07.313701
97,8,10,2,0,2,2026-07-15T10:50:08.129094
97,9,1,4,0,4,2026-07-15T10:50:08.744883
97,9,2,4,0,4,2026-07-15T10:50:09.369419
97,9,3,4,0,4,2026-07-15T10:50:10.075839
97,9,4,4,0,4,2026-07-15T10:50:10.635556
97,9,5,4,0,4,2026-07-15T10:50:11.075865
97,9,6,4,0,4,2026-07-15T10:50:11.782300
97,9,7,4,0,4,2026-07-15T10:50:12.431614
97,9,8,4,0,4,2026-07-15T10:50:12.941142
97,9,9,4,0,4,2026-07-15T10:50:13.590123
97,9,10,4,0,4,2026-07-15T10:50:14.171536
98,1,1,3,0,3,2026-07-15T10:50:14.584918
98,1,2,3,0,3,2026-07-15T10:50:15.093823
98,1,3,3,0,3,2026-07-15T10:50:15.586435
98,1,4,3,0,3,2026-07-15T10:50:15.976109
98,1,5,3,0,3,2026-07-15T10:50:16.970463
98,1,6,3,0,3,2026-07-15T10:50:17.565351
98,1,7,3,0,3,2026-07-15T10:50:18.162056
98,1,8,3,0,3,2026-07-15T10:50:18.581249
98,1,9,3,0,3,2026-07-15T10:50:19.273074
98,1,10,3,0,3,2026-07-15T10:50:19.755390
98,2,1,0,0,0,2026-07-15T10:50:20.227525
98,2,2,0,0,0,2026-07-15T10:50:20.798949
98,2,3,1,0,1,2026-07-15T10:50:21.647984
98,2,4,1,0,1,2026-07-15T10:50:22.396170
98,2,5,0,0,0,2026-07-15T10:50:23.073560
98,2,6,0,0,0,2026-07-15T10:50:23.637157
98,2,7,1,0,1,2026-07-15T10:50:24.147824
98,2,8,0,0,0,2026-07-15T10:50:24.618488
98,2,9,0,0,0,2026-07-15T10:50:25.111992
98,2,10,0,0,0,2026-07-15T10:50:25.653161
98,3,1,4,0,4,2026-07-15T10:50:27.154833
98,3,2,4,0,4,2026-07-15T10:50:27.997067
98,3,3,4,0,4,2026-07-15T10:50:28.653639
98,3,4,4,0,4,2026-07-15T10:50:29.146527
98,3,5,4,0,4,2026-07-15T10:50:29.669811
98,3,6,4,0,4,2026-07-15T10:50:30.301316
98,3,7,4,0,4,2026-07-15T10:50:31.031867
98,3,8,4,0,4,2026-07-15T10:50:31.789043
98,3,9,4,0,4,2026-07-15T10:50:32.374345
98,3,10,4,0,4,2026-07-15T10:50:32.945101
98,4,1,0,0,0,2026-07-15T10:50:33.506129
98,4,2,0,0,0,2026-07-15T10:50:34.148888
98,4,3,0,0,0,2026-07-15T10:50:34.980528
98,4,4,0,0,0,2026-07-15T10:50:35.548191
98,4,5,0,0,0,2026-07-15T10:50:36.244400
98,4,6,0,0,0,2026-07-15T10:50:36.704306
98,4,7,0,0,0,2026-07-15T10:50:37.372981
98,4,8,0,0,0,2026-07-15T10:50:38.252830
98,4,9,0,0,0,2026-07-15T10:50:38.911162
98,4,10,0,0,0,2026-07-15T10:50:39.454903
98,5,1,4,0,4,2026-07-15T10:50:39.907636
98,5,2,4,0,4,2026-07-15T10:50:40.400340
98,5,3,4,0,4,2026-07-15T10:50:41.104221
98,5,4,4,0,4,2026-07-15T10:50:41.563430
98,5,5,4,0,4,2026-07-15T10:50:42.036050
98,5,6,4,0,4,2026-07-15T10:50:42.511424
98,5,7,4,0,4,2026-07-15T10:50:43.005742
98,5,8,4,0,4,2026-07-15T10:50:43.648603
98,5,9,4,0,4,2026-07-15T10:50:44.279595
98,5,10,4,0,4,2026-07-15T10:50:44.825603
98,6,1,0,0,0,2026-07-15T10:50:45.404502
98,6,2,0,0,0,2026-07-15T10:50:46.221249
98,6,3,0,0,0,2026-07-15T10:50:46.838814
98,6,4,0,0,0,2026-07-15T10:50:47.327765
98,6,5,0,0,0,2026-07-15T10:50:47.803450
98,6,6,0,0,0,2026-07-15T10:50:48.352933
98,6,7,0,0,0,2026-07-15T10:50:48.952116
98,6,8,0,0,0,2026-07-15T10:50:49.703589
98,6,9,0,0,0,2026-07-15T10:50:50.247463
98,6,10,0,0,0,2026-07-15T10:50:50.743968
98,7,1,4,0,4,2026-07-15T10:50:51.225541
98,7,2,4,0,4,2026-07-15T10:50:51.753924
98,7,3,4,0,4,2026-07-15T10:50:52.776189
98,7,4,4,0,4,2026-07-15T10:50:53.626862
98,7,5,4,0,4,2026-07-15T10:50:54.192789
98,7,6,4,0,4,2026-07-15T10:50:54.825160
98,7,7,4,0,4,2026-07-15T10:50:55.311812
98,7,8,4,0,4,2026-07-15T10:50:55.849180
98,7,9,4,0,4,2026-07-15T10:50:57.042101
98,7,10,4,0,4,2026-07-15T10:50:57.851336
98,8,1,2,0,2,2026-07-15T10:50:58.714039
98,8,2,2,0,2,2026-07-15T10:50:59.638809
98,8,3,0,0,0,2026-07-15T10:51:00.255408
98,8,4,2,0,2,2026-07-15T10:51:00.827418
98,8,5,2,0,2,2026-07-15T10:51:01.288203
98,8,6,2,0,2,2026-07-15T10:51:01.856039
98,8,7,2,0,2,2026-07-15T10:51:02.395252
98,8,8,2,0,2,2026-07-15T10:51:02.959759
98,8,9,2,0,2,2026-07-15T10:51:03.504258
98,8,10,2,0,2,2026-07-15T10:51:04.205693
98,9,1,4,0,4,2026-07-15T10:51:04.771794
98,9,2,4,0,4,2026-07-15T10:51:05.269629
98,9,3,4,0,4,2026-07-15T10:51:05.780548
98,9,4,4,0,4,2026-07-15T10:51:06.349629
98,9,5,4,0,4,2026-07-15T10:51:06.787433
98,9,6,4,0,4,2026-07-15T10:51:07.333763
98,9,7,4,0,4,2026-07-15T10:51:07.802815
98,9,8,4,0,4,2026-07-15T10:51:12.523382
98,9,9,4,0,4,2026-07-15T10:51:13.026266
98,9,10,4,0,4,2026-07-15T10:51:19.291020
99,1,1,3,0,3,2026-07-15T10:51:20.157303
99,1,2,3,0,3,2026-07-15T10:51:21.026829
99,1,3,3,0,3,2026-07-15T10:51:21.507898
99,1,4,3,0,3,2026-07-15T10:51:21.998291
99,1,5,3,0,3,2026-07-15T10:51:22.565526
99,1,6,3,0,3,2026-07-15T10:51:23.274811
99,1,7,3,0,3,2026-07-15T10:51:23.753365
99,1,8,3,0,3,2026-07-15T10:51:24.355206
99,1,9,3,0,3,2026-07-15T10:51:24.895732
99,1,10,3,0,3,2026-07-15T10:51:25.564420
99,2,1,2,0,2,2026-07-15T10:51:26.095719
99,2,2,2,0,2,2026-07-15T10:51:26.624519
99,2,3,2,0,2,2026-07-15T10:51:27.075459
99,2,4,2,0,2,2026-07-15T10:51:27.654558
99,2,5,2,0,2,2026-07-15T10:51:28.142097
99,2,6,2,0,2,2026-07-15T10:51:28.598935
99,2,7,2,0,2,2026-07-15T10:51:29.240734
99,2,8,2,0,2,2026-07-15T10:51:29.782425
99,2,9,2,0,2,2026-07-15T10:51:30.205762
99,2,10,2,0,2,2026-07-15T10:51:30.691226
99,3,1,4,0,4,2026-07-15T10:51:31.140169
99,3,2,4,0,4,2026-07-15T10:51:31.899204
99,3,3,4,0,4,2026-07-15T10:51:32.445078
99,3,4,4,0,4,2026-07-15T10:51:32.931670
99,3,5,4,0,4,2026-07-15T10:51:33.568863
99,3,6,4,0,4,2026-07-15T10:51:34.593213
99,3,7,4,0,4,2026-07-15T10:51:35.123089
99,3,8,4,0,4,2026-07-15T10:51:35.619789
99,3,9,4,0,4,2026-07-15T10:51:36.438814
99,3,10,4,0,4,2026-07-15T10:51:37.047827
99,4,1,2,0,2,2026-07-15T10:51:37.541093
99,4,2,2,0,2,2026-07-15T10:51:38.255248
99,4,3,2,0,2,2026-07-15T10:51:38.735247
99,4,4,2,0,2,2026-07-15T10:51:39.276927
99,4,5,2,0,2,2026-07-15T10:51:39.820707
99,4,6,2,0,2,2026-07-15T10:51:40.300130
99,4,7,2,0,2,2026-07-15T10:51:40.841922
99,4,8,2,0,2,2026-07-15T10:51:41.401246
99,4,9,2,0,2,2026-07-15T10:51:42.070804
99,4,10,2,0,2,2026-07-15T10:51:42.619410
99,5,1,4,0,4,2026-07-15T10:51:43.138164
99,5,2,4,0,4,2026-07-15T10:51:44.526625
99,5,3,4,0,4,2026-07-15T10:51:45.243454
99,5,4,4,0,4,2026-07-15T10:51:46.010192
99,5,5,4,0,4,2026-07-15T10:51:46.574165
99,5,6,4,0,4,2026-07-15T10:51:47.189277
99,5,7,4,0,4,2026-07-15T10:51:47.690444
99,5,8,4,0,4,2026-07-15T10:51:48.316102
99,5,9,4,0,4,2026-07-15T10:51:48.879473
99,5,10,4,0,4,2026-07-15T10:51:49.546409
99,6,1,0,0,0,2026-07-15T10:51:50.030156
99,6,2,0,0,0,2026-07-15T10:51:50.774342
99,6,3,0,0,0,2026-07-15T10:51:52.309518
99,6,4,0,0,0,2026-07-15T10:51:52.846739
99,6,5,0,0,0,2026-07-15T10:51:53.565587
99,6,6,0,0,0,2026-07-15T10:51:54.003254
99,6,7,0,0,0,2026-07-15T10:51:54.559250
99,6,8,0,0,0,2026-07-15T10:51:55.169878
99,6,9,0,0,0,2026-07-15T10:51:56.040018
99,6,10,0,0,0,2026-07-15T10:51:56.529144
99,7,1,4,0,4,2026-07-15T10:51:57.112251
99,7,2,4,0,4,2026-07-15T10:51:57.765238
99,7,3,4,0,4,2026-07-15T10:51:58.183328
99,7,4,4,0,4,2026-07-15T10:51:58.629820
99,7,5,4,0,4,2026-07-15T10:51:59.171718
99,7,6,4,0,4,2026-07-15T10:51:59.809603
99,7,7,4,0,4,2026-07-15T10:52:00.346926
99,7,8,4,0,4,2026-07-15T10:52:00.812733
99,7,9,4,0,4,2026-07-15T10:52:01.283093
99,7,10,4,0,4,2026-07-15T10:52:01.788582
99,8,1,2,0,2,2026-07-15T10:52:02.466898
99,8,2,2,0,2,2026-07-15T10:52:03.030646
99,8,3,2,0,2,2026-07-15T10:52:03.499812
99,8,4,2,0,2,2026-07-15T10:52:04.186762
99,8,5,2,0,2,2026-07-15T10:52:04.803603
99,8,6,2,0,2,2026-07-15T10:52:05.342344
99,8,7,2,0,2,2026-07-15T10:52:05.861741
99,8,8,2,0,2,2026-07-15T10:52:06.375121
99,8,9,2,0,2,2026-07-15T10:52:06.953331
99,8,10,2,0,2,2026-07-15T10:52:07.568837
99,9,1,4,0,4,2026-07-15T10:52:09.073244
99,9,2,4,0,4,2026-07-15T10:52:09.904836
99,9,3,4,0,4,2026-07-15T10:52:10.640802
99,9,4,4,0,4,2026-07-15T10:52:11.321443
99,9,5,4,0,4,2026-07-15T10:52:11.903072
99,9,6,4,0,4,2026-07-15T10:52:12.352908
99,9,7,4,0,4,2026-07-15T10:52:13.132884
99,9,8,4,0,4,2026-07-15T10:52:13.815643
99,9,9,4,0,4,2026-07-15T10:52:14.257441
99,9,10,4,0,4,2026-07-15T10:52:14.688334
