persona_id,question_id,run_index,rating,failures,response,collected_at
0,1,1,5,0,5,2026-07-15T08:49:55.982371
0,1,2,4,0,4,2026-07-15T08:49:56.337738
0,1,3,4,0,4,2026-07-15T08:49:56.829705
0,1,4,4,0,4,2026-07-15T08:49:57.373282
0,1,5,5,0,5,2026-07-15T08:49:58.179981
0,1,6,5,0,5,2026-07-15T08:49:58.671433
0,1,7,4,0,4,2026-07-15T08:49:59.027031
0,1,8,4,0,4,2026-07-15T08:49:59.480331
0,1,9,4,0,4,2026-07-15T08:50:00.266488
0,1,10,4,0,4,2026-07-15T08:50:00.708821
0,2,1,0,0,0,2026-07-15T08:50:01.073589
0,2,2,0,0,0,2026-07-15T08:50:01.508820
0,2,3,0,0,0,2026-07-15T08:50:02.227214
0,2,4,0,0,0,2026-07-15T08:50:02.576210
0,2,5,0,0,0,2026-07-15T08:50:03.019391
0,2,6,0,0,0,2026-07-15T08:50:03.460311
0,2,7,0,0,0,2026-07-15T08:50:04.206476
0,2,8,0,0,0,2026-07-15T08:50:04.552421
0,2,9,0,0,0,2026-07-15T08:50:05.108533
0,2,10,0,0,0,2026-07-15T08:50:05.472069
0,3,1,2,0,2,2026-07-15T08:50:05.976616
0,3,2,2,0,2,2026-07-15T08:50:06.944988
0,3,3,2,1,2,2026-07-15T12:38:47.169147
0,3,4,2,0,2,2026-07-15T08:50:08.508497
0,3,5,2,0,2,2026-07-15T08:50:09.185352
0,3,6,2,0,2,2026-07-15T08:50:09.603580
0,3,7,2,0,2,2026-07-15T08:50:10.081305
0,3,8,2,1,2,2026-07-15T12:38:47.578802
0,3,9,2,0,2,2026-07-15T08:50:11.747795
0,3,10,2,1,2,2026-07-15T12:38:47.978401
0,4,1,0,0,0,2026-07-15T08:50:13.684142
0,4,2,0,0,0,2026-07-15T08:50:14.398004
0,4,3,0,0,0,2026-07-15T08:50:15.441689
0,4,4,0,0,0,2026-07-15T08:50:16.180762
0,4,5,0,0,0,2026-07-15T08:50:16.779074
0,4,6,0,0,0,2026-07-15T08:50:17.099409
0,4,7,0,0,0,2026-07-15T08:50:17.467007
0,4,8,0,0,0,2026-07-15T08:50:18.000586
0,4,9,0,0,0,2026-07-15T08:50:18.812040
0,4,10,0,0,0,2026-07-15T08:50:19.710580
0,5,1,5,0,5,2026-07-15T08:50:20.644806
0,5,2,4,0,4,2026-07-15T08:50:21.452885
0,5,3,4,0,4,2026-07-15T08:50:21.922832
0,5,4,4,0,4,2026-07-15T08:50:22.318794
0,5,5,5,0,5,2026-07-15T08:50:24.238310
0,5,6,4,0,4,2026-07-15T08:50:24.625885
0,5,7,5,1,5,2026-07-15T12:38:48.531417
0,5,8,5,0,5,2026-07-15T08:50:27.040905
0,5,9,4,0,4,2026-07-15T08:50:27.924734
0,5,10,5,0,5,2026-07-15T08:50:28.549896
0,6,1,0,0,0,2026-07-15T08:50:28.963815
0,6,2,0,0,0,2026-07-15T08:50:29.359502
0,6,3,0,0,0,2026-07-15T08:50:29.768943
0,6,4,0,0,0,2026-07-15T08:50:30.161079
0,6,5,0,0,0,2026-07-15T08:50:30.700770
0,6,6,0,0,0,2026-07-15T08:50:31.054101
0,6,7,0,0,0,2026-07-15T08:50:31.708503
0,6,8,0,0,0,2026-07-15T08:50:32.882735
0,6,9,0,0,0,2026-07-15T08:50:33.863340
0,6,10,0,0,0,2026-07-15T08:50:34.209365
0,7,1,5,0,5,2026-07-15T08:50:34.759990
0,7,2,5,0,5,2026-07-15T08:50:35.118063
0,7,3,5,0,5,2026-07-15T08:50:35.574131
0,7,4,5,0,5,2026-07-15T08:50:36.142251
0,7,5,5,0,5,2026-07-15T08:50:36.445496
0,7,6,5,0,5,2026-07-15T08:50:37.740384
0,7,7,5,0,5,2026-07-15T08:50:38.336262
0,7,8,5,0,5,2026-07-15T08:50:38.699263
0,7,9,5,0,5,2026-07-15T08:50:39.122011
0,7,10,5,0,5,2026-07-15T08:50:39.419189
0,8,1,0,0,0,2026-07-15T08:50:39.949180
0,8,2,0,1,0,2026-07-15T12:38:48.874027
0,8,3,0,0,0,2026-07-15T08:50:41.499819
0,8,4,0,0,0,2026-07-15T08:50:42.060609
0,8,5,0,0,0,2026-07-15T08:50:42.435691
0,8,6,0,0,0,2026-07-15T08:50:43.145065
0,8,7,0,0,0,2026-07-15T08:50:43.520477
0,8,8,0,0,0,2026-07-15T08:50:43.911095
0,8,9,0,0,0,2026-07-15T08:50:44.616041
0,8,10,0,0,0,2026-07-15T08:50:44.968130
0,9,1,5,0,5,2026-07-15T08:50:45.920294
0,9,2,5,0,5,2026-07-15T08:50:46.312589
0,9,3,5,0,5,2026-07-15T08:50:46.774488
0,9,4,5,0,5,2026-07-15T08:50:47.632118
0,9,5,5,0,5,2026-07-15T08:50:48.278624
0,9,6,5,0,5,2026-07-15T08:50:48.589232
0,9,7,5,0,5,2026-07-15T08:50:48.951524
0,9,8,5,0,5,2026-07-15T08:50:49.393971
0,9,9,5,0,5,2026-07-15T08:50:49.737095
0,9,10,5,0,5,2026-07-15T08:50:50.835442
1,1,1,4,0,4,2026-07-15T08:50:51.920033
1,1,2,5,0,5,2026-07-15T08:50:52.360280
1,1,3,4,0,4,2026-07-15T08:50:52.839998
1,1,4,4,1,4,2026-07-15T12:38:49.398385
1,1,5,4,0,4,2026-07-15T08:50:55.303531
1,1,6,5,1,5,2026-07-15T12:38:50.167884
1,1,7,5,0,5,2026-07-15T08:50:56.491521
1,1,8,4,0,4,2026-07-15T08:50:56.834356
1,1,9,4,0,4,2026-07-15T08:50:57.194959
1,1,10,4,0,4,2026-07-15T08:50:57.869775
1,2,1,0,0,0,2026-07-15T08:50:58.207266
1,2,2,0,0,0,2026-07-15T08:50:58.605887
1,2,3,0,0,0,2026-07-15T08:50:58.988634
1,2,4,0,0,0,2026-07-15T08:51:00.551592
1,2,5,0,0,0,2026-07-15T08:51:01.247598
1,2,6,0,0,0,2026-07-15T08:51:01.730840
1,2,7,0,0,0,2026-07-15T08:51:02.543898
1,2,8,0,0,0,2026-07-15T08:51:02.912860
1,2,9,0,0,0,2026-07-15T08:51:03.399120
1,2,10,0,0,0,2026-07-15T08:51:03.725067
1,3,1,4,0,4,2026-07-15T08:51:05.331794
1,3,2,4,0,4,2026-07-15T08:51:06.687735
1,3,3,2,0,2,2026-07-15T08:51:07.230542
1,3,4,4,0,4,2026-07-15T08:51:07.765024
1,3,5,4,0,4,2026-07-15T08:51:08.382761
1,3,6,2,0,2,2026-07-15T08:51:09.193317
1,3,7,2,0,2,2026-07-15T08:51:10.097239
1,3,8,4,0,4,2026-07-15T08:51:10.806858
1,3,9,2,0,2,2026-07-15T08:51:11.305676
1,3,10,4,0,4,2026-07-15T08:51:11.853839
1,4,1,0,0,0,2026-07-15T08:51:12.486385
1,4,2,0,0,0,2026-07-15T08:51:12.865489
1,4,3,0,0,0,2026-07-15T08:51:13.266715
1,4,4,0,0,0,2026-07-15T08:51:13.982368
1,4,5,0,0,0,2026-07-15T08:51:14.517439
1,4,6,0,0,0,2026-07-15T08:51:15.559247
1,4,7,0,0,0,2026-07-15T08:51:16.846342
1,4,8,0,1,0,2026-07-15T12:38:51.218207
1,4,9,0,0,0,2026-07-15T08:51:19.005844
1,4,10,0,0,0,2026-07-15T08:51:19.620917
1,5,1,5,0,5,2026-07-15T08:51:20.019990
1,5,2,5,0,5,2026-07-15T08:51:20.565980
1,5,3,4,0,4,2026-07-15T08:51:20.956492
1,5,4,5,0,5,2026-07-15T08:51:21.300088
1,5,5,5,1,5,2026-07-15T12:38:51.648397
1,5,6,5,0,5,2026-07-15T08:51:22.204777
1,5,7,5,0,5,2026-07-15T08:51:22.597154
1,5,8,5,0,5,2026-07-15T08:51:23.073515
1,5,9,4,0,4,2026-07-15T08:51:23.424348
1,5,10,4,0,4,2026-07-15T08:51:23.811128
1,6,1,0,0,0,2026-07-15T08:51:24.190062
1,6,2,0,0,0,2026-07-15T08:51:24.540225
1,6,3,0,2,0,2026-07-15T12:47:41.784085
1,6,4,0,1,0,2026-07-15T12:38:53.302707
1,6,5,0,0,0,2026-07-15T08:51:27.549432
1,6,6,0,0,0,2026-07-15T08:51:27.900374
1,6,7,0,0,0,2026-07-15T08:51:28.855498
1,6,8,0,0,0,2026-07-15T08:51:29.550359
1,6,9,0,0,0,2026-07-15T08:51:29.903071
1,6,10,0,0,0,2026-07-15T08:51:30.398943
1,7,1,5,0,5,2026-07-15T08:51:30.778114
1,7,2,5,0,5,2026-07-15T08:51:31.216640
1,7,3,5,0,5,2026-07-15T08:51:31.990705
1,7,4,5,0,5,2026-07-15T08:51:32.558223
1,7,5,5,0,5,2026-07-15T08:51:32.896198
1,7,6,5,0,5,2026-07-15T08:51:33.369113
1,7,7,5,1,5,2026-07-15T12:38:54.142116
1,7,8,5,0,5,2026-07-15T08:51:34.893529
1,7,9,5,0,5,2026-07-15T08:51:35.815184
1,7,10,5,0,5,2026-07-15T08:51:36.327627
1,8,1,0,0,0,2026-07-15T08:51:36.725089
1,8,2,0,0,0,2026-07-15T08:51:37.136354
1,8,3,0,0,0,2026-07-15T08:51:37.718419
1,8,4,0,0,0,2026-07-15T08:51:38.080558
1,8,5,0,0,0,2026-07-15T08:51:38.424732
1,8,6,0,0,0,2026-07-15T08:51:39.203469
1,8,7,0,0,0,2026-07-15T08:51:39.644366
1,8,8,0,0,0,2026-07-15T08:51:40.066436
1,8,9,0,0,0,2026-07-15T08:51:40.961587
1,8,10,0,0,0,2026-07-15T08:51:41.465615
1,9,1,5,0,5,2026-07-15T08:51:41.982242
1,9,2,5,0,5,2026-07-15T08:51:42.509463
1,9,3,5,0,5,2026-07-15T08:51:43.019137
1,9,4,5,0,5,2026-07-15T08:51:43.368868
1,9,5,5,0,5,2026-07-15T08:51:43.709487
1,9,6,5,0,5,2026-07-15T08:51:44.282900
1,9,7,5,0,5,2026-07-15T08:51:44.814444
1,9,8,5,0,5,2026-07-15T08:51:45.223246
1,9,9,5,0,5,2026-07-15T08:51:45.590003
1,9,10,5,0,5,2026-07-15T08:51:45.975232
2,1,1,4,0,4,2026-07-15T08:51:46.518146
2,1,2,4,0,4,2026-07-15T08:51:46.977038
2,1,3,4,0,4,2026-07-15T08:51:47.476055
2,1,4,4,0,4,2026-07-15T08:51:47.948986
2,1,5,4,0,4,2026-07-15T08:51:48.338163
2,1,6,4,0,4,2026-07-15T08:51:49.129657
2,1,7,4,0,4,2026-07-15T08:51:49.587932
2,1,8,4,0,4,2026-07-15T08:51:50.023988
2,1,9,4,0,4,2026-07-15T08:51:50.873887
2,1,10,4,0,4,2026-07-15T08:51:51.313260
2,2,1,0,0,0,2026-07-15T08:51:51.676615
2,2,2,0,0,0,2026-07-15T08:51:51.993556
2,2,3,0,0,0,2026-07-15T08:51:52.405117
2,2,4,0,1,0,2026-07-15T12:38:54.777707
2,2,5,0,0,0,2026-07-15T08:51:53.983304
2,2,6,0,0,0,2026-07-15T08:51:54.566659
2,2,7,0,0,0,2026-07-15T08:51:55.100259
2,2,8,0,0,0,2026-07-15T08:51:55.565888
2,2,9,0,0,0,2026-07-15T08:51:55.929811
2,2,10,0,0,0,2026-07-15T08:51:56.416764
2,3,1,2,0,2,2026-07-15T08:51:56.935547
2,3,2,2,0,2,2026-07-15T08:51:57.537234
2,3,3,2,0,2,2026-07-15T08:51:58.681218
2,3,4,2,0,2,2026-07-15T08:51:59.059283
2,3,5,2,0,2,2026-07-15T08:51:59.631460
2,3,6,2,0,2,2026-07-15T08:52:00.309011
2,3,7,2,0,2,2026-07-15T08:52:01.371076
2,3,8,2,0,2,2026-07-15T08:52:01.879881
2,3,9,2,0,2,2026-07-15T08:52:02.440144
2,3,10,2,0,2,2026-07-15T08:52:02.797261
2,4,1,0,0,0,2026-07-15T08:52:03.261245
2,4,2,0,0,0,2026-07-15T08:52:03.859304
2,4,3,0,0,0,2026-07-15T08:52:04.197400
2,4,4,0,0,0,2026-07-15T08:52:05.112241
2,4,5,0,0,0,2026-07-15T08:52:05.520345
2,4,6,0,0,0,2026-07-15T08:52:05.870650
2,4,7,0,0,0,2026-07-15T08:52:06.637681
2,4,8,0,1,0,2026-07-15T12:38:55.220732
2,4,9,0,0,0,2026-07-15T08:52:07.535962
2,4,10,0,0,0,2026-07-15T08:52:09.372508
2,5,1,4,0,4,2026-07-15T08:52:09.907553
2,5,2,4,0,4,2026-07-15T08:52:10.516718
2,5,3,4,1,4,2026-07-15T12:38:55.692136
2,5,4,4,0,4,2026-07-15T08:52:12.408484
2,5,5,4,0,4,2026-07-15T08:52:12.800998
2,5,6,4,0,4,2026-07-15T08:52:13.360524
2,5,7,4,0,4,2026-07-15T08:52:13.773849
2,5,8,4,0,4,2026-07-15T08:52:14.145348
2,5,9,4,0,4,2026-07-15T08:52:14.572105
2,5,10,4,0,4,2026-07-15T08:52:15.761845
2,6,1,0,0,0,2026-07-15T08:52:16.642342
2,6,2,0,0,0,2026-07-15T08:52:17.580932
2,6,3,0,0,0,2026-07-15T08:52:17.920512
2,6,4,0,0,0,2026-07-15T08:52:18.326682
2,6,5,0,0,0,2026-07-15T08:52:18.931975
2,6,6,0,0,0,2026-07-15T08:52:19.336125
2,6,7,0,0,0,2026-07-15T08:52:19.956377
2,6,8,0,0,0,2026-07-15T08:52:20.476996
2,6,9,0,0,0,2026-07-15T08:52:21.118751
2,6,10,0,0,0,2026-07-15T08:52:21.409521
2,7,1,5,0,5,2026-07-15T08:52:22.013473
2,7,2,5,0,5,2026-07-15T08:52:22.475404
2,7,3,5,0,5,2026-07-15T08:52:22.845476
2,7,4,5,0,5,2026-07-15T08:52:23.224735
2,7,5,5,0,5,2026-07-15T08:52:23.591322
2,7,6,5,0,5,2026-07-15T08:52:23.973525
2,7,7,5,0,5,2026-07-15T08:52:24.341442
2,7,8,5,1,5,2026-07-15T12:38:56.050751
2,7,9,5,0,5,2026-07-15T08:52:26.106782
2,7,10,5,0,5,2026-07-15T08:52:26.789203
2,8,1,0,0,0,2026-07-15T08:52:27.507400
2,8,2,0,0,0,2026-07-15T08:52:28.335504
2,8,3,0,0,0,2026-07-15T08:52:28.774038
2,8,4,0,0,0,2026-07-15T08:52:29.126402
2,8,5,0,0,0,2026-07-15T08:52:29.782644
2,8,6,0,0,0,2026-07-15T08:52:30.150360
2,8,7,0,1,0,2026-07-15T12:38:56.484197
2,8,8,0,0,0,2026-07-15T08:52:31.993471
2,8,9,0,0,0,2026-07-15T08:52:32.827729
2,8,10,0,0,0,2026-07-15T08:52:33.269188
2,9,1,5,0,5,2026-07-15T08:52:34.476581
2,9,2,5,0,5,2026-07-15T08:52:35.287158
2,9,3,5,0,5,2026-07-15T08:52:35.903492
2,9,4,5,0,5,2026-07-15T08:52:36.334226
2,9,5,5,1,5,2026-07-15T12:38:56.932323
2,9,6,5,0,5,2026-07-15T08:52:38.150248
2,9,7,5,0,5,2026-07-15T08:52:39.024707
2,9,8,5,0,5,2026-07-15T08:52:39.473855
2,9,9,5,0,5,2026-07-15T08:52:39.952305
2,9,10,5,0,5,2026-07-15T08:52:40.348051
3,1,1,4,0,4,2026-07-15T08:52:40.636758
3,1,2,4,0,4,2026-07-15T08:52:41.448264
3,1,3,4,0,4,2026-07-15T08:52:41.972650
3,1,4,4,0,4,2026-07-15T08:52:42.394833
3,1,5,4,0,4,2026-07-15T08:52:42.850174
3,1,6,4,0,4,2026-07-15T08:52:43.290094
3,1,7,4,0,4,2026-07-15T08:52:43.642348
3,1,8,4,0,4,2026-07-15T08:52:44.067486
3,1,9,4,0,4,2026-07-15T08:52:44.433759
3,1,10,4,0,4,2026-07-15T08:52:45.019687
3,2,1,0,1,0,2026-07-15T12:38:58.474750
3,2,2,0,0,0,2026-07-15T08:52:46.517578
3,2,3,0,0,0,2026-07-15T08:52:47.394604
3,2,4,0,0,0,2026-07-15T08:52:47.837249
3,2,5,0,0,0,2026-07-15T08:52:48.196116
3,2,6,0,0,0,2026-07-15T08:52:48.593620
3,2,7,0,0,0,2026-07-15T08:52:52.306554
3,2,8,0,0,0,2026-07-15T08:52:52.784810
3,2,9,0,0,0,2026-07-15T08:52:53.360693
3,2,10,0,0,0,2026-07-15T08:52:53.971104
3,3,1,2,0,2,2026-07-15T08:52:54.402659
3,3,2,2,0,2,2026-07-15T08:52:54.841196
3,3,3,2,1,2,2026-07-15T12:39:00.414771
3,3,4,2,0,2,2026-07-15T08:52:56.756189
3,3,5,2,0,2,2026-07-15T08:52:57.117964
3,3,6,2,0,2,2026-07-15T08:52:58.099117
3,3,7,2,0,2,2026-07-15T08:52:58.833553
3,3,8,2,0,2,2026-07-15T08:52:59.794962
3,3,9,2,0,2,2026-07-15T08:53:00.141747
3,3,10,2,0,2,2026-07-15T08:53:00.656065
3,4,1,0,0,0,2026-07-15T08:53:01.016608
3,4,2,0,0,0,2026-07-15T08:53:01.362314
3,4,3,0,0,0,2026-07-15T08:53:01.977408
3,4,4,0,0,0,2026-07-15T08:53:02.681243
3,4,5,0,1,0,2026-07-15T12:39:00.797042
3,4,6,0,0,0,2026-07-15T08:53:04.204400
3,4,7,0,0,0,2026-07-15T08:53:04.550556
3,4,8,0,0,0,2026-07-15T08:53:05.759042
3,4,9,0,0,0,2026-07-15T08:53:06.790639
3,4,10,0,0,0,2026-07-15T08:53:07.348087
3,5,1,4,0,4,2026-07-15T08:53:07.776995
3,5,2,4,0,4,2026-07-15T08:53:08.128222
3,5,3,4,0,4,2026-07-15T08:53:08.660455
3,5,4,4,0,4,2026-07-15T08:53:09.191223
3,5,5,4,0,4,2026-07-15T08:53:09.952577
3,5,6,4,0,4,2026-07-15T08:53:10.508199
3,5,7,4,0,4,2026-07-15T08:53:10.874471
3,5,8,4,0,4,2026-07-15T08:53:11.206811
3,5,9,4,0,4,2026-07-15T08:53:12.013380
3,5,10,4,0,4,2026-07-15T08:53:12.346657
3,6,1,0,0,0,2026-07-15T08:53:12.831543
3,6,2,0,0,0,2026-07-15T08:53:13.153772
3,6,3,0,0,0,2026-07-15T08:53:13.709710
3,6,4,0,0,0,2026-07-15T08:53:14.752989
3,6,5,0,0,0,2026-07-15T08:53:15.152702
3,6,6,0,0,0,2026-07-15T08:53:15.762542
3,6,7,0,0,0,2026-07-15T08:53:16.190585
3,6,8,0,0,0,2026-07-15T08:53:16.595389
3,6,9,0,0,0,2026-07-15T08:53:17.092855
3,6,10,0,1,0,2026-07-15T12:39:01.160989
3,7,1,5,0,5,2026-07-15T08:53:18.330504
3,7,2,5,0,5,2026-07-15T08:53:18.785152
3,7,3,5,0,5,2026-07-15T08:53:19.395894
3,7,4,5,0,5,2026-07-15T08:53:19.828199
3,7,5,5,0,5,2026-07-15T08:53:20.185719
3,7,6,5,0,5,2026-07-15T08:53:20.562621
3,7,7,5,0,5,2026-07-15T08:53:21.420679
3,7,8,5,0,5,2026-07-15T08:53:21.818152
3,7,9,5,0,5,2026-07-15T08:53:22.328415
3,7,10,5,0,5,2026-07-15T08:53:22.749024
3,8,1,0,0,0,2026-07-15T08:53:23.331279
3,8,2,0,0,0,2026-07-15T08:53:23.790194
3,8,3,0,0,0,2026-07-15T08:53:24.647473
3,8,4,0,0,0,2026-07-15T08:53:25.300861
3,8,5,0,1,0,2026-07-15T12:39:01.780400
3,8,6,0,0,0,2026-07-15T08:53:26.951989
3,8,7,0,0,0,2026-07-15T08:53:27.294274
3,8,8,0,0,0,2026-07-15T08:53:27.818247
3,8,9,0,1,0,2026-07-15T12:39:02.190657
3,8,10,0,1,0,2026-07-15T12:39:02.716715
3,9,1,5,0,5,2026-07-15T08:53:31.328912
3,9,2,5,0,5,2026-07-15T08:53:32.062810
3,9,3,5,0,5,2026-07-15T08:53:32.767794
3,9,4,5,0,5,2026-07-15T08:53:33.252802
3,9,5,5,0,5,2026-07-15T08:53:33.706483
3,9,6,5,0,5,2026-07-15T08:53:34.047153
3,9,7,5,0,5,2026-07-15T08:53:34.425786
3,9,8,5,0,5,2026-07-15T08:53:34.749409
3,9,9,5,0,5,2026-07-15T08:53:35.220443
3,9,10,5,0,5,2026-07-15T08:53:35.588690
4,1,1,4,0,4,2026-07-15T08:53:36.291491
4,1,2,4,0,4,2026-07-15T08:53:36.931295
4,1,3,4,0,4,2026-07-15T08:53:37.729857
4,1,4,4,0,4,2026-07-15T08:53:38.156461
4,1,5,4,0,4,2026-07-15T08:53:38.552384
4,1,6,4,0,4,2026-07-15T08:53:39.043895
4,1,7,4,1,4,2026-07-15T12:39:03.269374
4,1,8,4,0,4,2026-07-15T08:53:41.942047
4,1,9,4,0,4,2026-07-15T08:53:42.281596
4,1,10,4,0,4,2026-07-15T08:53:42.737533
4,2,1,0,0,0,2026-07-15T08:53:43.200801
4,2,2,0,0,0,2026-07-15T08:53:43.538960
4,2,3,0,0,0,2026-07-15T08:53:43.929404
4,2,4,0,1,0,2026-07-15T12:39:04.184813
4,2,5,0,0,0,2026-07-15T08:53:45.793025
4,2,6,0,0,0,2026-07-15T08:53:46.196608
4,2,7,0,0,0,2026-07-15T08:53:46.634214
4,2,8,0,0,0,2026-07-15T08:53:47.033929
4,2,9,0,0,0,2026-07-15T08:53:47.779069
4,2,10,0,0,0,2026-07-15T08:53:48.105560
4,3,1,4,0,4,2026-07-15T08:53:48.454510
4,3,2,4,0,4,2026-07-15T08:53:48.810452
4,3,3,4,0,4,2026-07-15T08:53:49.190864
4,3,4,4,0,4,2026-07-15T08:53:49.676230
4,3,5,4,0,4,2026-07-15T08:53:50.392365
4,3,6,4,0,4,2026-07-15T08:53:50.944312
4,3,7,4,0,4,2026-07-15T08:53:51.284956
4,3,8,3,0,3,2026-07-15T08:53:51.966995
4,3,9,4,0,4,2026-07-15T08:53:52.333776
4,3,10,4,0,4,2026-07-15T08:53:52.972221
4,4,1,0,0,0,2026-07-15T08:53:53.419625
4,4,2,0,0,0,2026-07-15T08:53:54.073493
4,4,3,0,0,0,2026-07-15T08:53:54.600780
4,4,4,0,0,0,2026-07-15T08:53:55.232288
4,4,5,0,1,0,2026-07-15T12:39:04.634023
4,4,6,0,0,0,2026-07-15T08:53:56.697917
4,4,7,0,0,0,2026-07-15T08:53:57.353093
4,4,8,0,0,0,2026-07-15T08:53:57.711386
4,4,9,0,0,0,2026-07-15T08:53:58.232493
4,4,10,0,0,0,2026-07-15T08:53:58.679705
4,5,1,4,0,4,2026-07-15T08:53:59.207646
4,5,2,4,0,4,2026-07-15T08:53:59.732562
4,5,3,4,0,4,2026-07-15T08:54:00.553212
4,5,4,4,0,4,2026-07-15T08:54:00.986236
4,5,5,4,0,4,2026-07-15T08:54:01.713720
4,5,6,4,0,4,2026-07-15T08:54:02.048287
4,5,7,4,0,4,2026-07-15T08:54:02.566237
4,5,8,4,0,4,2026-07-15T08:54:02.895492
4,5,9,4,0,4,2026-07-15T08:54:04.028816
4,5,10,4,0,4,2026-07-15T08:54:04.341693
4,6,1,0,0,0,2026-07-15T08:54:04.692341
4,6,2,0,0,0,2026-07-15T08:54:05.037572
4,6,3,0,0,0,2026-07-15T08:54:05.407944
4,6,4,0,0,0,2026-07-15T08:54:05.822970
4,6,5,0,0,0,2026-07-15T08:54:06.301417
4,6,6,0,0,0,2026-07-15T08:54:06.962789
4,6,7,0,0,0,2026-07-15T08:54:07.318671
4,6,8,0,0,0,2026-07-15T08:54:07.717609
4,6,9,0,0,0,2026-07-15T08:54:08.448034
4,6,10,0,0,0,2026-07-15T08:54:08.749655
4,7,1,5,0,5,2026-07-15T08:54:09.151229
4,7,2,5,0,5,2026-07-15T08:54:09.666949
4,7,3,5,1,5,2026-07-15T12:39:05.082799
4,7,4,5,0,5,2026-07-15T08:54:11.492653
4,7,5,5,1,5,2026-07-15T12:39:06.248474
4,7,6,5,0,5,2026-07-15T08:54:12.983046
4,7,7,5,0,5,2026-07-15T08:54:13.497591
4,7,8,5,0,5,2026-07-15T08:54:13.830030
4,7,9,5,0,5,2026-07-15T08:54:14.270757
4,7,10,5,0,5,2026-07-15T08:54:14.842335
4,8,1,0,0,0,2026-07-15T08:54:15.292182
4,8,2,0,0,0,2026-07-15T08:54:16.132552
4,8,3,0,0,0,2026-07-15T08:54:16.599269
4,8,4,0,0,0,2026-07-15T08:54:17.169319
4,8,5,0,0,0,2026-07-15T08:54:18.167266
4,8,6,0,0,0,2026-07-15T08:54:18.891362
4,8,7,0,0,0,2026-07-15T08:54:19.591958
4,8,8,0,0,0,2026-07-15T08:54:19.976286
4,8,9,0,0,0,2026-07-15T08:54:20.425097
4,8,10,0,0,0,2026-07-15T08:54:21.143765
4,9,1,5,0,5,2026-07-15T08:54:21.625284
4,9,2,5,0,5,2026-07-15T08:54:22.077167
4,9,3,5,0,5,2026-07-15T08:54:22.851769
4,9,4,5,0,5,2026-07-15T08:54:23.280124
4,9,5,5,0,5,2026-07-15T08:54:23.644850
4,9,6,5,0,5,2026-07-15T08:54:24.374154
4,9,7,5,0,5,2026-07-15T08:54:24.831983
4,9,8,5,0,5,2026-07-15T08:54:25.368133
4,9,9,5,0,5,2026-07-15T08:54:25.914417
4,9,10,5,0,5,2026-07-15T08:54:26.403647
5,1,1,4,0,4,2026-07-15T08:54:27.376850
5,1,2,4,1,4,2026-07-15T12:39:07.274852
5,1,3,4,0,4,2026-07-15T08:54:29.203013
5,1,4,4,0,4,2026-07-15T08:54:29.816838
5,1,5,4,0,4,2026-07-15T08:54:30.404521
5,1,6,4,0,4,2026-07-15T08:54:31.017874
5,1,7,4,0,4,2026-07-15T08:54:31.345083
5,1,8,4,0,4,2026-07-15T08:54:31.936134
5,1,9,4,0,4,2026-07-15T08:54:32.521182
5,1,10,4,0,4,2026-07-15T08:54:33.017158
5,2,1,0,0,0,2026-07-15T08:54:33.390978
5,2,2,0,0,0,2026-07-15T08:54:33.819480
5,2,3,0,0,0,2026-07-15T08:54:34.320670
5,2,4,0,0,0,2026-07-15T08:54:34.693651
5,2,5,0,1,0,2026-07-15T12:39:07.951258
5,2,6,0,0,0,2026-07-15T08:54:36.304961
5,2,7,0,0,0,2026-07-15T08:54:36.983513
5,2,8,0,0,0,2026-07-15T08:54:37.579485
5,2,9,0,0,0,2026-07-15T08:54:38.343307
5,2,10,0,0,0,2026-07-15T08:54:39.107469
5,3,1,2,0,2,2026-07-15T08:54:40.019041
5,3,2,4,0,4,2026-07-15T08:54:40.370556
5,3,3,4,0,4,2026-07-15T08:54:40.984633
5,3,4,2,0,2,2026-07-15T08:54:41.617109
5,3,5,4,0,4,2026-07-15T08:54:41.982098
5,3,6,2,0,2,2026-07-15T08:54:42.318715
5,3,7,4,1,4,2026-07-15T12:39:08.630243
5,3,8,4,0,4,2026-07-15T08:54:44.291596
5,3,9,4,0,4,2026-07-15T08:54:44.606170
5,3,10,4,0,4,2026-07-15T08:54:45.409157
5,4,1,0,0,0,2026-07-15T08:54:45.831999
5,4,2,0,0,0,2026-07-15T08:54:46.806343
5,4,3,0,0,0,2026-07-15T08:54:47.239490
5,4,4,0,0,0,2026-07-15T08:54:47.579876
5,4,5,0,1,0,2026-07-15T12:39:09.035101
5,4,6,0,0,0,2026-07-15T08:54:48.418103
5,4,7,0,0,0,2026-07-15T08:54:48.779158
5,4,8,0,0,0,2026-07-15T08:54:49.262750
5,4,9,0,0,0,2026-07-15T08:54:49.765796
5,4,10,0,0,0,2026-07-15T08:54:50.186078
5,5,1,4,0,4,2026-07-15T08:54:50.463652
5,5,2,4,0,4,2026-07-15T08:54:51.322466
5,5,3,4,0,4,2026-07-15T08:54:51.773058
5,5,4,4,0,4,2026-07-15T08:54:52.600954
5,5,5,4,0,4,2026-07-15T08:54:53.387575
5,5,6,4,0,4,2026-07-15T08:54:54.283272
5,5,7,4,0,4,2026-07-15T08:54:54.853623
5,5,8,4,0,4,2026-07-15T08:54:55.352952
5,5,9,4,0,4,2026-07-15T08:54:55.843587
5,5,10,4,1,4,2026-07-15T12:39:09.361378
5,6,1,0,0,0,2026-07-15T08:54:57.734560
5,6,2,0,0,0,2026-07-15T08:54:58.705069
5,6,3,0,0,0,2026-07-15T08:54:59.339305
5,6,4,0,1,0,2026-07-15T12:39:10.058593
5,6,5,0,0,0,2026-07-15T08:55:01.055672
5,6,6,0,1,0,2026-07-15T12:39:10.833131
5,6,7,0,0,0,2026-07-15T08:55:02.771601
5,6,8,0,0,0,2026-07-15T08:55:03.291759
5,6,9,0,1,0,2026-07-15T12:39:11.904227
5,6,10,0,0,0,2026-07-15T08:55:04.803083
5,7,1,5,0,5,2026-07-15T08:55:05.197701
5,7,2,5,0,5,2026-07-15T08:55:05.672380
5,7,3,5,0,5,2026-07-15T08:55:06.001820
5,7,4,5,0,5,2026-07-15T08:55:06.809327
5,7,5,5,0,5,2026-07-15T08:55:07.418144
5,7,6,5,0,5,2026-07-15T08:55:07.941826
5,7,7,5,2,5,2026-07-15T12:47:42.294103
5,7,8,5,0,5,2026-07-15T08:55:09.879926
5,7,9,5,0,5,2026-07-15T08:55:10.291559
5,7,10,5,0,5,2026-07-15T08:55:10.798922
5,8,1,4,0,4,2026-07-15T08:55:11.300148
5,8,2,2,0,2,2026-07-15T08:55:12.263988
5,8,3,4,1,4,2026-07-15T12:39:13.687092
5,8,4,4,0,4,2026-07-15T08:55:14.375532
5,8,5,4,0,4,2026-07-15T08:55:14.923399
5,8,6,4,0,4,2026-07-15T08:55:15.290463
5,8,7,4,1,4,2026-07-15T12:39:14.296291
5,8,8,4,0,4,2026-07-15T08:55:16.091876
5,8,9,2,0,2,2026-07-15T08:55:16.452429
5,8,10,4,0,4,2026-07-15T08:55:16.789034
5,9,1,5,0,5,2026-07-15T08:55:17.279595
5,9,2,5,0,5,2026-07-15T08:55:17.760770
5,9,3,5,0,5,2026-07-15T08:55:18.130964
5,9,4,5,0,5,2026-07-15T08:55:18.626360
5,9,5,5,1,5,2026-07-15T12:39:14.983423
5,9,6,5,0,5,2026-07-15T08:55:20.119528
5,9,7,5,0,5,2026-07-15T08:55:20.624521
5,9,8,5,0,5,2026-07-15T08:55:20.981403
5,9,9,5,0,5,2026-07-15T08:55:21.328093
5,9,10,5,0,5,2026-07-15T08:55:21.724942
6,1,1,5,0,5,2026-07-15T08:55:22.196341
6,1,2,5,0,5,2026-07-15T08:55:22.554125
6,1,3,5,0,5,2026-07-15T08:55:23.049734
6,1,4,4,0,4,2026-07-15T08:55:23.492832
6,1,5,5,0,5,2026-07-15T08:55:24.031337
6,1,6,4,0,4,2026-07-15T08:55:24.879687
6,1,7,4,0,4,2026-07-15T08:55:25.519256
6,1,8,4,0,4,2026-07-15T08:55:26.210316
6,1,9,5,0,5,2026-07-15T08:55:26.915355
6,1,10,4,0,4,2026-07-15T08:55:27.279803
6,2,1,0,0,0,2026-07-15T08:55:27.899893
6,2,2,0,0,0,2026-07-15T08:55:28.632025
6,2,3,0,0,0,2026-07-15T08:55:29.022574
6,2,4,0,0,0,2026-07-15T08:55:29.408019
6,2,5,0,0,0,2026-07-15T08:55:29.913597
6,2,6,0,0,0,2026-07-15T08:55:30.378605
6,2,7,0,0,0,2026-07-15T08:55:30.805388
6,2,8,0,0,0,2026-07-15T08:55:31.294445
6,2,9,0,0,0,2026-07-15T08:55:31.709548
6,2,10,0,0,0,2026-07-15T08:55:32.299814
6,3,1,2,0,2,2026-07-15T08:55:32.709973
6,3,2,2,0,2,2026-07-15T08:55:33.044906
6,3,3,2,0,2,2026-07-15T08:55:33.555028
6,3,4,2,0,2,2026-07-15T08:55:34.211115
6,3,5,2,0,2,2026-07-15T08:55:34.982338
6,3,6,2,0,2,2026-07-15T08:55:35.410819
6,3,7,2,0,2,2026-07-15T08:55:35.938399
6,3,8,2,0,2,2026-07-15T08:55:36.282745
6,3,9,2,0,2,2026-07-15T08:55:36.779155
6,3,10,2,0,2,2026-07-15T08:55:37.580144
6,4,1,0,0,0,2026-07-15T08:55:38.118218
6,4,2,0,0,0,2026-07-15T08:55:38.728032
6,4,3,0,0,0,2026-07-15T08:55:39.100877
6,4,4,0,0,0,2026-07-15T08:55:39.611055
6,4,5,0,0,0,2026-07-15T08:55:39.961287
6,4,6,0,0,0,2026-07-15T08:55:41.123243
6,4,7,0,0,0,2026-07-15T08:55:41.569397
6,4,8,0,0,0,2026-07-15T08:55:42.127931
6,4,9,0,0,0,2026-07-15T08:55:42.572142
6,4,10,0,0,0,2026-07-15T08:55:43.320541
6,5,1,4,0,4,2026-07-15T08:55:43.734601
6,5,2,4,0,4,2026-07-15T08:55:45.255420
6,5,3,4,0,4,2026-07-15T08:55:45.962672
6,5,4,4,0,4,2026-07-15T08:55:46.501965
6,5,5,4,0,4,2026-07-15T08:55:47.471575
6,5,6,4,0,4,2026-07-15T08:55:47.905490
6,5,7,4,0,4,2026-07-15T08:55:48.761006
6,5,8,4,0,4,2026-07-15T08:55:49.929554
6,5,9,4,0,4,2026-07-15T08:55:50.269522
6,5,10,4,0,4,2026-07-15T08:55:50.634797
6,6,1,0,0,0,2026-07-15T08:55:51.018337
6,6,2,0,0,0,2026-07-15T08:55:51.521254
6,6,3,0,0,0,2026-07-15T08:55:51.825579
6,6,4,0,0,0,2026-07-15T08:55:52.217872
6,6,5,0,0,0,2026-07-15T08:55:52.675536
6,6,6,0,0,0,2026-07-15T08:55:53.539650
6,6,7,0,0,0,2026-07-15T08:55:54.491200
6,6,8,0,0,0,2026-07-15T08:55:54.939516
6,6,9,0,0,0,2026-07-15T08:55:55.266467
6,6,10,0,0,0,2026-07-15T08:55:55.905118
6,7,1,5,0,5,2026-07-15T08:55:56.771228
6,7,2,5,2,5,2026-07-15T12:47:42.847668
6,7,3,5,0,5,2026-07-15T08:55:58.317316
6,7,4,5,0,5,2026-07-15T08:55:58.648840
6,7,5,5,0,5,2026-07-15T08:55:59.042206
6,7,6,5,0,5,2026-07-15T08:55:59.376894
6,7,7,5,0,5,2026-07-15T08:55:59.836395
6,7,8,5,0,5,2026-07-15T08:56:00.160896
6,7,9,5,0,5,2026-07-15T08:56:00.557462
6,7,10,5,0,5,2026-07-15T08:56:00.948813
6,8,1,0,1,0,2026-07-15T12:39:16.800705
6,8,2,0,0,0,2026-07-15T08:56:01.896208
6,8,3,0,0,0,2026-07-15T08:56:02.312215
6,8,4,0,0,0,2026-07-15T08:56:02.741347
6,8,5,0,0,0,2026-07-15T08:56:03.345805
6,8,6,0,0,0,2026-07-15T08:56:03.724771
6,8,7,0,0,0,2026-07-15T08:56:04.045773
6,8,8,0,0,0,2026-07-15T08:56:04.512466
6,8,9,0,0,0,2026-07-15T08:56:05.236890
6,8,10,0,0,0,2026-07-15T08:56:05.996214
6,9,1,5,0,5,2026-07-15T08:56:06.798616
6,9,2,5,0,5,2026-07-15T08:56:07.339410
6,9,3,5,0,5,2026-07-15T08:56:07.728082
6,9,4,5,0,5,2026-07-15T08:56:08.352405
6,9,5,5,0,5,2026-07-15T08:56:08.946281
6,9,6,5,0,5,2026-07-15T08:56:09.440783
6,9,7,5,0,5,2026-07-15T08:56:09.809602
6,9,8,5,0,5,2026-07-15T08:56:10.148016
6,9,9,5,0,5,2026-07-15T08:56:10.855173
6,9,10,5,1,5,2026-07-15T12:39:17.253571
7,1,1,4,0,4,2026-07-15T08:56:12.548731
7,1,2,4,0,4,2026-07-15T08:56:13.297756
7,1,3,4,0,4,2026-07-15T08:56:13.736076
7,1,4,4,0,4,2026-07-15T08:56:14.170342
7,1,5,4,0,4,2026-07-15T08:56:14.529526
7,1,6,4,0,4,2026-07-15T08:56:15.240130
7,1,7,4,0,4,2026-07-15T08:56:15.608733
7,1,8,4,0,4,2026-07-15T08:56:16.449038
7,1,9,4,0,4,2026-07-15T08:56:16.827695
7,1,10,4,0,4,2026-07-15T08:56:17.374468
7,2,1,0,0,0,2026-07-15T08:56:17.759009
7,2,2,0,0,0,2026-07-15T08:56:18.086419
7,2,3,0,0,0,2026-07-15T08:56:19.904572
7,2,4,0,0,0,2026-07-15T08:56:20.347076
7,2,5,0,1,0,2026-07-15T12:39:17.670064
7,2,6,0,0,0,2026-07-15T08:56:22.129484
7,2,7,0,0,0,2026-07-15T08:56:22.675469
7,2,8,0,0,0,2026-07-15T08:56:23.035862
7,2,9,0,1,0,2026-07-15T12:39:18.006808
7,2,10,0,0,0,2026-07-15T08:56:24.694932
7,3,1,4,0,4,2026-07-15T08:56:25.223220
7,3,2,4,0,4,2026-07-15T08:56:26.014256
7,3,3,4,0,4,2026-07-15T08:56:26.371308
7,3,4,4,0,4,2026-07-15T08:56:26.708491
7,3,5,4,0,4,2026-07-15T08:56:27.109182
7,3,6,4,0,4,2026-07-15T08:56:27.674095
7,3,7,4,0,4,2026-07-15T08:56:28.060848
7,3,8,4,0,4,2026-07-15T08:56:28.856487
7,3,9,4,0,4,2026-07-15T08:56:29.340398
7,3,10,4,0,4,2026-07-15T08:56:30.017068
7,4,1,0,0,0,2026-07-15T08:56:30.325759
7,4,2,0,0,0,2026-07-15T08:56:30.687777
7,4,3,0,0,0,2026-07-15T08:56:31.215767
7,4,4,0,0,0,2026-07-15T08:56:31.932547
7,4,5,0,1,0,2026-07-15T12:39:18.533480
7,4,6,0,0,0,2026-07-15T08:56:33.882717
7,4,7,0,0,0,2026-07-15T08:56:34.424833
7,4,8,0,0,0,2026-07-15T08:56:34.984196
7,4,9,0,0,0,2026-07-15T08:56:35.802097
7,4,10,0,0,0,2026-07-15T08:56:36.199418
7,5,1,4,0,4,2026-07-15T08:56:36.819360
7,5,2,4,0,4,2026-07-15T08:56:37.699390
7,5,3,4,0,4,2026-07-15T08:56:38.279385
7,5,4,4,0,4,2026-07-15T08:56:38.642161
7,5,5,4,0,4,2026-07-15T08:56:39.095512
7,5,6,4,0,4,2026-07-15T08:56:39.425208
7,5,7,4,0,4,2026-07-15T08:56:40.198497
7,5,8,4,0,4,2026-07-15T08:56:41.334728
7,5,9,4,0,4,2026-07-15T08:56:41.752117
7,5,10,4,0,4,2026-07-15T08:56:42.194716
7,6,1,0,0,0,2026-07-15T08:56:42.919283
7,6,2,0,0,0,2026-07-15T08:56:43.629933
7,6,3,0,0,0,2026-07-15T08:56:44.101788
7,6,4,0,0,0,2026-07-15T08:56:44.640839
7,6,5,0,0,0,2026-07-15T08:56:45.569748
7,6,6,0,0,0,2026-07-15T08:56:46.072091
7,6,7,0,0,0,2026-07-15T08:56:46.553512
7,6,8,0,0,0,2026-07-15T08:56:46.895943
7,6,9,0,1,0,2026-07-15T12:39:20.544465
7,6,10,0,0,0,2026-07-15T08:56:48.760588
7,7,1,5,0,5,2026-07-15T08:56:50.079472
7,7,2,5,0,5,2026-07-15T08:56:50.586315
7,7,3,5,0,5,2026-07-15T08:56:51.014410
7,7,4,5,0,5,2026-07-15T08:56:51.485467
7,7,5,5,0,5,2026-07-15T08:56:51.940909
7,7,6,5,0,5,2026-07-15T08:56:52.279430
7,7,7,5,1,5,2026-07-15T12:39:21.026603
7,7,8,5,0,5,2026-07-15T08:56:53.956325
7,7,9,5,0,5,2026-07-15T08:56:54.483166
7,7,10,5,0,5,2026-07-15T08:56:54.837680
7,8,1,0,0,0,2026-07-15T08:56:55.479018
7,8,2,0,0,0,2026-07-15T08:56:55.912010
7,8,3,0,1,0,2026-07-15T12:39:21.551527
7,8,4,0,0,0,2026-07-15T08:56:57.528839
7,8,5,0,0,0,2026-07-15T08:56:58.036791
7,8,6,2,1,2,2026-07-15T12:39:22.033649
7,8,7,2,0,2,2026-07-15T08:56:59.643843
7,8,8,0,0,0,2026-07-15T08:57:00.347114
7,8,9,2,0,2,2026-07-15T08:57:00.780554
7,8,10,2,0,2,2026-07-15T08:57:01.172723
7,9,1,5,0,5,2026-07-15T08:57:01.974720
7,9,2,5,0,5,2026-07-15T08:57:02.380667
7,9,3,5,0,5,2026-07-15T08:57:03.044818
7,9,4,5,0,5,2026-07-15T08:57:04.520159
7,9,5,5,0,5,2026-07-15T08:57:04.993002
7,9,6,5,0,5,2026-07-15T08:57:05.432581
7,9,7,5,0,5,2026-07-15T08:57:05.808759
7,9,8,5,0,5,2026-07-15T08:57:06.170924
7,9,9,5,0,5,2026-07-15T08:57:06.894902
7,9,10,5,0,5,2026-07-15T08:57:07.486071
8,1,1,4,0,4,2026-07-15T08:57:07.933826
8,1,2,4,0,4,2026-07-15T08:57:08.387494
8,1,3,4,0,4,2026-07-15T08:57:08.757654
8,1,4,4,0,4,2026-07-15T08:57:09.105763
8,1,5,4,2,4,2026-07-15T12:47:43.275697
8,1,6,4,0,4,2026-07-15T08:57:10.998895
8,1,7,4,0,4,2026-07-15T08:57:11.353735
8,1,8,4,0,4,2026-07-15T08:57:11.749156
8,1,9,4,0,4,2026-07-15T08:57:12.199258
8,1,10,4,0,4,2026-07-15T08:57:12.668263
8,2,1,0,0,0,2026-07-15T08:57:13.031839
8,2,2,0,1,0,2026-07-15T12:39:23.704101
8,2,3,0,0,0,2026-07-15T08:57:14.245739
8,2,4,0,0,0,2026-07-15T08:57:14.573349
8,2,5,0,0,0,2026-07-15T08:57:15.141921
8,2,6,0,0,0,2026-07-15T08:57:15.562747
8,2,7,0,0,0,2026-07-15T08:57:16.115219
8,2,8,0,0,0,2026-07-15T08:57:16.572848
8,2,9,0,0,0,2026-07-15T08:57:16.975787
8,2,10,0,0,0,2026-07-15T08:57:17.469238
8,3,1,2,0,2,2026-07-15T08:57:18.367831
8,3,2,2,0,2,2026-07-15T08:57:18.793090
8,3,3,2,0,2,2026-07-15T08:57:19.181621
8,3,4,2,0,2,2026-07-15T08:57:19.707304
8,3,5,2,0,2,2026-07-15T08:57:20.438341
8,3,6,2,0,2,2026-07-15T08:57:20.890201
8,3,7,2,0,2,2026-07-15T08:57:21.566958
8,3,8,2,0,2,2026-07-15T08:57:22.000019
8,3,9,2,0,2,2026-07-15T08:57:22.389518
8,3,10,2,0,2,2026-07-15T08:57:22.714869
8,4,1,0,0,0,2026-07-15T08:57:23.083557
8,4,2,0,0,0,2026-07-15T08:57:23.664356
8,4,3,0,0,0,2026-07-15T08:57:24.114455
8,4,4,0,0,0,2026-07-15T08:57:24.484499
8,4,5,0,0,0,2026-07-15T08:57:25.034373
8,4,6,0,0,0,2026-07-15T08:57:25.640905
8,4,7,0,0,0,2026-07-15T08:57:26.115773
8,4,8,0,0,0,2026-07-15T08:57:26.551681
8,4,9,0,0,0,2026-07-15T08:57:28.041300
8,4,10,0,0,0,2026-07-15T08:57:28.580594
8,5,1,4,0,4,2026-07-15T08:57:28.922399
8,5,2,4,0,4,2026-07-15T08:57:29.299767
8,5,3,2,0,2,2026-07-15T08:57:29.888168
8,5,4,4,0,4,2026-07-15T08:57:30.283320
8,5,5,4,0,4,2026-07-15T08:57:30.638472
8,5,6,4,0,4,2026-07-15T08:57:31.368115
8,5,7,2,0,2,2026-07-15T08:57:31.983200
8,5,8,4,0,4,2026-07-15T08:57:32.548973
8,5,9,2,0,2,2026-07-15T08:57:33.108862
8,5,10,4,0,4,2026-07-15T08:57:33.846097
8,6,1,0,0,0,2026-07-15T08:57:34.243636
8,6,2,0,0,0,2026-07-15T08:57:34.671760
8,6,3,0,0,0,2026-07-15T08:57:35.041173
8,6,4,0,0,0,2026-07-15T08:57:35.604890
8,6,5,0,0,0,2026-07-15T08:57:36.128202
8,6,6,0,0,0,2026-07-15T08:57:36.623579
8,6,7,0,0,0,2026-07-15T08:57:37.026824
8,6,8,0,0,0,2026-07-15T08:57:37.460137
8,6,9,0,0,0,2026-07-15T08:57:38.001516
8,6,10,0,0,0,2026-07-15T08:57:38.318391
8,7,1,5,0,5,2026-07-15T08:57:38.814867
8,7,2,5,0,5,2026-07-15T08:57:39.177671
8,7,3,5,0,5,2026-07-15T08:57:39.662095
8,7,4,5,0,5,2026-07-15T08:57:40.214158
8,7,5,5,0,5,2026-07-15T08:57:40.641148
8,7,6,5,0,5,2026-07-15T08:57:41.457780
8,7,7,5,1,5,2026-07-15T12:39:24.852035
8,7,8,5,0,5,2026-07-15T08:57:43.118997
8,7,9,5,0,5,2026-07-15T08:57:43.632038
8,7,10,5,1,5,2026-07-15T12:39:25.295423
8,8,1,0,0,0,2026-07-15T08:57:45.466908
8,8,2,0,0,0,2026-07-15T08:57:47.176274
8,8,3,0,0,0,2026-07-15T08:57:47.522049
8,8,4,0,0,0,2026-07-15T08:57:47.872730
8,8,5,0,0,0,2026-07-15T08:57:48.671069
8,8,6,0,0,0,2026-07-15T08:57:49.152161
8,8,7,0,0,0,2026-07-15T08:57:49.484954
8,8,8,0,0,0,2026-07-15T08:57:50.035796
8,8,9,0,0,0,2026-07-15T08:57:50.387930
8,8,10,0,0,0,2026-07-15T08:57:50.909393
8,9,1,4,0,4,2026-07-15T08:57:51.665470
8,9,2,4,0,4,2026-07-15T08:57:52.063790
8,9,3,4,0,4,2026-07-15T08:57:52.401892
8,9,4,4,0,4,2026-07-15T08:57:52.735207
8,9,5,4,0,4,2026-07-15T08:57:53.121223
8,9,6,4,0,4,2026-07-15T08:57:53.479071
8,9,7,4,0,4,2026-07-15T08:57:53.867544
8,9,8,4,0,4,2026-07-15T08:57:54.315719
8,9,9,4,0,4,2026-07-15T08:57:54.873623
8,9,10,4,0,4,2026-07-15T08:57:55.274259
9,1,1,5,0,5,2026-07-15T08:57:55.837335
9,1,2,4,0,4,2026-07-15T08:57:56.375189
9,1,3,5,0,5,2026-07-15T08:57:56.948297
9,1,4,4,0,4,2026-07-15T08:57:57.518381
9,1,5,4,0,4,2026-07-15T08:57:57.931169
9,1,6,5,0,5,2026-07-15T08:57:58.647371
9,1,7,4,0,4,2026-07-15T08:57:59.358455
9,1,8,5,0,5,2026-07-15T08:58:00.075361
9,1,9,5,0,5,2026-07-15T08:58:00.532937
9,1,10,4,0,4,2026-07-15T08:58:01.191585
9,2,1,0,0,0,2026-07-15T08:58:01.977735
9,2,2,0,0,0,2026-07-15T08:58:02.451826
9,2,3,0,0,0,2026-07-15T08:58:02.796796
9,2,4,0,0,0,2026-07-15T08:58:03.133094
9,2,5,0,0,0,2026-07-15T08:58:03.466937
9,2,6,0,1,0,2026-07-15T12:39:25.933281
9,2,7,0,0,0,2026-07-15T08:58:05.078076
9,2,8,0,0,0,2026-07-15T08:58:05.411483
9,2,9,0,0,0,2026-07-15T08:58:05.767537
9,2,10,0,0,0,2026-07-15T08:58:06.124073
9,3,1,4,0,4,2026-07-15T08:58:06.648407
9,3,2,4,1,4,2026-07-15T12:39:26.447927
9,3,3,4,0,4,2026-07-15T08:58:08.531401
9,3,4,4,0,4,2026-07-15T08:58:09.316543
9,3,5,4,0,4,2026-07-15T08:58:09.810481
9,3,6,4,0,4,2026-07-15T08:58:10.218969
9,3,7,4,0,4,2026-07-15T08:58:10.551227
9,3,8,4,0,4,2026-07-15T08:58:10.921019
9,3,9,4,0,4,2026-07-15T08:58:11.285501
9,3,10,4,0,4,2026-07-15T08:58:11.792636
9,4,1,0,0,0,2026-07-15T08:58:12.520011
9,4,2,0,0,0,2026-07-15T08:58:13.056051
9,4,3,0,0,0,2026-07-15T08:58:13.453429
9,4,4,0,0,0,2026-07-15T08:58:14.182641
9,4,5,0,0,0,2026-07-15T08:58:14.646868
9,4,6,0,0,0,2026-07-15T08:58:15.113997
9,4,7,0,0,0,2026-07-15T08:58:15.495186
9,4,8,0,0,0,2026-07-15T08:58:15.847717
9,4,9,0,0,0,2026-07-15T08:58:16.637361
9,4,10,0,0,0,2026-07-15T08:58:17.001161
9,5,1,4,0,4,2026-07-15T08:58:17.478257
9,5,2,4,0,4,2026-07-15T08:58:17.811775
9,5,3,4,0,4,2026-07-15T08:58:18.256382
9,5,4,4,0,4,2026-07-15T08:58:18.770497
9,5,5,4,0,4,2026-07-15T08:58:19.136545
9,5,6,4,0,4,2026-07-15T08:58:20.022917
9,5,7,4,0,4,2026-07-15T08:58:20.648456
9,5,8,4,0,4,2026-07-15T08:58:21.012901
9,5,9,4,0,4,2026-07-15T08:58:21.576426
9,5,10,4,1,4,2026-07-15T12:39:26.990753
9,6,1,0,0,0,2026-07-15T08:58:23.322756
9,6,2,0,0,0,2026-07-15T08:58:23.691127
9,6,3,0,0,0,2026-07-15T08:58:24.073649
9,6,4,0,0,0,2026-07-15T08:58:25.444590
9,6,5,0,1,0,2026-07-15T12:39:27.473104
9,6,6,0,0,0,2026-07-15T08:58:26.326530
9,6,7,0,0,0,2026-07-15T08:58:26.775856
9,6,8,0,0,0,2026-07-15T08:58:27.238878
9,6,9,0,0,0,2026-07-15T08:58:27.782774
9,6,10,0,0,0,2026-07-15T08:58:28.371639
9,7,1,4,0,4,2026-07-15T08:58:28.797083
9,7,2,5,0,5,2026-07-15T08:58:29.204557
9,7,3,4,0,4,2026-07-15T08:58:29.981062
9,7,4,5,0,5,2026-07-15T08:58:30.374094
9,7,5,5,0,5,2026-07-15T08:58:30.680154
9,7,6,5,0,5,2026-07-15T08:58:31.872446
9,7,7,5,0,5,2026-07-15T08:58:32.412010
9,7,8,5,0,5,2026-07-15T08:58:32.868715
9,7,9,5,1,5,2026-07-15T12:39:27.931227
9,7,10,5,0,5,2026-07-15T08:58:34.582768
9,8,1,0,1,0,2026-07-15T12:39:28.449062
9,8,2,0,0,0,2026-07-15T08:58:35.401531
9,8,3,0,0,0,2026-07-15T08:58:35.789801
9,8,4,0,0,0,2026-07-15T08:58:36.094214
9,8,5,0,0,0,2026-07-15T08:58:36.760263
9,8,6,0,0,0,2026-07-15T08:58:37.111332
9,8,7,0,0,0,2026-07-15T08:58:37.431364
9,8,8,0,0,0,2026-07-15T08:58:38.091596
9,8,9,0,0,0,2026-07-15T08:58:38.462755
9,8,10,0,0,0,2026-07-15T08:58:38.811085
9,9,1,5,0,5,2026-07-15T08:58:39.428553
9,9,2,5,0,5,2026-07-15T08:58:39.954564
9,9,3,5,0,5,2026-07-15T08:58:40.630428
9,9,4,5,0,5,2026-07-15T08:58:41.158025
9,9,5,5,0,5,2026-07-15T08:58:41.514192
9,9,6,5,0,5,2026-07-15T08:58:42.276129
9,9,7,5,0,5,2026-07-15T08:58:42.732232
9,9,8,5,0,5,2026-07-15T08:58:43.089716
9,9,9,5,0,5,2026-07-15T08:58:44.958239
9,9,10,5,0,5,2026-07-15T08:58:45.347202
10,1,1,4,0,4,2026-07-15T08:58:45.935814
10,1,2,4,0,4,2026-07-15T08:58:46.641395
10,1,3,4,0,4,2026-07-15T08:58:46.999481
10,1,4,4,0,4,2026-07-15T08:58:47.435483
10,1,5,4,0,4,2026-07-15T08:58:48.018899
10,1,6,4,0,4,2026-07-15T08:58:48.441795
10,1,7,4,0,4,2026-07-15T08:58:48.882866
10,1,8,4,0,4,2026-07-15T08:58:49.220639
10,1,9,4,0,4,2026-07-15T08:58:49.614622
10,1,10,4,0,4,2026-07-15T08:58:50.064337
10,2,1,0,0,0,2026-07-15T08:58:50.424694
10,2,2,0,0,0,2026-07-15T08:58:50.729672
10,2,3,0,0,0,2026-07-15T08:58:51.190842
10,2,4,0,0,0,2026-07-15T08:58:51.514681
10,2,5,0,0,0,2026-07-15T08:58:51.893497
10,2,6,0,0,0,2026-07-15T08:58:52.240269
10,2,7,0,0,0,2026-07-15T08:58:52.644132
10,2,8,0,0,0,2026-07-15T08:58:53.190052
10,2,9,0,2,0,2026-07-15T12:47:43.719310
10,2,10,0,0,0,2026-07-15T08:58:54.745611
10,3,1,4,0,4,2026-07-15T08:58:55.262746
10,3,2,4,0,4,2026-07-15T08:58:55.669480
10,3,3,4,0,4,2026-07-15T08:58:56.043182
10,3,4,4,0,4,2026-07-15T08:58:56.693397
10,3,5,4,0,4,2026-07-15T08:58:57.146944
10,3,6,4,0,4,2026-07-15T08:58:57.738032
10,3,7,4,0,4,2026-07-15T08:58:58.285257
10,3,8,4,0,4,2026-07-15T08:58:58.615121
10,3,9,4,0,4,2026-07-15T08:58:58.975660
10,3,10,4,0,4,2026-07-15T08:58:59.408815
10,4,1,0,1,0,2026-07-15T12:39:30.153723
10,4,2,0,0,0,2026-07-15T08:59:01.397966
10,4,3,0,0,0,2026-07-15T08:59:01.739127
10,4,4,0,0,0,2026-07-15T08:59:02.063331
10,4,5,0,0,0,2026-07-15T08:59:02.537723
10,4,6,0,1,0,2026-07-15T12:39:31.173515
10,4,7,0,0,0,2026-07-15T08:59:04.108948
10,4,8,0,0,0,2026-07-15T08:59:04.458246
10,4,9,0,0,0,2026-07-15T08:59:04.761025
10,4,10,0,0,0,2026-07-15T08:59:05.087970
10,5,1,4,0,4,2026-07-15T08:59:05.623287
10,5,2,4,0,4,2026-07-15T08:59:06.050123
10,5,3,4,0,4,2026-07-15T08:59:06.386215
10,5,4,4,0,4,2026-07-15T08:59:06.935564
10,5,5,4,0,4,2026-07-15T08:59:07.560836
10,5,6,4,0,4,2026-07-15T08:59:07.906723
10,5,7,4,0,4,2026-07-15T08:59:08.531415
10,5,8,4,0,4,2026-07-15T08:59:08.876037
10,5,9,4,0,4,2026-07-15T08:59:09.245727
10,5,10,4,0,4,2026-07-15T08:59:10.288896
10,6,1,0,0,0,2026-07-15T08:59:10.611264
10,6,2,0,0,0,2026-07-15T08:59:10.953406
10,6,3,0,0,0,2026-07-15T08:59:11.403072
10,6,4,0,0,0,2026-07-15T08:59:11.923238
10,6,5,0,0,0,2026-07-15T08:59:12.723066
10,6,6,0,0,0,2026-07-15T08:59:13.418868
10,6,7,0,0,0,2026-07-15T08:59:14.289393
10,6,8,0,0,0,2026-07-15T08:59:14.757846
10,6,9,0,0,0,2026-07-15T08:59:15.218404
10,6,10,0,0,0,2026-07-15T08:59:15.776573
10,7,1,5,0,5,2026-07-15T08:59:16.302117
10,7,2,5,0,5,2026-07-15T08:59:16.707565
10,7,3,5,0,5,2026-07-15T08:59:17.054288
10,7,4,5,0,5,2026-07-15T08:59:17.495963
10,7,5,5,0,5,2026-07-15T08:59:17.854427
10,7,6,5,1,5,2026-07-15T12:39:31.649020
10,7,7,5,0,5,2026-07-15T08:59:19.019607
10,7,8,5,1,5,2026-07-15T12:39:32.101686
10,7,9,5,0,5,2026-07-15T08:59:20.551453
10,7,10,5,0,5,2026-07-15T08:59:21.097567
10,8,1,2,0,2,2026-07-15T08:59:21.838508
10,8,2,0,1,0,2026-07-15T12:39:32.575763
10,8,3,2,0,2,2026-07-15T08:59:23.721017
10,8,4,2,0,2,2026-07-15T08:59:24.590249
10,8,5,2,0,2,2026-07-15T08:59:24.921569
10,8,6,0,0,0,2026-07-15T08:59:25.788484
10,8,7,2,0,2,2026-07-15T08:59:26.211038
10,8,8,0,1,0,2026-07-15T12:39:32.960162
10,8,9,0,0,0,2026-07-15T08:59:28.154489
10,8,10,2,0,2,2026-07-15T08:59:29.720181
10,9,1,5,0,5,2026-07-15T08:59:30.100607
10,9,2,5,0,5,2026-07-15T08:59:30.562348
10,9,3,5,0,5,2026-07-15T08:59:30.917273
10,9,4,5,0,5,2026-07-15T08:59:31.363613
10,9,5,5,0,5,2026-07-15T08:59:31.725489
10,9,6,5,0,5,2026-07-15T08:59:32.229193
10,9,7,5,0,5,2026-07-15T08:59:32.590112
10,9,8,5,0,5,2026-07-15T08:59:32.960573
10,9,9,5,0,5,2026-07-15T08:59:33.265792
10,9,10,5,0,5,2026-07-15T08:59:33.944748
11,1,1,4,0,4,2026-07-15T08:59:34.370905
11,1,2,4,0,4,2026-07-15T08:59:34.872696
11,1,3,4,0,4,2026-07-15T08:59:35.291728
11,1,4,4,0,4,2026-07-15T08:59:35.706368
11,1,5,4,0,4,2026-07-15T08:59:36.487626
11,1,6,4,0,4,2026-07-15T08:59:36.807958
11,1,7,4,0,4,2026-07-15T08:59:37.490712
11,1,8,4,0,4,2026-07-15T08:59:37.829742
11,1,9,4,0,4,2026-07-15T08:59:38.318092
11,1,10,4,0,4,2026-07-15T08:59:38.688821
11,2,1,0,0,0,2026-07-15T08:59:39.140868
11,2,2,0,0,0,2026-07-15T08:59:39.977990
11,2,3,0,0,0,2026-07-15T08:59:40.425480
11,2,4,0,0,0,2026-07-15T08:59:40.750758
11,2,5,0,0,0,2026-07-15T08:59:41.066661
11,2,6,0,0,0,2026-07-15T08:59:41.601515
11,2,7,0,0,0,2026-07-15T08:59:41.921853
11,2,8,0,0,0,2026-07-15T08:59:42.251582
11,2,9,0,0,0,2026-07-15T08:59:42.683316
11,2,10,0,0,0,2026-07-15T08:59:43.391236
11,3,1,4,0,4,2026-07-15T08:59:44.138091
11,3,2,2,0,2,2026-07-15T08:59:44.434736
11,3,3,4,0,4,2026-07-15T08:59:44.807776
11,3,4,2,0,2,2026-07-15T08:59:45.611116
11,3,5,4,0,4,2026-07-15T08:59:45.967370
11,3,6,4,0,4,2026-07-15T08:59:46.491212
11,3,7,4,0,4,2026-07-15T08:59:46.841029
11,3,8,2,0,2,2026-07-15T08:59:47.722811
11,3,9,2,0,2,2026-07-15T08:59:48.290616
11,3,10,4,0,4,2026-07-15T08:59:49.275052
11,4,1,0,0,0,2026-07-15T08:59:50.119998
11,4,2,0,0,0,2026-07-15T08:59:50.595814
11,4,3,0,0,0,2026-07-15T08:59:51.083275
11,4,4,0,1,0,2026-07-15T12:39:34.002001
11,4,5,0,0,0,2026-07-15T08:59:52.831110
11,4,6,0,0,0,2026-07-15T08:59:53.601551
11,4,7,0,0,0,2026-07-15T08:59:54.044043
11,4,8,0,0,0,2026-07-15T08:59:54.474575
11,4,9,0,0,0,2026-07-15T08:59:54.851097
11,4,10,0,0,0,2026-07-15T08:59:55.548452
11,5,1,4,1,4,2026-07-15T12:39:34.477868
11,5,2,4,0,4,2026-07-15T08:59:57.592275
11,5,3,4,0,4,2026-07-15T08:59:58.188793
11,5,4,4,0,4,2026-07-15T08:59:58.577490
11,5,5,4,0,4,2026-07-15T08:59:59.077306
11,5,6,4,0,4,2026-07-15T09:00:00.002925
11,5,7,4,0,4,2026-07-15T09:00:00.323190
11,5,8,4,0,4,2026-07-15T09:00:00.671807
11,5,9,4,0,4,2026-07-15T09:00:01.394871
11,5,10,4,0,4,2026-07-15T09:00:02.208683
11,6,1,0,0,0,2026-07-15T09:00:02.690032
11,6,2,0,1,0,2026-07-15T12:39:35.214703
11,6,3,0,0,0,2026-07-15T09:00:04.237914
11,6,4,0,0,0,2026-07-15T09:00:04.764239
11,6,5,0,0,0,2026-07-15T09:00:05.240904
11,6,6,0,0,0,2026-07-15T09:00:05.623553
11,6,7,0,0,0,2026-07-15T09:00:06.000188
11,6,8,0,0,0,2026-07-15T09:00:06.475761
11,6,9,0,0,0,2026-07-15T09:00:07.057942
11,6,10,0,0,0,2026-07-15T09:00:07.431475
11,7,1,5,0,5,2026-07-15T09:00:08.055438
11,7,2,5,0,5,2026-07-15T09:00:08.921639
11,7,3,5,0,5,2026-07-15T09:00:09.635101
11,7,4,5,0,5,2026-07-15T09:00:10.043749
11,7,5,5,0,5,2026-07-15T09:00:12.246930
11,7,6,5,0,5,2026-07-15T09:00:12.888121
11,7,7,5,0,5,2026-07-15T09:00:13.415539
11,7,8,5,0,5,2026-07-15T09:00:13.900379
11,7,9,5,0,5,2026-07-15T09:00:14.505186
11,7,10,5,0,5,2026-07-15T09:00:15.125810
11,8,1,2,0,2,2026-07-15T09:00:15.726568
11,8,2,2,0,2,2026-07-15T09:00:16.435212
11,8,3,2,0,2,2026-07-15T09:00:16.796412
11,8,4,2,0,2,2026-07-15T09:00:17.422211
11,8,5,2,1,2,2026-07-15T12:39:35.609240
11,8,6,2,0,2,2026-07-15T09:00:19.198038
11,8,7,2,0,2,2026-07-15T09:00:19.652073
11,8,8,2,0,2,2026-07-15T09:00:20.109336
11,8,9,2,0,2,2026-07-15T09:00:20.639021
11,8,10,2,0,2,2026-07-15T09:00:22.054151
11,9,1,5,1,5,2026-07-15T12:39:35.947196
11,9,2,5,0,5,2026-07-15T09:00:23.958982
11,9,3,5,0,5,2026-07-15T09:00:24.625979
11,9,4,5,1,5,2026-07-15T12:39:36.420597
11,9,5,5,0,5,2026-07-15T09:00:26.484378
11,9,6,5,1,5,2026-07-15T12:39:36.929054
11,9,7,5,0,5,2026-07-15T09:00:28.197904
11,9,8,5,0,5,2026-07-15T09:00:28.709918
11,9,9,5,0,5,2026-07-15T09:00:29.077686
11,9,10,5,0,5,2026-07-15T09:00:29.728264
12,1,1,4,0,4,2026-07-15T09:00:30.427717
12,1,2,4,0,4,2026-07-15T09:00:30.793094
12,1,3,4,1,4,2026-07-15T12:39:37.363136
12,1,4,4,0,4,2026-07-15T09:00:31.852096
12,1,5,4,0,4,2026-07-15T09:00:32.560434
12,1,6,4,0,4,2026-07-15T09:00:33.181896
12,1,7,4,0,4,2026-07-15T09:00:33.730692
12,1,8,4,0,4,2026-07-15T09:00:34.132362
12,1,9,4,0,4,2026-07-15T09:00:34.769126
12,1,10,4,0,4,2026-07-15T09:00:35.115711
12,2,1,0,0,0,2026-07-15T09:00:36.083795
12,2,2,0,0,0,2026-07-15T09:00:36.670097
12,2,3,0,0,0,2026-07-15T09:00:37.593166
12,2,4,0,0,0,2026-07-15T09:00:38.966979
12,2,5,0,0,0,2026-07-15T09:00:39.435772
12,2,6,0,0,0,2026-07-15T09:00:39.882865
12,2,7,0,0,0,2026-07-15T09:00:40.265973
12,2,8,0,0,0,2026-07-15T09:00:40.804066
12,2,9,0,0,0,2026-07-15T09:00:41.211798
12,2,10,0,1,0,2026-07-15T12:39:38.033614
12,3,1,4,0,4,2026-07-15T09:00:42.788711
12,3,2,4,0,4,2026-07-15T09:00:44.012972
12,3,3,4,0,4,2026-07-15T09:00:44.453905
12,3,4,4,0,4,2026-07-15T09:00:44.828650
12,3,5,4,1,4,2026-07-15T12:39:38.612864
12,3,6,4,0,4,2026-07-15T09:00:46.638706
12,3,7,4,0,4,2026-07-15T09:00:48.006698
12,3,8,4,0,4,2026-07-15T09:00:48.863789
12,3,9,4,0,4,2026-07-15T09:00:49.225795
12,3,10,4,0,4,2026-07-15T09:00:49.594023
12,4,1,0,0,0,2026-07-15T09:00:50.713747
12,4,2,0,0,0,2026-07-15T09:00:51.242146
12,4,3,0,0,0,2026-07-15T09:00:52.076301
12,4,4,0,0,0,2026-07-15T09:00:52.536764
12,4,5,0,0,0,2026-07-15T09:00:53.172901
12,4,6,0,1,0,2026-07-15T12:39:38.990278
12,4,7,0,0,0,2026-07-15T09:00:54.147268
12,4,8,0,0,0,2026-07-15T09:00:54.871935
12,4,9,0,0,0,2026-07-15T09:00:55.310286
12,4,10,0,0,0,2026-07-15T09:00:55.740420
12,5,1,4,0,4,2026-07-15T09:00:56.306790
12,5,2,4,0,4,2026-07-15T09:00:57.699660
12,5,3,5,1,5,2026-07-15T12:39:39.450730
12,5,4,4,0,4,2026-07-15T09:00:58.922692
12,5,5,4,0,4,2026-07-15T09:00:59.273685
12,5,6,4,0,4,2026-07-15T09:00:59.712133
12,5,7,4,0,4,2026-07-15T09:01:00.073399
12,5,8,4,0,4,2026-07-15T09:01:00.590620
12,5,9,4,0,4,2026-07-15T09:01:00.945218
12,5,10,4,0,4,2026-07-15T09:01:01.990215
12,6,1,0,0,0,2026-07-15T09:01:02.475576
12,6,2,0,0,0,2026-07-15T09:01:02.828195
12,6,3,0,0,0,2026-07-15T09:01:03.152694
12,6,4,0,1,0,2026-07-15T12:39:40.183409
12,6,5,0,0,0,2026-07-15T09:01:04.952000
12,6,6,0,0,0,2026-07-15T09:01:05.636982
12,6,7,0,0,0,2026-07-15T09:01:06.264018
12,6,8,0,0,0,2026-07-15T09:01:06.710817
12,6,9,0,0,0,2026-07-15T09:01:07.531223
12,6,10,0,0,0,2026-07-15T09:01:07.884641
12,7,1,5,0,5,2026-07-15T09:01:08.313678
12,7,2,5,1,5,2026-07-15T12:39:40.807648
12,7,3,5,1,5,2026-07-15T12:39:41.189459
12,7,4,5,0,5,2026-07-15T09:01:11.109103
12,7,5,5,0,5,2026-07-15T09:01:11.551618
12,7,6,5,1,5,2026-07-15T12:39:41.650099
12,7,7,5,0,5,2026-07-15T09:01:13.147670
12,7,8,5,0,5,2026-07-15T09:01:13.567555
12,7,9,5,0,5,2026-07-15T09:01:14.095370
12,7,10,5,0,5,2026-07-15T09:01:14.566128
12,8,1,0,0,0,2026-07-15T09:01:15.243743
12,8,2,0,0,0,2026-07-15T09:01:15.687732
12,8,3,0,0,0,2026-07-15T09:01:16.433337
12,8,4,0,0,0,2026-07-15T09:01:17.277498
12,8,5,0,0,0,2026-07-15T09:01:17.661111
12,8,6,0,0,0,2026-07-15T09:01:18.890622
12,8,7,0,0,0,2026-07-15T09:01:19.392054
12,8,8,0,0,0,2026-07-15T09:01:20.246561
12,8,9,0,0,0,2026-07-15T09:01:20.957465
12,8,10,0,0,0,2026-07-15T09:01:21.330100
12,9,1,5,0,5,2026-07-15T09:01:21.898317
12,9,2,5,0,5,2026-07-15T09:01:22.392277
12,9,3,5,0,5,2026-07-15T09:01:22.983229
12,9,4,5,0,5,2026-07-15T09:01:23.355009
12,9,5,5,0,5,2026-07-15T09:01:24.144434
12,9,6,5,0,5,2026-07-15T09:01:24.487748
12,9,7,5,0,5,2026-07-15T09:01:25.443497
12,9,8,5,0,5,2026-07-15T09:01:25.907323
12,9,9,5,0,5,2026-07-15T09:01:26.279491
12,9,10,5,0,5,2026-07-15T09:01:26.682752
13,1,1,4,0,4,2026-07-15T09:01:27.524815
13,1,2,4,0,4,2026-07-15T09:01:27.885429
13,1,3,4,0,4,2026-07-15T09:01:28.875441
13,1,4,4,0,4,2026-07-15T09:01:29.195668
13,1,5,4,0,4,2026-07-15T09:01:29.560109
13,1,6,4,0,4,2026-07-15T09:01:30.187518
13,1,7,4,0,4,2026-07-15T09:01:30.907688
13,1,8,4,0,4,2026-07-15T09:01:31.258765
13,1,9,4,0,4,2026-07-15T09:01:31.779849
13,1,10,4,0,4,2026-07-15T09:01:33.920139
13,2,1,0,0,0,2026-07-15T09:01:34.302173
13,2,2,0,0,0,2026-07-15T09:01:34.771026
13,2,3,0,0,0,2026-07-15T09:01:35.147442
13,2,4,0,0,0,2026-07-15T09:01:35.849261
13,2,5,0,0,0,2026-07-15T09:01:36.253178
13,2,6,0,0,0,2026-07-15T09:01:36.916321
13,2,7,0,0,0,2026-07-15T09:01:37.993659
13,2,8,0,0,0,2026-07-15T09:01:38.572457
13,2,9,0,0,0,2026-07-15T09:01:39.157559
13,2,10,0,0,0,2026-07-15T09:01:39.695231
13,3,1,3,0,3,2026-07-15T09:01:40.252243
13,3,2,2,0,2,2026-07-15T09:01:40.583447
13,3,3,2,0,2,2026-07-15T09:01:41.048517
13,3,4,2,0,2,2026-07-15T09:01:41.623499
13,3,5,2,0,2,2026-07-15T09:01:42.268398
13,3,6,3,0,3,2026-07-15T09:01:42.721932
13,3,7,2,1,2,2026-07-15T12:39:42.532184
13,3,8,3,0,3,2026-07-15T09:01:44.255457
13,3,9,3,0,3,2026-07-15T09:01:44.847452
13,3,10,2,0,2,2026-07-15T09:01:45.587609
13,4,1,0,0,0,2026-07-15T09:01:46.615328
13,4,2,0,0,0,2026-07-15T09:01:47.114602
13,4,3,0,0,0,2026-07-15T09:01:47.644109
13,4,4,0,0,0,2026-07-15T09:01:48.185781
13,4,5,0,0,0,2026-07-15T09:01:48.755879
13,4,6,0,0,0,2026-07-15T09:01:49.169899
13,4,7,0,0,0,2026-07-15T09:01:49.595282
13,4,8,0,0,0,2026-07-15T09:01:50.033350
13,4,9,0,0,0,2026-07-15T09:01:50.444624
13,4,10,0,0,0,2026-07-15T09:01:51.310011
13,5,1,2,0,2,2026-07-15T09:01:51.869154
13,5,2,2,0,2,2026-07-15T09:01:53.102071
13,5,3,2,2,2,2026-07-15T12:47:44.251829
13,5,4,2,0,2,2026-07-15T09:01:54.765569
13,5,5,2,0,2,2026-07-15T09:01:55.257960
13,5,6,2,0,2,2026-07-15T09:01:55.608984
13,5,7,2,0,2,2026-07-15T09:01:56.325366
13,5,8,2,0,2,2026-07-15T09:01:56.671428
13,5,9,2,0,2,2026-07-15T09:01:57.219072
13,5,10,2,0,2,2026-07-15T09:01:58.026302
13,6,1,0,0,0,2026-07-15T09:01:59.701488
13,6,2,0,0,0,2026-07-15T09:02:00.307988
13,6,3,0,0,0,2026-07-15T09:02:00.852487
13,6,4,0,0,0,2026-07-15T09:02:01.265163
13,6,5,0,0,0,2026-07-15T09:02:02.001940
13,6,6,0,0,0,2026-07-15T09:02:02.466034
13,6,7,0,0,0,2026-07-15T09:02:03.141393
13,6,8,0,0,0,2026-07-15T09:02:03.621835
13,6,9,0,0,0,2026-07-15T09:02:04.276189
13,6,10,0,1,0,2026-07-15T12:39:44.684424
13,7,1,5,0,5,2026-07-15T09:02:05.286321
13,7,2,5,0,5,2026-07-15T09:02:05.676189
13,7,3,5,0,5,2026-07-15T09:02:06.370993
13,7,4,5,1,5,2026-07-15T12:39:45.274337
13,7,5,5,0,5,2026-07-15T09:02:07.313621
13,7,6,5,0,5,2026-07-15T09:02:07.924457
13,7,7,5,0,5,2026-07-15T09:02:09.137060
13,7,8,5,0,5,2026-07-15T09:02:09.701731
13,7,9,5,0,5,2026-07-15T09:02:10.183492
13,7,10,5,0,5,2026-07-15T09:02:10.509407
13,8,1,0,0,0,2026-07-15T09:02:11.238088
13,8,2,0,0,0,2026-07-15T09:02:11.799623
13,8,3,0,0,0,2026-07-15T09:02:12.144147
13,8,4,0,0,0,2026-07-15T09:02:12.734083
13,8,5,0,0,0,2026-07-15T09:02:13.754327
13,8,6,0,0,0,2026-07-15T09:02:14.318873
13,8,7,0,0,0,2026-07-15T09:02:14.701865
13,8,8,0,0,0,2026-07-15T09:02:15.089899
13,8,9,0,0,0,2026-07-15T09:02:15.787478
13,8,10,0,0,0,2026-07-15T09:02:16.668932
13,9,1,5,0,5,2026-07-15T09:02:17.045385
13,9,2,5,0,5,2026-07-15T09:02:17.375177
13,9,3,5,0,5,2026-07-15T09:02:17.724224
13,9,4,5,0,5,2026-07-15T09:02:18.156667
13,9,5,5,0,5,2026-07-15T09:02:19.017661
13,9,6,5,0,5,2026-07-15T09:02:19.432965
13,9,7,5,0,5,2026-07-15T09:02:19.803016
13,9,8,5,0,5,2026-07-15T09:02:20.202315
13,9,9,5,0,5,2026-07-15T09:02:20.761231
13,9,10,5,0,5,2026-07-15T09:02:21.196865
14,1,1,5,0,5,2026-07-15T09:02:21.595977
14,1,2,5,0,5,2026-07-15T09:02:22.054156
14,1,3,5,0,5,2026-07-15T09:02:22.493648
14,1,4,5,0,5,2026-07-15T09:02:24.653027
14,1,5,5,0,5,2026-07-15T09:02:25.481034
14,1,6,5,0,5,2026-07-15T09:02:26.128515
14,1,7,5,1,5,2026-07-15T12:39:45.763037
14,1,8,5,0,5,2026-07-15T09:02:28.474759
14,1,9,5,0,5,2026-07-15T09:02:28.934224
14,1,10,5,0,5,2026-07-15T09:02:29.303264
14,2,1,0,0,0,2026-07-15T09:02:30.174547
14,2,2,0,0,0,2026-07-15T09:02:30.531293
14,2,3,0,0,0,2026-07-15T09:02:30.916495
14,2,4,0,0,0,2026-07-15T09:02:31.427822
14,2,5,0,0,0,2026-07-15T09:02:31.905437
14,2,6,0,1,0,2026-07-15T12:39:46.409470
14,2,7,0,1,0,2026-07-15T12:39:46.918621
14,2,8,0,0,0,2026-07-15T09:02:34.575892
14,2,9,0,0,0,2026-07-15T09:02:35.009168
14,2,10,0,0,0,2026-07-15T09:02:35.486978
14,3,1,4,1,4,2026-07-15T12:39:47.510587
14,3,2,3,0,3,2026-07-15T09:02:37.163241
14,3,3,3,0,3,2026-07-15T09:02:37.515262
14,3,4,4,0,4,2026-07-15T09:02:37.842844
14,3,5,3,0,3,2026-07-15T09:02:38.409617
14,3,6,4,0,4,2026-07-15T09:02:38.915146
14,3,7,3,0,3,2026-07-15T09:02:39.269532
14,3,8,3,0,3,2026-07-15T09:02:39.926013
14,3,9,3,0,3,2026-07-15T09:02:40.600946
14,3,10,3,0,3,2026-07-15T09:02:41.139494
14,4,1,0,0,0,2026-07-15T09:02:42.396107
14,4,2,0,0,0,2026-07-15T09:02:42.760712
14,4,3,0,1,0,2026-07-15T12:39:48.540366
14,4,4,0,0,0,2026-07-15T09:02:44.405855
14,4,5,0,0,0,2026-07-15T09:02:44.779766
14,4,6,0,0,0,2026-07-15T09:02:45.475387
14,4,7,0,0,0,2026-07-15T09:02:46.040904
14,4,8,0,0,0,2026-07-15T09:02:46.385497
14,4,9,0,0,0,2026-07-15T09:02:46.772302
14,4,10,0,0,0,2026-07-15T09:02:47.173754
14,5,1,2,0,2,2026-07-15T09:02:47.564178
14,5,2,2,0,2,2026-07-15T09:02:48.163399
14,5,3,4,0,4,2026-07-15T09:02:48.727239
14,5,4,2,0,2,2026-07-15T09:02:49.328277
14,5,5,4,0,4,2026-07-15T09:02:50.069214
14,5,6,4,0,4,2026-07-15T09:02:50.523179
14,5,7,4,0,4,2026-07-15T09:02:50.899517
14,5,8,2,0,2,2026-07-15T09:02:51.486188
14,5,9,2,0,2,2026-07-15T09:02:51.833530
14,5,10,2,0,2,2026-07-15T09:02:52.483468
14,6,1,0,0,0,2026-07-15T09:02:52.836261
14,6,2,0,0,0,2026-07-15T09:02:53.381734
14,6,3,0,0,0,2026-07-15T09:02:53.718745
14,6,4,0,0,0,2026-07-15T09:02:54.068741
14,6,5,0,0,0,2026-07-15T09:02:54.460135
14,6,6,0,0,0,2026-07-15T09:02:54.949019
14,6,7,0,0,0,2026-07-15T09:02:55.464126
14,6,8,0,0,0,2026-07-15T09:02:55.876271
14,6,9,0,1,0,2026-07-15T12:39:49.094229
14,6,10,0,0,0,2026-07-15T09:02:59.473136
14,7,1,5,0,5,2026-07-15T09:03:00.051299
14,7,2,5,0,5,2026-07-15T09:03:00.934793
14,7,3,5,0,5,2026-07-15T09:03:01.737031
14,7,4,5,0,5,2026-07-15T09:03:02.056506
14,7,5,5,0,5,2026-07-15T09:03:02.425605
14,7,6,5,0,5,2026-07-15T09:03:02.787169
14,7,7,5,0,5,2026-07-15T09:03:03.513969
14,7,8,5,0,5,2026-07-15T09:03:03.933257
14,7,9,5,0,5,2026-07-15T09:03:04.488076
14,7,10,5,0,5,2026-07-15T09:03:04.872345
14,8,1,0,0,0,2026-07-15T09:03:05.561075
14,8,2,0,0,0,2026-07-15T09:03:05.918200
14,8,3,0,0,0,2026-07-15T09:03:06.342967
14,8,4,0,0,0,2026-07-15T09:03:07.080328
14,8,5,0,0,0,2026-07-15T09:03:07.524788
14,8,6,0,0,0,2026-07-15T09:03:07.867235
14,8,7,0,0,0,2026-07-15T09:03:08.336240
14,8,8,0,0,0,2026-07-15T09:03:08.888028
14,8,9,0,0,0,2026-07-15T09:03:10.120544
14,8,10,0,0,0,2026-07-15T09:03:10.605305
14,9,1,5,0,5,2026-07-15T09:03:11.029701
14,9,2,5,0,5,2026-07-15T09:03:11.532429
14,9,3,5,0,5,2026-07-15T09:03:12.006138
14,9,4,5,0,5,2026-07-15T09:03:12.429812
14,9,5,5,0,5,2026-07-15T09:03:13.006090
14,9,6,5,0,5,2026-07-15T09:03:13.876585
14,9,7,5,1,5,2026-07-15T12:39:49.518171
14,9,8,5,0,5,2026-07-15T09:03:15.715091
14,9,9,5,1,5,2026-07-15T12:39:49.865232
14,9,10,5,0,5,2026-07-15T09:03:16.652831
15,1,1,4,0,4,2026-07-15T09:03:17.672079
15,1,2,4,0,4,2026-07-15T09:03:18.367946
15,1,3,4,0,4,2026-07-15T09:03:19.676113
15,1,4,4,0,4,2026-07-15T09:03:19.966295
15,1,5,4,0,4,2026-07-15T09:03:20.740934
15,1,6,4,0,4,2026-07-15T09:03:21.300755
15,1,7,4,0,4,2026-07-15T09:03:21.771222
15,1,8,4,1,4,2026-07-15T12:39:50.350492
15,1,9,4,0,4,2026-07-15T09:03:23.457879
15,1,10,4,0,4,2026-07-15T09:03:24.202893
15,2,1,0,0,0,2026-07-15T09:03:24.866404
15,2,2,0,0,0,2026-07-15T09:03:25.536755
15,2,3,0,0,0,2026-07-15T09:03:26.045356
15,2,4,0,0,0,2026-07-15T09:03:31.644568
15,2,5,0,0,0,2026-07-15T09:03:32.462773
15,2,6,0,0,0,2026-07-15T09:03:32.999774
15,2,7,0,0,0,2026-07-15T09:03:33.425630
15,2,8,0,0,0,2026-07-15T09:03:34.327774
15,2,9,0,0,0,2026-07-15T09:03:35.302484
15,2,10,0,1,0,2026-07-15T12:39:51.105560
15,3,1,4,1,4,2026-07-15T12:39:51.719696
15,3,2,4,0,4,2026-07-15T09:03:38.159652
15,3,3,4,0,4,2026-07-15T09:03:38.768965
15,3,4,4,0,4,2026-07-15T09:03:39.480821
15,3,5,2,0,2,2026-07-15T09:03:39.866460
15,3,6,4,0,4,2026-07-15T09:03:40.294053
15,3,7,4,0,4,2026-07-15T09:03:40.777994
15,3,8,2,0,2,2026-07-15T09:03:41.268330
15,3,9,4,0,4,2026-07-15T09:03:42.002870
15,3,10,2,0,2,2026-07-15T09:03:42.411004
15,4,1,0,0,0,2026-07-15T09:03:42.799181
15,4,2,0,0,0,2026-07-15T09:03:43.289358
15,4,3,0,0,0,2026-07-15T09:03:43.744254
15,4,4,0,0,0,2026-07-15T09:03:44.088955
15,4,5,0,0,0,2026-07-15T09:03:44.813856
15,4,6,0,0,0,2026-07-15T09:03:45.540066
15,4,7,0,0,0,2026-07-15T09:03:45.981293
15,4,8,0,0,0,2026-07-15T09:03:46.385330
15,4,9,0,0,0,2026-07-15T09:03:47.996551
15,4,10,0,0,0,2026-07-15T09:03:48.356362
15,5,1,4,0,4,2026-07-15T09:03:48.994099
15,5,2,4,1,4,2026-07-15T12:39:52.243743
15,5,3,4,0,4,2026-07-15T09:03:50.524007
15,5,4,4,0,4,2026-07-15T09:03:51.179325
15,5,5,4,0,4,2026-07-15T09:03:51.945112
15,5,6,4,0,4,2026-07-15T09:03:52.489242
15,5,7,4,0,4,2026-07-15T09:03:52.806775
15,5,8,4,0,4,2026-07-15T09:03:53.582146
15,5,9,4,0,4,2026-07-15T09:03:53.982040
15,5,10,4,0,4,2026-07-15T09:03:54.587100
15,6,1,0,0,0,2026-07-15T09:03:55.322895
15,6,2,0,0,0,2026-07-15T09:03:55.659364
15,6,3,0,0,0,2026-07-15T09:03:56.099083
15,6,4,0,0,0,2026-07-15T09:03:56.467225
15,6,5,0,0,0,2026-07-15T09:03:56.816659
15,6,6,0,0,0,2026-07-15T09:03:57.468240
15,6,7,0,0,0,2026-07-15T09:03:57.787589
15,6,8,0,0,0,2026-07-15T09:03:58.229648
15,6,9,0,0,0,2026-07-15T09:03:58.584082
15,6,10,0,0,0,2026-07-15T09:03:59.133390
15,7,1,5,0,5,2026-07-15T09:03:59.460085
15,7,2,5,0,5,2026-07-15T09:03:59.812447
15,7,3,5,0,5,2026-07-15T09:04:00.437810
15,7,4,5,0,5,2026-07-15T09:04:00.791579
15,7,5,5,0,5,2026-07-15T09:04:01.306809
15,7,6,5,0,5,2026-07-15T09:04:01.653523
15,7,7,5,0,5,2026-07-15T09:04:02.312460
15,7,8,5,0,5,2026-07-15T09:04:02.695876
15,7,9,5,0,5,2026-07-15T09:04:03.042803
15,7,10,5,0,5,2026-07-15T09:04:03.742992
15,8,1,0,0,0,2026-07-15T09:04:04.327558
15,8,2,0,0,0,2026-07-15T09:04:05.204527
15,8,3,0,0,0,2026-07-15T09:04:06.368304
15,8,4,0,0,0,2026-07-15T09:04:07.017753
15,8,5,0,0,0,2026-07-15T09:04:07.430789
15,8,6,0,0,0,2026-07-15T09:04:08.494850
15,8,7,0,0,0,2026-07-15T09:04:08.865470
15,8,8,0,0,0,2026-07-15T09:04:09.203974
15,8,9,0,0,0,2026-07-15T09:04:09.954316
15,8,10,0,0,0,2026-07-15T09:04:10.543141
15,9,1,5,0,5,2026-07-15T09:04:11.412816
15,9,2,5,0,5,2026-07-15T09:04:11.854146
15,9,3,5,0,5,2026-07-15T09:04:12.420423
15,9,4,5,0,5,2026-07-15T09:04:12.963120
15,9,5,5,0,5,2026-07-15T09:04:14.558734
15,9,6,5,0,5,2026-07-15T09:04:14.974705
15,9,7,5,0,5,2026-07-15T09:04:15.339325
15,9,8,5,0,5,2026-07-15T09:04:15.713151
15,9,9,5,0,5,2026-07-15T09:04:16.487942
15,9,10,5,0,5,2026-07-15T09:04:17.301283
16,1,1,4,0,4,2026-07-15T09:04:17.926500
16,1,2,4,0,4,2026-07-15T09:04:18.379722
16,1,3,4,0,4,2026-07-15T09:04:18.705390
16,1,4,4,1,4,2026-07-15T12:39:52.870948
16,1,5,4,0,4,2026-07-15T09:04:20.693349
16,1,6,4,0,4,2026-07-15T09:04:21.156006
16,1,7,4,0,4,2026-07-15T09:04:22.091502
16,1,8,4,0,4,2026-07-15T09:04:22.512625
16,1,9,4,0,4,2026-07-15T09:04:22.886246
16,1,10,4,0,4,2026-07-15T09:04:23.339755
16,2,1,0,0,0,2026-07-15T09:04:23.980685
16,2,2,0,0,0,2026-07-15T09:04:24.338732
16,2,3,0,0,0,2026-07-15T09:04:24.768133
16,2,4,0,0,0,2026-07-15T09:04:25.111078
16,2,5,0,0,0,2026-07-15T09:04:25.646767
16,2,6,0,0,0,2026-07-15T09:04:26.082426
16,2,7,0,0,0,2026-07-15T09:04:26.799917
16,2,8,0,0,0,2026-07-15T09:04:27.331356
16,2,9,0,0,0,2026-07-15T09:04:27.909503
16,2,10,0,1,0,2026-07-15T12:39:53.832876
16,3,1,4,0,4,2026-07-15T09:04:28.891581
16,3,2,4,0,4,2026-07-15T09:04:29.829021
16,3,3,4,0,4,2026-07-15T09:04:30.422779
16,3,4,4,0,4,2026-07-15T09:04:31.059713
16,3,5,4,0,4,2026-07-15T09:04:32.324850
16,3,6,4,0,4,2026-07-15T09:04:32.791427
16,3,7,4,0,4,2026-07-15T09:04:33.225744
16,3,8,4,0,4,2026-07-15T09:04:33.928071
16,3,9,4,0,4,2026-07-15T09:04:34.689350
16,3,10,4,0,4,2026-07-15T09:04:35.254347
16,4,1,0,0,0,2026-07-15T09:04:35.641285
16,4,2,0,0,0,2026-07-15T09:04:35.979302
16,4,3,0,0,0,2026-07-15T09:04:36.338796
16,4,4,0,0,0,2026-07-15T09:04:36.745485
16,4,5,0,0,0,2026-07-15T09:04:37.925698
16,4,6,0,0,0,2026-07-15T09:04:38.316732
16,4,7,0,0,0,2026-07-15T09:04:38.759490
16,4,8,0,0,0,2026-07-15T09:04:39.314207
16,4,9,0,0,0,2026-07-15T09:04:39.637483
16,4,10,0,0,0,2026-07-15T09:04:39.939009
16,5,1,4,0,4,2026-07-15T09:04:40.953313
16,5,2,4,0,4,2026-07-15T09:04:41.577496
16,5,3,4,0,4,2026-07-15T09:04:42.015686
16,5,4,4,1,4,2026-07-15T12:39:54.267911
16,5,5,4,0,4,2026-07-15T09:04:43.480007
16,5,6,4,0,4,2026-07-15T09:04:44.288816
16,5,7,4,0,4,2026-07-15T09:04:44.865566
16,5,8,4,0,4,2026-07-15T09:04:45.187515
16,5,9,4,0,4,2026-07-15T09:04:46.642810
16,5,10,4,0,4,2026-07-15T09:04:47.192596
16,6,1,0,0,0,2026-07-15T09:04:47.570527
16,6,2,0,0,0,2026-07-15T09:04:47.950286
16,6,3,0,0,0,2026-07-15T09:04:48.306481
16,6,4,0,0,0,2026-07-15T09:04:48.741217
16,6,5,0,0,0,2026-07-15T09:04:49.148722
16,6,6,0,0,0,2026-07-15T09:04:49.737801
16,6,7,0,0,0,2026-07-15T09:04:50.314790
16,6,8,0,0,0,2026-07-15T09:04:50.806191
16,6,9,0,0,0,2026-07-15T09:04:51.176389
16,6,10,0,0,0,2026-07-15T09:04:51.817773
16,7,1,5,0,5,2026-07-15T09:04:52.198677
16,7,2,5,0,5,2026-07-15T09:04:53.721383
16,7,3,5,0,5,2026-07-15T09:04:54.331853
16,7,4,5,0,5,2026-07-15T09:04:54.891084
16,7,5,5,0,5,2026-07-15T09:04:55.599445
16,7,6,5,1,5,2026-07-15T12:39:54.726066
16,7,7,5,0,5,2026-07-15T09:04:57.535569
16,7,8,5,0,5,2026-07-15T09:04:57.971903
16,7,9,5,0,5,2026-07-15T09:04:58.502492
16,7,10,5,1,5,2026-07-15T12:39:55.603985
16,8,1,2,1,2,2026-07-15T12:39:56.069041
16,8,2,2,0,2,2026-07-15T09:05:01.412527
16,8,3,2,0,2,2026-07-15T09:05:02.079591
16,8,4,2,0,2,2026-07-15T09:05:02.436097
16,8,5,2,0,2,2026-07-15T09:05:03.049302
16,8,6,2,0,2,2026-07-15T09:05:03.483822
16,8,7,2,0,2,2026-07-15T09:05:04.055564
16,8,8,4,1,4,2026-07-15T12:39:56.494915
16,8,9,2,0,2,2026-07-15T09:05:05.827741
16,8,10,2,0,2,2026-07-15T09:05:06.158109
16,9,1,5,0,5,2026-07-15T09:05:06.863091
16,9,2,5,1,5,2026-07-15T12:39:57.031333
16,9,3,5,0,5,2026-07-15T09:05:08.676207
16,9,4,5,0,5,2026-07-15T09:05:09.107885
16,9,5,5,0,5,2026-07-15T09:05:09.536988
16,9,6,5,0,5,2026-07-15T09:05:09.887297
16,9,7,5,0,5,2026-07-15T09:05:10.457850
16,9,8,5,0,5,2026-07-15T09:05:11.353132
16,9,9,5,0,5,2026-07-15T09:05:11.781494
16,9,10,5,0,5,2026-07-15T09:05:12.184589
17,1,1,4,0,4,2026-07-15T09:05:12.723374
17,1,2,4,0,4,2026-07-15T09:05:13.315708
17,1,3,4,1,4,2026-07-15T12:39:57.604271
17,1,4,4,0,4,2026-07-15T09:05:15.145946
17,1,5,4,0,4,2026-07-15T09:05:16.305513
17,1,6,4,0,4,2026-07-15T09:05:17.319487
17,1,7,4,0,4,2026-07-15T09:05:17.972378
17,1,8,4,0,4,2026-07-15T09:05:18.831022
17,1,9,4,0,4,2026-07-15T09:05:19.232927
17,1,10,4,0,4,2026-07-15T09:05:19.994009
17,2,1,0,0,0,2026-07-15T09:05:20.555252
17,2,2,0,0,0,2026-07-15T09:05:21.131186
17,2,3,0,0,0,2026-07-15T09:05:21.454651
17,2,4,0,0,0,2026-07-15T09:05:21.779891
17,2,5,0,0,0,2026-07-15T09:05:22.360505
17,2,6,0,0,0,2026-07-15T09:05:23.780826
17,2,7,0,0,0,2026-07-15T09:05:24.402354
17,2,8,0,0,0,2026-07-15T09:05:25.378702
17,2,9,0,0,0,2026-07-15T09:05:25.881075
17,2,10,0,0,0,2026-07-15T09:05:26.207043
17,3,1,4,0,4,2026-07-15T09:05:26.757084
17,3,2,4,0,4,2026-07-15T09:05:27.857188
17,3,3,4,0,4,2026-07-15T09:05:28.528200
17,3,4,4,0,4,2026-07-15T09:05:28.961402
17,3,5,4,0,4,2026-07-15T09:05:29.738013
17,3,6,4,0,4,2026-07-15T09:05:31.071402
17,3,7,4,0,4,2026-07-15T09:05:31.875019
17,3,8,4,0,4,2026-07-15T09:05:32.317609
17,3,9,4,1,4,2026-07-15T12:39:58.579868
17,3,10,4,0,4,2026-07-15T09:05:33.639335
17,4,1,0,0,0,2026-07-15T09:05:34.510210
17,4,2,0,0,0,2026-07-15T09:05:35.066184
17,4,3,0,0,0,2026-07-15T09:05:36.896294
17,4,4,0,0,0,2026-07-15T09:05:37.427389
17,4,5,0,0,0,2026-07-15T09:05:37.988896
17,4,6,0,0,0,2026-07-15T09:05:38.310258
17,4,7,0,0,0,2026-07-15T09:05:39.327838
17,4,8,0,0,0,2026-07-15T09:05:39.828689
17,4,9,0,0,0,2026-07-15T09:05:40.582477
17,4,10,0,0,0,2026-07-15T09:05:41.302667
17,5,1,4,0,4,2026-07-15T09:05:41.667507
17,5,2,5,0,5,2026-07-15T09:05:43.358769
17,5,3,4,0,4,2026-07-15T09:05:43.726461
17,5,4,4,0,4,2026-07-15T09:05:44.710261
17,5,5,4,0,4,2026-07-15T09:05:45.221606
17,5,6,4,0,4,2026-07-15T09:05:45.903716
17,5,7,5,0,5,2026-07-15T09:05:46.593684
17,5,8,5,0,5,2026-07-15T09:05:47.193064
17,5,9,5,0,5,2026-07-15T09:05:47.999092
17,5,10,4,1,4,2026-07-15T12:39:58.908928
17,6,1,0,0,0,2026-07-15T09:05:49.831050
17,6,2,0,0,0,2026-07-15T09:05:50.559181
17,6,3,0,0,0,2026-07-15T09:05:51.646742
17,6,4,0,0,0,2026-07-15T09:05:52.481741
17,6,5,0,0,0,2026-07-15T09:05:52.975249
17,6,6,0,0,0,2026-07-15T09:05:54.044846
17,6,7,0,0,0,2026-07-15T09:05:54.405233
17,6,8,0,0,0,2026-07-15T09:05:54.785962
17,6,9,0,0,0,2026-07-15T09:05:55.523437
17,6,10,0,0,0,2026-07-15T09:05:55.859221
17,7,1,5,1,5,2026-07-15T12:39:59.583841
17,7,2,5,0,5,2026-07-15T09:05:57.620112
17,7,3,5,0,5,2026-07-15T09:05:57.943384
17,7,4,5,0,5,2026-07-15T09:05:58.301172
17,7,5,5,0,5,2026-07-15T09:05:59.227837
17,7,6,5,0,5,2026-07-15T09:05:59.639835
17,7,7,5,0,5,2026-07-15T09:06:00.152941
17,7,8,5,0,5,2026-07-15T09:06:00.505788
17,7,9,5,0,5,2026-07-15T09:06:02.062967
17,7,10,5,0,5,2026-07-15T09:06:02.599899
17,8,1,0,0,0,2026-07-15T09:06:02.988295
17,8,2,0,0,0,2026-07-15T09:06:03.351231
17,8,3,0,0,0,2026-07-15T09:06:05.778609
17,8,4,0,0,0,2026-07-15T09:06:06.740470
17,8,5,0,0,0,2026-07-15T09:06:07.110914
17,8,6,0,0,0,2026-07-15T09:06:08.317316
17,8,7,0,0,0,2026-07-15T09:06:08.713100
17,8,8,0,0,0,2026-07-15T09:06:10.016435
17,8,9,0,0,0,2026-07-15T09:06:10.358561
17,8,10,0,0,0,2026-07-15T09:06:10.748772
17,9,1,5,0,5,2026-07-15T09:06:11.553086
17,9,2,5,0,5,2026-07-15T09:06:12.208983
17,9,3,5,0,5,2026-07-15T09:06:12.866109
17,9,4,5,0,5,2026-07-15T09:06:13.288458
17,9,5,5,0,5,2026-07-15T09:06:14.061628
17,9,6,5,0,5,2026-07-15T09:06:14.732355
17,9,7,5,0,5,2026-07-15T09:06:15.013253
17,9,8,5,0,5,2026-07-15T09:06:15.773252
17,9,9,5,0,5,2026-07-15T09:06:16.456899
17,9,10,5,0,5,2026-07-15T09:06:16.880963
18,1,1,4,0,4,2026-07-15T09:06:17.392858
18,1,2,4,0,4,2026-07-15T09:06:18.265775
18,1,3,4,0,4,2026-07-15T09:06:18.641218
18,1,4,4,1,4,2026-07-15T12:40:00.042871
18,1,5,4,0,4,2026-07-15T09:06:20.691584
18,1,6,4,0,4,2026-07-15T09:06:21.907052
18,1,7,4,1,4,2026-07-15T12:40:00.573648
18,1,8,4,0,4,2026-07-15T09:06:23.586854
18,1,9,4,0,4,2026-07-15T09:06:24.892529
18,1,10,4,0,4,2026-07-15T09:06:25.620738
18,2,1,0,0,0,2026-07-15T09:06:26.031766
18,2,2,0,0,0,2026-07-15T09:06:26.431847
18,2,3,0,0,0,2026-07-15T09:06:26.967042
18,2,4,0,0,0,2026-07-15T09:06:27.474721
18,2,5,0,0,0,2026-07-15T09:06:28.730881
18,2,6,0,0,0,2026-07-15T09:06:29.151412
18,2,7,0,0,0,2026-07-15T09:06:29.700550
18,2,8,0,0,0,2026-07-15T09:06:30.085550
18,2,9,0,0,0,2026-07-15T09:06:30.802123
18,2,10,0,0,0,2026-07-15T09:06:31.320186
18,3,1,3,0,3,2026-07-15T09:06:31.869230
18,3,2,2,0,2,2026-07-15T09:06:32.456627
18,3,3,3,0,3,2026-07-15T09:06:32.814462
18,3,4,3,0,3,2026-07-15T09:06:34.452231
18,3,5,2,0,2,2026-07-15T09:06:35.011846
18,3,6,3,0,3,2026-07-15T09:06:35.583365
18,3,7,3,0,3,2026-07-15T09:06:36.752057
18,3,8,3,0,3,2026-07-15T09:06:37.486175
18,3,9,2,0,2,2026-07-15T09:06:37.835876
18,3,10,2,0,2,2026-07-15T09:06:38.186446
18,4,1,0,0,0,2026-07-15T09:06:39.222022
18,4,2,0,0,0,2026-07-15T09:06:39.999047
18,4,3,0,0,0,2026-07-15T09:06:40.637991
18,4,4,0,0,0,2026-07-15T09:06:41.144858
18,4,5,0,0,0,2026-07-15T09:06:41.649318
18,4,6,0,0,0,2026-07-15T09:06:41.983676
18,4,7,0,0,0,2026-07-15T09:06:42.856630
18,4,8,0,0,0,2026-07-15T09:06:43.343119
18,4,9,0,0,0,2026-07-15T09:06:43.699344
18,4,10,0,0,0,2026-07-15T09:06:44.187594
18,5,1,4,0,4,2026-07-15T09:06:44.602406
18,5,2,4,0,4,2026-07-15T09:06:45.190041
18,5,3,4,0,4,2026-07-15T09:06:45.525800
18,5,4,4,0,4,2026-07-15T09:06:45.875246
18,5,5,4,0,4,2026-07-15T09:06:46.379636
18,5,6,4,0,4,2026-07-15T09:06:47.005911
18,5,7,4,0,4,2026-07-15T09:06:49.664357
18,5,8,4,0,4,2026-07-15T09:06:50.241563
18,5,9,4,0,4,2026-07-15T09:06:50.967097
18,5,10,4,0,4,2026-07-15T09:06:51.374200
18,6,1,0,0,0,2026-07-15T09:06:52.569839
18,6,2,0,0,0,2026-07-15T09:06:53.040101
18,6,3,0,0,0,2026-07-15T09:06:53.665540
18,6,4,0,0,0,2026-07-15T09:06:54.303638
18,6,5,0,0,0,2026-07-15T09:06:54.942640
18,6,6,0,0,0,2026-07-15T09:06:55.592852
18,6,7,0,0,0,2026-07-15T09:06:56.423474
18,6,8,0,0,0,2026-07-15T09:06:56.932641
18,6,9,0,0,0,2026-07-15T09:06:57.271764
18,6,10,0,0,0,2026-07-15T09:06:57.874227
18,7,1,5,0,5,2026-07-15T09:06:58.216474
18,7,2,5,0,5,2026-07-15T09:06:58.707401
18,7,3,5,0,5,2026-07-15T09:06:59.056127
18,7,4,5,0,5,2026-07-15T09:06:59.797677
18,7,5,5,0,5,2026-07-15T09:07:00.220987
18,7,6,5,0,5,2026-07-15T09:07:00.737613
18,7,7,5,0,5,2026-07-15T09:07:01.214995
18,7,8,5,0,5,2026-07-15T09:07:01.703640
18,7,9,5,0,5,2026-07-15T09:07:02.030419
18,7,10,5,0,5,2026-07-15T09:07:02.414741
18,8,1,0,0,0,2026-07-15T09:07:02.829428
18,8,2,0,1,0,2026-07-15T12:40:00.937812
18,8,3,0,0,0,2026-07-15T09:07:04.515902
18,8,4,0,0,0,2026-07-15T09:07:05.146267
18,8,5,0,0,0,2026-07-15T09:07:05.693896
18,8,6,0,0,0,2026-07-15T09:07:06.418248
18,8,7,0,0,0,2026-07-15T09:07:07.206341
18,8,8,0,0,0,2026-07-15T09:07:07.750598
18,8,9,0,0,0,2026-07-15T09:07:08.526058
18,8,10,0,0,0,2026-07-15T09:07:09.449286
18,9,1,5,0,5,2026-07-15T09:07:09.942417
18,9,2,5,0,5,2026-07-15T09:07:10.836937
18,9,3,5,0,5,2026-07-15T09:07:11.223583
18,9,4,5,1,5,2026-07-15T12:40:01.319831
18,9,5,5,0,5,2026-07-15T09:07:12.823909
18,9,6,5,0,5,2026-07-15T09:07:13.380045
18,9,7,5,0,5,2026-07-15T09:07:13.984429
18,9,8,5,0,5,2026-07-15T09:07:14.515355
18,9,9,5,0,5,2026-07-15T09:07:16.436570
18,9,10,5,0,5,2026-07-15T09:07:16.931869
19,1,1,4,0,4,2026-07-15T09:07:17.760911
19,1,2,4,0,4,2026-07-15T09:07:19.074958
19,1,3,4,0,4,2026-07-15T09:07:19.732770
19,1,4,4,0,4,2026-07-15T09:07:20.159742
19,1,5,5,0,5,2026-07-15T09:07:20.548258
19,1,6,5,0,5,2026-07-15T09:07:20.933169
19,1,7,5,0,5,2026-07-15T09:07:21.324718
19,1,8,4,1,4,2026-07-15T12:40:01.858157
19,1,9,4,0,4,2026-07-15T09:07:23.504514
19,1,10,5,0,5,2026-07-15T09:07:24.139191
19,2,1,0,0,0,2026-07-15T09:07:24.588254
19,2,2,0,0,0,2026-07-15T09:07:25.069814
19,2,3,0,0,0,2026-07-15T09:07:25.554798
19,2,4,0,1,0,2026-07-15T12:40:02.203505
19,2,5,0,0,0,2026-07-15T09:07:27.343306
19,2,6,0,1,0,2026-07-15T12:40:02.678212
19,2,7,0,0,0,2026-07-15T09:07:30.321334
19,2,8,0,1,0,2026-07-15T12:40:03.192613
19,2,9,0,0,0,2026-07-15T09:07:32.466919
19,2,10,0,0,0,2026-07-15T09:07:32.924922
19,3,1,4,0,4,2026-07-15T09:07:33.378833
19,3,2,4,0,4,2026-07-15T09:07:33.952304
19,3,3,4,1,4,2026-07-15T12:40:03.699773
19,3,4,4,0,4,2026-07-15T09:07:37.099563
19,3,5,4,0,4,2026-07-15T09:07:38.132501
19,3,6,4,0,4,2026-07-15T09:07:38.519843
19,3,7,4,1,4,2026-07-15T12:40:04.304219
19,3,8,4,0,4,2026-07-15T09:07:39.626537
19,3,9,4,0,4,2026-07-15T09:07:41.025309
19,3,10,4,1,4,2026-07-15T12:40:05.064409
19,4,1,0,0,0,2026-07-15T09:07:43.113805
19,4,2,0,0,0,2026-07-15T09:07:43.466685
19,4,3,0,2,0,2026-07-15T12:47:44.882982
19,4,4,0,0,0,2026-07-15T09:07:45.368334
19,4,5,0,0,0,2026-07-15T09:07:45.740787
19,4,6,0,0,0,2026-07-15T09:07:46.283465
19,4,7,0,0,0,2026-07-15T09:07:47.294132
19,4,8,0,0,0,2026-07-15T09:07:49.210631
19,4,9,0,0,0,2026-07-15T09:07:49.582056
19,4,10,0,1,0,2026-07-15T12:40:06.738977
19,5,1,4,0,4,2026-07-15T09:07:51.340086
19,5,2,4,0,4,2026-07-15T09:07:51.787630
19,5,3,4,0,4,2026-07-15T09:07:52.384126
19,5,4,4,0,4,2026-07-15T09:07:52.825023
19,5,5,4,0,4,2026-07-15T09:07:53.327186
19,5,6,4,0,4,2026-07-15T09:07:53.670519
19,5,7,4,0,4,2026-07-15T09:07:54.055186
19,5,8,4,0,4,2026-07-15T09:07:54.592485
19,5,9,4,1,4,2026-07-15T12:40:07.266099
19,5,10,4,0,4,2026-07-15T09:07:56.602041
19,6,1,0,0,0,2026-07-15T09:07:57.734349
19,6,2,0,0,0,2026-07-15T09:07:58.078728
19,6,3,0,0,0,2026-07-15T09:07:58.625546
19,6,4,0,0,0,2026-07-15T09:07:59.501798
19,6,5,0,0,0,2026-07-15T09:08:00.483521
19,6,6,0,0,0,2026-07-15T09:08:00.833232
19,6,7,0,0,0,2026-07-15T09:08:01.696446
19,6,8,0,0,0,2026-07-15T09:08:02.765851
19,6,9,0,0,0,2026-07-15T09:08:03.080638
19,6,10,0,0,0,2026-07-15T09:08:03.558390
19,7,1,5,0,5,2026-07-15T09:08:04.285742
19,7,2,5,0,5,2026-07-15T09:08:04.968678
19,7,3,5,1,5,2026-07-15T12:40:08.148886
19,7,4,5,0,5,2026-07-15T09:08:06.853075
19,7,5,5,0,5,2026-07-15T09:08:07.912234
19,7,6,5,1,5,2026-07-15T12:40:08.508111
19,7,7,5,0,5,2026-07-15T09:08:09.392106
19,7,8,5,0,5,2026-07-15T09:08:09.924106
19,7,9,5,0,5,2026-07-15T09:08:10.368268
19,7,10,5,0,5,2026-07-15T09:08:10.783573
19,8,1,0,0,0,2026-07-15T09:08:11.328049
19,8,2,0,0,0,2026-07-15T09:08:11.720863
19,8,3,0,0,0,2026-07-15T09:08:12.563286
19,8,4,0,0,0,2026-07-15T09:08:12.932236
19,8,5,0,0,0,2026-07-15T09:08:13.371151
19,8,6,0,0,0,2026-07-15T09:08:14.006780
19,8,7,0,0,0,2026-07-15T09:08:14.436677
19,8,8,0,1,0,2026-07-15T12:40:08.878139
19,8,9,0,0,0,2026-07-15T09:08:16.355410
19,8,10,0,0,0,2026-07-15T09:08:17.057372
19,9,1,5,2,5,2026-07-15T12:47:47.710759
19,9,2,5,0,5,2026-07-15T09:08:19.622374
19,9,3,5,0,5,2026-07-15T09:08:19.956766
19,9,4,5,0,5,2026-07-15T09:08:20.371293
19,9,5,5,0,5,2026-07-15T09:08:21.027819
19,9,6,5,0,5,2026-07-15T09:08:21.422235
19,9,7,5,0,5,2026-07-15T09:08:22.143240
19,9,8,5,0,5,2026-07-15T09:08:22.555426
19,9,9,5,0,5,2026-07-15T09:08:23.057662
19,9,10,5,0,5,2026-07-15T09:08:23.449413
20,1,1,5,0,5,2026-07-15T09:08:24.065369
20,1,2,2,0,2,2026-07-15T09:08:24.446548
20,1,3,2,0,2,2026-07-15T09:08:24.755652
20,1,4,5,0,5,2026-07-15T09:08:25.614372
20,1,5,5,0,5,2026-07-15T09:08:25.989398
20,1,6,5,1,5,2026-07-15T12:40:11.726246
20,1,7,2,0,2,2026-07-15T09:08:26.889834
20,1,8,5,0,5,2026-07-15T09:08:27.418082
20,1,9,2,0,2,2026-07-15T09:08:27.738136
20,1,10,5,0,5,2026-07-15T09:08:28.195740
20,2,1,0,0,0,2026-07-15T09:08:28.563355
20,2,2,0,0,0,2026-07-15T09:08:28.939929
20,2,3,0,0,0,2026-07-15T09:08:29.994642
20,2,4,0,0,0,2026-07-15T09:08:30.325547
20,2,5,0,0,0,2026-07-15T09:08:30.669841
20,2,6,0,0,0,2026-07-15T09:08:31.015170
20,2,7,0,0,0,2026-07-15T09:08:31.772640
20,2,8,0,0,0,2026-07-15T09:08:33.200968
20,2,9,0,0,0,2026-07-15T09:08:33.692393
20,2,10,0,0,0,2026-07-15T09:08:34.039887
20,3,1,2,0,2,2026-07-15T09:08:35.181498
20,3,2,2,0,2,2026-07-15T09:08:35.667556
20,3,3,2,0,2,2026-07-15T09:08:36.011103
20,3,4,2,0,2,2026-07-15T09:08:36.625332
20,3,5,2,0,2,2026-07-15T09:08:37.194465
20,3,6,2,0,2,2026-07-15T09:08:37.624542
20,3,7,2,0,2,2026-07-15T09:08:38.011738
20,3,8,2,0,2,2026-07-15T09:08:38.699886
20,3,9,2,0,2,2026-07-15T09:08:39.062875
20,3,10,2,0,2,2026-07-15T09:08:39.491416
20,4,1,0,0,0,2026-07-15T09:08:39.804634
20,4,2,0,0,0,2026-07-15T09:08:40.239961
20,4,3,0,0,0,2026-07-15T09:08:40.706673
20,4,4,0,0,0,2026-07-15T09:08:41.750191
20,4,5,0,0,0,2026-07-15T09:08:42.608440
20,4,6,0,0,0,2026-07-15T09:08:43.002654
20,4,7,0,0,0,2026-07-15T09:08:43.330255
20,4,8,0,0,0,2026-07-15T09:08:43.649567
20,4,9,0,0,0,2026-07-15T09:08:43.987562
20,4,10,0,0,0,2026-07-15T09:08:44.664029
20,5,1,4,2,4,2026-07-15T12:47:48.288930
20,5,2,4,0,4,2026-07-15T09:08:46.243214
20,5,3,4,0,4,2026-07-15T09:08:47.715479
20,5,4,4,0,4,2026-07-15T09:08:48.415058
20,5,5,4,1,4,2026-07-15T12:40:14.843513
20,5,6,4,0,4,2026-07-15T09:08:49.296737
20,5,7,4,0,4,2026-07-15T09:08:49.748268
20,5,8,2,0,2,2026-07-15T09:08:50.184610
20,5,9,4,0,4,2026-07-15T09:08:50.578351
20,5,10,4,0,4,2026-07-15T09:08:50.955661
20,6,1,0,0,0,2026-07-15T09:08:52.375743
20,6,2,0,0,0,2026-07-15T09:08:52.765799
20,6,3,0,0,0,2026-07-15T09:08:53.291552
20,6,4,0,0,0,2026-07-15T09:08:53.641432
20,6,5,0,0,0,2026-07-15T09:08:54.248430
20,6,6,0,0,0,2026-07-15T09:08:54.597560
20,6,7,0,0,0,2026-07-15T09:08:55.862349
20,6,8,0,0,0,2026-07-15T09:08:56.470306
20,6,9,0,0,0,2026-07-15T09:08:56.816218
20,6,10,0,0,0,2026-07-15T09:08:57.258703
20,7,1,5,0,5,2026-07-15T09:08:57.725427
20,7,2,5,0,5,2026-07-15T09:08:58.142771
20,7,3,5,0,5,2026-07-15T09:08:58.743267
20,7,4,5,0,5,2026-07-15T09:08:59.126289
20,7,5,5,0,5,2026-07-15T09:08:59.580361
20,7,6,5,0,5,2026-07-15T09:09:00.458896
20,7,7,5,0,5,2026-07-15T09:09:00.895274
20,7,8,5,0,5,2026-07-15T09:09:01.229414
20,7,9,5,0,5,2026-07-15T09:09:01.715675
20,7,10,5,0,5,2026-07-15T09:09:02.288632
20,8,1,0,0,0,2026-07-15T09:09:02.644593
20,8,2,0,0,0,2026-07-15T09:09:03.021774
20,8,3,0,0,0,2026-07-15T09:09:03.439354
20,8,4,0,0,0,2026-07-15T09:09:03.849550
20,8,5,0,0,0,2026-07-15T09:09:04.675117
20,8,6,0,0,0,2026-07-15T09:09:06.246624
20,8,7,0,0,0,2026-07-15T09:09:06.778702
20,8,8,0,1,0,2026-07-15T12:40:15.377663
20,8,9,0,0,0,2026-07-15T09:09:08.498258
20,8,10,0,0,0,2026-07-15T09:09:08.996297
20,9,1,4,0,4,2026-07-15T09:09:09.629690
20,9,2,4,0,4,2026-07-15T09:09:10.158871
20,9,3,5,0,5,2026-07-15T09:09:10.599420
20,9,4,5,0,5,2026-07-15T09:09:11.348459
20,9,5,5,0,5,2026-07-15T09:09:11.715038
20,9,6,4,1,4,2026-07-15T12:40:15.945618
20,9,7,5,0,5,2026-07-15T09:09:13.523817
20,9,8,5,0,5,2026-07-15T09:09:14.023195
20,9,9,5,0,5,2026-07-15T09:09:14.443109
20,9,10,5,0,5,2026-07-15T09:09:14.849840
21,1,1,4,0,4,2026-07-15T09:09:15.611749
21,1,2,4,0,4,2026-07-15T09:09:16.179817
21,1,3,4,0,4,2026-07-15T09:09:16.895603
21,1,4,4,0,4,2026-07-15T09:09:17.317491
21,1,5,4,0,4,2026-07-15T09:09:17.653974
21,1,6,4,0,4,2026-07-15T09:09:18.715424
21,1,7,4,0,4,2026-07-15T09:09:19.206693
21,1,8,4,0,4,2026-07-15T09:09:19.560726
21,1,9,4,0,4,2026-07-15T09:09:20.436286
21,1,10,4,0,4,2026-07-15T09:09:20.970517
21,2,1,0,0,0,2026-07-15T09:09:21.380066
21,2,2,0,0,0,2026-07-15T09:09:21.761722
21,2,3,0,0,0,2026-07-15T09:09:22.462280
21,2,4,0,0,0,2026-07-15T09:09:23.175882
21,2,5,0,0,0,2026-07-15T09:09:23.522225
21,2,6,0,0,0,2026-07-15T09:09:24.113331
21,2,7,0,0,0,2026-07-15T09:09:24.537478
21,2,8,0,0,0,2026-07-15T09:09:25.211958
21,2,9,0,0,0,2026-07-15T09:09:26.113754
21,2,10,0,0,0,2026-07-15T09:09:26.468116
21,3,1,4,0,4,2026-07-15T09:09:27.236980
21,3,2,4,0,4,2026-07-15T09:09:27.889214
21,3,3,4,0,4,2026-07-15T09:09:28.359165
21,3,4,4,0,4,2026-07-15T09:09:28.768436
21,3,5,4,0,4,2026-07-15T09:09:29.202427
21,3,6,4,1,4,2026-07-15T12:40:16.554015
21,3,7,4,0,4,2026-07-15T09:09:30.825831
21,3,8,4,1,4,2026-07-15T12:40:17.143713
21,3,9,4,0,4,2026-07-15T09:09:32.612507
21,3,10,4,1,4,2026-07-15T12:40:17.944872
21,4,1,0,0,0,2026-07-15T09:09:34.746099
21,4,2,0,1,0,2026-07-15T12:40:18.663107
21,4,3,0,0,0,2026-07-15T09:09:36.196658
21,4,4,0,0,0,2026-07-15T09:09:37.037401
21,4,5,0,0,0,2026-07-15T09:09:37.431306
21,4,6,0,0,0,2026-07-15T09:09:38.607466
21,4,7,0,0,0,2026-07-15T09:09:39.090245
21,4,8,0,0,0,2026-07-15T09:09:39.819417
21,4,9,0,0,0,2026-07-15T09:09:40.239368
21,4,10,0,0,0,2026-07-15T09:09:40.768795
21,5,1,4,0,4,2026-07-15T09:09:41.428530
21,5,2,4,0,4,2026-07-15T09:09:42.342810
21,5,3,4,0,4,2026-07-15T09:09:42.822209
21,5,4,4,0,4,2026-07-15T09:09:43.689270
21,5,5,4,0,4,2026-07-15T09:09:44.057053
21,5,6,4,0,4,2026-07-15T09:09:44.678916
21,5,7,4,0,4,2026-07-15T09:09:45.160518
21,5,8,4,0,4,2026-07-15T09:09:45.488223
21,5,9,4,0,4,2026-07-15T09:09:45.854102
21,5,10,4,0,4,2026-07-15T09:09:46.556199
21,6,1,0,0,0,2026-07-15T09:09:47.279101
21,6,2,0,0,0,2026-07-15T09:09:47.663971
21,6,3,0,0,0,2026-07-15T09:09:48.037800
21,6,4,0,0,0,2026-07-15T09:09:48.731791
21,6,5,0,0,0,2026-07-15T09:09:49.787909
21,6,6,0,0,0,2026-07-15T09:09:50.190177
21,6,7,0,0,0,2026-07-15T09:09:50.725785
21,6,8,0,0,0,2026-07-15T09:09:51.777398
21,6,9,0,0,0,2026-07-15T09:09:52.120020
21,6,10,0,0,0,2026-07-15T09:09:52.558663
21,7,1,5,0,5,2026-07-15T09:09:53.063589
21,7,2,5,0,5,2026-07-15T09:09:53.538782
21,7,3,5,0,5,2026-07-15T09:09:53.898339
21,7,4,5,0,5,2026-07-15T09:09:55.942183
21,7,5,5,0,5,2026-07-15T09:09:56.278277
21,7,6,4,0,4,2026-07-15T09:09:56.612715
21,7,7,5,0,5,2026-07-15T09:09:57.390610
21,7,8,5,0,5,2026-07-15T09:09:57.921410
21,7,9,5,0,5,2026-07-15T09:09:58.331457
21,7,10,5,0,5,2026-07-15T09:09:58.970540
21,8,1,2,0,2,2026-07-15T09:09:59.403443
21,8,2,0,0,0,2026-07-15T09:10:00.431022
21,8,3,2,0,2,2026-07-15T09:10:01.934946
21,8,4,2,0,2,2026-07-15T09:10:02.294343
21,8,5,0,0,0,2026-07-15T09:10:02.991464
21,8,6,2,0,2,2026-07-15T09:10:04.062909
21,8,7,2,0,2,2026-07-15T09:10:04.461372
21,8,8,2,0,2,2026-07-15T09:10:04.835475
21,8,9,0,0,0,2026-07-15T09:10:05.936824
21,8,10,2,0,2,2026-07-15T09:10:06.261505
21,9,1,5,0,5,2026-07-15T09:10:06.998081
21,9,2,5,0,5,2026-07-15T09:10:07.397493
21,9,3,5,0,5,2026-07-15T09:10:08.179627
21,9,4,5,0,5,2026-07-15T09:10:08.580646
21,9,5,5,0,5,2026-07-15T09:10:09.059395
21,9,6,5,0,5,2026-07-15T09:10:09.417078
21,9,7,5,1,5,2026-07-15T12:40:19.318193
21,9,8,5,0,5,2026-07-15T09:10:10.310834
21,9,9,5,0,5,2026-07-15T09:10:10.698502
21,9,10,5,0,5,2026-07-15T09:10:11.242334
22,1,1,5,0,5,2026-07-15T09:10:11.876298
22,1,2,5,0,5,2026-07-15T09:10:12.581409
22,1,3,5,0,5,2026-07-15T09:10:13.035066
22,1,4,4,1,4,2026-07-15T12:40:20.287067
22,1,5,4,0,4,2026-07-15T09:10:14.927136
22,1,6,5,0,5,2026-07-15T09:10:15.241261
22,1,7,5,0,5,2026-07-15T09:10:15.764230
22,1,8,5,0,5,2026-07-15T09:10:16.485700
22,1,9,5,0,5,2026-07-15T09:10:16.858149
22,1,10,5,0,5,2026-07-15T09:10:17.383287
22,2,1,0,0,0,2026-07-15T09:10:17.761255
22,2,2,0,0,0,2026-07-15T09:10:18.168458
22,2,3,0,0,0,2026-07-15T09:10:18.660548
22,2,4,0,0,0,2026-07-15T09:10:18.983359
22,2,5,0,1,0,2026-07-15T12:40:20.878386
22,2,6,0,0,0,2026-07-15T09:10:20.490905
22,2,7,0,0,0,2026-07-15T09:10:21.274013
22,2,8,0,0,0,2026-07-15T09:10:22.697435
22,2,9,0,0,0,2026-07-15T09:10:23.440651
22,2,10,0,1,0,2026-07-15T12:40:21.316791
22,3,1,2,0,2,2026-07-15T09:10:25.123141
22,3,2,2,0,2,2026-07-15T09:10:25.648041
22,3,3,2,0,2,2026-07-15T09:10:26.366783
22,3,4,2,0,2,2026-07-15T09:10:26.756940
22,3,5,2,0,2,2026-07-15T09:10:27.337244
22,3,6,2,0,2,2026-07-15T09:10:28.052083
22,3,7,2,0,2,2026-07-15T09:10:28.522740
22,3,8,2,0,2,2026-07-15T09:10:28.945513
22,3,9,2,0,2,2026-07-15T09:10:29.303003
22,3,10,2,0,2,2026-07-15T09:10:29.673105
22,4,1,0,0,0,2026-07-15T09:10:30.030530
22,4,2,0,0,0,2026-07-15T09:10:30.879890
22,4,3,0,0,0,2026-07-15T09:10:31.324369
22,4,4,0,0,0,2026-07-15T09:10:32.317601
22,4,5,0,0,0,2026-07-15T09:10:32.657621
22,4,6,0,0,0,2026-07-15T09:10:33.197823
22,4,7,0,0,0,2026-07-15T09:10:33.709570
22,4,8,0,0,0,2026-07-15T09:10:34.055772
22,4,9,0,0,0,2026-07-15T09:10:34.387426
22,4,10,0,0,0,2026-07-15T09:10:34.795309
22,5,1,2,0,2,2026-07-15T09:10:35.102754
22,5,2,4,0,4,2026-07-15T09:10:35.573231
22,5,3,4,0,4,2026-07-15T09:10:36.057718
22,5,4,4,0,4,2026-07-15T09:10:36.435013
22,5,5,4,0,4,2026-07-15T09:10:37.156117
22,5,6,2,0,2,2026-07-15T09:10:37.797528
22,5,7,3,0,3,2026-07-15T09:10:38.279019
22,5,8,4,0,4,2026-07-15T09:10:38.728196
22,5,9,3,0,3,2026-07-15T09:10:39.652269
22,5,10,4,1,4,2026-07-15T12:40:21.853192
22,6,1,0,0,0,2026-07-15T09:10:41.209391
22,6,2,0,0,0,2026-07-15T09:10:41.592584
22,6,3,0,0,0,2026-07-15T09:10:47.028965
22,6,4,0,0,0,2026-07-15T09:10:47.591127
22,6,5,0,0,0,2026-07-15T09:10:48.563823
22,6,6,0,0,0,2026-07-15T09:10:49.071425
22,6,7,0,0,0,2026-07-15T09:10:49.418209
22,6,8,0,0,0,2026-07-15T09:10:49.851245
22,6,9,0,0,0,2026-07-15T09:10:50.313597
22,6,10,0,0,0,2026-07-15T09:10:50.795806
22,7,1,5,0,5,2026-07-15T09:10:51.277730
22,7,2,5,0,5,2026-07-15T09:10:51.993830
22,7,3,5,0,5,2026-07-15T09:10:52.395167
22,7,4,5,0,5,2026-07-15T09:10:53.874826
22,7,5,5,0,5,2026-07-15T09:10:55.236272
22,7,6,5,0,5,2026-07-15T09:10:56.192306
22,7,7,5,0,5,2026-07-15T09:10:56.716121
22,7,8,5,0,5,2026-07-15T09:10:58.248461
22,7,9,5,0,5,2026-07-15T09:10:59.381605
22,7,10,5,0,5,2026-07-15T09:11:00.016521
22,8,1,0,0,0,2026-07-15T09:11:00.399004
22,8,2,0,0,0,2026-07-15T09:11:00.832121
22,8,3,0,0,0,2026-07-15T09:11:01.357985
22,8,4,0,0,0,2026-07-15T09:11:01.821075
22,8,5,0,0,0,2026-07-15T09:11:02.288561
22,8,6,0,0,0,2026-07-15T09:11:02.898531
22,8,7,0,0,0,2026-07-15T09:11:03.481032
22,8,8,0,0,0,2026-07-15T09:11:03.935175
22,8,9,0,0,0,2026-07-15T09:11:04.367064
22,8,10,0,0,0,2026-07-15T09:11:05.161932
22,9,1,5,0,5,2026-07-15T09:11:05.652328
22,9,2,5,0,5,2026-07-15T09:11:06.288212
22,9,3,5,1,5,2026-07-15T12:40:22.653972
22,9,4,5,0,5,2026-07-15T09:11:10.173588
22,9,5,5,0,5,2026-07-15T09:11:10.873006
22,9,6,5,0,5,2026-07-15T09:11:11.387141
22,9,7,5,0,5,2026-07-15T09:11:11.736615
22,9,8,5,0,5,2026-07-15T09:11:12.468056
22,9,9,5,0,5,2026-07-15T09:11:13.396851
22,9,10,5,0,5,2026-07-15T09:11:13.945651
23,1,1,4,0,4,2026-07-15T09:11:14.281067
23,1,2,5,0,5,2026-07-15T09:11:14.665507
23,1,3,5,0,5,2026-07-15T09:11:15.312634
23,1,4,5,0,5,2026-07-15T09:11:15.735851
23,1,5,5,0,5,2026-07-15T09:11:16.092185
23,1,6,5,0,5,2026-07-15T09:11:16.482991
23,1,7,5,0,5,2026-07-15T09:11:16.962783
23,1,8,4,0,4,2026-07-15T09:11:17.698981
23,1,9,5,0,5,2026-07-15T09:11:18.024895
23,1,10,5,0,5,2026-07-15T09:11:18.512439
23,2,1,0,0,0,2026-07-15T09:11:18.966694
23,2,2,0,0,0,2026-07-15T09:11:19.765087
23,2,3,0,0,0,2026-07-15T09:11:20.492336
23,2,4,0,0,0,2026-07-15T09:11:20.935477
23,2,5,0,0,0,2026-07-15T09:11:21.752857
23,2,6,0,0,0,2026-07-15T09:11:22.177566
23,2,7,0,0,0,2026-07-15T09:11:22.870567
23,2,8,0,0,0,2026-07-15T09:11:23.347052
23,2,9,0,0,0,2026-07-15T09:11:24.630693
23,2,10,0,0,0,2026-07-15T09:11:25.191666
23,3,1,4,0,4,2026-07-15T09:11:25.702646
23,3,2,4,0,4,2026-07-15T09:11:26.205069
23,3,3,2,0,2,2026-07-15T09:11:27.024604
23,3,4,2,0,2,2026-07-15T09:11:27.380959
23,3,5,4,0,4,2026-07-15T09:11:27.983815
23,3,6,2,0,2,2026-07-15T09:11:29.442088
23,3,7,2,0,2,2026-07-15T09:11:30.065942
23,3,8,2,0,2,2026-07-15T09:11:31.039386
23,3,9,4,1,4,2026-07-15T12:40:23.089726
23,3,10,4,0,4,2026-07-15T09:11:32.811658
23,4,1,0,0,0,2026-07-15T09:11:33.330769
23,4,2,0,0,0,2026-07-15T09:11:33.773436
23,4,3,0,1,0,2026-07-15T12:40:23.757694
23,4,4,0,0,0,2026-07-15T09:11:35.280038
23,4,5,0,0,0,2026-07-15T09:11:35.641325
23,4,6,0,1,0,2026-07-15T12:40:24.176871
23,4,7,0,0,0,2026-07-15T09:11:37.468741
23,4,8,0,0,0,2026-07-15T09:11:37.974469
23,4,9,0,0,0,2026-07-15T09:11:38.416580
23,4,10,0,0,0,2026-07-15T09:11:39.255833
23,5,1,4,1,4,2026-07-15T12:40:24.771579
23,5,2,4,0,4,2026-07-15T09:11:41.007493
23,5,3,4,1,4,2026-07-15T12:40:25.491849
23,5,4,4,0,4,2026-07-15T09:11:42.715854
23,5,5,4,0,4,2026-07-15T09:11:43.143258
23,5,6,4,0,4,2026-07-15T09:11:43.918234
23,5,7,4,0,4,2026-07-15T09:11:44.550276
23,5,8,4,0,4,2026-07-15T09:11:45.250561
23,5,9,4,0,4,2026-07-15T09:11:46.743792
23,5,10,4,0,4,2026-07-15T09:11:47.132353
23,6,1,0,0,0,2026-07-15T09:11:47.576382
23,6,2,0,0,0,2026-07-15T09:11:47.937129
23,6,3,0,0,0,2026-07-15T09:11:48.917664
23,6,4,0,0,0,2026-07-15T09:11:49.276735
23,6,5,0,0,0,2026-07-15T09:11:51.113560
23,6,6,0,0,0,2026-07-15T09:11:51.774137
23,6,7,0,0,0,2026-07-15T09:11:52.186170
23,6,8,0,0,0,2026-07-15T09:11:52.527433
23,6,9,0,0,0,2026-07-15T09:11:52.831248
23,6,10,0,2,0,2026-07-15T12:47:48.797720
23,7,1,5,0,5,2026-07-15T09:11:54.488404
23,7,2,5,0,5,2026-07-15T09:11:54.873895
23,7,3,5,0,5,2026-07-15T09:11:55.223818
23,7,4,5,0,5,2026-07-15T09:11:55.589474
23,7,5,5,0,5,2026-07-15T09:11:55.920628
23,7,6,5,0,5,2026-07-15T09:11:56.537840
23,7,7,5,0,5,2026-07-15T09:11:56.934678
23,7,8,5,0,5,2026-07-15T09:11:57.516956
23,7,9,5,0,5,2026-07-15T09:11:58.005536
23,7,10,5,0,5,2026-07-15T09:11:58.666732
23,8,1,0,0,0,2026-07-15T09:11:59.029567
23,8,2,0,0,0,2026-07-15T09:11:59.361864
23,8,3,0,1,0,2026-07-15T12:40:27.609134
23,8,4,0,0,0,2026-07-15T09:12:01.016285
23,8,5,0,0,0,2026-07-15T09:12:01.863861
23,8,6,0,0,0,2026-07-15T09:12:02.322535
23,8,7,0,1,0,2026-07-15T12:40:28.020770
23,8,8,0,0,0,2026-07-15T09:12:04.024416
23,8,9,0,0,0,2026-07-15T09:12:04.580885
23,8,10,0,0,0,2026-07-15T09:12:04.945683
23,9,1,5,0,5,2026-07-15T09:12:05.394926
23,9,2,5,0,5,2026-07-15T09:12:06.107962
23,9,3,5,0,5,2026-07-15T09:12:06.469288
23,9,4,5,0,5,2026-07-15T09:12:06.811294
23,9,5,5,0,5,2026-07-15T09:12:07.282091
23,9,6,5,0,5,2026-07-15T09:12:08.229368
23,9,7,5,0,5,2026-07-15T09:12:08.670447
23,9,8,5,0,5,2026-07-15T09:12:09.270738
23,9,9,5,0,5,2026-07-15T09:12:09.794107
23,9,10,5,0,5,2026-07-15T09:12:10.125385
24,1,1,4,0,4,2026-07-15T09:12:10.615308
24,1,2,5,0,5,2026-07-15T09:12:11.155176
24,1,3,4,0,4,2026-07-15T09:12:11.981875
24,1,4,5,0,5,2026-07-15T09:12:12.548902
24,1,5,5,0,5,2026-07-15T09:12:13.414422
24,1,6,5,0,5,2026-07-15T09:12:13.964362
24,1,7,5,0,5,2026-07-15T09:12:14.471765
24,1,8,4,0,4,2026-07-15T09:12:15.134619
24,1,9,4,0,4,2026-07-15T09:12:15.631211
24,1,10,4,0,4,2026-07-15T09:12:15.979463
24,2,1,0,0,0,2026-07-15T09:12:16.510134
24,2,2,0,0,0,2026-07-15T09:12:16.995938
24,2,3,0,0,0,2026-07-15T09:12:17.423845
24,2,4,0,0,0,2026-07-15T09:12:18.119130
24,2,5,0,0,0,2026-07-15T09:12:19.277493
24,2,6,0,0,0,2026-07-15T09:12:19.797794
24,2,7,0,0,0,2026-07-15T09:12:20.211409
24,2,8,0,0,0,2026-07-15T09:12:21.621797
24,2,9,0,0,0,2026-07-15T09:12:22.480932
24,2,10,0,0,0,2026-07-15T09:12:22.872145
24,3,1,4,0,4,2026-07-15T09:12:23.471765
24,3,2,4,0,4,2026-07-15T09:12:24.010853
24,3,3,4,0,4,2026-07-15T09:12:24.459176
24,3,4,4,0,4,2026-07-15T09:12:25.015484
24,3,5,4,0,4,2026-07-15T09:12:25.664463
24,3,6,4,0,4,2026-07-15T09:12:26.109553
24,3,7,4,0,4,2026-07-15T09:12:27.003382
24,3,8,4,0,4,2026-07-15T09:12:27.567340
24,3,9,4,0,4,2026-07-15T09:12:27.940185
24,3,10,4,1,4,2026-07-15T12:40:28.914707
24,4,1,0,0,0,2026-07-15T09:12:29.520619
24,4,2,0,0,0,2026-07-15T09:12:30.554057
24,4,3,0,0,0,2026-07-15T09:12:30.905537
24,4,4,0,0,0,2026-07-15T09:12:31.415386
24,4,5,0,0,0,2026-07-15T09:12:31.777553
24,4,6,0,0,0,2026-07-15T09:12:32.279763
24,4,7,0,0,0,2026-07-15T09:12:32.774855
24,4,8,0,0,0,2026-07-15T09:12:33.324678
24,4,9,0,0,0,2026-07-15T09:12:33.990945
24,4,10,0,0,0,2026-07-15T09:12:34.350557
24,5,1,2,0,2,2026-07-15T09:12:34.955737
24,5,2,4,0,4,2026-07-15T09:12:35.541033
24,5,3,4,0,4,2026-07-15T09:12:36.025171
24,5,4,2,2,2,2026-07-15T12:47:49.702509
24,5,5,4,0,4,2026-07-15T09:12:37.674629
24,5,6,4,0,4,2026-07-15T09:12:38.154014
24,5,7,4,0,4,2026-07-15T09:12:38.579981
24,5,8,4,0,4,2026-07-15T09:12:38.951972
24,5,9,4,0,4,2026-07-15T09:12:39.263779
24,5,10,4,0,4,2026-07-15T09:12:39.848855
24,6,1,0,0,0,2026-07-15T09:12:40.204686
24,6,2,0,0,0,2026-07-15T09:12:40.675938
24,6,3,0,0,0,2026-07-15T09:12:41.015363
24,6,4,0,0,0,2026-07-15T09:12:41.677350
24,6,5,0,0,0,2026-07-15T09:12:42.120389
24,6,6,0,0,0,2026-07-15T09:12:42.547556
24,6,7,0,0,0,2026-07-15T09:12:43.327067
24,6,8,0,0,0,2026-07-15T09:12:44.067727
24,6,9,0,0,0,2026-07-15T09:12:44.586169
24,6,10,0,0,0,2026-07-15T09:12:45.315675
24,7,1,5,1,5,2026-07-15T12:40:30.759434
24,7,2,5,0,5,2026-07-15T09:12:47.304157
24,7,3,5,0,5,2026-07-15T09:12:47.813196
24,7,4,5,0,5,2026-07-15T09:12:48.257353
24,7,5,5,0,5,2026-07-15T09:12:48.658082
24,7,6,5,0,5,2026-07-15T09:12:49.053625
24,7,7,5,0,5,2026-07-15T09:12:49.725159
24,7,8,5,0,5,2026-07-15T09:12:50.194759
24,7,9,5,0,5,2026-07-15T09:12:50.634773
24,7,10,5,1,5,2026-07-15T12:40:32.429570
24,8,1,0,0,0,2026-07-15T09:12:53.232422
24,8,2,0,0,0,2026-07-15T09:12:53.681202
24,8,3,0,0,0,2026-07-15T09:12:54.483237
24,8,4,0,0,0,2026-07-15T09:12:54.810090
24,8,5,0,0,0,2026-07-15T09:12:55.174127
24,8,6,0,0,0,2026-07-15T09:12:55.615342
24,8,7,0,0,0,2026-07-15T09:12:55.956788
24,8,8,0,0,0,2026-07-15T09:12:56.769291
24,8,9,0,0,0,2026-07-15T09:12:57.399897
24,8,10,0,0,0,2026-07-15T09:12:57.720871
24,9,1,5,0,5,2026-07-15T09:12:58.089402
24,9,2,5,0,5,2026-07-15T09:12:58.942862
24,9,3,5,0,5,2026-07-15T09:12:59.260383
24,9,4,5,0,5,2026-07-15T09:12:59.609446
24,9,5,5,0,5,2026-07-15T09:12:59.983759
24,9,6,5,0,5,2026-07-15T09:13:00.332713
24,9,7,5,0,5,2026-07-15T09:13:00.784869
24,9,8,5,0,5,2026-07-15T09:13:01.137072
24,9,9,5,0,5,2026-07-15T09:13:01.651294
24,9,10,5,0,5,2026-07-15T09:13:02.007936
25,1,1,5,0,5,2026-07-15T09:13:02.434295
25,1,2,5,0,5,2026-07-15T09:13:02.793220
25,1,3,5,0,5,2026-07-15T09:13:03.378300
25,1,4,5,0,5,2026-07-15T09:13:03.814410
25,1,5,5,0,5,2026-07-15T09:13:04.128220
25,1,6,5,0,5,2026-07-15T09:13:04.506079
25,1,7,5,0,5,2026-07-15T09:13:05.174803
25,1,8,5,0,5,2026-07-15T09:13:05.556846
25,1,9,5,0,5,2026-07-15T09:13:05.883243
25,1,10,5,0,5,2026-07-15T09:13:06.287313
25,2,1,0,0,0,2026-07-15T09:13:06.633902
25,2,2,0,0,0,2026-07-15T09:13:07.045443
25,2,3,0,0,0,2026-07-15T09:13:07.397596
25,2,4,0,1,0,2026-07-15T12:40:32.815619
25,2,5,0,0,0,2026-07-15T09:13:09.507481
25,2,6,0,0,0,2026-07-15T09:13:10.389625
25,2,7,0,0,0,2026-07-15T09:13:10.838434
25,2,8,0,0,0,2026-07-15T09:13:11.216818
25,2,9,0,0,0,2026-07-15T09:13:11.563430
25,2,10,0,0,0,2026-07-15T09:13:12.084439
25,3,1,4,0,4,2026-07-15T09:13:12.514623
25,3,2,4,0,4,2026-07-15T09:13:12.889391
25,3,3,4,0,4,2026-07-15T09:13:13.421796
25,3,4,4,0,4,2026-07-15T09:13:13.802226
25,3,5,4,0,4,2026-07-15T09:13:14.308715
25,3,6,4,0,4,2026-07-15T09:13:14.824347
25,3,7,4,0,4,2026-07-15T09:13:15.166667
25,3,8,4,0,4,2026-07-15T09:13:15.508989
25,3,9,4,0,4,2026-07-15T09:13:15.944103
25,3,10,4,0,4,2026-07-15T09:13:16.269082
25,4,1,0,0,0,2026-07-15T09:13:16.614357
25,4,2,0,1,0,2026-07-15T12:40:33.304877
25,4,3,0,0,0,2026-07-15T09:13:18.288148
25,4,4,0,1,0,2026-07-15T12:40:33.758319
25,4,5,0,0,0,2026-07-15T09:13:20.686351
25,4,6,0,1,0,2026-07-15T12:40:34.601626
25,4,7,0,0,0,2026-07-15T09:13:22.616553
25,4,8,0,0,0,2026-07-15T09:13:22.959638
25,4,9,0,0,0,2026-07-15T09:13:24.689915
25,4,10,0,0,0,2026-07-15T09:13:25.399022
25,5,1,4,0,4,2026-07-15T09:13:25.982928
25,5,2,4,1,4,2026-07-15T12:40:35.028274
25,5,3,4,0,4,2026-07-15T09:13:27.665624
25,5,4,4,0,4,2026-07-15T09:13:28.042176
25,5,5,4,0,4,2026-07-15T09:13:28.821906
25,5,6,4,0,4,2026-07-15T09:13:29.551837
25,5,7,4,0,4,2026-07-15T09:13:29.989412
25,5,8,4,0,4,2026-07-15T09:13:30.384805
25,5,9,4,0,4,2026-07-15T09:13:30.846461
25,5,10,4,0,4,2026-07-15T09:13:31.221068
25,6,1,0,0,0,2026-07-15T09:13:31.691513
25,6,2,0,0,0,2026-07-15T09:13:32.428454
25,6,3,0,0,0,2026-07-15T09:13:32.755106
25,6,4,0,0,0,2026-07-15T09:13:33.448044
25,6,5,0,0,0,2026-07-15T09:13:34.282503
25,6,6,0,0,0,2026-07-15T09:13:34.600504
25,6,7,0,0,0,2026-07-15T09:13:34.924075
25,6,8,0,0,0,2026-07-15T09:13:35.351035
25,6,9,0,0,0,2026-07-15T09:13:35.842304
25,6,10,0,0,0,2026-07-15T09:13:36.431580
25,7,1,5,0,5,2026-07-15T09:13:36.849296
25,7,2,5,0,5,2026-07-15T09:13:38.743064
25,7,3,5,0,5,2026-07-15T09:13:39.128866
25,7,4,5,0,5,2026-07-15T09:13:39.635053
25,7,5,5,0,5,2026-07-15T09:13:40.023695
25,7,6,5,0,5,2026-07-15T09:13:40.443822
25,7,7,5,0,5,2026-07-15T09:13:40.807452
25,7,8,5,0,5,2026-07-15T09:13:41.478939
25,7,9,5,1,5,2026-07-15T12:40:35.625779
25,7,10,5,0,5,2026-07-15T09:13:42.807243
25,8,1,0,0,0,2026-07-15T09:13:43.799025
25,8,2,0,0,0,2026-07-15T09:13:44.264222
25,8,3,0,0,0,2026-07-15T09:13:44.998216
25,8,4,0,0,0,2026-07-15T09:13:45.838805
25,8,5,0,0,0,2026-07-15T09:13:46.708632
25,8,6,0,1,0,2026-07-15T12:40:36.352029
25,8,7,0,0,0,2026-07-15T09:13:49.727724
25,8,8,0,0,0,2026-07-15T09:13:50.230158
25,8,9,0,0,0,2026-07-15T09:13:50.580761
25,8,10,0,0,0,2026-07-15T09:13:51.510659
25,9,1,5,0,5,2026-07-15T09:13:51.847333
25,9,2,5,0,5,2026-07-15T09:13:52.203785
25,9,3,5,0,5,2026-07-15T09:13:52.616885
25,9,4,5,0,5,2026-07-15T09:13:52.963506
25,9,5,5,0,5,2026-07-15T09:13:53.290262
25,9,6,5,0,5,2026-07-15T09:13:54.122312
25,9,7,5,0,5,2026-07-15T09:13:55.615293
25,9,8,5,0,5,2026-07-15T09:13:55.963543
25,9,9,5,0,5,2026-07-15T09:13:56.460243
25,9,10,5,0,5,2026-07-15T09:13:57.006416
26,1,1,5,0,5,2026-07-15T09:13:57.492714
26,1,2,4,0,4,2026-07-15T09:13:58.234241
26,1,3,5,0,5,2026-07-15T09:13:58.762432
26,1,4,5,0,5,2026-07-15T09:13:59.512100
26,1,5,5,0,5,2026-07-15T09:13:59.857471
26,1,6,5,0,5,2026-07-15T09:14:01.180625
26,1,7,4,0,4,2026-07-15T09:14:01.588382
26,1,8,5,0,5,2026-07-15T09:14:01.937268
26,1,9,4,0,4,2026-07-15T09:14:02.390100
26,1,10,4,1,4,2026-07-15T12:40:37.190011
26,2,1,0,0,0,2026-07-15T09:14:03.952612
26,2,2,0,0,0,2026-07-15T09:14:04.431901
26,2,3,0,1,0,2026-07-15T12:40:37.701445
26,2,4,0,0,0,2026-07-15T09:14:06.132283
26,2,5,0,0,0,2026-07-15T09:14:06.490258
26,2,6,0,0,0,2026-07-15T09:14:06.925851
26,2,7,0,0,0,2026-07-15T09:14:07.245025
26,2,8,0,0,0,2026-07-15T09:14:07.655105
26,2,9,0,0,0,2026-07-15T09:14:08.414397
26,2,10,0,0,0,2026-07-15T09:14:08.951377
26,3,1,4,0,4,2026-07-15T09:14:10.600863
26,3,2,4,0,4,2026-07-15T09:14:11.022285
26,3,3,3,0,3,2026-07-15T09:14:11.861085
26,3,4,3,0,3,2026-07-15T09:14:12.252351
26,3,5,3,0,3,2026-07-15T09:14:12.578541
26,3,6,3,0,3,2026-07-15T09:14:13.112540
26,3,7,4,0,4,2026-07-15T09:14:13.500419
26,3,8,4,0,4,2026-07-15T09:14:13.989951
26,3,9,3,0,3,2026-07-15T09:14:14.742138
26,3,10,4,0,4,2026-07-15T09:14:15.595207
26,4,1,0,0,0,2026-07-15T09:14:16.364011
26,4,2,0,0,0,2026-07-15T09:14:16.924828
26,4,3,0,1,0,2026-07-15T12:40:38.480372
26,4,4,0,0,0,2026-07-15T09:14:19.195993
26,4,5,0,0,0,2026-07-15T09:14:19.722885
26,4,6,0,0,0,2026-07-15T09:14:20.488668
26,4,7,0,0,0,2026-07-15T09:14:20.826717
26,4,8,0,0,0,2026-07-15T09:14:21.319079
26,4,9,0,0,0,2026-07-15T09:14:22.287973
26,4,10,0,0,0,2026-07-15T09:14:22.863319
26,5,1,2,0,2,2026-07-15T09:14:23.347638
26,5,2,2,0,2,2026-07-15T09:14:23.845458
26,5,3,2,0,2,2026-07-15T09:14:24.535351
26,5,4,2,0,2,2026-07-15T09:14:25.014065
26,5,5,2,0,2,2026-07-15T09:14:25.380386
26,5,6,2,0,2,2026-07-15T09:14:25.683972
26,5,7,2,0,2,2026-07-15T09:14:26.045730
26,5,8,2,0,2,2026-07-15T09:14:26.560625
26,5,9,2,0,2,2026-07-15T09:14:26.891528
26,5,10,4,0,4,2026-07-15T09:14:27.897012
26,6,1,0,0,0,2026-07-15T09:14:28.281432
26,6,2,0,0,0,2026-07-15T09:14:28.623705
26,6,3,0,0,0,2026-07-15T09:14:29.409386
26,6,4,0,0,0,2026-07-15T09:14:30.080967
26,6,5,0,2,0,2026-07-15T12:47:50.383078
26,6,6,0,0,0,2026-07-15T09:14:31.879457
26,6,7,0,0,0,2026-07-15T09:14:33.334235
26,6,8,0,0,0,2026-07-15T09:14:33.702753
26,6,9,0,0,0,2026-07-15T09:14:34.029744
26,6,10,0,0,0,2026-07-15T09:14:34.373875
26,7,1,5,0,5,2026-07-15T09:14:34.866358
26,7,2,5,0,5,2026-07-15T09:14:35.422158
26,7,3,5,0,5,2026-07-15T09:14:35.916934
26,7,4,5,0,5,2026-07-15T09:14:36.562455
26,7,5,5,0,5,2026-07-15T09:14:36.918253
26,7,6,5,0,5,2026-07-15T09:14:38.576588
26,7,7,5,0,5,2026-07-15T09:14:39.147921
26,7,8,5,0,5,2026-07-15T09:14:39.677430
26,7,9,5,0,5,2026-07-15T09:14:40.105138
26,7,10,5,0,5,2026-07-15T09:14:40.846447
26,8,1,0,0,0,2026-07-15T09:14:41.756719
26,8,2,0,0,0,2026-07-15T09:14:42.172866
26,8,3,0,0,0,2026-07-15T09:14:43.262794
26,8,4,0,0,0,2026-07-15T09:14:43.743089
26,8,5,0,0,0,2026-07-15T09:14:44.159013
26,8,6,0,0,0,2026-07-15T09:14:44.699153
26,8,7,0,1,0,2026-07-15T12:40:40.213794
26,8,8,0,0,0,2026-07-15T09:14:46.618259
26,8,9,0,0,0,2026-07-15T09:14:47.066875
26,8,10,0,1,0,2026-07-15T12:40:40.676309
26,9,1,5,0,5,2026-07-15T09:14:48.762011
26,9,2,5,0,5,2026-07-15T09:14:49.317599
26,9,3,5,0,5,2026-07-15T09:14:49.896517
26,9,4,5,0,5,2026-07-15T09:14:50.447375
26,9,5,5,0,5,2026-07-15T09:14:50.922357
26,9,6,5,0,5,2026-07-15T09:14:51.424325
26,9,7,5,0,5,2026-07-15T09:14:51.898505
26,9,8,5,0,5,2026-07-15T09:14:52.492097
26,9,9,5,0,5,2026-07-15T09:14:52.971958
26,9,10,5,0,5,2026-07-15T09:14:53.840191
27,1,1,4,0,4,2026-07-15T09:14:54.524966
27,1,2,4,0,4,2026-07-15T09:14:55.093043
27,1,3,4,0,4,2026-07-15T09:14:55.594819
27,1,4,4,0,4,2026-07-15T09:14:56.146403
27,1,5,4,1,4,2026-07-15T12:40:41.281192
27,1,6,4,0,4,2026-07-15T09:14:57.864777
27,1,7,4,0,4,2026-07-15T09:14:58.275918
27,1,8,4,0,4,2026-07-15T09:14:58.864002
27,1,9,4,0,4,2026-07-15T09:14:59.254752
27,1,10,4,0,4,2026-07-15T09:14:59.766007
27,2,1,0,0,0,2026-07-15T09:15:00.940190
27,2,2,0,0,0,2026-07-15T09:15:01.590762
27,2,3,0,0,0,2026-07-15T09:15:02.937782
27,2,4,0,0,0,2026-07-15T09:15:03.423279
27,2,5,0,0,0,2026-07-15T09:15:03.876234
27,2,6,0,0,0,2026-07-15T09:15:05.284898
27,2,7,0,0,0,2026-07-15T09:15:07.031661
27,2,8,0,0,0,2026-07-15T09:15:07.567876
27,2,9,0,0,0,2026-07-15T09:15:07.963708
27,2,10,0,0,0,2026-07-15T09:15:08.512805
27,3,1,2,0,2,2026-07-15T09:15:08.862310
27,3,2,2,0,2,2026-07-15T09:15:09.400596
27,3,3,2,0,2,2026-07-15T09:15:10.094890
27,3,4,2,0,2,2026-07-15T09:15:10.505386
27,3,5,2,0,2,2026-07-15T09:15:10.892927
27,3,6,2,0,2,2026-07-15T09:15:11.212843
27,3,7,2,0,2,2026-07-15T09:15:11.811217
27,3,8,2,0,2,2026-07-15T09:15:12.198524
27,3,9,2,0,2,2026-07-15T09:15:12.519161
27,3,10,2,0,2,2026-07-15T09:15:13.097650
27,4,1,0,0,0,2026-07-15T09:15:13.626825
27,4,2,0,0,0,2026-07-15T09:15:14.104209
27,4,3,0,0,0,2026-07-15T09:15:14.555209
27,4,4,0,0,0,2026-07-15T09:15:15.017159
27,4,5,0,0,0,2026-07-15T09:15:15.740178
27,4,6,0,0,0,2026-07-15T09:15:16.065993
27,4,7,0,0,0,2026-07-15T09:15:16.513103
27,4,8,0,0,0,2026-07-15T09:15:17.051794
27,4,9,0,0,0,2026-07-15T09:15:17.667319
27,4,10,0,0,0,2026-07-15T09:15:18.355633
27,5,1,4,0,4,2026-07-15T09:15:20.966558
27,5,2,2,0,2,2026-07-15T09:15:21.428452
27,5,3,2,0,2,2026-07-15T09:15:21.993342
27,5,4,4,0,4,2026-07-15T09:15:22.332278
27,5,5,4,0,4,2026-07-15T09:15:22.964517
27,5,6,4,0,4,2026-07-15T09:15:23.318985
27,5,7,2,0,2,2026-07-15T09:15:23.668974
27,5,8,2,0,2,2026-07-15T09:15:24.402363
27,5,9,2,0,2,2026-07-15T09:15:24.851340
27,5,10,4,0,4,2026-07-15T09:15:25.625738
27,6,1,0,1,0,2026-07-15T12:40:41.797899
27,6,2,0,0,0,2026-07-15T09:15:27.229218
27,6,3,0,0,0,2026-07-15T09:15:27.787209
27,6,4,0,0,0,2026-07-15T09:15:28.322263
27,6,5,0,0,0,2026-07-15T09:15:29.381834
27,6,6,0,0,0,2026-07-15T09:15:29.883356
27,6,7,0,0,0,2026-07-15T09:15:30.378132
27,6,8,0,0,0,2026-07-15T09:15:31.080499
27,6,9,0,0,0,2026-07-15T09:15:31.414578
27,6,10,0,0,0,2026-07-15T09:15:32.076402
27,7,1,5,0,5,2026-07-15T09:15:32.534609
27,7,2,5,0,5,2026-07-15T09:15:33.182207
27,7,3,5,1,5,2026-07-15T12:40:42.353082
27,7,4,5,0,5,2026-07-15T09:15:35.827836
27,7,5,5,0,5,2026-07-15T09:15:36.288476
27,7,6,5,0,5,2026-07-15T09:15:37.066170
27,7,7,5,0,5,2026-07-15T09:15:37.466317
27,7,8,5,0,5,2026-07-15T09:15:38.238701
27,7,9,5,0,5,2026-07-15T09:15:39.001172
27,7,10,5,0,5,2026-07-15T09:15:39.347661
27,8,1,0,0,0,2026-07-15T09:15:40.064180
27,8,2,0,0,0,2026-07-15T09:15:40.476686
27,8,3,0,0,0,2026-07-15T09:15:40.754447
27,8,4,0,0,0,2026-07-15T09:15:41.297207
27,8,5,0,0,0,2026-07-15T09:15:41.652062
27,8,6,0,0,0,2026-07-15T09:15:42.300717
27,8,7,0,0,0,2026-07-15T09:15:42.637831
27,8,8,0,0,0,2026-07-15T09:15:42.999267
27,8,9,0,0,0,2026-07-15T09:15:43.417720
27,8,10,0,0,0,2026-07-15T09:15:44.847779
27,9,1,5,0,5,2026-07-15T09:15:45.220040
27,9,2,5,1,5,2026-07-15T12:40:42.803406
27,9,3,5,0,5,2026-07-15T09:15:46.260867
27,9,4,4,1,4,2026-07-15T12:40:43.341519
27,9,5,5,0,5,2026-07-15T09:15:48.969766
27,9,6,5,0,5,2026-07-15T09:15:50.226031
27,9,7,5,1,5,2026-07-15T12:40:44.063812
27,9,8,5,0,5,2026-07-15T09:15:53.749337
27,9,9,4,2,4,2026-07-15T12:47:50.822635
27,9,10,5,0,5,2026-07-15T09:15:55.268303
28,1,1,4,0,4,2026-07-15T09:15:55.964108
28,1,2,4,0,4,2026-07-15T09:15:56.506168
28,1,3,4,0,4,2026-07-15T09:16:03.004405
28,1,4,4,0,4,2026-07-15T09:16:03.370733
28,1,5,4,0,4,2026-07-15T09:16:03.709150
28,1,6,4,0,4,2026-07-15T09:16:04.108759
28,1,7,4,0,4,2026-07-15T09:16:04.515354
28,1,8,4,0,4,2026-07-15T09:16:05.232082
28,1,9,4,0,4,2026-07-15T09:16:05.939210
28,1,10,4,0,4,2026-07-15T09:16:06.396522
28,2,1,0,0,0,2026-07-15T09:16:06.789573
28,2,2,0,0,0,2026-07-15T09:16:07.513808
28,2,3,0,0,0,2026-07-15T09:16:08.023596
28,2,4,0,0,0,2026-07-15T09:16:08.328001
28,2,5,0,0,0,2026-07-15T09:16:10.035412
28,2,6,0,0,0,2026-07-15T09:16:10.351469
28,2,7,0,0,0,2026-07-15T09:16:11.053514
28,2,8,0,0,0,2026-07-15T09:16:11.552663
28,2,9,0,0,0,2026-07-15T09:16:12.451198
28,2,10,0,0,0,2026-07-15T09:16:12.811378
28,3,1,2,0,2,2026-07-15T09:16:13.138935
28,3,2,4,0,4,2026-07-15T09:16:14.431597
28,3,3,4,0,4,2026-07-15T09:16:14.893450
28,3,4,2,0,2,2026-07-15T09:16:15.533401
28,3,5,4,0,4,2026-07-15T09:16:15.949236
28,3,6,4,0,4,2026-07-15T09:16:16.396053
28,3,7,4,0,4,2026-07-15T09:16:17.117946
28,3,8,4,0,4,2026-07-15T09:16:17.988383
28,3,9,2,1,2,2026-07-15T12:40:45.878381
28,3,10,4,0,4,2026-07-15T09:16:19.500707
28,4,1,0,0,0,2026-07-15T09:16:20.114881
28,4,2,0,0,0,2026-07-15T09:16:20.487791
28,4,3,0,0,0,2026-07-15T09:16:20.916207
28,4,4,0,0,0,2026-07-15T09:16:21.307866
28,4,5,0,0,0,2026-07-15T09:16:21.722562
28,4,6,0,0,0,2026-07-15T09:16:22.037056
28,4,7,0,0,0,2026-07-15T09:16:22.768933
28,4,8,0,0,0,2026-07-15T09:16:23.132703
28,4,9,0,0,0,2026-07-15T09:16:23.623976
28,4,10,0,0,0,2026-07-15T09:16:23.982389
28,5,1,2,0,2,2026-07-15T09:16:24.408846
28,5,2,2,0,2,2026-07-15T09:16:25.032037
28,5,3,2,0,2,2026-07-15T09:16:25.600038
28,5,4,2,0,2,2026-07-15T09:16:26.399995
28,5,5,2,1,2,2026-07-15T12:40:47.061683
28,5,6,2,1,2,2026-07-15T12:40:47.542648
28,5,7,2,0,2,2026-07-15T09:16:29.510295
28,5,8,2,0,2,2026-07-15T09:16:31.104315
28,5,9,2,0,2,2026-07-15T09:16:31.689503
28,5,10,2,0,2,2026-07-15T09:16:32.075218
28,6,1,0,0,0,2026-07-15T09:16:32.457700
28,6,2,0,0,0,2026-07-15T09:16:32.800254
28,6,3,0,1,0,2026-07-15T12:40:48.872387
28,6,4,0,1,0,2026-07-15T12:40:49.579276
28,6,5,0,0,0,2026-07-15T09:16:34.569731
28,6,6,0,0,0,2026-07-15T09:16:34.913127
28,6,7,0,0,0,2026-07-15T09:16:35.583408
28,6,8,0,0,0,2026-07-15T09:16:36.241631
28,6,9,0,0,0,2026-07-15T09:16:36.559656
28,6,10,0,0,0,2026-07-15T09:16:37.078029
28,7,1,4,0,4,2026-07-15T09:16:37.600787
28,7,2,4,1,4,2026-07-15T12:40:50.122201
28,7,3,4,0,4,2026-07-15T09:16:39.906446
28,7,4,4,1,4,2026-07-15T12:40:50.519805
28,7,5,4,0,4,2026-07-15T09:16:41.398766
28,7,6,4,0,4,2026-07-15T09:16:42.234808
28,7,7,4,0,4,2026-07-15T09:16:42.633117
28,7,8,4,0,4,2026-07-15T09:16:43.415961
28,7,9,4,0,4,2026-07-15T09:16:44.348436
28,7,10,4,0,4,2026-07-15T09:16:44.847979
28,8,1,4,0,4,2026-07-15T09:16:45.436719
28,8,2,4,0,4,2026-07-15T09:16:46.027809
28,8,3,4,0,4,2026-07-15T09:16:46.476709
28,8,4,4,1,4,2026-07-15T12:40:51.282221
28,8,5,4,0,4,2026-07-15T09:16:48.436990
28,8,6,4,0,4,2026-07-15T09:16:48.755152
28,8,7,4,0,4,2026-07-15T09:16:49.210577
28,8,8,4,0,4,2026-07-15T09:16:49.684363
28,8,9,4,0,4,2026-07-15T09:16:52.082447
28,8,10,4,0,4,2026-07-15T09:16:52.859681
28,9,1,5,0,5,2026-07-15T09:16:53.223313
28,9,2,5,0,5,2026-07-15T09:16:54.230567
28,9,3,5,0,5,2026-07-15T09:16:54.922588
28,9,4,5,0,5,2026-07-15T09:16:55.569700
28,9,5,5,0,5,2026-07-15T09:16:56.671571
28,9,6,5,0,5,2026-07-15T09:16:57.371227
28,9,7,5,0,5,2026-07-15T09:16:57.990463
28,9,8,5,0,5,2026-07-15T09:16:59.339648
28,9,9,5,0,5,2026-07-15T09:16:59.710584
28,9,10,5,1,5,2026-07-15T12:40:51.810721
29,1,1,4,0,4,2026-07-15T09:17:02.498423
29,1,2,4,0,4,2026-07-15T09:17:03.012581
29,1,3,4,0,4,2026-07-15T09:17:04.205832
29,1,4,4,0,4,2026-07-15T09:17:04.669536
29,1,5,4,0,4,2026-07-15T09:17:05.086257
29,1,6,4,0,4,2026-07-15T09:17:05.957351
29,1,7,4,0,4,2026-07-15T09:17:06.452183
29,1,8,4,0,4,2026-07-15T09:17:07.519336
29,1,9,4,0,4,2026-07-15T09:17:07.849966
29,1,10,4,0,4,2026-07-15T09:17:09.210212
29,2,1,0,0,0,2026-07-15T09:17:09.763655
29,2,2,0,0,0,2026-07-15T09:17:10.079934
29,2,3,0,0,0,2026-07-15T09:17:10.548451
29,2,4,0,0,0,2026-07-15T09:17:11.128506
29,2,5,0,0,0,2026-07-15T09:17:11.646807
29,2,6,0,0,0,2026-07-15T09:17:12.376299
29,2,7,0,0,0,2026-07-15T09:17:12.685885
29,2,8,0,0,0,2026-07-15T09:17:13.332556
29,2,9,0,0,0,2026-07-15T09:17:14.422484
29,2,10,0,0,0,2026-07-15T09:17:14.705478
29,3,1,3,0,3,2026-07-15T09:17:16.223726
29,3,2,2,0,2,2026-07-15T09:17:16.931617
29,3,3,3,0,3,2026-07-15T09:17:17.279156
29,3,4,3,0,3,2026-07-15T09:17:18.036543
29,3,5,3,0,3,2026-07-15T09:17:19.350728
29,3,6,3,0,3,2026-07-15T09:17:19.867216
29,3,7,3,0,3,2026-07-15T09:17:20.222837
29,3,8,3,0,3,2026-07-15T09:17:20.600610
29,3,9,3,0,3,2026-07-15T09:17:21.005407
29,3,10,2,1,2,2026-07-15T12:40:52.743522
29,4,1,0,0,0,2026-07-15T09:17:22.518426
29,4,2,0,0,0,2026-07-15T09:17:22.944524
29,4,3,0,0,0,2026-07-15T09:17:23.621684
29,4,4,0,0,0,2026-07-15T09:17:24.119829
29,4,5,0,0,0,2026-07-15T09:17:25.204173
29,4,6,0,0,0,2026-07-15T09:17:26.137236
29,4,7,0,0,0,2026-07-15T09:17:26.605687
29,4,8,0,0,0,2026-07-15T09:17:27.592161
29,4,9,0,0,0,2026-07-15T09:17:28.014493
29,4,10,0,0,0,2026-07-15T09:17:28.627021
29,5,1,4,0,4,2026-07-15T09:17:29.151771
29,5,2,4,0,4,2026-07-15T09:17:29.677551
29,5,3,4,0,4,2026-07-15T09:17:30.471972
29,5,4,4,0,4,2026-07-15T09:17:32.078576
29,5,5,4,0,4,2026-07-15T09:17:32.538711
29,5,6,4,0,4,2026-07-15T09:17:33.186150
29,5,7,4,0,4,2026-07-15T09:17:33.637913
29,5,8,4,0,4,2026-07-15T09:17:34.344903
29,5,9,4,0,4,2026-07-15T09:17:34.898349
29,5,10,4,0,4,2026-07-15T09:17:35.742533
29,6,1,0,0,0,2026-07-15T09:17:36.605491
29,6,2,0,0,0,2026-07-15T09:17:38.833393
29,6,3,0,0,0,2026-07-15T09:17:39.683219
29,6,4,0,0,0,2026-07-15T09:17:40.086719
29,6,5,0,0,0,2026-07-15T09:17:40.629076
29,6,6,0,0,0,2026-07-15T09:17:41.561940
29,6,7,0,0,0,2026-07-15T09:17:42.260389
29,6,8,0,0,0,2026-07-15T09:17:42.720082
29,6,9,0,0,0,2026-07-15T09:17:43.053147
29,6,10,0,0,0,2026-07-15T09:17:43.535327
29,7,1,5,0,5,2026-07-15T09:17:43.952281
29,7,2,5,0,5,2026-07-15T09:17:44.308396
29,7,3,5,0,5,2026-07-15T09:17:45.291225
29,7,4,5,0,5,2026-07-15T09:17:45.711893
29,7,5,5,0,5,2026-07-15T09:17:46.478847
29,7,6,5,0,5,2026-07-15T09:17:46.837862
29,7,7,5,0,5,2026-07-15T09:17:47.210512
29,7,8,5,0,5,2026-07-15T09:17:47.612803
29,7,9,5,0,5,2026-07-15T09:17:48.474402
29,7,10,5,0,5,2026-07-15T09:17:48.836276
29,8,1,0,0,0,2026-07-15T09:17:49.912007
29,8,2,0,0,0,2026-07-15T09:17:50.359238
29,8,3,0,0,0,2026-07-15T09:17:51.272519
29,8,4,0,0,0,2026-07-15T09:17:51.625678
29,8,5,0,0,0,2026-07-15T09:17:51.965357
29,8,6,0,1,0,2026-07-15T12:40:53.149755
29,8,7,0,0,0,2026-07-15T09:17:53.705556
29,8,8,0,0,0,2026-07-15T09:17:56.235752
29,8,9,0,0,0,2026-07-15T09:17:56.673765
29,8,10,0,0,0,2026-07-15T09:17:57.654379
29,9,1,5,0,5,2026-07-15T09:17:58.032472
29,9,2,5,0,5,2026-07-15T09:17:58.401724
29,9,3,5,0,5,2026-07-15T09:17:58.836378
29,9,4,5,0,5,2026-07-15T09:17:59.201789
29,9,5,5,0,5,2026-07-15T09:17:59.775948
29,9,6,5,0,5,2026-07-15T09:18:00.758378
29,9,7,5,0,5,2026-07-15T09:18:01.237558
29,9,8,5,0,5,2026-07-15T09:18:02.291890
29,9,9,5,0,5,2026-07-15T09:18:02.643469
29,9,10,5,0,5,2026-07-15T09:18:03.046108
30,1,1,5,0,5,2026-07-15T09:18:03.437568
30,1,2,5,0,5,2026-07-15T09:18:04.934706
30,1,3,5,0,5,2026-07-15T09:18:05.605073
30,1,4,5,0,5,2026-07-15T09:18:06.051636
30,1,5,5,0,5,2026-07-15T09:18:06.539335
30,1,6,5,0,5,2026-07-15T09:18:06.867593
30,1,7,5,0,5,2026-07-15T09:18:07.336237
30,1,8,5,1,5,2026-07-15T12:40:53.545275
30,1,9,4,0,4,2026-07-15T09:18:08.853986
30,1,10,5,0,5,2026-07-15T09:18:14.279599
30,2,1,0,0,0,2026-07-15T09:18:15.028736
30,2,2,0,0,0,2026-07-15T09:18:15.468835
30,2,3,0,0,0,2026-07-15T09:18:15.831261
30,2,4,0,0,0,2026-07-15T09:18:16.267178
30,2,5,0,0,0,2026-07-15T09:18:16.613856
30,2,6,0,0,0,2026-07-15T09:18:17.167358
30,2,7,0,0,0,2026-07-15T09:18:17.678169
30,2,8,0,0,0,2026-07-15T09:18:18.025450
30,2,9,0,0,0,2026-07-15T09:18:18.349486
30,2,10,0,0,0,2026-07-15T09:18:18.651902
30,3,1,2,0,2,2026-07-15T09:18:20.093803
30,3,2,0,0,0,2026-07-15T09:18:21.172054
30,3,3,2,0,2,2026-07-15T09:18:21.567350
30,3,4,2,0,2,2026-07-15T09:18:22.052815
30,3,5,2,0,2,2026-07-15T09:18:22.584883
30,3,6,0,0,0,2026-07-15T09:18:23.323774
30,3,7,2,0,2,2026-07-15T09:18:24.796203
30,3,8,2,0,2,2026-07-15T09:18:25.154871
30,3,9,0,0,0,2026-07-15T09:18:26.089112
30,3,10,2,0,2,2026-07-15T09:18:26.515391
30,4,1,0,0,0,2026-07-15T09:18:26.953495
30,4,2,0,0,0,2026-07-15T09:18:27.441152
30,4,3,0,0,0,2026-07-15T09:18:27.792327
30,4,4,0,0,0,2026-07-15T09:18:28.410615
30,4,5,0,0,0,2026-07-15T09:18:28.916976
30,4,6,0,1,0,2026-07-15T12:40:54.237504
30,4,7,0,0,0,2026-07-15T09:18:30.685031
30,4,8,0,0,0,2026-07-15T09:18:31.004792
30,4,9,0,0,0,2026-07-15T09:18:32.034452
30,4,10,0,0,0,2026-07-15T09:18:32.868501
30,5,1,4,1,4,2026-07-15T12:40:54.881616
30,5,2,4,0,4,2026-07-15T09:18:35.424581
30,5,3,5,0,5,2026-07-15T09:18:35.963787
30,5,4,5,0,5,2026-07-15T09:18:36.636070
30,5,5,5,0,5,2026-07-15T09:18:37.434597
30,5,6,5,0,5,2026-07-15T09:18:37.810074
30,5,7,5,0,5,2026-07-15T09:18:38.208930
30,5,8,4,0,4,2026-07-15T09:18:38.564995
30,5,9,5,0,5,2026-07-15T09:18:39.995456
30,5,10,5,0,5,2026-07-15T09:18:40.376961
30,6,1,0,0,0,2026-07-15T09:18:41.350301
30,6,2,0,0,0,2026-07-15T09:18:41.781684
30,6,3,0,0,0,2026-07-15T09:18:42.137778
30,6,4,0,0,0,2026-07-15T09:18:42.499517
30,6,5,0,0,0,2026-07-15T09:18:42.960737
30,6,6,0,0,0,2026-07-15T09:18:43.703518
30,6,7,0,0,0,2026-07-15T09:18:44.409367
30,6,8,0,0,0,2026-07-15T09:18:44.888881
30,6,9,0,0,0,2026-07-15T09:18:45.923209
30,6,10,0,0,0,2026-07-15T09:18:46.664324
30,7,1,5,0,5,2026-07-15T09:18:47.125824
30,7,2,5,0,5,2026-07-15T09:18:47.463438
30,7,3,5,0,5,2026-07-15T09:18:48.246151
30,7,4,5,0,5,2026-07-15T09:18:48.612726
30,7,5,5,0,5,2026-07-15T09:18:49.973217
30,7,6,5,0,5,2026-07-15T09:18:50.697045
30,7,7,5,0,5,2026-07-15T09:18:51.597043
30,7,8,5,0,5,2026-07-15T09:18:52.330725
30,7,9,5,0,5,2026-07-15T09:18:52.666041
30,7,10,5,0,5,2026-07-15T09:18:53.088156
30,8,1,0,0,0,2026-07-15T09:18:53.669227
30,8,2,0,0,0,2026-07-15T09:18:54.145259
30,8,3,0,0,0,2026-07-15T09:18:54.795015
30,8,4,0,0,0,2026-07-15T09:18:55.127480
30,8,5,0,0,0,2026-07-15T09:18:55.644492
30,8,6,0,0,0,2026-07-15T09:18:56.110381
30,8,7,0,0,0,2026-07-15T09:18:56.673352
30,8,8,0,0,0,2026-07-15T09:18:57.046498
30,8,9,0,0,0,2026-07-15T09:18:57.369891
30,8,10,0,0,0,2026-07-15T09:18:57.849053
30,9,1,5,0,5,2026-07-15T09:18:58.538576
30,9,2,5,0,5,2026-07-15T09:18:59.581460
30,9,3,5,0,5,2026-07-15T09:18:59.966239
30,9,4,5,0,5,2026-07-15T09:19:00.576125
30,9,5,5,0,5,2026-07-15T09:19:01.167189
30,9,6,5,0,5,2026-07-15T09:19:01.935998
30,9,7,5,0,5,2026-07-15T09:19:02.445987
30,9,8,5,0,5,2026-07-15T09:19:02.791904
30,9,9,5,0,5,2026-07-15T09:19:03.272963
30,9,10,5,0,5,2026-07-15T09:19:03.696993
31,1,1,4,0,4,2026-07-15T09:19:04.150350
31,1,2,4,0,4,2026-07-15T09:19:04.678125
31,1,3,4,0,4,2026-07-15T09:19:06.303794
31,1,4,4,0,4,2026-07-15T09:19:06.662190
31,1,5,4,0,4,2026-07-15T09:19:07.057410
31,1,6,4,0,4,2026-07-15T09:19:07.406931
31,1,7,4,0,4,2026-07-15T09:19:08.854188
31,1,8,4,1,4,2026-07-15T12:40:55.328426
31,1,9,4,0,4,2026-07-15T09:19:10.384739
31,1,10,4,0,4,2026-07-15T09:19:10.779307
31,2,1,0,0,0,2026-07-15T09:19:11.382693
31,2,2,0,0,0,2026-07-15T09:19:11.820379
31,2,3,0,0,0,2026-07-15T09:19:12.307439
31,2,4,0,0,0,2026-07-15T09:19:12.831588
31,2,5,0,0,0,2026-07-15T09:19:14.100342
31,2,6,0,0,0,2026-07-15T09:19:14.448960
31,2,7,0,0,0,2026-07-15T09:19:15.782861
31,2,8,0,0,0,2026-07-15T09:19:16.382320
31,2,9,0,0,0,2026-07-15T09:19:16.724556
31,2,10,0,0,0,2026-07-15T09:19:17.408116
31,3,1,4,0,4,2026-07-15T09:19:17.872188
31,3,2,4,0,4,2026-07-15T09:19:19.384442
31,3,3,4,0,4,2026-07-15T09:19:20.798456
31,3,4,4,0,4,2026-07-15T09:19:21.243900
31,3,5,4,0,4,2026-07-15T09:19:21.630297
31,3,6,4,0,4,2026-07-15T09:19:22.000422
31,3,7,4,0,4,2026-07-15T09:19:24.297202
31,3,8,4,0,4,2026-07-15T09:19:24.715224
31,3,9,4,0,4,2026-07-15T09:19:25.076790
31,3,10,4,0,4,2026-07-15T09:19:25.600896
31,4,1,0,0,0,2026-07-15T09:19:25.969160
31,4,2,0,1,0,2026-07-15T12:40:56.425384
31,4,3,0,0,0,2026-07-15T09:19:27.460277
31,4,4,0,0,0,2026-07-15T09:19:28.059825
31,4,5,0,0,0,2026-07-15T09:19:28.728442
31,4,6,0,0,0,2026-07-15T09:19:29.029475
31,4,7,0,0,0,2026-07-15T09:19:29.704356
31,4,8,0,0,0,2026-07-15T09:19:30.287804
31,4,9,0,0,0,2026-07-15T09:19:31.018582
31,4,10,0,0,0,2026-07-15T09:19:31.324620
31,5,1,4,1,4,2026-07-15T12:40:57.114843
31,5,2,4,0,4,2026-07-15T09:19:32.797796
31,5,3,4,0,4,2026-07-15T09:19:33.341083
31,5,4,4,0,4,2026-07-15T09:19:33.884710
31,5,5,4,0,4,2026-07-15T09:19:34.609672
31,5,6,4,0,4,2026-07-15T09:19:35.235848
31,5,7,4,0,4,2026-07-15T09:19:35.868899
31,5,8,4,0,4,2026-07-15T09:19:36.260300
31,5,9,4,0,4,2026-07-15T09:19:36.690956
31,5,10,4,0,4,2026-07-15T09:19:37.093976
31,6,1,0,0,0,2026-07-15T09:19:38.743921
31,6,2,0,1,0,2026-07-15T12:40:57.791701
31,6,3,0,0,0,2026-07-15T09:19:40.495496
31,6,4,0,0,0,2026-07-15T09:19:40.873464
31,6,5,0,0,0,2026-07-15T09:19:41.448402
31,6,6,0,0,0,2026-07-15T09:19:41.966293
31,6,7,0,0,0,2026-07-15T09:19:42.375118
31,6,8,0,0,0,2026-07-15T09:19:43.220951
31,6,9,0,0,0,2026-07-15T09:19:43.614914
31,6,10,0,0,0,2026-07-15T09:19:43.963315
31,7,1,5,0,5,2026-07-15T09:19:44.264737
31,7,2,5,0,5,2026-07-15T09:19:45.587236
31,7,3,5,0,5,2026-07-15T09:19:46.045640
31,7,4,5,0,5,2026-07-15T09:19:46.773848
31,7,5,5,0,5,2026-07-15T09:19:47.107449
31,7,6,5,0,5,2026-07-15T09:19:47.597558
31,7,7,5,0,5,2026-07-15T09:19:48.157138
31,7,8,5,0,5,2026-07-15T09:19:49.218668
31,7,9,5,0,5,2026-07-15T09:19:50.026769
31,7,10,5,0,5,2026-07-15T09:19:50.606577
31,8,1,0,0,0,2026-07-15T09:19:50.926368
31,8,2,0,0,0,2026-07-15T09:19:51.308255
31,8,3,0,0,0,2026-07-15T09:19:52.076374
31,8,4,2,0,2,2026-07-15T09:19:52.547597
31,8,5,0,1,0,2026-07-15T12:40:58.178054
31,8,6,0,0,0,2026-07-15T09:19:54.199097
31,8,7,0,0,0,2026-07-15T09:19:54.882112
31,8,8,0,0,0,2026-07-15T09:19:55.260533
31,8,9,0,0,0,2026-07-15T09:19:55.595984
31,8,10,0,0,0,2026-07-15T09:19:55.919385
31,9,1,5,1,5,2026-07-15T12:40:58.788532
31,9,2,5,0,5,2026-07-15T09:19:57.387930
31,9,3,5,0,5,2026-07-15T09:19:57.730048
31,9,4,5,0,5,2026-07-15T09:19:58.064428
31,9,5,5,0,5,2026-07-15T09:19:58.487871
31,9,6,5,0,5,2026-07-15T09:19:59.276716
31,9,7,5,0,5,2026-07-15T09:20:00.095449
31,9,8,5,0,5,2026-07-15T09:20:00.771171
31,9,9,5,0,5,2026-07-15T09:20:01.440309
31,9,10,5,0,5,2026-07-15T09:20:02.141820
32,1,1,4,1,4,2026-07-15T12:40:59.403261
32,1,2,4,0,4,2026-07-15T09:20:04.364510
32,1,3,4,0,4,2026-07-15T09:20:05.080549
32,1,4,4,0,4,2026-07-15T09:20:05.815589
32,1,5,4,0,4,2026-07-15T09:20:06.328840
32,1,6,4,0,4,2026-07-15T09:20:06.753099
32,1,7,4,0,4,2026-07-15T09:20:07.568877
32,1,8,4,0,4,2026-07-15T09:20:08.451617
32,1,9,4,0,4,2026-07-15T09:20:09.334894
32,1,10,4,0,4,2026-07-15T09:20:09.696369
32,2,1,0,0,0,2026-07-15T09:20:10.156476
32,2,2,0,2,0,2026-07-15T12:47:51.416659
32,2,3,0,0,0,2026-07-15T09:20:12.431754
32,2,4,0,0,0,2026-07-15T09:20:12.892585
32,2,5,0,0,0,2026-07-15T09:20:13.683511
32,2,6,0,0,0,2026-07-15T09:20:14.923735
32,2,7,0,0,0,2026-07-15T09:20:15.527843
32,2,8,0,0,0,2026-07-15T09:20:16.091446
32,2,9,0,0,0,2026-07-15T09:20:16.443373
32,2,10,0,0,0,2026-07-15T09:20:16.872776
32,3,1,4,0,4,2026-07-15T09:20:17.708884
32,3,2,4,0,4,2026-07-15T09:20:18.140324
32,3,3,4,0,4,2026-07-15T09:20:18.497483
32,3,4,4,0,4,2026-07-15T09:20:18.947947
32,3,5,4,0,4,2026-07-15T09:20:19.240120
32,3,6,4,0,4,2026-07-15T09:20:19.948988
32,3,7,4,0,4,2026-07-15T09:20:20.934354
32,3,8,4,0,4,2026-07-15T09:20:21.250086
32,3,9,4,0,4,2026-07-15T09:20:21.747044
32,3,10,4,0,4,2026-07-15T09:20:22.482035
32,4,1,0,0,0,2026-07-15T09:20:22.874937
32,4,2,0,0,0,2026-07-15T09:20:23.294755
32,4,3,0,0,0,2026-07-15T09:20:23.609397
32,4,4,0,0,0,2026-07-15T09:20:24.061222
32,4,5,0,0,0,2026-07-15T09:20:24.387940
32,4,6,0,0,0,2026-07-15T09:20:25.240134
32,4,7,0,1,0,2026-07-15T12:41:01.664376
32,4,8,0,0,0,2026-07-15T09:20:26.928482
32,4,9,0,0,0,2026-07-15T09:20:28.010878
32,4,10,0,0,0,2026-07-15T09:20:28.753670
32,5,1,4,0,4,2026-07-15T09:20:29.206952
32,5,2,4,0,4,2026-07-15T09:20:29.542403
32,5,3,4,0,4,2026-07-15T09:20:30.186935
32,5,4,4,0,4,2026-07-15T09:20:30.638021
32,5,5,4,1,4,2026-07-15T12:41:02.189743
32,5,6,4,0,4,2026-07-15T09:20:31.436018
32,5,7,4,0,4,2026-07-15T09:20:31.778331
32,5,8,4,0,4,2026-07-15T09:20:32.408113
32,5,9,4,0,4,2026-07-15T09:20:33.354933
32,5,10,4,0,4,2026-07-15T09:20:33.839412
32,6,1,0,0,0,2026-07-15T09:20:34.395902
32,6,2,0,0,0,2026-07-15T09:20:34.803965
32,6,3,0,0,0,2026-07-15T09:20:35.163183
32,6,4,0,0,0,2026-07-15T09:20:35.508702
32,6,5,0,0,0,2026-07-15T09:20:36.366366
32,6,6,0,1,0,2026-07-15T12:41:02.622047
32,6,7,0,0,0,2026-07-15T09:20:38.274332
32,6,8,0,0,0,2026-07-15T09:20:38.608832
32,6,9,0,0,0,2026-07-15T09:20:38.946407
32,6,10,0,0,0,2026-07-15T09:20:39.280842
32,7,1,5,1,5,2026-07-15T12:41:02.966361
32,7,2,5,0,5,2026-07-15T09:20:41.021893
32,7,3,5,1,5,2026-07-15T12:41:03.432318
32,7,4,5,0,5,2026-07-15T09:20:43.012798
32,7,5,5,0,5,2026-07-15T09:20:43.566144
32,7,6,5,0,5,2026-07-15T09:20:44.056740
32,7,7,5,0,5,2026-07-15T09:20:44.383727
32,7,8,5,2,5,2026-07-15T12:47:52.369777
32,7,9,5,0,5,2026-07-15T09:20:45.830928
32,7,10,5,0,5,2026-07-15T09:20:46.502197
32,8,1,0,0,0,2026-07-15T09:20:46.833449
32,8,2,4,0,4,2026-07-15T09:20:47.225173
32,8,3,0,0,0,2026-07-15T09:20:47.613240
32,8,4,4,0,4,2026-07-15T09:20:48.195639
32,8,5,0,0,0,2026-07-15T09:20:48.708659
32,8,6,4,0,4,2026-07-15T09:20:49.346409
32,8,7,4,0,4,2026-07-15T09:20:49.676710
32,8,8,4,0,4,2026-07-15T09:20:50.832588
32,8,9,4,0,4,2026-07-15T09:20:51.348700
32,8,10,0,0,0,2026-07-15T09:20:52.133256
32,9,1,5,0,5,2026-07-15T09:20:52.767285
32,9,2,5,0,5,2026-07-15T09:20:53.095070
32,9,3,5,0,5,2026-07-15T09:20:53.583179
32,9,4,5,0,5,2026-07-15T09:20:54.936914
32,9,5,5,0,5,2026-07-15T09:20:55.540910
32,9,6,5,0,5,2026-07-15T09:20:56.028380
32,9,7,5,0,5,2026-07-15T09:20:58.004881
32,9,8,5,1,5,2026-07-15T12:41:05.329480
32,9,9,5,0,5,2026-07-15T09:20:59.854066
32,9,10,5,0,5,2026-07-15T09:21:00.519063
33,1,1,4,0,4,2026-07-15T09:21:01.259096
33,1,2,4,0,4,2026-07-15T09:21:02.262842
33,1,3,4,0,4,2026-07-15T09:21:02.671618
33,1,4,4,0,4,2026-07-15T09:21:03.258401
33,1,5,4,0,4,2026-07-15T09:21:03.789379
33,1,6,4,0,4,2026-07-15T09:21:04.588264
33,1,7,4,0,4,2026-07-15T09:21:05.484711
33,1,8,4,0,4,2026-07-15T09:21:06.051337
33,1,9,4,0,4,2026-07-15T09:21:06.766867
33,1,10,4,0,4,2026-07-15T09:21:07.249516
33,2,1,0,0,0,2026-07-15T09:21:07.644421
33,2,2,0,0,0,2026-07-15T09:21:08.687083
33,2,3,0,0,0,2026-07-15T09:21:09.037118
33,2,4,0,0,0,2026-07-15T09:21:09.696680
33,2,5,0,0,0,2026-07-15T09:21:10.123458
33,2,6,0,0,0,2026-07-15T09:21:10.914422
33,2,7,0,0,0,2026-07-15T09:21:11.251949
33,2,8,0,1,0,2026-07-15T12:41:06.046166
33,2,9,0,0,0,2026-07-15T09:21:12.874932
33,2,10,0,0,0,2026-07-15T09:21:13.213255
33,3,1,4,0,4,2026-07-15T09:21:13.512730
33,3,2,4,0,4,2026-07-15T09:21:13.872413
33,3,3,4,0,4,2026-07-15T09:21:15.112262
33,3,4,4,0,4,2026-07-15T09:21:15.670616
33,3,5,4,0,4,2026-07-15T09:21:16.171944
33,3,6,4,0,4,2026-07-15T09:21:16.669826
33,3,7,4,0,4,2026-07-15T09:21:17.348342
33,3,8,4,0,4,2026-07-15T09:21:18.073543
33,3,9,4,0,4,2026-07-15T09:21:18.590628
33,3,10,4,1,4,2026-07-15T12:41:06.646851
33,4,1,0,0,0,2026-07-15T09:21:20.339080
33,4,2,0,0,0,2026-07-15T09:21:21.499757
33,4,3,0,0,0,2026-07-15T09:21:21.867250
33,4,4,0,0,0,2026-07-15T09:21:22.215272
33,4,5,0,0,0,2026-07-15T09:21:23.090182
33,4,6,0,0,0,2026-07-15T09:21:23.417123
33,4,7,0,0,0,2026-07-15T09:21:24.087940
33,4,8,0,0,0,2026-07-15T09:21:24.521958
33,4,9,0,0,0,2026-07-15T09:21:25.112828
33,4,10,0,0,0,2026-07-15T09:21:25.484308
33,5,1,4,0,4,2026-07-15T09:21:25.942614
33,5,2,4,0,4,2026-07-15T09:21:26.327942
33,5,3,4,0,4,2026-07-15T09:21:26.742970
33,5,4,4,0,4,2026-07-15T09:21:27.282577
33,5,5,4,0,4,2026-07-15T09:21:27.742192
33,5,6,4,0,4,2026-07-15T09:21:28.330618
33,5,7,4,0,4,2026-07-15T09:21:30.558392
33,5,8,4,0,4,2026-07-15T09:21:30.889996
33,5,9,4,0,4,2026-07-15T09:21:31.335899
33,5,10,4,0,4,2026-07-15T09:21:31.791050
33,6,1,0,0,0,2026-07-15T09:21:32.270602
33,6,2,0,0,0,2026-07-15T09:21:33.245345
33,6,3,0,0,0,2026-07-15T09:21:33.789809
33,6,4,0,0,0,2026-07-15T09:21:34.153536
33,6,5,0,0,0,2026-07-15T09:21:34.554691
33,6,6,0,0,0,2026-07-15T09:21:35.256064
33,6,7,0,0,0,2026-07-15T09:21:35.662698
33,6,8,0,0,0,2026-07-15T09:21:35.988466
33,6,9,0,0,0,2026-07-15T09:21:36.506665
33,6,10,0,0,0,2026-07-15T09:21:37.756606
33,7,1,5,0,5,2026-07-15T09:21:38.143869
33,7,2,4,0,4,2026-07-15T09:21:38.496436
33,7,3,5,0,5,2026-07-15T09:21:38.829059
33,7,4,4,0,4,2026-07-15T09:21:39.587231
33,7,5,4,0,4,2026-07-15T09:21:40.080532
33,7,6,5,0,5,2026-07-15T09:21:40.472131
33,7,7,4,0,4,2026-07-15T09:21:40.818788
33,7,8,5,0,5,2026-07-15T09:21:41.206712
33,7,9,4,0,4,2026-07-15T09:21:41.650935
33,7,10,5,0,5,2026-07-15T09:21:42.069093
33,8,1,0,0,0,2026-07-15T09:21:42.537523
33,8,2,0,0,0,2026-07-15T09:21:42.899454
33,8,3,0,0,0,2026-07-15T09:21:43.356911
33,8,4,2,0,2,2026-07-15T09:21:43.727188
33,8,5,0,0,0,2026-07-15T09:21:44.351237
33,8,6,2,0,2,2026-07-15T09:21:44.823916
33,8,7,2,0,2,2026-07-15T09:21:45.279320
33,8,8,2,0,2,2026-07-15T09:21:47.957677
33,8,9,2,0,2,2026-07-15T09:21:48.401246
33,8,10,2,0,2,2026-07-15T09:21:50.219077
33,9,1,5,0,5,2026-07-15T09:21:50.766040
33,9,2,5,0,5,2026-07-15T09:21:51.476164
33,9,3,5,0,5,2026-07-15T09:21:52.148240
33,9,4,5,0,5,2026-07-15T09:21:52.624340
33,9,5,5,0,5,2026-07-15T09:21:53.104347
33,9,6,5,0,5,2026-07-15T09:21:53.728503
33,9,7,5,0,5,2026-07-15T09:21:54.424343
33,9,8,5,0,5,2026-07-15T09:21:54.984229
33,9,9,5,0,5,2026-07-15T09:21:55.306778
33,9,10,5,0,5,2026-07-15T09:21:55.864736
34,1,1,4,0,4,2026-07-15T09:21:56.382034
34,1,2,4,0,4,2026-07-15T09:21:56.774080
34,1,3,4,0,4,2026-07-15T09:21:57.115697
34,1,4,4,0,4,2026-07-15T09:21:57.947315
34,1,5,4,0,4,2026-07-15T09:21:58.476412
34,1,6,5,0,5,2026-07-15T09:21:58.982199
34,1,7,4,0,4,2026-07-15T09:21:59.576245
34,1,8,5,0,5,2026-07-15T09:21:59.940497
34,1,9,5,0,5,2026-07-15T09:22:00.290108
34,1,10,4,0,4,2026-07-15T09:22:00.589663
34,2,1,0,0,0,2026-07-15T09:22:01.395848
34,2,2,0,0,0,2026-07-15T09:22:01.827467
34,2,3,0,0,0,2026-07-15T09:22:02.921467
34,2,4,0,0,0,2026-07-15T09:22:03.279348
34,2,5,0,0,0,2026-07-15T09:22:03.717221
34,2,6,0,0,0,2026-07-15T09:22:04.156443
34,2,7,0,0,0,2026-07-15T09:22:05.071154
34,2,8,0,1,0,2026-07-15T12:41:08.387022
34,2,9,0,0,0,2026-07-15T09:22:06.896625
34,2,10,0,0,0,2026-07-15T09:22:07.488306
34,3,1,2,0,2,2026-07-15T09:22:08.267211
34,3,2,2,1,2,2026-07-15T12:41:09.101141
34,3,3,2,0,2,2026-07-15T09:22:10.077327
34,3,4,2,0,2,2026-07-15T09:22:10.740036
34,3,5,4,0,4,2026-07-15T09:22:12.627703
34,3,6,2,0,2,2026-07-15T09:22:13.810940
34,3,7,2,0,2,2026-07-15T09:22:14.337336
34,3,8,2,0,2,2026-07-15T09:22:14.706585
34,3,9,2,0,2,2026-07-15T09:22:15.165303
34,3,10,2,0,2,2026-07-15T09:22:15.514997
34,4,1,0,0,0,2026-07-15T09:22:15.910678
34,4,2,0,0,0,2026-07-15T09:22:16.885080
34,4,3,0,0,0,2026-07-15T09:22:17.446066
34,4,4,0,0,0,2026-07-15T09:22:18.351611
34,4,5,0,0,0,2026-07-15T09:22:18.816342
34,4,6,0,0,0,2026-07-15T09:22:19.332553
34,4,7,0,0,0,2026-07-15T09:22:20.089329
34,4,8,0,0,0,2026-07-15T09:22:20.889060
34,4,9,0,0,0,2026-07-15T09:22:21.535578
34,4,10,0,0,0,2026-07-15T09:22:22.139585
34,5,1,5,0,5,2026-07-15T09:22:22.624194
34,5,2,4,0,4,2026-07-15T09:22:23.614965
34,5,3,4,0,4,2026-07-15T09:22:24.434176
34,5,4,5,0,5,2026-07-15T09:22:24.769212
34,5,5,5,0,5,2026-07-15T09:22:25.238674
34,5,6,4,0,4,2026-07-15T09:22:25.584832
34,5,7,5,1,5,2026-07-15T12:41:09.894264
34,5,8,4,0,4,2026-07-15T09:22:27.574354
34,5,9,4,0,4,2026-07-15T09:22:28.080275
34,5,10,4,0,4,2026-07-15T09:22:28.550176
34,6,1,0,0,0,2026-07-15T09:22:28.870814
34,6,2,0,0,0,2026-07-15T09:22:29.393941
34,6,3,0,0,0,2026-07-15T09:22:29.769152
34,6,4,0,0,0,2026-07-15T09:22:30.284775
34,6,5,0,0,0,2026-07-15T09:22:30.622809
34,6,6,0,0,0,2026-07-15T09:22:31.350067
34,6,7,0,0,0,2026-07-15T09:22:31.957225
34,6,8,0,1,0,2026-07-15T12:41:10.579349
34,6,9,0,0,0,2026-07-15T09:22:33.897249
34,6,10,0,0,0,2026-07-15T09:22:34.428922
34,7,1,5,0,5,2026-07-15T09:22:34.763638
34,7,2,5,0,5,2026-07-15T09:22:35.189033
34,7,3,5,0,5,2026-07-15T09:22:36.017203
34,7,4,5,0,5,2026-07-15T09:22:37.688407
34,7,5,5,1,5,2026-07-15T12:41:11.005932
34,7,6,5,0,5,2026-07-15T09:22:40.514307
34,7,7,5,0,5,2026-07-15T09:22:40.837990
34,7,8,5,0,5,2026-07-15T09:22:41.156442
34,7,9,5,0,5,2026-07-15T09:22:41.491140
34,7,10,5,0,5,2026-07-15T09:22:41.870700
34,8,1,0,0,0,2026-07-15T09:22:42.339524
34,8,2,0,0,0,2026-07-15T09:22:42.695499
34,8,3,0,0,0,2026-07-15T09:22:43.238755
34,8,4,0,0,0,2026-07-15T09:22:43.871346
34,8,5,0,0,0,2026-07-15T09:22:44.240107
34,8,6,0,0,0,2026-07-15T09:22:44.593932
34,8,7,0,1,0,2026-07-15T12:41:12.242286
34,8,8,0,0,0,2026-07-15T09:22:46.095180
34,8,9,0,0,0,2026-07-15T09:22:46.623342
34,8,10,0,0,0,2026-07-15T09:22:46.995866
34,9,1,5,1,5,2026-07-15T12:41:12.696610
34,9,2,5,0,5,2026-07-15T09:22:49.218011
34,9,3,5,0,5,2026-07-15T09:22:49.703872
34,9,4,5,0,5,2026-07-15T09:22:51.265688
34,9,5,5,0,5,2026-07-15T09:22:51.964928
34,9,6,5,0,5,2026-07-15T09:22:52.482377
34,9,7,5,0,5,2026-07-15T09:22:52.830722
34,9,8,5,0,5,2026-07-15T09:22:53.258238
34,9,9,5,0,5,2026-07-15T09:22:55.752294
34,9,10,5,0,5,2026-07-15T09:22:56.126042
35,1,1,4,0,4,2026-07-15T09:22:56.702403
35,1,2,4,0,4,2026-07-15T09:22:57.304400
35,1,3,2,0,2,2026-07-15T09:22:57.688430
35,1,4,2,0,2,2026-07-15T09:22:58.068877
35,1,5,4,0,4,2026-07-15T09:22:58.490997
35,1,6,4,0,4,2026-07-15T09:22:58.834021
35,1,7,4,0,4,2026-07-15T09:22:59.227185
35,1,8,4,0,4,2026-07-15T09:22:59.542938
35,1,9,2,0,2,2026-07-15T09:23:00.114093
35,1,10,4,0,4,2026-07-15T09:23:00.493753
35,2,1,0,0,0,2026-07-15T09:23:00.835610
35,2,2,0,0,0,2026-07-15T09:23:01.473388
35,2,3,0,0,0,2026-07-15T09:23:02.905135
35,2,4,0,0,0,2026-07-15T09:23:04.107368
35,2,5,0,0,0,2026-07-15T09:23:04.840125
35,2,6,0,0,0,2026-07-15T09:23:05.342972
35,2,7,0,1,0,2026-07-15T12:41:13.225222
35,2,8,0,0,0,2026-07-15T09:23:06.442261
35,2,9,0,0,0,2026-07-15T09:23:07.213481
35,2,10,0,0,0,2026-07-15T09:23:07.791932
35,3,1,3,0,3,2026-07-15T09:23:08.610882
35,3,2,3,0,3,2026-07-15T09:23:09.309332
35,3,3,3,0,3,2026-07-15T09:23:09.663061
35,3,4,2,0,2,2026-07-15T09:23:10.319208
35,3,5,4,0,4,2026-07-15T09:23:10.895227
35,3,6,4,0,4,2026-07-15T09:23:11.237324
35,3,7,4,0,4,2026-07-15T09:23:11.677941
35,3,8,4,0,4,2026-07-15T09:23:12.364691
35,3,9,3,0,3,2026-07-15T09:23:12.682156
35,3,10,3,0,3,2026-07-15T09:23:13.475528
35,4,1,0,0,0,2026-07-15T09:23:14.133587
35,4,2,0,0,0,2026-07-15T09:23:14.603418
35,4,3,0,0,0,2026-07-15T09:23:15.431053
35,4,4,0,0,0,2026-07-15T09:23:15.913481
35,4,5,0,0,0,2026-07-15T09:23:16.391802
35,4,6,0,0,0,2026-07-15T09:23:16.939563
35,4,7,0,0,0,2026-07-15T09:23:17.426866
35,4,8,0,0,0,2026-07-15T09:23:17.750575
35,4,9,0,0,0,2026-07-15T09:23:18.848852
35,4,10,0,0,0,2026-07-15T09:23:19.172478
35,5,1,4,0,4,2026-07-15T09:23:19.727959
35,5,2,2,0,2,2026-07-15T09:23:20.147097
35,5,3,4,0,4,2026-07-15T09:23:20.872211
35,5,4,4,0,4,2026-07-15T09:23:22.316300
35,5,5,2,0,2,2026-07-15T09:23:23.019183
35,5,6,2,0,2,2026-07-15T09:23:23.731410
35,5,7,2,1,2,2026-07-15T12:41:13.742934
35,5,8,2,0,2,2026-07-15T09:23:25.357946
35,5,9,2,0,2,2026-07-15T09:23:26.418083
35,5,10,4,0,4,2026-07-15T09:23:26.825377
35,6,1,0,0,0,2026-07-15T09:23:27.389788
35,6,2,0,0,0,2026-07-15T09:23:27.818771
35,6,3,0,0,0,2026-07-15T09:23:28.206371
35,6,4,0,0,0,2026-07-15T09:23:28.546908
35,6,5,0,0,0,2026-07-15T09:23:29.005687
35,6,6,0,0,0,2026-07-15T09:23:29.550545
35,6,7,0,0,0,2026-07-15T09:23:29.967808
35,6,8,0,0,0,2026-07-15T09:23:30.568803
35,6,9,0,0,0,2026-07-15T09:23:30.994917
35,6,10,0,0,0,2026-07-15T09:23:31.476739
35,7,1,5,0,5,2026-07-15T09:23:32.879633
35,7,2,4,0,4,2026-07-15T09:23:33.632262
35,7,3,5,0,5,2026-07-15T09:23:34.074290
35,7,4,4,0,4,2026-07-15T09:23:34.807093
35,7,5,4,0,4,2026-07-15T09:23:35.291987
35,7,6,5,1,5,2026-07-15T12:41:14.232021
35,7,7,5,0,5,2026-07-15T09:23:36.800472
35,7,8,4,0,4,2026-07-15T09:23:38.619993
35,7,9,5,0,5,2026-07-15T09:23:39.135787
35,7,10,4,0,4,2026-07-15T09:23:39.492821
35,8,1,0,0,0,2026-07-15T09:23:39.955285
35,8,2,0,0,0,2026-07-15T09:23:40.299580
35,8,3,0,0,0,2026-07-15T09:23:40.634569
35,8,4,0,0,0,2026-07-15T09:23:41.093632
35,8,5,0,0,0,2026-07-15T09:23:41.503335
35,8,6,0,2,0,2026-07-15T12:47:56.112517
35,8,7,0,0,0,2026-07-15T09:23:43.408280
35,8,8,0,0,0,2026-07-15T09:23:43.733235
35,8,9,0,0,0,2026-07-15T09:23:44.449603
35,8,10,0,1,0,2026-07-15T12:41:15.866697
35,9,1,4,0,4,2026-07-15T09:23:46.153850
35,9,2,4,0,4,2026-07-15T09:23:46.455892
35,9,3,5,0,5,2026-07-15T09:23:46.768178
35,9,4,4,0,4,2026-07-15T09:23:47.320343
35,9,5,4,0,4,2026-07-15T09:23:47.726908
35,9,6,5,0,5,2026-07-15T09:23:48.260348
35,9,7,4,0,4,2026-07-15T09:23:48.834090
35,9,8,5,0,5,2026-07-15T09:23:49.395680
35,9,9,4,0,4,2026-07-15T09:23:49.842992
35,9,10,4,0,4,2026-07-15T09:23:51.217440
36,1,1,4,0,4,2026-07-15T09:23:51.991932
36,1,2,4,0,4,2026-07-15T09:23:52.350116
36,1,3,4,0,4,2026-07-15T09:23:53.551450
36,1,4,4,0,4,2026-07-15T09:23:53.950285
36,1,5,4,0,4,2026-07-15T09:23:54.312480
36,1,6,4,0,4,2026-07-15T09:23:54.643128
36,1,7,4,0,4,2026-07-15T09:23:55.000986
36,1,8,4,0,4,2026-07-15T09:23:55.618197
36,1,9,4,0,4,2026-07-15T09:23:56.012006
36,1,10,4,0,4,2026-07-15T09:23:57.031630
36,2,1,0,0,0,2026-07-15T09:23:57.564742
36,2,2,0,0,0,2026-07-15T09:23:58.135287
36,2,3,0,0,0,2026-07-15T09:23:58.513967
36,2,4,0,0,0,2026-07-15T09:23:58.972573
36,2,5,0,0,0,2026-07-15T09:23:59.407514
36,2,6,0,0,0,2026-07-15T09:23:59.935301
36,2,7,0,0,0,2026-07-15T09:24:00.455291
36,2,8,0,0,0,2026-07-15T09:24:01.584225
36,2,9,0,0,0,2026-07-15T09:24:02.360932
36,2,10,0,0,0,2026-07-15T09:24:04.031995
36,3,1,4,0,4,2026-07-15T09:24:04.527340
36,3,2,4,1,4,2026-07-15T12:41:16.447366
36,3,3,4,0,4,2026-07-15T09:24:06.227913
36,3,4,4,0,4,2026-07-15T09:24:06.915433
36,3,5,4,0,4,2026-07-15T09:24:07.258191
36,3,6,4,1,4,2026-07-15T12:41:16.877615
36,3,7,4,0,4,2026-07-15T09:24:09.048243
36,3,8,4,0,4,2026-07-15T09:24:09.675630
36,3,9,4,0,4,2026-07-15T09:24:10.185994
36,3,10,4,0,4,2026-07-15T09:24:10.562834
36,4,1,0,0,0,2026-07-15T09:24:11.011207
36,4,2,0,0,0,2026-07-15T09:24:12.303847
36,4,3,0,0,0,2026-07-15T09:24:12.759886
36,4,4,0,0,0,2026-07-15T09:24:13.208071
36,4,5,0,0,0,2026-07-15T09:24:13.710093
36,4,6,0,0,0,2026-07-15T09:24:14.810935
36,4,7,0,1,0,2026-07-15T12:41:17.232545
36,4,8,0,0,0,2026-07-15T09:24:16.474078
36,4,9,0,0,0,2026-07-15T09:24:16.797780
36,4,10,0,0,0,2026-07-15T09:24:17.227115
36,5,1,2,0,2,2026-07-15T09:24:17.767622
36,5,2,2,0,2,2026-07-15T09:24:18.309329
36,5,3,2,0,2,2026-07-15T09:24:18.680277
36,5,4,2,1,2,2026-07-15T12:41:17.900633
36,5,5,2,0,2,2026-07-15T09:24:20.639371
36,5,6,2,0,2,2026-07-15T09:24:21.154658
36,5,7,2,0,2,2026-07-15T09:24:21.588060
36,5,8,2,1,2,2026-07-15T12:41:18.299238
36,5,9,2,0,2,2026-07-15T09:24:22.915384
36,5,10,2,0,2,2026-07-15T09:24:23.913816
36,6,1,0,0,0,2026-07-15T09:24:25.207026
36,6,2,0,0,0,2026-07-15T09:24:25.889529
36,6,3,0,0,0,2026-07-15T09:24:26.476245
36,6,4,0,0,0,2026-07-15T09:24:26.817734
36,6,5,0,0,0,2026-07-15T09:24:27.366178
36,6,6,0,0,0,2026-07-15T09:24:27.839515
36,6,7,0,0,0,2026-07-15T09:24:28.281222
36,6,8,0,0,0,2026-07-15T09:24:29.025389
36,6,9,0,0,0,2026-07-15T09:24:29.866708
36,6,10,0,1,0,2026-07-15T12:41:18.726670
36,7,1,5,0,5,2026-07-15T09:24:32.432638
36,7,2,5,0,5,2026-07-15T09:24:32.963903
36,7,3,5,0,5,2026-07-15T09:24:33.383404
36,7,4,5,0,5,2026-07-15T09:24:33.772269
36,7,5,5,0,5,2026-07-15T09:24:34.659371
36,7,6,5,0,5,2026-07-15T09:24:35.114393
36,7,7,5,0,5,2026-07-15T09:24:35.495537
36,7,8,5,0,5,2026-07-15T09:24:35.943210
36,7,9,5,0,5,2026-07-15T09:24:36.353488
36,7,10,5,0,5,2026-07-15T09:24:36.909481
36,8,1,0,0,0,2026-07-15T09:24:37.222953
36,8,2,0,0,0,2026-07-15T09:24:37.577022
36,8,3,0,0,0,2026-07-15T09:24:37.985692
36,8,4,0,0,0,2026-07-15T09:24:38.744548
36,8,5,0,0,0,2026-07-15T09:24:39.767080
36,8,6,0,0,0,2026-07-15T09:24:40.420011
36,8,7,0,0,0,2026-07-15T09:24:41.564879
36,8,8,0,0,0,2026-07-15T09:24:42.281463
36,8,9,0,0,0,2026-07-15T09:24:43.790077
36,8,10,0,0,0,2026-07-15T09:24:44.412292
36,9,1,4,0,4,2026-07-15T09:24:45.157128
36,9,2,4,0,4,2026-07-15T09:24:45.776730
36,9,3,5,0,5,2026-07-15T09:24:47.656398
36,9,4,5,0,5,2026-07-15T09:24:49.104096
36,9,5,5,0,5,2026-07-15T09:24:49.437846
36,9,6,4,0,4,2026-07-15T09:24:50.212172
36,9,7,4,0,4,2026-07-15T09:24:50.858062
36,9,8,5,0,5,2026-07-15T09:24:51.246846
36,9,9,4,0,4,2026-07-15T09:24:51.971968
36,9,10,5,0,5,2026-07-15T09:24:52.761982
37,1,1,5,0,5,2026-07-15T09:24:54.266288
37,1,2,5,0,5,2026-07-15T09:24:54.783337
37,1,3,5,0,5,2026-07-15T09:24:55.447839
37,1,4,5,0,5,2026-07-15T09:24:56.014288
37,1,5,5,0,5,2026-07-15T09:24:56.388592
37,1,6,5,0,5,2026-07-15T09:24:56.710068
37,1,7,4,0,4,2026-07-15T09:24:57.413934
37,1,8,4,0,4,2026-07-15T09:24:58.113330
37,1,9,4,0,4,2026-07-15T09:24:58.575179
37,1,10,5,0,5,2026-07-15T09:24:58.930108
37,2,1,0,0,0,2026-07-15T09:24:59.257125
37,2,2,0,0,0,2026-07-15T09:24:59.797358
37,2,3,0,1,0,2026-07-15T12:41:19.455167
37,2,4,0,1,0,2026-07-15T12:41:20.143726
37,2,5,0,0,0,2026-07-15T09:25:02.977861
37,2,6,0,0,0,2026-07-15T09:25:03.432427
37,2,7,0,0,0,2026-07-15T09:25:03.751729
37,2,8,0,0,0,2026-07-15T09:25:04.436058
37,2,9,0,0,0,2026-07-15T09:25:04.860286
37,2,10,0,0,0,2026-07-15T09:25:05.535271
37,3,1,4,0,4,2026-07-15T09:25:06.017862
37,3,2,4,2,4,2026-07-15T12:47:56.735761
37,3,3,4,0,4,2026-07-15T09:25:07.806692
37,3,4,4,0,4,2026-07-15T09:25:08.142419
37,3,5,4,0,4,2026-07-15T09:25:08.593114
37,3,6,4,0,4,2026-07-15T09:25:09.043101
37,3,7,4,1,4,2026-07-15T12:41:21.961139
37,3,8,4,1,4,2026-07-15T12:41:22.758631
37,3,9,4,0,4,2026-07-15T09:25:11.220628
37,3,10,4,0,4,2026-07-15T09:25:11.642654
37,4,1,0,0,0,2026-07-15T09:25:12.159495
37,4,2,0,0,0,2026-07-15T09:25:12.700338
37,4,3,0,0,0,2026-07-15T09:25:13.076118
37,4,4,0,0,0,2026-07-15T09:25:13.426494
37,4,5,0,0,0,2026-07-15T09:25:13.904912
37,4,6,0,0,0,2026-07-15T09:25:14.786857
37,4,7,0,0,0,2026-07-15T09:25:15.102727
37,4,8,0,1,0,2026-07-15T12:41:23.268064
37,4,9,0,0,0,2026-07-15T09:25:16.698746
37,4,10,0,0,0,2026-07-15T09:25:17.190861
37,5,1,4,0,4,2026-07-15T09:25:18.078840
37,5,2,4,0,4,2026-07-15T09:25:18.430390
37,5,3,4,0,4,2026-07-15T09:25:18.911131
37,5,4,4,0,4,2026-07-15T09:25:19.414800
37,5,5,4,0,4,2026-07-15T09:25:19.915016
37,5,6,4,0,4,2026-07-15T09:25:20.253552
37,5,7,4,0,4,2026-07-15T09:25:20.625923
37,5,8,4,0,4,2026-07-15T09:25:21.252582
37,5,9,4,0,4,2026-07-15T09:25:21.962984
37,5,10,4,0,4,2026-07-15T09:25:22.382992
37,6,1,0,0,0,2026-07-15T09:25:22.863863
37,6,2,0,0,0,2026-07-15T09:25:23.524657
37,6,3,0,0,0,2026-07-15T09:25:23.857282
37,6,4,0,0,0,2026-07-15T09:25:24.809937
37,6,5,0,0,0,2026-07-15T09:25:25.418502
37,6,6,0,0,0,2026-07-15T09:25:25.894164
37,6,7,0,0,0,2026-07-15T09:25:26.357146
37,6,8,0,0,0,2026-07-15T09:25:27.489536
37,6,9,0,0,0,2026-07-15T09:25:27.891854
37,6,10,0,0,0,2026-07-15T09:25:28.351031
37,7,1,5,0,5,2026-07-15T09:25:28.823773
37,7,2,5,0,5,2026-07-15T09:25:29.263545
37,7,3,5,0,5,2026-07-15T09:25:29.788609
37,7,4,5,0,5,2026-07-15T09:25:30.392734
37,7,5,5,0,5,2026-07-15T09:25:30.880005
37,7,6,5,0,5,2026-07-15T09:25:31.320350
37,7,7,5,0,5,2026-07-15T09:25:32.008154
37,7,8,5,1,5,2026-07-15T12:41:23.668037
37,7,9,5,0,5,2026-07-15T09:25:33.574236
37,7,10,5,0,5,2026-07-15T09:25:33.895677
37,8,1,0,0,0,2026-07-15T09:25:34.218997
37,8,2,0,1,0,2026-07-15T12:41:24.553344
37,8,3,0,0,0,2026-07-15T09:25:35.831180
37,8,4,0,0,0,2026-07-15T09:25:36.210458
37,8,5,0,0,0,2026-07-15T09:25:36.633488
37,8,6,0,0,0,2026-07-15T09:25:37.120373
37,8,7,0,0,0,2026-07-15T09:25:37.466317
37,8,8,0,0,0,2026-07-15T09:25:37.823653
37,8,9,0,0,0,2026-07-15T09:25:38.152039
37,8,10,0,0,0,2026-07-15T09:25:38.520976
37,9,1,5,1,5,2026-07-15T12:41:24.962092
37,9,2,5,0,5,2026-07-15T09:25:39.957506
37,9,3,5,0,5,2026-07-15T09:25:40.333940
37,9,4,5,0,5,2026-07-15T09:25:40.666816
37,9,5,5,0,5,2026-07-15T09:25:41.068746
37,9,6,5,0,5,2026-07-15T09:25:42.319428
37,9,7,5,0,5,2026-07-15T09:25:42.684350
37,9,8,5,0,5,2026-07-15T09:25:43.030677
37,9,9,5,0,5,2026-07-15T09:25:43.418278
37,9,10,5,0,5,2026-07-15T09:25:43.765346
38,1,1,4,0,4,2026-07-15T09:25:44.643766
38,1,2,4,0,4,2026-07-15T09:25:45.269472
38,1,3,4,0,4,2026-07-15T09:25:45.680618
38,1,4,4,0,4,2026-07-15T09:25:46.048014
38,1,5,4,0,4,2026-07-15T09:25:46.513763
38,1,6,4,0,4,2026-07-15T09:25:46.863089
38,1,7,4,0,4,2026-07-15T09:25:47.215774
38,1,8,4,0,4,2026-07-15T09:25:47.660702
38,1,9,4,0,4,2026-07-15T09:25:48.953792
38,1,10,4,0,4,2026-07-15T09:25:49.447087
38,2,1,0,0,0,2026-07-15T09:25:49.948276
38,2,2,0,0,0,2026-07-15T09:25:50.423690
38,2,3,0,0,0,2026-07-15T09:25:51.070875
38,2,4,0,0,0,2026-07-15T09:25:51.374347
38,2,5,0,0,0,2026-07-15T09:25:51.752916
38,2,6,0,1,0,2026-07-15T12:41:25.375472
38,2,7,0,0,0,2026-07-15T09:25:53.262251
38,2,8,0,0,0,2026-07-15T09:25:53.565214
38,2,9,0,0,0,2026-07-15T09:25:53.981769
38,2,10,0,1,0,2026-07-15T12:41:25.715033
38,3,1,4,0,4,2026-07-15T09:25:56.197189
38,3,2,4,0,4,2026-07-15T09:25:56.560164
38,3,3,4,0,4,2026-07-15T09:25:56.897486
38,3,4,4,0,4,2026-07-15T09:25:57.394808
38,3,5,4,0,4,2026-07-15T09:25:57.886273
38,3,6,4,0,4,2026-07-15T09:25:58.625412
38,3,7,4,0,4,2026-07-15T09:25:59.462614
38,3,8,4,0,4,2026-07-15T09:26:00.130943
38,3,9,4,0,4,2026-07-15T09:26:00.532388
38,3,10,4,0,4,2026-07-15T09:26:01.199536
38,4,1,0,0,0,2026-07-15T09:26:02.203078
38,4,2,0,0,0,2026-07-15T09:26:02.675474
38,4,3,0,0,0,2026-07-15T09:26:03.219341
38,4,4,0,0,0,2026-07-15T09:26:03.590739
38,4,5,0,1,0,2026-07-15T12:41:26.076287
38,4,6,0,0,0,2026-07-15T09:26:05.077307
38,4,7,0,0,0,2026-07-15T09:26:05.575711
38,4,8,0,0,0,2026-07-15T09:26:06.118491
38,4,9,0,0,0,2026-07-15T09:26:06.565999
38,4,10,0,0,0,2026-07-15T09:26:06.974901
38,5,1,4,0,4,2026-07-15T09:26:07.556017
38,5,2,4,0,4,2026-07-15T09:26:08.052489
38,5,3,4,0,4,2026-07-15T09:26:08.565793
38,5,4,4,0,4,2026-07-15T09:26:09.264746
38,5,5,4,0,4,2026-07-15T09:26:09.706205
38,5,6,4,0,4,2026-07-15T09:26:10.117576
38,5,7,4,0,4,2026-07-15T09:26:10.465498
38,5,8,4,0,4,2026-07-15T09:26:10.910650
38,5,9,4,0,4,2026-07-15T09:26:11.548528
38,5,10,4,0,4,2026-07-15T09:26:11.885407
38,6,1,0,0,0,2026-07-15T09:26:12.245408
38,6,2,0,0,0,2026-07-15T09:26:14.310061
38,6,3,0,0,0,2026-07-15T09:26:14.662856
38,6,4,0,1,0,2026-07-15T12:41:26.388222
38,6,5,0,0,0,2026-07-15T09:26:16.108822
38,6,6,0,0,0,2026-07-15T09:26:16.502463
38,6,7,0,0,0,2026-07-15T09:26:17.421450
38,6,8,0,0,0,2026-07-15T09:26:17.942573
38,6,9,0,0,0,2026-07-15T09:26:18.778376
38,6,10,0,0,0,2026-07-15T09:26:19.386310
38,7,1,5,0,5,2026-07-15T09:26:19.933330
38,7,2,5,0,5,2026-07-15T09:26:20.388311
38,7,3,5,0,5,2026-07-15T09:26:21.139890
38,7,4,5,0,5,2026-07-15T09:26:21.619018
38,7,5,5,0,5,2026-07-15T09:26:22.242200
38,7,6,5,0,5,2026-07-15T09:26:22.675413
38,7,7,5,0,5,2026-07-15T09:26:22.978317
38,7,8,5,0,5,2026-07-15T09:26:23.306047
38,7,9,5,0,5,2026-07-15T09:26:23.734811
38,7,10,5,1,5,2026-07-15T12:41:26.765546
38,8,1,0,0,0,2026-07-15T09:26:25.385161
38,8,2,0,1,0,2026-07-15T12:41:27.220362
38,8,3,0,0,0,2026-07-15T09:26:26.853967
38,8,4,0,0,0,2026-07-15T09:26:27.528931
38,8,5,0,1,0,2026-07-15T12:41:28.041251
38,8,6,0,0,0,2026-07-15T09:26:29.333371
38,8,7,0,0,0,2026-07-15T09:26:30.166523
38,8,8,0,0,0,2026-07-15T09:26:30.966450
38,8,9,0,0,0,2026-07-15T09:26:31.380618
38,8,10,0,0,0,2026-07-15T09:26:32.144056
38,9,1,5,0,5,2026-07-15T09:26:32.827812
38,9,2,5,0,5,2026-07-15T09:26:33.189479
38,9,3,5,0,5,2026-07-15T09:26:33.797816
38,9,4,5,0,5,2026-07-15T09:26:34.452454
38,9,5,5,0,5,2026-07-15T09:26:34.823038
38,9,6,5,0,5,2026-07-15T09:26:35.789466
38,9,7,5,0,5,2026-07-15T09:26:36.223710
38,9,8,5,0,5,2026-07-15T09:26:36.598090
38,9,9,5,0,5,2026-07-15T09:26:37.005266
38,9,10,5,0,5,2026-07-15T09:26:37.357761
39,1,1,4,0,4,2026-07-15T09:26:37.890726
39,1,2,4,1,4,2026-07-15T12:41:28.560375
39,1,3,4,0,4,2026-07-15T09:26:40.105647
39,1,4,4,0,4,2026-07-15T09:26:41.361632
39,1,5,4,0,4,2026-07-15T09:26:41.740139
39,1,6,5,0,5,2026-07-15T09:26:42.267347
39,1,7,4,0,4,2026-07-15T09:26:42.870199
39,1,8,4,0,4,2026-07-15T09:26:43.637028
39,1,9,4,0,4,2026-07-15T09:26:44.140563
39,1,10,4,0,4,2026-07-15T09:26:44.989290
39,2,1,0,0,0,2026-07-15T09:26:45.320659
39,2,2,0,0,0,2026-07-15T09:26:46.206556
39,2,3,0,0,0,2026-07-15T09:26:46.595530
39,2,4,0,0,0,2026-07-15T09:26:47.394835
39,2,5,0,0,0,2026-07-15T09:26:48.067780
39,2,6,0,0,0,2026-07-15T09:26:50.248171
39,2,7,0,0,0,2026-07-15T09:26:50.602171
39,2,8,0,0,0,2026-07-15T09:26:51.532091
39,2,9,0,0,0,2026-07-15T09:26:51.847002
39,2,10,0,0,0,2026-07-15T09:26:52.166171
39,3,1,4,0,4,2026-07-15T09:26:53.815440
39,3,2,3,0,3,2026-07-15T09:26:54.393968
39,3,3,4,0,4,2026-07-15T09:26:54.813515
39,3,4,3,0,3,2026-07-15T09:26:55.131237
39,3,5,4,0,4,2026-07-15T09:26:55.467246
39,3,6,4,0,4,2026-07-15T09:26:55.784608
39,3,7,3,0,3,2026-07-15T09:26:56.334159
39,3,8,2,0,2,2026-07-15T09:26:56.656453
39,3,9,4,0,4,2026-07-15T09:26:57.896347
39,3,10,4,0,4,2026-07-15T09:26:58.243962
39,4,1,0,0,0,2026-07-15T09:26:58.592396
39,4,2,0,0,0,2026-07-15T09:26:59.682687
39,4,3,0,0,0,2026-07-15T09:27:00.334809
39,4,4,0,0,0,2026-07-15T09:27:00.669596
39,4,5,0,0,0,2026-07-15T09:27:01.216296
39,4,6,0,0,0,2026-07-15T09:27:01.653389
39,4,7,0,0,0,2026-07-15T09:27:02.139290
39,4,8,0,1,0,2026-07-15T12:41:29.068352
39,4,9,0,0,0,2026-07-15T09:27:04.049963
39,4,10,0,0,0,2026-07-15T09:27:04.510381
39,5,1,4,0,4,2026-07-15T09:27:05.080687
39,5,2,4,0,4,2026-07-15T09:27:05.510971
39,5,3,4,1,4,2026-07-15T12:41:29.514104
39,5,4,4,0,4,2026-07-15T09:27:07.114015
39,5,5,4,0,4,2026-07-15T09:27:08.798569
39,5,6,4,0,4,2026-07-15T09:27:09.170791
39,5,7,4,0,4,2026-07-15T09:27:09.480198
39,5,8,4,0,4,2026-07-15T09:27:09.962670
39,5,9,4,0,4,2026-07-15T09:27:10.414369
39,5,10,4,0,4,2026-07-15T09:27:11.184788
39,6,1,0,0,0,2026-07-15T09:27:11.627953
39,6,2,0,0,0,2026-07-15T09:27:12.261094
39,6,3,0,0,0,2026-07-15T09:27:12.656104
39,6,4,0,0,0,2026-07-15T09:27:13.128968
39,6,5,0,0,0,2026-07-15T09:27:14.317615
39,6,6,0,0,0,2026-07-15T09:27:14.936998
39,6,7,0,0,0,2026-07-15T09:27:15.673337
39,6,8,0,0,0,2026-07-15T09:27:16.223396
39,6,9,0,1,0,2026-07-15T12:41:30.094726
39,6,10,0,0,0,2026-07-15T09:27:18.499394
39,7,1,5,1,5,2026-07-15T12:41:30.507133
39,7,2,5,0,5,2026-07-15T09:27:20.162344
39,7,3,5,0,5,2026-07-15T09:27:20.538443
39,7,4,5,0,5,2026-07-15T09:27:20.928026
39,7,5,5,0,5,2026-07-15T09:27:21.383196
39,7,6,5,0,5,2026-07-15T09:27:22.144973
39,7,7,5,0,5,2026-07-15T09:27:22.757780
39,7,8,5,0,5,2026-07-15T09:27:23.150651
39,7,9,5,0,5,2026-07-15T09:27:23.765180
39,7,10,5,0,5,2026-07-15T09:27:24.090592
39,8,1,2,0,2,2026-07-15T09:27:24.435943
39,8,2,2,0,2,2026-07-15T09:27:24.828707
39,8,3,2,0,2,2026-07-15T09:27:25.380000
39,8,4,2,1,2,2026-07-15T12:41:31.324037
39,8,5,2,0,2,2026-07-15T09:27:27.979372
39,8,6,2,0,2,2026-07-15T09:27:28.436165
39,8,7,4,1,4,2026-07-15T12:41:31.793833
39,8,8,4,0,4,2026-07-15T09:27:30.189793
39,8,9,2,0,2,2026-07-15T09:27:30.762576
39,8,10,2,0,2,2026-07-15T09:27:32.521311
39,9,1,5,0,5,2026-07-15T09:27:32.961919
39,9,2,5,0,5,2026-07-15T09:27:33.830351
39,9,3,5,0,5,2026-07-15T09:27:34.238517
39,9,4,5,0,5,2026-07-15T09:27:34.674916
39,9,5,5,0,5,2026-07-15T09:27:35.033887
39,9,6,5,0,5,2026-07-15T09:27:36.411680
39,9,7,5,0,5,2026-07-15T09:27:36.746272
39,9,8,5,0,5,2026-07-15T09:27:37.095225
39,9,9,5,0,5,2026-07-15T09:27:37.403117
39,9,10,5,0,5,2026-07-15T09:27:37.705810
40,1,1,2,0,2,2026-07-15T09:27:38.335718
40,1,2,2,0,2,2026-07-15T09:27:38.848779
40,1,3,2,0,2,2026-07-15T09:27:39.602092
40,1,4,2,0,2,2026-07-15T09:27:39.978604
40,1,5,2,0,2,2026-07-15T09:27:40.286039
40,1,6,2,0,2,2026-07-15T09:27:40.984188
40,1,7,2,0,2,2026-07-15T09:27:41.351725
40,1,8,2,0,2,2026-07-15T09:27:41.961175
40,1,9,2,0,2,2026-07-15T09:27:42.460339
40,1,10,2,0,2,2026-07-15T09:27:42.796118
40,2,1,0,0,0,2026-07-15T09:27:43.626028
40,2,2,0,0,0,2026-07-15T09:27:44.045572
40,2,3,0,0,0,2026-07-15T09:27:44.387132
40,2,4,0,0,0,2026-07-15T09:27:44.731333
40,2,5,0,0,0,2026-07-15T09:27:45.207258
40,2,6,0,0,0,2026-07-15T09:27:45.679553
40,2,7,0,0,0,2026-07-15T09:27:46.007578
40,2,8,0,0,0,2026-07-15T09:27:46.839386
40,2,9,0,0,0,2026-07-15T09:27:47.413385
40,2,10,0,0,0,2026-07-15T09:27:47.946406
40,3,1,2,0,2,2026-07-15T09:27:49.150852
40,3,2,2,0,2,2026-07-15T09:27:49.872832
40,3,3,2,0,2,2026-07-15T09:27:50.197710
40,3,4,2,0,2,2026-07-15T09:27:50.501795
40,3,5,2,0,2,2026-07-15T09:27:50.880875
40,3,6,2,0,2,2026-07-15T09:27:51.386615
40,3,7,2,0,2,2026-07-15T09:27:51.708075
40,3,8,2,0,2,2026-07-15T09:27:52.030470
40,3,9,2,0,2,2026-07-15T09:27:52.432430
40,3,10,2,0,2,2026-07-15T09:27:53.191753
40,4,1,0,0,0,2026-07-15T09:27:53.985322
40,4,2,0,0,0,2026-07-15T09:27:54.288897
40,4,3,0,0,0,2026-07-15T09:27:54.667437
40,4,4,0,0,0,2026-07-15T09:27:55.128285
40,4,5,0,0,0,2026-07-15T09:27:55.430496
40,4,6,0,0,0,2026-07-15T09:27:55.921405
40,4,7,0,0,0,2026-07-15T09:27:57.033157
40,4,8,0,0,0,2026-07-15T09:27:57.867689
40,4,9,0,0,0,2026-07-15T09:27:58.689581
40,4,10,0,0,0,2026-07-15T09:27:59.137497
40,5,1,4,0,4,2026-07-15T09:27:59.480344
40,5,2,4,0,4,2026-07-15T09:28:00.204252
40,5,3,4,0,4,2026-07-15T09:28:01.245298
40,5,4,4,0,4,2026-07-15T09:28:01.601870
40,5,5,4,0,4,2026-07-15T09:28:01.938730
40,5,6,4,0,4,2026-07-15T09:28:02.519311
40,5,7,4,1,4,2026-07-15T12:41:32.243776
40,5,8,4,0,4,2026-07-15T09:28:04.077971
40,5,9,4,0,4,2026-07-15T09:28:04.441572
40,5,10,4,0,4,2026-07-15T09:28:04.885815
40,6,1,0,0,0,2026-07-15T09:28:05.238945
40,6,2,0,0,0,2026-07-15T09:28:05.660567
40,6,3,0,0,0,2026-07-15T09:28:05.971843
40,6,4,0,0,0,2026-07-15T09:28:06.413299
40,6,5,0,0,0,2026-07-15T09:28:06.798134
40,6,6,0,0,0,2026-07-15T09:28:07.235322
40,6,7,0,0,0,2026-07-15T09:28:07.726395
40,6,8,0,0,0,2026-07-15T09:28:09.301284
40,6,9,0,1,0,2026-07-15T12:41:32.937943
40,6,10,0,0,0,2026-07-15T09:28:10.870274
40,7,1,5,0,5,2026-07-15T09:28:11.192548
40,7,2,4,0,4,2026-07-15T09:28:11.824020
40,7,3,4,0,4,2026-07-15T09:28:12.624737
40,7,4,5,0,5,2026-07-15T09:28:12.981275
40,7,5,5,0,5,2026-07-15T09:28:13.349822
40,7,6,4,0,4,2026-07-15T09:28:13.918140
40,7,7,5,0,5,2026-07-15T09:28:14.337273
40,7,8,5,0,5,2026-07-15T09:28:14.809810
40,7,9,4,0,4,2026-07-15T09:28:15.445193
40,7,10,4,0,4,2026-07-15T09:28:16.143361
40,8,1,0,0,0,2026-07-15T09:28:16.584201
40,8,2,0,0,0,2026-07-15T09:28:17.297182
40,8,3,0,0,0,2026-07-15T09:28:17.806913
40,8,4,0,1,0,2026-07-15T12:41:33.442106
40,8,5,0,0,0,2026-07-15T09:28:19.674533
40,8,6,0,0,0,2026-07-15T09:28:20.001804
40,8,7,0,0,0,2026-07-15T09:28:21.910368
40,8,8,0,0,0,2026-07-15T09:28:22.449415
40,8,9,0,0,0,2026-07-15T09:28:22.921531
40,8,10,0,0,0,2026-07-15T09:28:23.422393
40,9,1,5,0,5,2026-07-15T09:28:23.824777
40,9,2,5,0,5,2026-07-15T09:28:24.541608
40,9,3,5,0,5,2026-07-15T09:28:24.945068
40,9,4,5,0,5,2026-07-15T09:28:25.615688
40,9,5,5,0,5,2026-07-15T09:28:26.015404
40,9,6,5,0,5,2026-07-15T09:28:26.461654
40,9,7,5,0,5,2026-07-15T09:28:27.053041
40,9,8,5,0,5,2026-07-15T09:28:28.426571
40,9,9,5,0,5,2026-07-15T09:28:29.025004
40,9,10,5,0,5,2026-07-15T09:28:29.620231
41,1,1,4,0,4,2026-07-15T09:28:30.400193
41,1,2,4,0,4,2026-07-15T09:28:30.739172
41,1,3,4,0,4,2026-07-15T09:28:31.232990
41,1,4,4,0,4,2026-07-15T09:28:31.671245
41,1,5,4,0,4,2026-07-15T09:28:32.070672
41,1,6,5,0,5,2026-07-15T09:28:32.637532
41,1,7,5,0,5,2026-07-15T09:28:32.989087
41,1,8,5,0,5,2026-07-15T09:28:33.430917
41,1,9,5,0,5,2026-07-15T09:28:34.112510
41,1,10,4,0,4,2026-07-15T09:28:34.973264
41,2,1,0,0,0,2026-07-15T09:28:35.374319
41,2,2,0,0,0,2026-07-15T09:28:35.669852
41,2,3,0,0,0,2026-07-15T09:28:36.216997
41,2,4,0,1,0,2026-07-15T12:41:34.139070
41,2,5,0,0,0,2026-07-15T09:28:37.703626
41,2,6,0,0,0,2026-07-15T09:28:38.048709
41,2,7,0,0,0,2026-07-15T09:28:38.429190
41,2,8,0,0,0,2026-07-15T09:28:38.848879
41,2,9,0,0,0,2026-07-15T09:28:39.177724
41,2,10,0,0,0,2026-07-15T09:28:39.603546
41,3,1,4,0,4,2026-07-15T09:28:40.001270
41,3,2,4,0,4,2026-07-15T09:28:40.325591
41,3,3,4,0,4,2026-07-15T09:28:40.954008
41,3,4,4,0,4,2026-07-15T09:28:41.346733
41,3,5,4,0,4,2026-07-15T09:28:42.125914
41,3,6,4,0,4,2026-07-15T09:28:42.655584
41,3,7,4,0,4,2026-07-15T09:28:43.091669
41,3,8,4,0,4,2026-07-15T09:28:43.875132
41,3,9,4,0,4,2026-07-15T09:28:44.208982
41,3,10,4,0,4,2026-07-15T09:28:45.303445
41,4,1,0,0,0,2026-07-15T09:28:45.735769
41,4,2,0,0,0,2026-07-15T09:28:46.047632
41,4,3,0,0,0,2026-07-15T09:28:47.702775
41,4,4,0,0,0,2026-07-15T09:28:48.100656
41,4,5,0,0,0,2026-07-15T09:28:48.510179
41,4,6,0,0,0,2026-07-15T09:28:48.804825
41,4,7,0,0,0,2026-07-15T09:28:49.162758
41,4,8,0,0,0,2026-07-15T09:28:49.649423
41,4,9,0,0,0,2026-07-15T09:28:49.960175
41,4,10,0,0,0,2026-07-15T09:28:50.471853
41,5,1,4,1,4,2026-07-15T12:41:35.054643
41,5,2,4,0,4,2026-07-15T09:28:51.865131
41,5,3,4,0,4,2026-07-15T09:28:52.365592
41,5,4,4,0,4,2026-07-15T09:28:53.222807
41,5,5,4,0,4,2026-07-15T09:28:53.528665
41,5,6,4,0,4,2026-07-15T09:28:54.205579
41,5,7,4,0,4,2026-07-15T09:28:55.675195
41,5,8,4,0,4,2026-07-15T09:28:56.201206
41,5,9,4,0,4,2026-07-15T09:28:56.610503
41,5,10,4,0,4,2026-07-15T09:28:56.949246
41,6,1,0,0,0,2026-07-15T09:28:57.700258
41,6,2,0,0,0,2026-07-15T09:28:58.711197
41,6,3,0,0,0,2026-07-15T09:28:59.460610
41,6,4,0,0,0,2026-07-15T09:29:00.307060
41,6,5,0,0,0,2026-07-15T09:29:01.138410
41,6,6,0,0,0,2026-07-15T09:29:01.536690
41,6,7,0,0,0,2026-07-15T09:29:01.861783
41,6,8,0,0,0,2026-07-15T09:29:02.210262
41,6,9,0,0,0,2026-07-15T09:29:02.578009
41,6,10,0,0,0,2026-07-15T09:29:03.212573
41,7,1,5,0,5,2026-07-15T09:29:03.547378
41,7,2,5,0,5,2026-07-15T09:29:04.722590
41,7,3,5,0,5,2026-07-15T09:29:05.165051
41,7,4,5,0,5,2026-07-15T09:29:05.556606
41,7,5,5,0,5,2026-07-15T09:29:06.198778
41,7,6,5,0,5,2026-07-15T09:29:06.539324
41,7,7,5,0,5,2026-07-15T09:29:06.888826
41,7,8,5,0,5,2026-07-15T09:29:08.327783
41,7,9,5,0,5,2026-07-15T09:29:08.692970
41,7,10,5,0,5,2026-07-15T09:29:09.346243
41,8,1,0,0,0,2026-07-15T09:29:09.672502
41,8,2,0,0,0,2026-07-15T09:29:11.078196
41,8,3,0,1,0,2026-07-15T12:41:35.741648
41,8,4,0,0,0,2026-07-15T09:29:12.947517
41,8,5,0,0,0,2026-07-15T09:29:13.367200
41,8,6,0,0,0,2026-07-15T09:29:13.906589
41,8,7,0,0,0,2026-07-15T09:29:14.463027
41,8,8,0,0,0,2026-07-15T09:29:14.961683
41,8,9,0,0,0,2026-07-15T09:29:15.783519
41,8,10,0,1,0,2026-07-15T12:41:36.255263
41,9,1,5,0,5,2026-07-15T09:29:17.389916
41,9,2,5,0,5,2026-07-15T09:29:17.823702
41,9,3,5,0,5,2026-07-15T09:29:18.156837
41,9,4,5,0,5,2026-07-15T09:29:19.521051
41,9,5,5,0,5,2026-07-15T09:29:19.853427
41,9,6,5,1,5,2026-07-15T12:41:36.907682
41,9,7,5,0,5,2026-07-15T09:29:20.744964
41,9,8,5,0,5,2026-07-15T09:29:21.049976
41,9,9,5,0,5,2026-07-15T09:29:21.510942
41,9,10,5,0,5,2026-07-15T09:29:22.021364
42,1,1,5,0,5,2026-07-15T09:29:22.496657
42,1,2,4,1,4,2026-07-15T12:41:37.429287
42,1,3,5,0,5,2026-07-15T09:29:24.371607
42,1,4,5,0,5,2026-07-15T09:29:24.991110
42,1,5,5,0,5,2026-07-15T09:29:25.381182
42,1,6,5,0,5,2026-07-15T09:29:26.728100
42,1,7,5,0,5,2026-07-15T09:29:27.051685
42,1,8,5,0,5,2026-07-15T09:29:27.406348
42,1,9,5,0,5,2026-07-15T09:29:27.812374
42,1,10,5,0,5,2026-07-15T09:29:28.171000
42,2,1,0,0,0,2026-07-15T09:29:28.956109
42,2,2,0,0,0,2026-07-15T09:29:29.717783
42,2,3,0,0,0,2026-07-15T09:29:30.714611
42,2,4,0,0,0,2026-07-15T09:29:31.589519
42,2,5,0,0,0,2026-07-15T09:29:32.359384
42,2,6,0,1,0,2026-07-15T12:41:37.945299
42,2,7,0,0,0,2026-07-15T09:29:34.396974
42,2,8,0,0,0,2026-07-15T09:29:34.816070
42,2,9,0,0,0,2026-07-15T09:29:35.187238
42,2,10,0,0,0,2026-07-15T09:29:36.539529
42,3,1,0,0,0,2026-07-15T09:29:37.189759
42,3,2,2,0,2,2026-07-15T09:29:37.597646
42,3,3,2,1,2,2026-07-15T12:41:38.510479
42,3,4,2,0,2,2026-07-15T09:29:39.468284
42,3,5,0,0,0,2026-07-15T09:29:39.984695
42,3,6,2,0,2,2026-07-15T09:29:40.543933
42,3,7,0,0,0,2026-07-15T09:29:40.997765
42,3,8,0,0,0,2026-07-15T09:29:41.479841
42,3,9,2,0,2,2026-07-15T09:29:41.872215
42,3,10,0,0,0,2026-07-15T09:29:42.248267
42,4,1,0,0,0,2026-07-15T09:29:42.737106
42,4,2,0,0,0,2026-07-15T09:29:43.735155
42,4,3,0,0,0,2026-07-15T09:29:44.367595
42,4,4,0,0,0,2026-07-15T09:29:45.204165
42,4,5,0,0,0,2026-07-15T09:29:45.830479
42,4,6,0,0,0,2026-07-15T09:29:46.461298
42,4,7,0,0,0,2026-07-15T09:29:47.006706
42,4,8,0,1,0,2026-07-15T12:41:39.114639
42,4,9,0,0,0,2026-07-15T09:29:48.825256
42,4,10,0,0,0,2026-07-15T09:29:49.880450
42,5,1,5,0,5,2026-07-15T09:29:50.718392
42,5,2,5,0,5,2026-07-15T09:29:51.475501
42,5,3,5,0,5,2026-07-15T09:29:51.814958
42,5,4,5,0,5,2026-07-15T09:29:53.583913
42,5,5,5,1,5,2026-07-15T12:41:39.829502
42,5,6,5,0,5,2026-07-15T09:29:55.302699
42,5,7,5,0,5,2026-07-15T09:29:55.651902
42,5,8,4,0,4,2026-07-15T09:29:58.183116
42,5,9,4,0,4,2026-07-15T09:29:58.574310
42,5,10,5,0,5,2026-07-15T09:29:58.930513
42,6,1,0,0,0,2026-07-15T09:29:59.466904
42,6,2,0,0,0,2026-07-15T09:30:00.137233
42,6,3,0,0,0,2026-07-15T09:30:00.708897
42,6,4,0,0,0,2026-07-15T09:30:01.019565
42,6,5,0,0,0,2026-07-15T09:30:01.452068
42,6,6,0,0,0,2026-07-15T09:30:01.803552
42,6,7,0,0,0,2026-07-15T09:30:02.522324
42,6,8,0,0,0,2026-07-15T09:30:02.834458
42,6,9,0,0,0,2026-07-15T09:30:05.134002
42,6,10,0,0,0,2026-07-15T09:30:05.510074
42,7,1,5,0,5,2026-07-15T09:30:07.380325
42,7,2,5,0,5,2026-07-15T09:30:07.719335
42,7,3,5,0,5,2026-07-15T09:30:08.155857
42,7,4,5,0,5,2026-07-15T09:30:08.613474
42,7,5,5,0,5,2026-07-15T09:30:09.018459
42,7,6,5,0,5,2026-07-15T09:30:09.698854
42,7,7,5,0,5,2026-07-15T09:30:10.057073
42,7,8,5,0,5,2026-07-15T09:30:10.396108
42,7,9,5,0,5,2026-07-15T09:30:10.831147
42,7,10,5,0,5,2026-07-15T09:30:11.374539
42,8,1,0,0,0,2026-07-15T09:30:11.785776
42,8,2,0,0,0,2026-07-15T09:30:12.242549
42,8,3,0,0,0,2026-07-15T09:30:12.574119
42,8,4,0,0,0,2026-07-15T09:30:13.350892
42,8,5,0,0,0,2026-07-15T09:30:14.383971
42,8,6,0,0,0,2026-07-15T09:30:14.924887
42,8,7,0,1,0,2026-07-15T12:41:40.285224
42,8,8,0,0,0,2026-07-15T09:30:16.659138
42,8,9,0,0,0,2026-07-15T09:30:17.115153
42,8,10,0,0,0,2026-07-15T09:30:17.577260
42,9,1,5,0,5,2026-07-15T09:30:18.588199
42,9,2,5,0,5,2026-07-15T09:30:18.937371
42,9,3,5,0,5,2026-07-15T09:30:19.312874
42,9,4,5,0,5,2026-07-15T09:30:19.890234
42,9,5,5,0,5,2026-07-15T09:30:20.279197
42,9,6,5,0,5,2026-07-15T09:30:20.719578
42,9,7,5,0,5,2026-07-15T09:30:21.236900
42,9,8,5,1,5,2026-07-15T12:41:40.809304
42,9,9,5,0,5,2026-07-15T09:30:22.968005
42,9,10,5,0,5,2026-07-15T09:30:23.307039
43,1,1,4,0,4,2026-07-15T09:30:23.936512
43,1,2,4,0,4,2026-07-15T09:30:25.326586
43,1,3,4,0,4,2026-07-15T09:30:25.907504
43,1,4,4,0,4,2026-07-15T09:30:26.407442
43,1,5,4,0,4,2026-07-15T09:30:26.955950
43,1,6,4,0,4,2026-07-15T09:30:27.498401
43,1,7,4,0,4,2026-07-15T09:30:27.859888
43,1,8,4,0,4,2026-07-15T09:30:28.714472
43,1,9,4,0,4,2026-07-15T09:30:29.164083
43,1,10,4,0,4,2026-07-15T09:30:29.604329
43,2,1,0,0,0,2026-07-15T09:30:30.629702
43,2,2,0,0,0,2026-07-15T09:30:31.088750
43,2,3,0,0,0,2026-07-15T09:30:31.443997
43,2,4,0,0,0,2026-07-15T09:30:31.930174
43,2,5,0,0,0,2026-07-15T09:30:32.421901
43,2,6,0,0,0,2026-07-15T09:30:32.897153
43,2,7,0,0,0,2026-07-15T09:30:33.322245
43,2,8,0,0,0,2026-07-15T09:30:34.433746
43,2,9,0,0,0,2026-07-15T09:30:34.756358
43,2,10,0,0,0,2026-07-15T09:30:35.249520
43,3,1,2,1,2,2026-07-15T12:41:41.528972
43,3,2,2,1,2,2026-07-15T12:41:41.981748
43,3,3,2,1,2,2026-07-15T12:41:42.638607
43,3,4,2,0,2,2026-07-15T09:30:39.873341
43,3,5,2,0,2,2026-07-15T09:30:40.351533
43,3,6,2,0,2,2026-07-15T09:30:40.797034
43,3,7,2,0,2,2026-07-15T09:30:41.869832
43,3,8,2,0,2,2026-07-15T09:30:42.321971
43,3,9,2,0,2,2026-07-15T09:30:42.651798
43,3,10,2,0,2,2026-07-15T09:30:43.377299
43,4,1,0,0,0,2026-07-15T09:30:43.769224
43,4,2,0,0,0,2026-07-15T09:30:44.340926
43,4,3,0,0,0,2026-07-15T09:30:44.893764
43,4,4,0,0,0,2026-07-15T09:30:45.237313
43,4,5,0,0,0,2026-07-15T09:30:45.839302
43,4,6,0,0,0,2026-07-15T09:30:46.217957
43,4,7,0,1,0,2026-07-15T12:41:43.071729
43,4,8,0,1,0,2026-07-15T12:41:43.882308
43,4,9,0,0,0,2026-07-15T09:30:50.484817
43,4,10,0,0,0,2026-07-15T09:30:51.006287
43,5,1,4,0,4,2026-07-15T09:30:51.459167
43,5,2,4,0,4,2026-07-15T09:30:52.160483
43,5,3,4,0,4,2026-07-15T09:30:52.721035
43,5,4,4,0,4,2026-07-15T09:30:53.501021
43,5,5,4,0,4,2026-07-15T09:30:54.969220
43,5,6,4,0,4,2026-07-15T09:30:55.294738
43,5,7,4,0,4,2026-07-15T09:30:55.776693
43,5,8,4,0,4,2026-07-15T09:30:56.184737
43,5,9,4,0,4,2026-07-15T09:30:56.517315
43,5,10,4,0,4,2026-07-15T09:30:57.462925
43,6,1,0,0,0,2026-07-15T09:30:58.080233
43,6,2,0,0,0,2026-07-15T09:30:58.406113
43,6,3,0,0,0,2026-07-15T09:30:58.924728
43,6,4,0,0,0,2026-07-15T09:30:59.812332
43,6,5,0,1,0,2026-07-15T12:41:44.517725
43,6,6,0,0,0,2026-07-15T09:31:01.920133
43,6,7,0,0,0,2026-07-15T09:31:02.951454
43,6,8,0,0,0,2026-07-15T09:31:03.592032
43,6,9,0,0,0,2026-07-15T09:31:04.112578
43,6,10,0,0,0,2026-07-15T09:31:05.075295
43,7,1,5,0,5,2026-07-15T09:31:08.292772
43,7,2,5,0,5,2026-07-15T09:31:09.489135
43,7,3,4,0,4,2026-07-15T09:31:10.295634
43,7,4,4,0,4,2026-07-15T09:31:11.120140
43,7,5,5,0,5,2026-07-15T09:31:11.710914
43,7,6,5,0,5,2026-07-15T09:31:12.222924
43,7,7,4,1,4,2026-07-15T12:41:45.498233
43,7,8,4,0,4,2026-07-15T09:31:14.090567
43,7,9,5,0,5,2026-07-15T09:31:14.535387
43,7,10,5,0,5,2026-07-15T09:31:14.948798
43,8,1,4,0,4,2026-07-15T09:31:15.566207
43,8,2,4,0,4,2026-07-15T09:31:16.110619
43,8,3,4,0,4,2026-07-15T09:31:16.422257
43,8,4,4,0,4,2026-07-15T09:31:16.738905
43,8,5,4,0,4,2026-07-15T09:31:17.177720
43,8,6,4,0,4,2026-07-15T09:31:17.633615
43,8,7,4,0,4,2026-07-15T09:31:18.222993
43,8,8,4,0,4,2026-07-15T09:31:18.740857
43,8,9,4,0,4,2026-07-15T09:31:19.482332
43,8,10,4,0,4,2026-07-15T09:31:20.194028
43,9,1,5,0,5,2026-07-15T09:31:20.790212
43,9,2,5,0,5,2026-07-15T09:31:21.294145
43,9,3,5,0,5,2026-07-15T09:31:21.977650
43,9,4,5,1,5,2026-07-15T12:41:46.059284
43,9,5,5,0,5,2026-07-15T09:31:23.189621
43,9,6,5,0,5,2026-07-15T09:31:23.757370
43,9,7,5,0,5,2026-07-15T09:31:24.374295
43,9,8,5,0,5,2026-07-15T09:31:24.721551
43,9,9,5,0,5,2026-07-15T09:31:25.420564
43,9,10,5,0,5,2026-07-15T09:31:25.879594
44,1,1,5,0,5,2026-07-15T09:31:26.558779
44,1,2,5,0,5,2026-07-15T09:31:26.994767
44,1,3,5,0,5,2026-07-15T09:31:27.576298
44,1,4,5,0,5,2026-07-15T09:31:28.444661
44,1,5,5,0,5,2026-07-15T09:31:28.819462
44,1,6,5,0,5,2026-07-15T09:31:29.346551
44,1,7,5,0,5,2026-07-15T09:31:30.084525
44,1,8,5,0,5,2026-07-15T09:31:30.621015
44,1,9,5,0,5,2026-07-15T09:31:31.125033
44,1,10,5,0,5,2026-07-15T09:31:31.518940
44,2,1,0,0,0,2026-07-15T09:31:31.925748
44,2,2,0,0,0,2026-07-15T09:31:32.325113
44,2,3,0,0,0,2026-07-15T09:31:33.393985
44,2,4,0,0,0,2026-07-15T09:31:34.401139
44,2,5,0,0,0,2026-07-15T09:31:34.731650
44,2,6,0,0,0,2026-07-15T09:31:35.040483
44,2,7,0,0,0,2026-07-15T09:31:35.353088
44,2,8,0,1,0,2026-07-15T12:41:47.192170
44,2,9,0,0,0,2026-07-15T09:31:37.690174
44,2,10,0,0,0,2026-07-15T09:31:38.099006
44,3,1,4,0,4,2026-07-15T09:31:38.694323
44,3,2,4,0,4,2026-07-15T09:31:39.187461
44,3,3,4,0,4,2026-07-15T09:31:39.562105
44,3,4,4,0,4,2026-07-15T09:31:39.905898
44,3,5,4,0,4,2026-07-15T09:31:40.459123
44,3,6,4,0,4,2026-07-15T09:31:41.133628
44,3,7,4,0,4,2026-07-15T09:31:41.452993
44,3,8,4,0,4,2026-07-15T09:31:41.941850
44,3,9,4,0,4,2026-07-15T09:31:42.223025
44,3,10,4,0,4,2026-07-15T09:31:43.059568
44,4,1,0,0,0,2026-07-15T09:31:43.815724
44,4,2,0,0,0,2026-07-15T09:31:44.708531
44,4,3,0,0,0,2026-07-15T09:31:45.185396
44,4,4,0,0,0,2026-07-15T09:31:45.706949
44,4,5,0,0,0,2026-07-15T09:31:46.570514
44,4,6,0,0,0,2026-07-15T09:31:46.907004
44,4,7,0,0,0,2026-07-15T09:31:47.641442
44,4,8,0,1,0,2026-07-15T12:41:47.750142
44,4,9,0,0,0,2026-07-15T09:31:49.216153
44,4,10,0,0,0,2026-07-15T09:31:50.240235
44,5,1,4,0,4,2026-07-15T09:31:50.757869
44,5,2,2,0,2,2026-07-15T09:31:52.351150
44,5,3,4,0,4,2026-07-15T09:31:53.403465
44,5,4,2,0,2,2026-07-15T09:31:54.344171
44,5,5,2,0,2,2026-07-15T09:31:54.937060
44,5,6,2,0,2,2026-07-15T09:31:55.512461
44,5,7,4,0,4,2026-07-15T09:31:56.072367
44,5,8,2,0,2,2026-07-15T09:31:56.777289
44,5,9,2,0,2,2026-07-15T09:31:57.297577
44,5,10,2,0,2,2026-07-15T09:31:57.651315
44,6,1,0,0,0,2026-07-15T09:31:58.364000
44,6,2,0,0,0,2026-07-15T09:31:59.071825
44,6,3,0,1,0,2026-07-15T12:41:48.342823
44,6,4,0,1,0,2026-07-15T12:41:48.812178
44,6,5,0,0,0,2026-07-15T09:32:02.365571
44,6,6,0,1,0,2026-07-15T12:41:50.195512
44,6,7,0,0,0,2026-07-15T09:32:04.071185
44,6,8,0,0,0,2026-07-15T09:32:04.481782
44,6,9,0,0,0,2026-07-15T09:32:05.041554
44,6,10,0,0,0,2026-07-15T09:32:05.542321
44,7,1,5,0,5,2026-07-15T09:32:05.891524
44,7,2,5,0,5,2026-07-15T09:32:06.363235
44,7,3,5,0,5,2026-07-15T09:32:06.826335
44,7,4,5,0,5,2026-07-15T09:32:07.295711
44,7,5,5,0,5,2026-07-15T09:32:07.759138
44,7,6,5,0,5,2026-07-15T09:32:08.173696
44,7,7,5,0,5,2026-07-15T09:32:08.789961
44,7,8,5,0,5,2026-07-15T09:32:09.180269
44,7,9,5,0,5,2026-07-15T09:32:09.556321
44,7,10,5,0,5,2026-07-15T09:32:10.043593
44,8,1,0,1,0,2026-07-15T12:41:50.602934
44,8,2,0,0,0,2026-07-15T09:32:11.799706
44,8,3,0,0,0,2026-07-15T09:32:12.338769
44,8,4,0,0,0,2026-07-15T09:32:12.916264
44,8,5,0,0,0,2026-07-15T09:32:13.479194
44,8,6,0,0,0,2026-07-15T09:32:13.825131
44,8,7,0,0,0,2026-07-15T09:32:14.676203
44,8,8,0,0,0,2026-07-15T09:32:15.540495
44,8,9,0,0,0,2026-07-15T09:32:16.025727
44,8,10,0,0,0,2026-07-15T09:32:16.435163
44,9,1,5,0,5,2026-07-15T09:32:17.197528
44,9,2,5,0,5,2026-07-15T09:32:17.608129
44,9,3,5,1,5,2026-07-15T12:41:51.684012
44,9,4,5,0,5,2026-07-15T09:32:19.545411
44,9,5,5,0,5,2026-07-15T09:32:20.148913
44,9,6,5,0,5,2026-07-15T09:32:20.657154
44,9,7,5,0,5,2026-07-15T09:32:21.247397
44,9,8,5,0,5,2026-07-15T09:32:21.582073
44,9,9,5,0,5,2026-07-15T09:32:21.973824
44,9,10,5,0,5,2026-07-15T09:32:22.525083
45,1,1,5,0,5,2026-07-15T09:32:23.307836
45,1,2,5,0,5,2026-07-15T09:32:23.985154
45,1,3,5,0,5,2026-07-15T09:32:24.347765
45,1,4,5,0,5,2026-07-15T09:32:24.790123
45,1,5,5,0,5,2026-07-15T09:32:25.149465
45,1,6,5,0,5,2026-07-15T09:32:26.004798
45,1,7,5,2,5,2026-07-15T12:47:57.249559
45,1,8,5,0,5,2026-07-15T09:32:27.742115
45,1,9,5,0,5,2026-07-15T09:32:28.845877
45,1,10,5,0,5,2026-07-15T09:32:29.277647
45,2,1,0,0,0,2026-07-15T09:32:29.624715
45,2,2,0,0,0,2026-07-15T09:32:30.222834
45,2,3,0,1,0,2026-07-15T12:41:54.605622
45,2,4,0,0,0,2026-07-15T09:32:33.251259
45,2,5,0,0,0,2026-07-15T09:32:34.031330
45,2,6,0,1,0,2026-07-15T12:41:54.982641
45,2,7,0,0,0,2026-07-15T09:32:37.421020
45,2,8,0,0,0,2026-07-15T09:32:37.893858
45,2,9,0,0,0,2026-07-15T09:32:38.704758
45,2,10,0,0,0,2026-07-15T09:32:39.067601
45,3,1,4,0,4,2026-07-15T09:32:39.918027
45,3,2,4,0,4,2026-07-15T09:32:40.469793
45,3,3,4,0,4,2026-07-15T09:32:41.834808
45,3,4,4,0,4,2026-07-15T09:32:42.261404
45,3,5,4,0,4,2026-07-15T09:32:42.676853
45,3,6,4,0,4,2026-07-15T09:32:43.003267
45,3,7,4,0,4,2026-07-15T09:32:43.393975
45,3,8,4,0,4,2026-07-15T09:32:44.206283
45,3,9,4,0,4,2026-07-15T09:32:44.523996
45,3,10,4,0,4,2026-07-15T09:32:44.979455
45,4,1,0,0,0,2026-07-15T09:32:45.708073
45,4,2,0,0,0,2026-07-15T09:32:46.075488
45,4,3,0,0,0,2026-07-15T09:32:46.732729
45,4,4,0,0,0,2026-07-15T09:32:47.393034
45,4,5,0,0,0,2026-07-15T09:32:48.030656
45,4,6,0,1,0,2026-07-15T12:41:55.578255
45,4,7,0,0,0,2026-07-15T09:32:49.816550
45,4,8,0,0,0,2026-07-15T09:32:50.571249
45,4,9,0,0,0,2026-07-15T09:32:51.150820
45,4,10,0,0,0,2026-07-15T09:32:51.686758
45,5,1,2,1,2,2026-07-15T12:41:56.505912
45,5,2,2,0,2,2026-07-15T09:32:54.262388
45,5,3,2,0,2,2026-07-15T09:32:55.042152
45,5,4,4,0,4,2026-07-15T09:32:55.450393
45,5,5,4,0,4,2026-07-15T09:32:55.968572
45,5,6,2,0,2,2026-07-15T09:32:57.157157
45,5,7,2,0,2,2026-07-15T09:32:57.544523
45,5,8,2,2,2,2026-07-15T12:47:57.776942
45,5,9,4,0,4,2026-07-15T09:32:59.001228
45,5,10,2,0,2,2026-07-15T09:32:59.336037
45,6,1,0,0,0,2026-07-15T09:32:59.727752
45,6,2,0,0,0,2026-07-15T09:33:00.101372
45,6,3,0,0,0,2026-07-15T09:33:00.504660
45,6,4,0,0,0,2026-07-15T09:33:00.987759
45,6,5,0,0,0,2026-07-15T09:33:01.278450
45,6,6,0,0,0,2026-07-15T09:33:01.869095
45,6,7,0,0,0,2026-07-15T09:33:02.216133
45,6,8,0,0,0,2026-07-15T09:33:02.620346
45,6,9,0,0,0,2026-07-15T09:33:03.030178
45,6,10,0,0,0,2026-07-15T09:33:03.453185
45,7,1,5,0,5,2026-07-15T09:33:04.041029
45,7,2,5,0,5,2026-07-15T09:33:05.298956
45,7,3,5,0,5,2026-07-15T09:33:05.674493
45,7,4,5,0,5,2026-07-15T09:33:07.162890
45,7,5,5,1,5,2026-07-15T12:41:58.552025
45,7,6,5,0,5,2026-07-15T09:33:08.879522
45,7,7,5,0,5,2026-07-15T09:33:09.504208
45,7,8,5,0,5,2026-07-15T09:33:09.853137
45,7,9,5,0,5,2026-07-15T09:33:10.228621
45,7,10,5,0,5,2026-07-15T09:33:10.967838
45,8,1,0,0,0,2026-07-15T09:33:11.443743
45,8,2,0,1,0,2026-07-15T12:41:58.943765
45,8,3,0,0,0,2026-07-15T09:33:13.278014
45,8,4,0,0,0,2026-07-15T09:33:13.994873
45,8,5,0,0,0,2026-07-15T09:33:14.694861
45,8,6,0,0,0,2026-07-15T09:33:15.448337
45,8,7,0,0,0,2026-07-15T09:33:15.821211
45,8,8,0,0,0,2026-07-15T09:33:16.365331
45,8,9,0,0,0,2026-07-15T09:33:16.720132
45,8,10,0,0,0,2026-07-15T09:33:17.145083
45,9,1,5,0,5,2026-07-15T09:33:17.556557
45,9,2,5,0,5,2026-07-15T09:33:18.098052
45,9,3,5,0,5,2026-07-15T09:33:18.458862
45,9,4,4,0,4,2026-07-15T09:33:18.955513
45,9,5,5,0,5,2026-07-15T09:33:19.489434
45,9,6,5,0,5,2026-07-15T09:33:19.914545
45,9,7,5,0,5,2026-07-15T09:33:20.397957
45,9,8,5,0,5,2026-07-15T09:33:20.788635
45,9,9,5,0,5,2026-07-15T09:33:21.117559
45,9,10,5,0,5,2026-07-15T09:33:21.620964
46,1,1,4,0,4,2026-07-15T09:33:22.172130
46,1,2,4,0,4,2026-07-15T09:33:22.721596
46,1,3,4,0,4,2026-07-15T09:33:23.174731
46,1,4,4,1,4,2026-07-15T12:41:59.813426
46,1,5,4,0,4,2026-07-15T09:33:24.863479
46,1,6,4,0,4,2026-07-15T09:33:25.437857
46,1,7,4,1,4,2026-07-15T12:42:00.317021
46,1,8,4,0,4,2026-07-15T09:33:26.905616
46,1,9,4,1,4,2026-07-15T12:42:01.293870
46,1,10,4,0,4,2026-07-15T09:33:28.914908
46,2,1,0,0,0,2026-07-15T09:33:29.447705
46,2,2,0,0,0,2026-07-15T09:33:29.795401
46,2,3,0,0,0,2026-07-15T09:33:30.275413
46,2,4,0,0,0,2026-07-15T09:33:30.632172
46,2,5,0,0,0,2026-07-15T09:33:31.029123
46,2,6,0,0,0,2026-07-15T09:33:31.481990
46,2,7,0,0,0,2026-07-15T09:33:31.903531
46,2,8,0,0,0,2026-07-15T09:33:32.313085
46,2,9,0,0,0,2026-07-15T09:33:33.067022
46,2,10,0,0,0,2026-07-15T09:33:33.476179
46,3,1,4,0,4,2026-07-15T09:33:34.028481
46,3,2,3,0,3,2026-07-15T09:33:34.496636
46,3,3,4,0,4,2026-07-15T09:33:35.055458
46,3,4,4,0,4,2026-07-15T09:33:35.523419
46,3,5,4,1,4,2026-07-15T12:42:01.943163
46,3,6,4,0,4,2026-07-15T09:33:37.677244
46,3,7,4,0,4,2026-07-15T09:33:38.178921
46,3,8,4,1,4,2026-07-15T12:42:02.323824
46,3,9,3,0,3,2026-07-15T09:33:39.702169
46,3,10,4,1,4,2026-07-15T12:42:02.840225
46,4,1,0,0,0,2026-07-15T09:33:42.014224
46,4,2,0,0,0,2026-07-15T09:33:42.348784
46,4,3,0,0,0,2026-07-15T09:33:42.694193
46,4,4,0,1,0,2026-07-15T12:42:03.623643
46,4,5,0,0,0,2026-07-15T09:33:44.557635
46,4,6,0,0,0,2026-07-15T09:33:44.971055
46,4,7,0,0,0,2026-07-15T09:33:46.303764
46,4,8,0,0,0,2026-07-15T09:33:47.050951
46,4,9,0,1,0,2026-07-15T12:42:04.713435
46,4,10,0,0,0,2026-07-15T09:33:48.008494
46,5,1,4,0,4,2026-07-15T09:33:49.756262
46,5,2,4,1,4,2026-07-15T12:42:05.531155
46,5,3,4,1,4,2026-07-15T12:42:06.166765
46,5,4,4,0,4,2026-07-15T09:33:51.951442
46,5,5,4,0,4,2026-07-15T09:33:53.736274
46,5,6,4,0,4,2026-07-15T09:33:54.097235
46,5,7,4,0,4,2026-07-15T09:33:54.474273
46,5,8,4,0,4,2026-07-15T09:33:54.836836
46,5,9,4,0,4,2026-07-15T09:33:55.294771
46,5,10,4,0,4,2026-07-15T09:33:55.709272
46,6,1,0,0,0,2026-07-15T09:33:56.048297
46,6,2,0,0,0,2026-07-15T09:33:56.403735
46,6,3,0,0,0,2026-07-15T09:33:57.015570
46,6,4,0,0,0,2026-07-15T09:33:57.793094
46,6,5,0,0,0,2026-07-15T09:33:58.132226
46,6,6,0,0,0,2026-07-15T09:33:58.583955
46,6,7,0,0,0,2026-07-15T09:33:59.246843
46,6,8,0,0,0,2026-07-15T09:33:59.571387
46,6,9,0,0,0,2026-07-15T09:33:59.916828
46,6,10,0,0,0,2026-07-15T09:34:00.429581
46,7,1,5,0,5,2026-07-15T09:34:00.791783
46,7,2,5,0,5,2026-07-15T09:34:01.176544
46,7,3,5,0,5,2026-07-15T09:34:02.624159
46,7,4,5,0,5,2026-07-15T09:34:02.934733
46,7,5,5,0,5,2026-07-15T09:34:03.243591
46,7,6,5,0,5,2026-07-15T09:34:03.603314
46,7,7,5,0,5,2026-07-15T09:34:04.133652
46,7,8,5,0,5,2026-07-15T09:34:04.811434
46,7,9,5,0,5,2026-07-15T09:34:05.140550
46,7,10,5,1,5,2026-07-15T12:42:07.011546
46,8,1,0,0,0,2026-07-15T09:34:06.999433
46,8,2,0,1,0,2026-07-15T12:42:08.925550
46,8,3,0,0,0,2026-07-15T09:34:08.608953
46,8,4,0,0,0,2026-07-15T09:34:09.089386
46,8,5,0,0,0,2026-07-15T09:34:09.617265
46,8,6,0,0,0,2026-07-15T09:34:10.110467
46,8,7,0,0,0,2026-07-15T09:34:10.539412
46,8,8,0,0,0,2026-07-15T09:34:10.980484
46,8,9,0,0,0,2026-07-15T09:34:11.876491
46,8,10,0,0,0,2026-07-15T09:34:12.589255
46,9,1,5,0,5,2026-07-15T09:34:13.088467
46,9,2,5,0,5,2026-07-15T09:34:13.500171
46,9,3,5,0,5,2026-07-15T09:34:13.884121
46,9,4,5,0,5,2026-07-15T09:34:15.554428
46,9,5,5,0,5,2026-07-15T09:34:15.920118
46,9,6,5,0,5,2026-07-15T09:34:16.311154
46,9,7,5,0,5,2026-07-15T09:34:16.630882
46,9,8,5,0,5,2026-07-15T09:34:17.034147
46,9,9,5,0,5,2026-07-15T09:34:17.451629
46,9,10,5,0,5,2026-07-15T09:34:17.796823
47,1,1,5,0,5,2026-07-15T09:34:18.323693
47,1,2,4,0,4,2026-07-15T09:34:18.834055
47,1,3,4,0,4,2026-07-15T09:34:20.834237
47,1,4,5,0,5,2026-07-15T09:34:21.217834
47,1,5,5,0,5,2026-07-15T09:34:21.705578
47,1,6,4,0,4,2026-07-15T09:34:22.006084
47,1,7,5,1,5,2026-07-15T12:42:10.921170
47,1,8,5,0,5,2026-07-15T09:34:24.359841
47,1,9,5,0,5,2026-07-15T09:34:24.680743
47,1,10,4,0,4,2026-07-15T09:34:24.989394
47,2,1,0,0,0,2026-07-15T09:34:25.319124
47,2,2,0,0,0,2026-07-15T09:34:25.693361
47,2,3,0,0,0,2026-07-15T09:34:26.049889
47,2,4,0,0,0,2026-07-15T09:34:26.385785
47,2,5,0,1,0,2026-07-15T12:42:11.316976
47,2,6,0,0,0,2026-07-15T09:34:28.027826
47,2,7,0,0,0,2026-07-15T09:34:28.373173
47,2,8,0,0,0,2026-07-15T09:34:28.718792
47,2,9,0,0,0,2026-07-15T09:34:29.118647
47,2,10,0,0,0,2026-07-15T09:34:29.431195
47,3,1,4,1,4,2026-07-15T12:42:11.943707
47,3,2,4,0,4,2026-07-15T09:34:30.999853
47,3,3,2,0,2,2026-07-15T09:34:31.742136
47,3,4,2,0,2,2026-07-15T09:34:32.260499
47,3,5,2,0,2,2026-07-15T09:34:34.015731
47,3,6,2,0,2,2026-07-15T09:34:34.863140
47,3,7,2,1,2,2026-07-15T12:42:12.532587
47,3,8,4,0,4,2026-07-15T09:34:36.680520
47,3,9,4,0,4,2026-07-15T09:34:37.263575
47,3,10,2,0,2,2026-07-15T09:34:37.642323
47,4,1,0,2,0,2026-07-15T12:47:58.493780
47,4,2,0,0,0,2026-07-15T09:34:39.174310
47,4,3,0,0,0,2026-07-15T09:34:39.767408
47,4,4,0,0,0,2026-07-15T09:34:40.191076
47,4,5,0,0,0,2026-07-15T09:34:40.586318
47,4,6,0,0,0,2026-07-15T09:34:41.030806
47,4,7,0,0,0,2026-07-15T09:34:42.375618
47,4,8,0,0,0,2026-07-15T09:34:43.588820
47,4,9,0,0,0,2026-07-15T09:34:44.071756
47,4,10,0,0,0,2026-07-15T09:34:44.692390
47,5,1,0,2,0,2026-07-15T12:47:58.971980
47,5,2,2,0,2,2026-07-15T09:34:46.999758
47,5,3,0,0,0,2026-07-15T09:34:47.913548
47,5,4,2,1,2,2026-07-15T12:42:14.907611
47,5,5,2,0,2,2026-07-15T09:34:49.627172
47,5,6,2,0,2,2026-07-15T09:34:50.194840
47,5,7,2,0,2,2026-07-15T09:34:50.650369
47,5,8,2,1,2,2026-07-15T12:42:15.393456
47,5,9,0,0,0,2026-07-15T09:34:52.436162
47,5,10,2,0,2,2026-07-15T09:34:53.113075
47,6,1,0,0,0,2026-07-15T09:34:54.905279
47,6,2,0,1,0,2026-07-15T12:42:16.024534
47,6,3,0,0,0,2026-07-15T09:34:55.965351
47,6,4,0,0,0,2026-07-15T09:34:56.364559
47,6,5,0,0,0,2026-07-15T09:34:56.688228
47,6,6,0,0,0,2026-07-15T09:34:56.960047
47,6,7,0,0,0,2026-07-15T09:34:57.395405
47,6,8,0,0,0,2026-07-15T09:34:58.266633
47,6,9,0,0,0,2026-07-15T09:34:58.610165
47,6,10,0,0,0,2026-07-15T09:34:59.908325
47,7,1,5,0,5,2026-07-15T09:35:00.661267
47,7,2,5,1,5,2026-07-15T12:42:16.466857
47,7,3,5,0,5,2026-07-15T09:35:02.231506
47,7,4,5,0,5,2026-07-15T09:35:02.714275
47,7,5,5,1,5,2026-07-15T12:42:17.494573
47,7,6,5,0,5,2026-07-15T09:35:04.271392
47,7,7,5,0,5,2026-07-15T09:35:04.770744
47,7,8,5,2,5,2026-07-15T12:47:59.480261
47,7,9,5,0,5,2026-07-15T09:35:06.329188
47,7,10,5,0,5,2026-07-15T09:35:06.706988
47,8,1,0,0,0,2026-07-15T09:35:08.320056
47,8,2,0,0,0,2026-07-15T09:35:08.716157
47,8,3,0,0,0,2026-07-15T09:35:09.127992
47,8,4,0,1,0,2026-07-15T12:42:19.580237
47,8,5,0,0,0,2026-07-15T09:35:10.932762
47,8,6,0,0,0,2026-07-15T09:35:11.544823
47,8,7,0,0,0,2026-07-15T09:35:11.977246
47,8,8,0,1,0,2026-07-15T12:42:20.246271
47,8,9,0,0,0,2026-07-15T09:35:13.459190
47,8,10,0,0,0,2026-07-15T09:35:13.914467
47,9,1,5,0,5,2026-07-15T09:35:14.497988
47,9,2,5,0,5,2026-07-15T09:35:15.574923
47,9,3,5,0,5,2026-07-15T09:35:15.920975
47,9,4,5,0,5,2026-07-15T09:35:16.402411
47,9,5,5,1,5,2026-07-15T12:42:21.149705
47,9,6,5,0,5,2026-07-15T09:35:18.031027
47,9,7,5,0,5,2026-07-15T09:35:18.696185
47,9,8,5,0,5,2026-07-15T09:35:19.082473
47,9,9,5,0,5,2026-07-15T09:35:19.722274
47,9,10,5,1,5,2026-07-15T12:42:21.613860
48,1,1,5,0,5,2026-07-15T09:35:20.661339
48,1,2,4,0,4,2026-07-15T09:35:21.008032
48,1,3,5,0,5,2026-07-15T09:35:21.451302
48,1,4,4,0,4,2026-07-15T09:35:21.991227
48,1,5,5,0,5,2026-07-15T09:35:22.657212
48,1,6,5,0,5,2026-07-15T09:35:23.383593
48,1,7,4,0,4,2026-07-15T09:35:24.185349
48,1,8,5,0,5,2026-07-15T09:35:24.556863
48,1,9,5,0,5,2026-07-15T09:35:24.897658
48,1,10,4,0,4,2026-07-15T09:35:25.573803
48,2,1,0,1,0,2026-07-15T12:42:22.429261
48,2,2,0,0,0,2026-07-15T09:35:27.801545
48,2,3,0,0,0,2026-07-15T09:35:28.189194
48,2,4,0,0,0,2026-07-15T09:35:28.536609
48,2,5,0,0,0,2026-07-15T09:35:29.310945
48,2,6,0,0,0,2026-07-15T09:35:29.929566
48,2,7,0,0,0,2026-07-15T09:35:30.470637
48,2,8,0,0,0,2026-07-15T09:35:31.611140
48,2,9,0,1,0,2026-07-15T12:42:23.521368
48,2,10,0,0,0,2026-07-15T09:35:33.279884
48,3,1,2,0,2,2026-07-15T09:35:33.714706
48,3,2,2,0,2,2026-07-15T09:35:34.305176
48,3,3,2,0,2,2026-07-15T09:35:34.990507
48,3,4,2,0,2,2026-07-15T09:35:35.303456
48,3,5,2,0,2,2026-07-15T09:35:36.188304
48,3,6,2,1,2,2026-07-15T12:42:23.995700
48,3,7,2,0,2,2026-07-15T09:35:37.132106
48,3,8,2,0,2,2026-07-15T09:35:37.799399
48,3,9,2,0,2,2026-07-15T09:35:39.226454
48,3,10,2,0,2,2026-07-15T09:35:39.838422
48,4,1,0,0,0,2026-07-15T09:35:40.149934
48,4,2,0,0,0,2026-07-15T09:35:40.495130
48,4,3,0,0,0,2026-07-15T09:35:40.831117
48,4,4,0,0,0,2026-07-15T09:35:41.230349
48,4,5,0,0,0,2026-07-15T09:35:41.588771
48,4,6,0,0,0,2026-07-15T09:35:42.221206
48,4,7,0,0,0,2026-07-15T09:35:42.583158
48,4,8,0,0,0,2026-07-15T09:35:43.094723
48,4,9,0,0,0,2026-07-15T09:35:43.508069
48,4,10,0,0,0,2026-07-15T09:35:44.916232
48,5,1,5,0,5,2026-07-15T09:35:46.328037
48,5,2,5,0,5,2026-07-15T09:35:47.318744
48,5,3,4,0,4,2026-07-15T09:35:47.631557
48,5,4,4,1,4,2026-07-15T12:42:24.392057
48,5,5,4,0,4,2026-07-15T09:35:49.242329
48,5,6,5,1,5,2026-07-15T12:42:24.842149
48,5,7,5,0,5,2026-07-15T09:35:50.477015
48,5,8,4,0,4,2026-07-15T09:35:50.777304
48,5,9,5,0,5,2026-07-15T09:35:51.582069
48,5,10,5,0,5,2026-07-15T09:35:51.925330
48,6,1,0,0,0,2026-07-15T09:35:52.449508
48,6,2,0,0,0,2026-07-15T09:35:52.784137
48,6,3,0,0,0,2026-07-15T09:35:53.154351
48,6,4,0,0,0,2026-07-15T09:35:54.063603
48,6,5,0,0,0,2026-07-15T09:35:54.830701
48,6,6,0,0,0,2026-07-15T09:35:55.253046
48,6,7,0,0,0,2026-07-15T09:35:55.574329
48,6,8,0,0,0,2026-07-15T09:35:56.233972
48,6,9,0,0,0,2026-07-15T09:35:57.120089
48,6,10,0,0,0,2026-07-15T09:35:57.476443
48,7,1,5,0,5,2026-07-15T09:35:58.320034
48,7,2,5,0,5,2026-07-15T09:35:59.000120
48,7,3,5,0,5,2026-07-15T09:35:59.499020
48,7,4,5,0,5,2026-07-15T09:35:59.846288
48,7,5,5,0,5,2026-07-15T09:36:00.197120
48,7,6,5,0,5,2026-07-15T09:36:00.828641
48,7,7,5,0,5,2026-07-15T09:36:01.414926
48,7,8,5,0,5,2026-07-15T09:36:01.717673
48,7,9,5,0,5,2026-07-15T09:36:02.033420
48,7,10,5,0,5,2026-07-15T09:36:02.364372
48,8,1,0,0,0,2026-07-15T09:36:02.872514
48,8,2,0,0,0,2026-07-15T09:36:03.300232
48,8,3,0,0,0,2026-07-15T09:36:04.010664
48,8,4,0,0,0,2026-07-15T09:36:04.333632
48,8,5,0,0,0,2026-07-15T09:36:04.778244
48,8,6,0,0,0,2026-07-15T09:36:05.184631
48,8,7,0,0,0,2026-07-15T09:36:05.682255
48,8,8,0,0,0,2026-07-15T09:36:06.141600
48,8,9,0,0,0,2026-07-15T09:36:06.568398
48,8,10,0,0,0,2026-07-15T09:36:07.287846
48,9,1,5,0,5,2026-07-15T09:36:07.754370
48,9,2,5,0,5,2026-07-15T09:36:08.254409
48,9,3,5,0,5,2026-07-15T09:36:08.618387
48,9,4,5,0,5,2026-07-15T09:36:09.118534
48,9,5,5,0,5,2026-07-15T09:36:09.515336
48,9,6,5,0,5,2026-07-15T09:36:09.851295
48,9,7,5,0,5,2026-07-15T09:36:10.171230
48,9,8,5,0,5,2026-07-15T09:36:10.573905
48,9,9,5,0,5,2026-07-15T09:36:11.232017
48,9,10,5,0,5,2026-07-15T09:36:11.937468
49,1,1,4,0,4,2026-07-15T09:36:12.580288
49,1,2,4,1,4,2026-07-15T12:42:25.366711
49,1,3,4,1,4,2026-07-15T12:42:25.841806
49,1,4,4,0,4,2026-07-15T09:36:15.319056
49,1,5,4,0,4,2026-07-15T09:36:15.999519
49,1,6,4,0,4,2026-07-15T09:36:16.428184
49,1,7,4,0,4,2026-07-15T09:36:17.085247
49,1,8,4,0,4,2026-07-15T09:36:17.567266
49,1,9,4,0,4,2026-07-15T09:36:18.295581
49,1,10,4,0,4,2026-07-15T09:36:18.776704
49,2,1,0,0,0,2026-07-15T09:36:19.131454
49,2,2,0,0,0,2026-07-15T09:36:19.515821
49,2,3,0,1,0,2026-07-15T12:42:26.709435
49,2,4,0,0,0,2026-07-15T09:36:21.433814
49,2,5,0,0,0,2026-07-15T09:36:21.797004
49,2,6,0,0,0,2026-07-15T09:36:22.763309
49,2,7,0,0,0,2026-07-15T09:36:23.734514
49,2,8,0,1,0,2026-07-15T12:42:27.213276
49,2,9,0,0,0,2026-07-15T09:36:25.301447
49,2,10,0,0,0,2026-07-15T09:36:25.691825
49,3,1,2,0,2,2026-07-15T09:36:26.007205
49,3,2,2,0,2,2026-07-15T09:36:26.487204
49,3,3,2,0,2,2026-07-15T09:36:27.028611
49,3,4,2,0,2,2026-07-15T09:36:27.600524
49,3,5,2,0,2,2026-07-15T09:36:27.942079
49,3,6,2,0,2,2026-07-15T09:36:28.611876
49,3,7,2,3,2,2026-07-15T12:48:19.445429
49,3,8,2,0,2,2026-07-15T09:36:30.187159
49,3,9,2,0,2,2026-07-15T09:36:31.091289
49,3,10,2,0,2,2026-07-15T09:36:31.430103
49,4,1,0,1,0,2026-07-15T12:42:29.015404
49,4,2,0,1,0,2026-07-15T12:42:29.562485
49,4,3,0,1,0,2026-07-15T12:42:29.929049
49,4,4,0,0,0,2026-07-15T09:36:34.448765
49,4,5,0,0,0,2026-07-15T09:36:34.794629
49,4,6,0,1,0,2026-07-15T12:42:30.397230
49,4,7,0,0,0,2026-07-15T09:36:35.742000
49,4,8,0,0,0,2026-07-15T09:36:36.169489
49,4,9,0,0,0,2026-07-15T09:36:36.515978
49,4,10,0,0,0,2026-07-15T09:36:36.830308
49,5,1,4,1,4,2026-07-15T12:42:31.490361
49,5,2,4,0,4,2026-07-15T09:36:38.594590
49,5,3,4,0,4,2026-07-15T09:36:39.172271
49,5,4,4,0,4,2026-07-15T09:36:39.636747
49,5,5,4,1,4,2026-07-15T12:42:31.933900
49,5,6,4,0,4,2026-07-15T09:36:41.912163
49,5,7,4,1,4,2026-07-15T12:42:32.451943
49,5,8,4,0,4,2026-07-15T09:36:43.577543
49,5,9,4,0,4,2026-07-15T09:36:43.879268
49,5,10,4,0,4,2026-07-15T09:36:44.578797
49,6,1,0,0,0,2026-07-15T09:36:45.019958
49,6,2,0,0,0,2026-07-15T09:36:45.435048
49,6,3,0,0,0,2026-07-15T09:36:45.762094
49,6,4,0,0,0,2026-07-15T09:36:46.145412
49,6,5,0,0,0,2026-07-15T09:36:47.169392
49,6,6,0,0,0,2026-07-15T09:36:47.612604
49,6,7,0,0,0,2026-07-15T09:36:48.264877
49,6,8,0,0,0,2026-07-15T09:36:48.784579
49,6,9,0,0,0,2026-07-15T09:36:49.105014
49,6,10,0,0,0,2026-07-15T09:36:49.395776
49,7,1,5,0,5,2026-07-15T09:36:50.011639
49,7,2,5,0,5,2026-07-15T09:36:50.478471
49,7,3,5,0,5,2026-07-15T09:36:50.824158
49,7,4,5,0,5,2026-07-15T09:36:51.166305
49,7,5,5,0,5,2026-07-15T09:36:52.213691
49,7,6,5,0,5,2026-07-15T09:36:52.656245
49,7,7,5,0,5,2026-07-15T09:36:53.117724
49,7,8,5,0,5,2026-07-15T09:36:53.509207
49,7,9,5,0,5,2026-07-15T09:36:53.870185
49,7,10,5,0,5,2026-07-15T09:36:54.430792
49,8,1,0,0,0,2026-07-15T09:36:54.782586
49,8,2,0,0,0,2026-07-15T09:36:55.408513
49,8,3,0,0,0,2026-07-15T09:36:55.876615
49,8,4,0,1,0,2026-07-15T12:42:33.182245
49,8,5,0,0,0,2026-07-15T09:36:57.401251
49,8,6,0,1,0,2026-07-15T12:42:33.847881
49,8,7,0,0,0,2026-07-15T09:36:59.266907
49,8,8,0,0,0,2026-07-15T09:36:59.750099
49,8,9,0,0,0,2026-07-15T09:37:00.238119
49,8,10,0,0,0,2026-07-15T09:37:00.944307
49,9,1,5,1,5,2026-07-15T12:42:34.272500
49,9,2,5,0,5,2026-07-15T09:37:02.488550
49,9,3,5,0,5,2026-07-15T09:37:03.879585
49,9,4,5,0,5,2026-07-15T09:37:04.411919
49,9,5,5,0,5,2026-07-15T09:37:05.146482
49,9,6,5,0,5,2026-07-15T09:37:05.659955
49,9,7,5,0,5,2026-07-15T09:37:06.055196
49,9,8,5,0,5,2026-07-15T09:37:06.612494
49,9,9,5,0,5,2026-07-15T09:37:06.975886
49,9,10,5,0,5,2026-07-15T09:37:07.696253
50,1,1,4,0,4,2026-07-15T09:37:08.047214
50,1,2,5,0,5,2026-07-15T09:37:08.532048
50,1,3,5,0,5,2026-07-15T09:37:08.898362
50,1,4,5,0,5,2026-07-15T09:37:09.269868
50,1,5,5,0,5,2026-07-15T09:37:09.670884
50,1,6,4,0,4,2026-07-15T09:37:10.166240
50,1,7,5,0,5,2026-07-15T09:37:10.533190
50,1,8,5,0,5,2026-07-15T09:37:11.126234
50,1,9,5,0,5,2026-07-15T09:37:11.430960
50,1,10,4,0,4,2026-07-15T09:37:11.865865
50,2,1,0,0,0,2026-07-15T09:37:12.194619
50,2,2,0,0,0,2026-07-15T09:37:12.555601
50,2,3,0,0,0,2026-07-15T09:37:12.889875
50,2,4,0,0,0,2026-07-15T09:37:13.274325
50,2,5,0,0,0,2026-07-15T09:37:13.720527
50,2,6,0,0,0,2026-07-15T09:37:14.717290
50,2,7,0,0,0,2026-07-15T09:37:15.263237
50,2,8,0,0,0,2026-07-15T09:37:15.605095
50,2,9,0,0,0,2026-07-15T09:37:16.267311
50,2,10,0,0,0,2026-07-15T09:37:16.977900
50,3,1,4,0,4,2026-07-15T09:37:17.795943
50,3,2,4,0,4,2026-07-15T09:37:18.420286
50,3,3,4,0,4,2026-07-15T09:37:18.879933
50,3,4,4,0,4,2026-07-15T09:37:19.393679
50,3,5,4,0,4,2026-07-15T09:37:20.005867
50,3,6,4,0,4,2026-07-15T09:37:20.315340
50,3,7,4,0,4,2026-07-15T09:37:20.671498
50,3,8,4,0,4,2026-07-15T09:37:21.383517
50,3,9,4,0,4,2026-07-15T09:37:21.749824
50,3,10,4,0,4,2026-07-15T09:37:22.212967
50,4,1,0,0,0,2026-07-15T09:37:22.690122
50,4,2,0,0,0,2026-07-15T09:37:23.029187
50,4,3,0,0,0,2026-07-15T09:37:23.691646
50,4,4,0,1,0,2026-07-15T12:42:34.722725
50,4,5,0,0,0,2026-07-15T09:37:24.516330
50,4,6,0,0,0,2026-07-15T09:37:24.906235
50,4,7,0,0,0,2026-07-15T09:37:25.971346
50,4,8,0,0,0,2026-07-15T09:37:27.583872
50,4,9,0,0,0,2026-07-15T09:37:28.052257
50,4,10,0,1,0,2026-07-15T12:42:35.927406
50,5,1,4,0,4,2026-07-15T09:37:29.118103
50,5,2,4,0,4,2026-07-15T09:37:29.931944
50,5,3,2,0,2,2026-07-15T09:37:30.708668
50,5,4,4,0,4,2026-07-15T09:37:31.178139
50,5,5,2,0,2,2026-07-15T09:37:31.840699
50,5,6,4,0,4,2026-07-15T09:37:32.622370
50,5,7,2,0,2,2026-07-15T09:37:32.964577
50,5,8,4,0,4,2026-07-15T09:37:33.603456
50,5,9,4,0,4,2026-07-15T09:37:34.054056
50,5,10,2,0,2,2026-07-15T09:37:34.415290
50,6,1,0,0,0,2026-07-15T09:37:34.730502
50,6,2,0,0,0,2026-07-15T09:37:35.163527
50,6,3,0,0,0,2026-07-15T09:37:35.509717
50,6,4,0,0,0,2026-07-15T09:37:35.952785
50,6,5,0,0,0,2026-07-15T09:37:36.523457
50,6,6,0,0,0,2026-07-15T09:37:36.912600
50,6,7,0,0,0,2026-07-15T09:37:37.263803
50,6,8,0,0,0,2026-07-15T09:37:37.747575
50,6,9,0,0,0,2026-07-15T09:37:38.308859
50,6,10,0,1,0,2026-07-15T12:42:36.430722
50,7,1,5,0,5,2026-07-15T09:37:40.281251
50,7,2,5,1,5,2026-07-15T12:42:37.196487
50,7,3,5,0,5,2026-07-15T09:37:41.771006
50,7,4,5,0,5,2026-07-15T09:37:42.276956
50,7,5,5,0,5,2026-07-15T09:37:42.651036
50,7,6,5,0,5,2026-07-15T09:37:43.247821
50,7,7,5,0,5,2026-07-15T09:37:43.560138
50,7,8,5,0,5,2026-07-15T09:37:44.130993
50,7,9,5,0,5,2026-07-15T09:37:44.671383
50,7,10,5,0,5,2026-07-15T09:37:45.030497
50,8,1,0,0,0,2026-07-15T09:37:45.526550
50,8,2,0,0,0,2026-07-15T09:37:45.835150
50,8,3,0,0,0,2026-07-15T09:37:46.475011
50,8,4,0,0,0,2026-07-15T09:37:46.843652
50,8,5,0,0,0,2026-07-15T09:37:47.159012
50,8,6,0,0,0,2026-07-15T09:37:47.490623
50,8,7,0,0,0,2026-07-15T09:37:48.085728
50,8,8,0,0,0,2026-07-15T09:37:48.401486
50,8,9,0,0,0,2026-07-15T09:37:48.986052
50,8,10,0,0,0,2026-07-15T09:37:49.435887
50,9,1,5,0,5,2026-07-15T09:37:49.782440
50,9,2,5,0,5,2026-07-15T09:37:50.528128
50,9,3,5,0,5,2026-07-15T09:37:50.923094
50,9,4,5,0,5,2026-07-15T09:37:51.561972
50,9,5,5,0,5,2026-07-15T09:37:52.316197
50,9,6,5,0,5,2026-07-15T09:37:52.728633
50,9,7,5,0,5,2026-07-15T09:37:53.190084
50,9,8,5,0,5,2026-07-15T09:37:53.953012
50,9,9,5,0,5,2026-07-15T09:37:55.420395
50,9,10,5,0,5,2026-07-15T09:37:55.947900
51,1,1,4,0,4,2026-07-15T09:37:56.490947
51,1,2,4,0,4,2026-07-15T09:37:56.973743
51,1,3,4,0,4,2026-07-15T09:37:57.318363
51,1,4,4,0,4,2026-07-15T09:37:57.755360
51,1,5,4,0,4,2026-07-15T09:37:58.217566
51,1,6,4,0,4,2026-07-15T09:37:58.523976
51,1,7,4,0,4,2026-07-15T09:37:59.363698
51,1,8,4,0,4,2026-07-15T09:37:59.818021
51,1,9,4,0,4,2026-07-15T09:38:00.128230
51,1,10,4,1,4,2026-07-15T12:42:37.788508
51,2,1,0,0,0,2026-07-15T09:38:01.684340
51,2,2,0,0,0,2026-07-15T09:38:02.246496
51,2,3,0,0,0,2026-07-15T09:38:02.581222
51,2,4,0,0,0,2026-07-15T09:38:02.914813
51,2,5,0,0,0,2026-07-15T09:38:03.411945
51,2,6,0,0,0,2026-07-15T09:38:03.857572
51,2,7,0,0,0,2026-07-15T09:38:04.195216
51,2,8,0,0,0,2026-07-15T09:38:04.799358
51,2,9,0,0,0,2026-07-15T09:38:05.214362
51,2,10,0,0,0,2026-07-15T09:38:05.745425
51,3,1,4,0,4,2026-07-15T09:38:06.457216
51,3,2,4,0,4,2026-07-15T09:38:06.807309
51,3,3,4,0,4,2026-07-15T09:38:07.325457
51,3,4,4,0,4,2026-07-15T09:38:08.140562
51,3,5,4,0,4,2026-07-15T09:38:08.550614
51,3,6,3,0,3,2026-07-15T09:38:09.090478
51,3,7,2,0,2,2026-07-15T09:38:09.451669
51,3,8,4,0,4,2026-07-15T09:38:09.880638
51,3,9,2,0,2,2026-07-15T09:38:10.510264
51,3,10,2,0,2,2026-07-15T09:38:10.995970
51,4,1,0,0,0,2026-07-15T09:38:12.711662
51,4,2,0,0,0,2026-07-15T09:38:14.020378
51,4,3,0,0,0,2026-07-15T09:38:14.465343
51,4,4,0,0,0,2026-07-15T09:38:14.957762
51,4,5,0,0,0,2026-07-15T09:38:15.292246
51,4,6,0,0,0,2026-07-15T09:38:15.924920
51,4,7,0,0,0,2026-07-15T09:38:17.441309
51,4,8,0,0,0,2026-07-15T09:38:19.015506
51,4,9,0,0,0,2026-07-15T09:38:19.393868
51,4,10,0,0,0,2026-07-15T09:38:19.687331
51,5,1,4,0,4,2026-07-15T09:38:20.129547
51,5,2,4,0,4,2026-07-15T09:38:20.671953
51,5,3,4,0,4,2026-07-15T09:38:21.690391
51,5,4,2,0,2,2026-07-15T09:38:22.650805
51,5,5,4,0,4,2026-07-15T09:38:25.191390
51,5,6,4,0,4,2026-07-15T09:38:25.494306
51,5,7,4,0,4,2026-07-15T09:38:26.285769
51,5,8,2,0,2,2026-07-15T09:38:27.409241
51,5,9,4,0,4,2026-07-15T09:38:27.981988
51,5,10,4,0,4,2026-07-15T09:38:29.046786
51,6,1,0,0,0,2026-07-15T09:38:30.732525
51,6,2,0,0,0,2026-07-15T09:38:31.225229
51,6,3,0,0,0,2026-07-15T09:38:31.743238
51,6,4,0,1,0,2026-07-15T12:42:38.421763
51,6,5,0,0,0,2026-07-15T09:38:34.140383
51,6,6,0,0,0,2026-07-15T09:38:37.224190
51,6,7,0,0,0,2026-07-15T09:38:38.128771
51,6,8,0,0,0,2026-07-15T09:38:38.735334
51,6,9,0,0,0,2026-07-15T09:38:40.759174
51,6,10,0,0,0,2026-07-15T09:38:41.128451
51,7,1,5,0,5,2026-07-15T09:38:41.495216
51,7,2,5,0,5,2026-07-15T09:38:42.359955
51,7,3,5,0,5,2026-07-15T09:38:43.113864
51,7,4,5,0,5,2026-07-15T09:38:43.880404
51,7,5,5,0,5,2026-07-15T09:38:44.186998
51,7,6,5,0,5,2026-07-15T09:38:44.767014
51,7,7,5,0,5,2026-07-15T09:38:45.343608
51,7,8,5,0,5,2026-07-15T09:38:45.664442
51,7,9,5,0,5,2026-07-15T09:38:46.088588
51,7,10,5,0,5,2026-07-15T09:38:46.470520
51,8,1,0,0,0,2026-07-15T09:38:46.842632
51,8,2,0,0,0,2026-07-15T09:38:47.291676
51,8,3,0,0,0,2026-07-15T09:38:48.133145
51,8,4,0,0,0,2026-07-15T09:38:48.490946
51,8,5,0,0,0,2026-07-15T09:38:48.969901
51,8,6,0,0,0,2026-07-15T09:38:49.949451
51,8,7,0,0,0,2026-07-15T09:38:50.556754
51,8,8,0,0,0,2026-07-15T09:38:51.427429
51,8,9,0,0,0,2026-07-15T09:38:51.769352
51,8,10,0,0,0,2026-07-15T09:38:52.319723
51,9,1,5,0,5,2026-07-15T09:38:52.806704
51,9,2,5,0,5,2026-07-15T09:38:53.403343
51,9,3,5,0,5,2026-07-15T09:38:53.885652
51,9,4,5,0,5,2026-07-15T09:38:54.226470
51,9,5,5,1,5,2026-07-15T12:42:39.081245
51,9,6,5,0,5,2026-07-15T09:38:55.784022
51,9,7,5,0,5,2026-07-15T09:38:56.645104
51,9,8,5,0,5,2026-07-15T09:38:58.144508
51,9,9,5,0,5,2026-07-15T09:38:58.671197
51,9,10,5,0,5,2026-07-15T09:38:59.027335
52,1,1,4,0,4,2026-07-15T09:39:00.266805
52,1,2,4,0,4,2026-07-15T09:39:00.792857
52,1,3,4,0,4,2026-07-15T09:39:01.290124
52,1,4,4,0,4,2026-07-15T09:39:01.591636
52,1,5,4,0,4,2026-07-15T09:39:01.929173
52,1,6,4,0,4,2026-07-15T09:39:02.379990
52,1,7,4,0,4,2026-07-15T09:39:02.950535
52,1,8,4,0,4,2026-07-15T09:39:03.474579
52,1,9,4,0,4,2026-07-15T09:39:04.046015
52,1,10,4,0,4,2026-07-15T09:39:05.018956
52,2,1,0,0,0,2026-07-15T09:39:06.096508
52,2,2,0,0,0,2026-07-15T09:39:09.173534
52,2,3,0,0,0,2026-07-15T09:39:09.780866
52,2,4,0,0,0,2026-07-15T09:39:10.483572
52,2,5,0,0,0,2026-07-15T09:39:11.041874
52,2,6,0,0,0,2026-07-15T09:39:11.664337
52,2,7,0,0,0,2026-07-15T09:39:12.189746
52,2,8,0,0,0,2026-07-15T09:39:12.581144
52,2,9,0,0,0,2026-07-15T09:39:12.905853
52,2,10,0,0,0,2026-07-15T09:39:13.282388
52,3,1,2,0,2,2026-07-15T09:39:13.883965
52,3,2,2,0,2,2026-07-15T09:39:14.184910
52,3,3,2,0,2,2026-07-15T09:39:14.620717
52,3,4,2,0,2,2026-07-15T09:39:15.734910
52,3,5,2,0,2,2026-07-15T09:39:16.223232
52,3,6,2,0,2,2026-07-15T09:39:16.755266
52,3,7,4,0,4,2026-07-15T09:39:17.159150
52,3,8,2,0,2,2026-07-15T09:39:17.669621
52,3,9,2,0,2,2026-07-15T09:39:18.264684
52,3,10,2,0,2,2026-07-15T09:39:18.790976
52,4,1,0,0,0,2026-07-15T09:39:19.530909
52,4,2,0,0,0,2026-07-15T09:39:20.616851
52,4,3,0,0,0,2026-07-15T09:39:21.619238
52,4,4,0,0,0,2026-07-15T09:39:22.061781
52,4,5,0,0,0,2026-07-15T09:39:22.395787
52,4,6,0,0,0,2026-07-15T09:39:23.755043
52,4,7,0,0,0,2026-07-15T09:39:24.238859
52,4,8,0,0,0,2026-07-15T09:39:24.568689
52,4,9,0,0,0,2026-07-15T09:39:24.959362
52,4,10,0,0,0,2026-07-15T09:39:25.389884
52,5,1,4,0,4,2026-07-15T09:39:25.815782
52,5,2,4,0,4,2026-07-15T09:39:26.348896
52,5,3,4,0,4,2026-07-15T09:39:26.744029
52,5,4,4,0,4,2026-07-15T09:39:27.560490
52,5,5,4,0,4,2026-07-15T09:39:28.416589
52,5,6,4,0,4,2026-07-15T09:39:29.213328
52,5,7,4,0,4,2026-07-15T09:39:29.684574
52,5,8,4,0,4,2026-07-15T09:39:30.015907
52,5,9,4,0,4,2026-07-15T09:39:30.589350
52,5,10,4,0,4,2026-07-15T09:39:31.359282
52,6,1,0,0,0,2026-07-15T09:39:31.860666
52,6,2,0,0,0,2026-07-15T09:39:32.290247
52,6,3,0,0,0,2026-07-15T09:39:33.675866
52,6,4,0,0,0,2026-07-15T09:39:34.167468
52,6,5,0,0,0,2026-07-15T09:39:34.508931
52,6,6,0,0,0,2026-07-15T09:39:34.891104
52,6,7,0,0,0,2026-07-15T09:39:35.318890
52,6,8,0,0,0,2026-07-15T09:39:35.832997
52,6,9,0,0,0,2026-07-15T09:39:36.180460
52,6,10,0,0,0,2026-07-15T09:39:36.860596
52,7,1,5,0,5,2026-07-15T09:39:38.210386
52,7,2,5,0,5,2026-07-15T09:39:41.217148
52,7,3,5,0,5,2026-07-15T09:39:41.630697
52,7,4,5,0,5,2026-07-15T09:39:42.437239
52,7,5,5,0,5,2026-07-15T09:39:42.803318
52,7,6,5,0,5,2026-07-15T09:39:43.481825
52,7,7,5,0,5,2026-07-15T09:39:44.256951
52,7,8,5,0,5,2026-07-15T09:39:45.068646
52,7,9,5,0,5,2026-07-15T09:39:45.503393
52,7,10,5,0,5,2026-07-15T09:39:45.845930
52,8,1,4,0,4,2026-07-15T09:39:46.521165
52,8,2,4,1,4,2026-07-15T12:42:39.541838
52,8,3,4,0,4,2026-07-15T09:39:48.146441
52,8,4,4,0,4,2026-07-15T09:39:48.605944
52,8,5,2,0,2,2026-07-15T09:39:49.367144
52,8,6,2,0,2,2026-07-15T09:39:50.157976
52,8,7,2,0,2,2026-07-15T09:39:50.512873
52,8,8,2,0,2,2026-07-15T09:39:50.969495
52,8,9,2,0,2,2026-07-15T09:39:51.354176
52,8,10,4,0,4,2026-07-15T09:39:52.583427
52,9,1,5,0,5,2026-07-15T09:39:53.757145
52,9,2,5,0,5,2026-07-15T09:39:54.115339
52,9,3,5,0,5,2026-07-15T09:39:54.667171
52,9,4,5,0,5,2026-07-15T09:39:55.310093
52,9,5,5,0,5,2026-07-15T09:39:56.335859
52,9,6,5,0,5,2026-07-15T09:39:56.994168
52,9,7,5,0,5,2026-07-15T09:39:58.197361
52,9,8,5,0,5,2026-07-15T09:39:58.604528
52,9,9,5,0,5,2026-07-15T09:39:59.272921
52,9,10,5,0,5,2026-07-15T09:39:59.711754
53,1,1,5,0,5,2026-07-15T09:40:00.119292
53,1,2,5,0,5,2026-07-15T09:40:00.485897
53,1,3,5,0,5,2026-07-15T09:40:00.928753
53,1,4,4,0,4,2026-07-15T09:40:01.382410
53,1,5,4,0,4,2026-07-15T09:40:01.923288
53,1,6,4,0,4,2026-07-15T09:40:02.516776
53,1,7,4,0,4,2026-07-15T09:40:02.827887
53,1,8,5,0,5,2026-07-15T09:40:03.495983
53,1,9,5,0,5,2026-07-15T09:40:04.171974
53,1,10,4,0,4,2026-07-15T09:40:06.059515
53,2,1,0,0,0,2026-07-15T09:40:06.408085
53,2,2,0,0,0,2026-07-15T09:40:07.226637
53,2,3,0,0,0,2026-07-15T09:40:07.671117
53,2,4,0,1,0,2026-07-15T12:42:40.035823
53,2,5,0,0,0,2026-07-15T09:40:08.768040
53,2,6,0,0,0,2026-07-15T09:40:09.267310
53,2,7,0,0,0,2026-07-15T09:40:09.754428
53,2,8,0,0,0,2026-07-15T09:40:10.426505
53,2,9,0,0,0,2026-07-15T09:40:11.098757
53,2,10,0,0,0,2026-07-15T09:40:11.413605
53,3,1,4,0,4,2026-07-15T09:40:12.094233
53,3,2,4,1,4,2026-07-15T12:42:40.389143
53,3,3,4,0,4,2026-07-15T09:40:14.876284
53,3,4,4,0,4,2026-07-15T09:40:15.411153
53,3,5,4,0,4,2026-07-15T09:40:15.828396
53,3,6,4,0,4,2026-07-15T09:40:16.186375
53,3,7,4,1,4,2026-07-15T12:42:41.824254
53,3,8,4,0,4,2026-07-15T09:40:17.898396
53,3,9,4,1,4,2026-07-15T12:42:45.017479
53,3,10,4,0,4,2026-07-15T09:40:19.408442
53,4,1,0,0,0,2026-07-15T09:40:20.522448
53,4,2,0,0,0,2026-07-15T09:40:21.492249
53,4,3,0,0,0,2026-07-15T09:40:21.926878
53,4,4,0,1,0,2026-07-15T12:42:45.531091
53,4,5,0,0,0,2026-07-15T09:40:23.700633
53,4,6,0,0,0,2026-07-15T09:40:24.298920
53,4,7,0,0,0,2026-07-15T09:40:25.884829
53,4,8,0,2,0,2026-07-15T12:48:01.588888
53,4,9,0,0,0,2026-07-15T09:40:28.362556
53,4,10,0,0,0,2026-07-15T09:40:29.028704
53,5,1,4,0,4,2026-07-15T09:40:29.681222
53,5,2,4,0,4,2026-07-15T09:40:30.578070
53,5,3,4,0,4,2026-07-15T09:40:31.162788
53,5,4,4,1,4,2026-07-15T12:42:47.363516
53,5,5,4,0,4,2026-07-15T09:40:33.885410
53,5,6,4,0,4,2026-07-15T09:40:34.747996
53,5,7,4,0,4,2026-07-15T09:40:35.370783
53,5,8,4,0,4,2026-07-15T09:40:35.950467
53,5,9,4,2,4,2026-07-15T12:48:02.253036
53,5,10,4,0,4,2026-07-15T09:40:38.019564
53,6,1,0,0,0,2026-07-15T09:40:38.585830
53,6,2,0,0,0,2026-07-15T09:40:38.922053
53,6,3,0,0,0,2026-07-15T09:40:39.301743
53,6,4,0,0,0,2026-07-15T09:40:39.840864
53,6,5,0,0,0,2026-07-15T09:40:40.184980
53,6,6,0,0,0,2026-07-15T09:40:40.591288
53,6,7,0,0,0,2026-07-15T09:40:41.142558
53,6,8,0,0,0,2026-07-15T09:40:41.638362
53,6,9,0,0,0,2026-07-15T09:40:41.947761
53,6,10,0,0,0,2026-07-15T09:40:42.254518
53,7,1,5,0,5,2026-07-15T09:40:42.672478
53,7,2,5,0,5,2026-07-15T09:40:43.557322
53,7,3,5,0,5,2026-07-15T09:40:44.144214
53,7,4,5,0,5,2026-07-15T09:40:44.654448
53,7,5,5,0,5,2026-07-15T09:40:45.144764
53,7,6,5,0,5,2026-07-15T09:40:45.524750
53,7,7,5,0,5,2026-07-15T09:40:46.373487
53,7,8,5,1,5,2026-07-15T12:42:49.320216
53,7,9,5,0,5,2026-07-15T09:40:48.208458
53,7,10,5,0,5,2026-07-15T09:40:48.727999
53,8,1,0,0,0,2026-07-15T09:40:49.359541
53,8,2,0,1,0,2026-07-15T12:42:50.320382
53,8,3,0,0,0,2026-07-15T09:40:51.481320
53,8,4,0,0,0,2026-07-15T09:40:51.838580
53,8,5,0,0,0,2026-07-15T09:40:52.341309
53,8,6,0,1,0,2026-07-15T12:42:50.946412
53,8,7,0,1,0,2026-07-15T12:42:51.459914
53,8,8,0,0,0,2026-07-15T09:40:54.610530
53,8,9,0,0,0,2026-07-15T09:40:55.115206
53,8,10,0,0,0,2026-07-15T09:40:55.417816
53,9,1,5,0,5,2026-07-15T09:40:55.755600
53,9,2,5,0,5,2026-07-15T09:40:56.108959
53,9,3,5,1,5,2026-07-15T12:42:52.046491
53,9,4,5,0,5,2026-07-15T09:40:57.741179
53,9,5,5,0,5,2026-07-15T09:40:58.235341
53,9,6,5,0,5,2026-07-15T09:40:58.862100
53,9,7,5,0,5,2026-07-15T09:40:59.801611
53,9,8,5,0,5,2026-07-15T09:41:00.200380
53,9,9,5,0,5,2026-07-15T09:41:00.631005
53,9,10,5,0,5,2026-07-15T09:41:01.347552
54,1,1,4,0,4,2026-07-15T09:41:02.112930
54,1,2,5,0,5,2026-07-15T09:41:02.615121
54,1,3,4,0,4,2026-07-15T09:41:03.039037
54,1,4,5,0,5,2026-07-15T09:41:03.526550
54,1,5,4,0,4,2026-07-15T09:41:03.961798
54,1,6,4,0,4,2026-07-15T09:41:04.376882
54,1,7,4,0,4,2026-07-15T09:41:04.985005
54,1,8,4,0,4,2026-07-15T09:41:05.522412
54,1,9,5,0,5,2026-07-15T09:41:06.497505
54,1,10,4,0,4,2026-07-15T09:41:06.944157
54,2,1,0,0,0,2026-07-15T09:41:07.345695
54,2,2,0,0,0,2026-07-15T09:41:07.869251
54,2,3,0,0,0,2026-07-15T09:41:08.240629
54,2,4,0,0,0,2026-07-15T09:41:09.180481
54,2,5,0,0,0,2026-07-15T09:41:09.539657
54,2,6,0,0,0,2026-07-15T09:41:10.235519
54,2,7,0,0,0,2026-07-15T09:41:10.937514
54,2,8,0,0,0,2026-07-15T09:41:11.528089
54,2,9,0,0,0,2026-07-15T09:41:11.892689
54,2,10,0,0,0,2026-07-15T09:41:12.200658
54,3,1,2,0,2,2026-07-15T09:41:12.691059
54,3,2,2,0,2,2026-07-15T09:41:13.862536
54,3,3,2,0,2,2026-07-15T09:41:14.473577
54,3,4,2,0,2,2026-07-15T09:41:15.069071
54,3,5,2,0,2,2026-07-15T09:41:15.652507
54,3,6,2,0,2,2026-07-15T09:41:16.055611
54,3,7,2,0,2,2026-07-15T09:41:16.482809
54,3,8,2,0,2,2026-07-15T09:41:16.911445
54,3,9,0,0,0,2026-07-15T09:41:17.396934
54,3,10,2,0,2,2026-07-15T09:41:17.754264
54,4,1,0,0,0,2026-07-15T09:41:18.214010
54,4,2,0,0,0,2026-07-15T09:41:18.574596
54,4,3,0,0,0,2026-07-15T09:41:18.899969
54,4,4,0,0,0,2026-07-15T09:41:19.251027
54,4,5,0,0,0,2026-07-15T09:41:19.904657
54,4,6,0,0,0,2026-07-15T09:41:20.432628
54,4,7,0,0,0,2026-07-15T09:41:20.967344
54,4,8,0,0,0,2026-07-15T09:41:21.381741
54,4,9,0,0,0,2026-07-15T09:41:21.996455
54,4,10,0,0,0,2026-07-15T09:41:22.327610
54,5,1,5,0,5,2026-07-15T09:41:22.845514
54,5,2,4,0,4,2026-07-15T09:41:23.263927
54,5,3,4,0,4,2026-07-15T09:41:23.946644
54,5,4,4,0,4,2026-07-15T09:41:24.475806
54,5,5,5,0,5,2026-07-15T09:41:25.069245
54,5,6,4,0,4,2026-07-15T09:41:25.499881
54,5,7,4,0,4,2026-07-15T09:41:26.084209
54,5,8,4,0,4,2026-07-15T09:41:26.429058
54,5,9,4,0,4,2026-07-15T09:41:26.884828
54,5,10,5,1,5,2026-07-15T12:42:52.673416
54,6,1,0,0,0,2026-07-15T09:41:29.541726
54,6,2,0,0,0,2026-07-15T09:41:30.190152
54,6,3,0,0,0,2026-07-15T09:41:30.734372
54,6,4,0,0,0,2026-07-15T09:41:31.087490
54,6,5,0,0,0,2026-07-15T09:41:31.431306
54,6,6,0,0,0,2026-07-15T09:41:32.532773
54,6,7,0,0,0,2026-07-15T09:41:32.895477
54,6,8,0,0,0,2026-07-15T09:41:33.572645
54,6,9,0,0,0,2026-07-15T09:41:33.924197
54,6,10,0,0,0,2026-07-15T09:41:34.318262
54,7,1,5,0,5,2026-07-15T09:41:34.989653
54,7,2,5,0,5,2026-07-15T09:41:35.710635
54,7,3,5,0,5,2026-07-15T09:41:36.255756
54,7,4,5,0,5,2026-07-15T09:41:36.713882
54,7,5,5,0,5,2026-07-15T09:41:37.049220
54,7,6,5,0,5,2026-07-15T09:41:37.727120
54,7,7,5,0,5,2026-07-15T09:41:38.599961
54,7,8,5,0,5,2026-07-15T09:41:38.931681
54,7,9,5,1,5,2026-07-15T12:42:53.081793
54,7,10,5,0,5,2026-07-15T09:41:40.778913
54,8,1,0,0,0,2026-07-15T09:41:41.181415
54,8,2,0,0,0,2026-07-15T09:41:41.595342
54,8,3,0,0,0,2026-07-15T09:41:42.063300
54,8,4,0,0,0,2026-07-15T09:41:42.595214
54,8,5,0,0,0,2026-07-15T09:41:43.703918
54,8,6,0,0,0,2026-07-15T09:41:44.101331
54,8,7,0,0,0,2026-07-15T09:41:44.518271
54,8,8,0,0,0,2026-07-15T09:41:44.917051
54,8,9,0,0,0,2026-07-15T09:41:45.419142
54,8,10,0,0,0,2026-07-15T09:41:45.875263
54,9,1,5,0,5,2026-07-15T09:41:46.210627
54,9,2,5,0,5,2026-07-15T09:41:46.819488
54,9,3,5,0,5,2026-07-15T09:41:47.161013
54,9,4,5,0,5,2026-07-15T09:41:47.709384
54,9,5,5,0,5,2026-07-15T09:41:48.021801
54,9,6,5,1,5,2026-07-15T12:42:53.770841
54,9,7,5,0,5,2026-07-15T09:41:49.980247
54,9,8,5,0,5,2026-07-15T09:41:50.489019
54,9,9,5,0,5,2026-07-15T09:41:51.440212
54,9,10,5,0,5,2026-07-15T09:41:51.984746
55,1,1,4,0,4,2026-07-15T09:41:52.427851
55,1,2,4,0,4,2026-07-15T09:41:52.990798
55,1,3,5,0,5,2026-07-15T09:41:53.656392
55,1,4,4,0,4,2026-07-15T09:41:54.132977
55,1,5,4,0,4,2026-07-15T09:41:54.862033
55,1,6,4,0,4,2026-07-15T09:41:55.566725
55,1,7,4,0,4,2026-07-15T09:41:55.928202
55,1,8,4,1,4,2026-07-15T12:42:54.329743
55,1,9,5,0,5,2026-07-15T09:41:57.932424
55,1,10,5,0,5,2026-07-15T09:41:58.451808
55,2,1,0,0,0,2026-07-15T09:41:59.244345
55,2,2,0,1,0,2026-07-15T12:42:54.754752
55,2,3,0,0,0,2026-07-15T09:42:01.545730
55,2,4,0,0,0,2026-07-15T09:42:01.871499
55,2,5,0,0,0,2026-07-15T09:42:02.421791
55,2,6,0,0,0,2026-07-15T09:42:02.906138
55,2,7,0,0,0,2026-07-15T09:42:03.594630
55,2,8,0,0,0,2026-07-15T09:42:04.231362
55,2,9,0,0,0,2026-07-15T09:42:04.693477
55,2,10,0,0,0,2026-07-15T09:42:05.207408
55,3,1,4,0,4,2026-07-15T09:42:05.711143
55,3,2,4,1,4,2026-07-15T12:42:55.136946
55,3,3,4,0,4,2026-07-15T09:42:07.287346
55,3,4,4,2,4,2026-07-15T12:48:02.630148
55,3,5,4,0,4,2026-07-15T09:42:09.366551
55,3,6,4,0,4,2026-07-15T09:42:09.856617
55,3,7,4,1,4,2026-07-15T12:42:56.876605
55,3,8,4,0,4,2026-07-15T09:42:11.430791
55,3,9,4,0,4,2026-07-15T09:42:12.053625
55,3,10,4,1,4,2026-07-15T12:42:57.625148
55,4,1,0,0,0,2026-07-15T09:42:13.345574
55,4,2,0,0,0,2026-07-15T09:42:14.193759
55,4,3,0,0,0,2026-07-15T09:42:14.950132
55,4,4,0,0,0,2026-07-15T09:42:16.583441
55,4,5,0,0,0,2026-07-15T09:42:16.929340
55,4,6,0,1,0,2026-07-15T12:42:58.020619
55,4,7,0,0,0,2026-07-15T09:42:18.139338
55,4,8,0,0,0,2026-07-15T09:42:18.539220
55,4,9,0,0,0,2026-07-15T09:42:19.179123
55,4,10,0,0,0,2026-07-15T09:42:19.915964
55,5,1,4,0,4,2026-07-15T09:42:20.546343
55,5,2,4,1,4,2026-07-15T12:42:58.536546
55,5,3,4,0,4,2026-07-15T09:42:22.286884
55,5,4,4,0,4,2026-07-15T09:42:22.570610
55,5,5,4,0,4,2026-07-15T09:42:22.895518
55,5,6,4,1,4,2026-07-15T12:42:59.031362
55,5,7,4,0,4,2026-07-15T09:42:24.521864
55,5,8,4,0,4,2026-07-15T09:42:24.868700
55,5,9,4,0,4,2026-07-15T09:42:25.253826
55,5,10,4,2,4,2026-07-15T12:48:03.369120
55,6,1,0,0,0,2026-07-15T09:42:26.775190
55,6,2,0,0,0,2026-07-15T09:42:27.357707
55,6,3,0,0,0,2026-07-15T09:42:28.095552
55,6,4,0,0,0,2026-07-15T09:42:28.558292
55,6,5,0,0,0,2026-07-15T09:42:29.070754
55,6,6,0,0,0,2026-07-15T09:42:29.392725
55,6,7,0,1,0,2026-07-15T12:43:00.864603
55,6,8,0,0,0,2026-07-15T09:42:31.077703
55,6,9,0,0,0,2026-07-15T09:42:31.538527
55,6,10,0,0,0,2026-07-15T09:42:31.887412
55,7,1,5,0,5,2026-07-15T09:42:32.251934
55,7,2,5,0,5,2026-07-15T09:42:33.355267
55,7,3,5,0,5,2026-07-15T09:42:33.706606
55,7,4,5,0,5,2026-07-15T09:42:34.465943
55,7,5,5,0,5,2026-07-15T09:42:35.227292
55,7,6,5,0,5,2026-07-15T09:42:35.810742
55,7,7,5,0,5,2026-07-15T09:42:36.161354
55,7,8,5,0,5,2026-07-15T09:42:36.542429
55,7,9,5,0,5,2026-07-15T09:42:36.897999
55,7,10,5,0,5,2026-07-15T09:42:38.331004
55,8,1,0,0,0,2026-07-15T09:42:38.731830
55,8,2,0,0,0,2026-07-15T09:42:39.381970
55,8,3,0,0,0,2026-07-15T09:42:39.746907
55,8,4,0,0,0,2026-07-15T09:42:40.238594
55,8,5,0,0,0,2026-07-15T09:42:41.125033
55,8,6,0,0,0,2026-07-15T09:42:41.515276
55,8,7,0,0,0,2026-07-15T09:42:42.572299
55,8,8,0,0,0,2026-07-15T09:42:43.114902
55,8,9,0,0,0,2026-07-15T09:42:44.557649
55,8,10,0,0,0,2026-07-15T09:42:45.083355
55,9,1,5,0,5,2026-07-15T09:42:46.092804
55,9,2,5,0,5,2026-07-15T09:42:47.542454
55,9,3,5,0,5,2026-07-15T09:42:48.031431
55,9,4,5,0,5,2026-07-15T09:42:48.895678
55,9,5,5,0,5,2026-07-15T09:42:49.475766
55,9,6,5,0,5,2026-07-15T09:42:49.960703
55,9,7,5,0,5,2026-07-15T09:42:50.885217
55,9,8,5,0,5,2026-07-15T09:42:51.454869
55,9,9,5,0,5,2026-07-15T09:42:51.799396
55,9,10,5,0,5,2026-07-15T09:42:52.154938
56,1,1,4,0,4,2026-07-15T09:42:53.321960
56,1,2,2,0,2,2026-07-15T09:42:53.742416
56,1,3,2,0,2,2026-07-15T09:42:54.377086
56,1,4,4,0,4,2026-07-15T09:42:54.846225
56,1,5,4,0,4,2026-07-15T09:42:55.207896
56,1,6,4,0,4,2026-07-15T09:42:55.679763
56,1,7,4,0,4,2026-07-15T09:42:56.424771
56,1,8,2,0,2,2026-07-15T09:42:56.808498
56,1,9,4,1,4,2026-07-15T12:43:01.311721
56,1,10,2,0,2,2026-07-15T09:42:58.417611
56,2,1,0,0,0,2026-07-15T09:42:58.840882
56,2,2,0,0,0,2026-07-15T09:42:59.341949
56,2,3,0,0,0,2026-07-15T09:43:00.210110
56,2,4,0,0,0,2026-07-15T09:43:01.070214
56,2,5,0,0,0,2026-07-15T09:43:01.488722
56,2,6,0,0,0,2026-07-15T09:43:02.049289
56,2,7,0,0,0,2026-07-15T09:43:02.444364
56,2,8,0,0,0,2026-07-15T09:43:03.221941
56,2,9,0,0,0,2026-07-15T09:43:03.633803
56,2,10,0,0,0,2026-07-15T09:43:04.481961
56,3,1,4,0,4,2026-07-15T09:43:04.811862
56,3,2,4,0,4,2026-07-15T09:43:05.326648
56,3,3,4,0,4,2026-07-15T09:43:06.674020
56,3,4,4,0,4,2026-07-15T09:43:07.235626
56,3,5,4,0,4,2026-07-15T09:43:07.914852
56,3,6,4,0,4,2026-07-15T09:43:08.613929
56,3,7,4,0,4,2026-07-15T09:43:09.235034
56,3,8,4,0,4,2026-07-15T09:43:09.791144
56,3,9,4,0,4,2026-07-15T09:43:10.171853
56,3,10,4,0,4,2026-07-15T09:43:10.920405
56,4,1,0,1,0,2026-07-15T12:43:02.099606
56,4,2,0,0,0,2026-07-15T09:43:12.533575
56,4,3,0,0,0,2026-07-15T09:43:13.103383
56,4,4,0,0,0,2026-07-15T09:43:13.497577
56,4,5,0,0,0,2026-07-15T09:43:14.668340
56,4,6,0,0,0,2026-07-15T09:43:16.054209
56,4,7,0,1,0,2026-07-15T12:43:02.915549
56,4,8,0,0,0,2026-07-15T09:43:17.686155
56,4,9,0,0,0,2026-07-15T09:43:18.156587
56,4,10,0,0,0,2026-07-15T09:43:18.594482
56,5,1,4,0,4,2026-07-15T09:43:18.957848
56,5,2,4,0,4,2026-07-15T09:43:19.501192
56,5,3,4,0,4,2026-07-15T09:43:19.867284
56,5,4,4,0,4,2026-07-15T09:43:20.510828
56,5,5,4,0,4,2026-07-15T09:43:20.904600
56,5,6,4,0,4,2026-07-15T09:43:21.404667
56,5,7,4,0,4,2026-07-15T09:43:21.980949
56,5,8,4,1,4,2026-07-15T12:43:04.660183
56,5,9,4,0,4,2026-07-15T09:43:23.567232
56,5,10,4,0,4,2026-07-15T09:43:24.077383
56,6,1,0,0,0,2026-07-15T09:43:24.441654
56,6,2,0,0,0,2026-07-15T09:43:27.076599
56,6,3,0,0,0,2026-07-15T09:43:28.009958
56,6,4,0,0,0,2026-07-15T09:43:28.469594
56,6,5,0,0,0,2026-07-15T09:43:28.815670
56,6,6,0,0,0,2026-07-15T09:43:29.811842
56,6,7,0,0,0,2026-07-15T09:43:30.127057
56,6,8,0,2,0,2026-07-15T12:48:03.921359
56,6,9,0,0,0,2026-07-15T09:43:31.852611
56,6,10,0,0,0,2026-07-15T09:43:32.453428
56,7,1,5,0,5,2026-07-15T09:43:32.791230
56,7,2,5,0,5,2026-07-15T09:43:33.253165
56,7,3,5,0,5,2026-07-15T09:43:33.599643
56,7,4,5,0,5,2026-07-15T09:43:34.246650
56,7,5,5,0,5,2026-07-15T09:43:34.665740
56,7,6,5,0,5,2026-07-15T09:43:35.412505
56,7,7,5,0,5,2026-07-15T09:43:36.820982
56,7,8,5,0,5,2026-07-15T09:43:37.703073
56,7,9,5,1,5,2026-07-15T12:43:06.338341
56,7,10,5,1,5,2026-07-15T12:43:06.766348
56,8,1,0,0,0,2026-07-15T09:43:40.732873
56,8,2,0,0,0,2026-07-15T09:43:41.680461
56,8,3,0,0,0,2026-07-15T09:43:42.088196
56,8,4,0,0,0,2026-07-15T09:43:42.436057
56,8,5,0,0,0,2026-07-15T09:43:42.810032
56,8,6,0,0,0,2026-07-15T09:43:43.260642
56,8,7,0,0,0,2026-07-15T09:43:43.887247
56,8,8,0,0,0,2026-07-15T09:43:44.502276
56,8,9,0,0,0,2026-07-15T09:43:45.302317
56,8,10,0,0,0,2026-07-15T09:43:45.673255
56,9,1,5,0,5,2026-07-15T09:43:46.959667
56,9,2,5,0,5,2026-07-15T09:43:47.777515
56,9,3,5,0,5,2026-07-15T09:43:48.575629
56,9,4,5,0,5,2026-07-15T09:43:49.038393
56,9,5,5,0,5,2026-07-15T09:43:49.433300
56,9,6,5,0,5,2026-07-15T09:43:50.199742
56,9,7,5,0,5,2026-07-15T09:43:51.115719
56,9,8,5,0,5,2026-07-15T09:43:51.641895
56,9,9,5,0,5,2026-07-15T09:43:52.419086
56,9,10,5,0,5,2026-07-15T09:43:53.076177
57,1,1,4,0,4,2026-07-15T09:43:53.485528
57,1,2,4,0,4,2026-07-15T09:43:53.918504
57,1,3,4,0,4,2026-07-15T09:43:55.253986
57,1,4,4,0,4,2026-07-15T09:43:55.606584
57,1,5,4,0,4,2026-07-15T09:43:56.072878
57,1,6,4,0,4,2026-07-15T09:43:56.947844
57,1,7,4,0,4,2026-07-15T09:43:57.592841
57,1,8,4,0,4,2026-07-15T09:43:58.812170
57,1,9,4,0,4,2026-07-15T09:43:59.803218
57,1,10,4,0,4,2026-07-15T09:44:00.585245
57,2,1,0,0,0,2026-07-15T09:44:01.203280
57,2,2,0,0,0,2026-07-15T09:44:03.537049
57,2,3,0,0,0,2026-07-15T09:44:03.927647
57,2,4,0,0,0,2026-07-15T09:44:04.638078
57,2,5,0,0,0,2026-07-15T09:44:05.361105
57,2,6,0,0,0,2026-07-15T09:44:05.754181
57,2,7,0,0,0,2026-07-15T09:44:06.257462
57,2,8,0,0,0,2026-07-15T09:44:07.115766
57,2,9,0,0,0,2026-07-15T09:44:07.499260
57,2,10,0,0,0,2026-07-15T09:44:07.963163
57,3,1,4,0,4,2026-07-15T09:44:08.768894
57,3,2,4,0,4,2026-07-15T09:44:09.174741
57,3,3,4,0,4,2026-07-15T09:44:10.690692
57,3,4,2,0,2,2026-07-15T09:44:11.191862
57,3,5,4,0,4,2026-07-15T09:44:11.887478
57,3,6,4,0,4,2026-07-15T09:44:12.468324
57,3,7,4,1,4,2026-07-15T12:43:07.984680
57,3,8,2,0,2,2026-07-15T09:44:14.049977
57,3,9,4,0,4,2026-07-15T09:44:15.559810
57,3,10,4,0,4,2026-07-15T09:44:16.241906
57,4,1,0,0,0,2026-07-15T09:44:16.642814
57,4,2,0,0,0,2026-07-15T09:44:17.409672
57,4,3,0,0,0,2026-07-15T09:44:17.860140
57,4,4,0,0,0,2026-07-15T09:44:18.345080
57,4,5,0,0,0,2026-07-15T09:44:18.664731
57,4,6,0,1,0,2026-07-15T12:43:08.822063
57,4,7,0,2,0,2026-07-15T12:48:04.320023
57,4,8,0,0,0,2026-07-15T09:44:20.800098
57,4,9,0,0,0,2026-07-15T09:44:21.156668
57,4,10,0,0,0,2026-07-15T09:44:21.586167
57,5,1,2,1,2,2026-07-15T12:43:10.437783
57,5,2,4,0,4,2026-07-15T09:44:23.245649
57,5,3,4,0,4,2026-07-15T09:44:23.661012
57,5,4,2,0,2,2026-07-15T09:44:24.005855
57,5,5,4,0,4,2026-07-15T09:44:24.489063
57,5,6,4,0,4,2026-07-15T09:44:25.003213
57,5,7,4,0,4,2026-07-15T09:44:25.389711
57,5,8,2,0,2,2026-07-15T09:44:25.745914
57,5,9,4,0,4,2026-07-15T09:44:26.284696
57,5,10,2,0,2,2026-07-15T09:44:27.139308
57,6,1,0,0,0,2026-07-15T09:44:27.616827
57,6,2,0,0,0,2026-07-15T09:44:28.038825
57,6,3,0,0,0,2026-07-15T09:44:28.529117
57,6,4,0,0,0,2026-07-15T09:44:29.055976
57,6,5,0,0,0,2026-07-15T09:44:29.389327
57,6,6,0,0,0,2026-07-15T09:44:30.253594
57,6,7,0,0,0,2026-07-15T09:44:30.672754
57,6,8,0,0,0,2026-07-15T09:44:31.610322
57,6,9,0,0,0,2026-07-15T09:44:32.366656
57,6,10,0,0,0,2026-07-15T09:44:32.674376
57,7,1,5,0,5,2026-07-15T09:44:34.141938
57,7,2,5,0,5,2026-07-15T09:44:34.630881
57,7,3,5,0,5,2026-07-15T09:44:35.151526
57,7,4,5,0,5,2026-07-15T09:44:35.549303
57,7,5,5,0,5,2026-07-15T09:44:35.933130
57,7,6,5,0,5,2026-07-15T09:44:36.685894
57,7,7,5,0,5,2026-07-15T09:44:37.083977
57,7,8,5,0,5,2026-07-15T09:44:37.648435
57,7,9,5,0,5,2026-07-15T09:44:38.602489
57,7,10,5,0,5,2026-07-15T09:44:39.148700
57,8,1,0,0,0,2026-07-15T09:44:39.567815
57,8,2,0,0,0,2026-07-15T09:44:40.171174
57,8,3,0,0,0,2026-07-15T09:44:41.070342
57,8,4,0,0,0,2026-07-15T09:44:41.358225
57,8,5,0,0,0,2026-07-15T09:44:41.849530
57,8,6,0,0,0,2026-07-15T09:44:42.162989
57,8,7,0,0,0,2026-07-15T09:44:42.529898
57,8,8,0,0,0,2026-07-15T09:44:43.126658
57,8,9,0,0,0,2026-07-15T09:44:43.465164
57,8,10,0,1,0,2026-07-15T12:43:11.413540
57,9,1,5,0,5,2026-07-15T09:44:45.152924
57,9,2,5,0,5,2026-07-15T09:44:45.793017
57,9,3,5,0,5,2026-07-15T09:44:46.344877
57,9,4,5,0,5,2026-07-15T09:44:46.796587
57,9,5,5,0,5,2026-07-15T09:44:47.286486
57,9,6,5,0,5,2026-07-15T09:44:47.884559
57,9,7,5,0,5,2026-07-15T09:44:48.597970
57,9,8,5,0,5,2026-07-15T09:44:48.953578
57,9,9,5,0,5,2026-07-15T09:44:50.360792
57,9,10,5,0,5,2026-07-15T09:44:51.178620
58,1,1,4,0,4,2026-07-15T09:44:51.727510
58,1,2,4,0,4,2026-07-15T09:44:52.095316
58,1,3,4,0,4,2026-07-15T09:44:52.489273
58,1,4,4,1,4,2026-07-15T12:43:11.910730
58,1,5,4,0,4,2026-07-15T09:44:53.726084
58,1,6,4,0,4,2026-07-15T09:44:54.384023
58,1,7,4,0,4,2026-07-15T09:44:55.239143
58,1,8,4,0,4,2026-07-15T09:44:56.257596
58,1,9,4,0,4,2026-07-15T09:44:56.598244
58,1,10,4,0,4,2026-07-15T09:44:57.124813
58,2,1,0,0,0,2026-07-15T09:44:57.453346
58,2,2,0,0,0,2026-07-15T09:44:58.177372
58,2,3,0,0,0,2026-07-15T09:44:58.631272
58,2,4,0,0,0,2026-07-15T09:44:59.065872
58,2,5,0,0,0,2026-07-15T09:44:59.429664
58,2,6,0,0,0,2026-07-15T09:44:59.849196
58,2,7,0,0,0,2026-07-15T09:45:00.241776
58,2,8,0,0,0,2026-07-15T09:45:00.569860
58,2,9,0,0,0,2026-07-15T09:45:00.913270
58,2,10,0,0,0,2026-07-15T09:45:01.383670
58,3,1,2,0,2,2026-07-15T09:45:01.905471
58,3,2,2,0,2,2026-07-15T09:45:02.277872
58,3,3,2,0,2,2026-07-15T09:45:02.694057
58,3,4,2,0,2,2026-07-15T09:45:03.059069
58,3,5,2,0,2,2026-07-15T09:45:04.227011
58,3,6,2,0,2,2026-07-15T09:45:05.215923
58,3,7,4,1,4,2026-07-15T12:43:12.446695
58,3,8,4,0,4,2026-07-15T09:45:07.492702
58,3,9,4,0,4,2026-07-15T09:45:07.955178
58,3,10,4,1,4,2026-07-15T12:43:12.999548
58,4,1,0,0,0,2026-07-15T09:45:09.547604
58,4,2,0,0,0,2026-07-15T09:45:09.923945
58,4,3,0,0,0,2026-07-15T09:45:10.410190
58,4,4,0,0,0,2026-07-15T09:45:11.709203
58,4,5,0,0,0,2026-07-15T09:45:12.017183
58,4,6,0,0,0,2026-07-15T09:45:12.434531
58,4,7,0,0,0,2026-07-15T09:45:12.793283
58,4,8,0,0,0,2026-07-15T09:45:13.115684
58,4,9,0,0,0,2026-07-15T09:45:13.484903
58,4,10,0,0,0,2026-07-15T09:45:13.908210
58,5,1,4,0,4,2026-07-15T09:45:14.893491
58,5,2,4,0,4,2026-07-15T09:45:15.776211
58,5,3,4,0,4,2026-07-15T09:45:16.380315
58,5,4,4,0,4,2026-07-15T09:45:16.975738
58,5,5,4,0,4,2026-07-15T09:45:17.567469
58,5,6,4,1,4,2026-07-15T12:43:13.614603
58,5,7,4,0,4,2026-07-15T09:45:19.426134
58,5,8,4,0,4,2026-07-15T09:45:19.929058
58,5,9,4,0,4,2026-07-15T09:45:20.627827
58,5,10,4,0,4,2026-07-15T09:45:21.055430
58,6,1,0,0,0,2026-07-15T09:45:21.508730
58,6,2,0,0,0,2026-07-15T09:45:21.925976
58,6,3,0,0,0,2026-07-15T09:45:22.268513
58,6,4,0,0,0,2026-07-15T09:45:22.751053
58,6,5,0,0,0,2026-07-15T09:45:23.465306
58,6,6,0,0,0,2026-07-15T09:45:24.055336
58,6,7,0,0,0,2026-07-15T09:45:24.633826
58,6,8,0,0,0,2026-07-15T09:45:25.923538
58,6,9,0,0,0,2026-07-15T09:45:27.382739
58,6,10,0,0,0,2026-07-15T09:45:28.094162
58,7,1,5,0,5,2026-07-15T09:45:28.573182
58,7,2,4,0,4,2026-07-15T09:45:29.095145
58,7,3,5,0,5,2026-07-15T09:45:29.728362
58,7,4,5,0,5,2026-07-15T09:45:30.057362
58,7,5,4,0,4,2026-07-15T09:45:30.484928
58,7,6,5,2,5,2026-07-15T12:48:05.130301
58,7,7,5,1,5,2026-07-15T12:43:17.386449
58,7,8,4,0,4,2026-07-15T09:45:33.669730
58,7,9,5,0,5,2026-07-15T09:45:34.144449
58,7,10,4,0,4,2026-07-15T09:45:35.020595
58,8,1,0,0,0,2026-07-15T09:45:35.379200
58,8,2,0,0,0,2026-07-15T09:45:35.790026
58,8,3,0,0,0,2026-07-15T09:45:36.263495
58,8,4,0,0,0,2026-07-15T09:45:36.691631
58,8,5,0,0,0,2026-07-15T09:45:37.815835
58,8,6,0,0,0,2026-07-15T09:45:38.152184
58,8,7,0,0,0,2026-07-15T09:45:38.634702
58,8,8,0,0,0,2026-07-15T09:45:38.957842
58,8,9,0,0,0,2026-07-15T09:45:40.190220
58,8,10,0,0,0,2026-07-15T09:45:40.742910
58,9,1,5,0,5,2026-07-15T09:45:41.168441
58,9,2,5,0,5,2026-07-15T09:45:41.530694
58,9,3,5,0,5,2026-07-15T09:45:41.939363
58,9,4,5,0,5,2026-07-15T09:45:42.634072
58,9,5,5,0,5,2026-07-15T09:45:43.004898
58,9,6,4,0,4,2026-07-15T09:45:43.434280
58,9,7,5,0,5,2026-07-15T09:45:43.921613
58,9,8,5,0,5,2026-07-15T09:45:45.072452
58,9,9,4,0,4,2026-07-15T09:45:45.922629
58,9,10,5,0,5,2026-07-15T09:45:48.300145
59,1,1,4,0,4,2026-07-15T09:45:49.065806
59,1,2,4,0,4,2026-07-15T09:45:49.548969
59,1,3,4,0,4,2026-07-15T09:45:50.046544
59,1,4,4,0,4,2026-07-15T09:45:50.551439
59,1,5,4,0,4,2026-07-15T09:45:50.891870
59,1,6,4,0,4,2026-07-15T09:45:51.418536
59,1,7,4,0,4,2026-07-15T09:45:52.004012
59,1,8,4,0,4,2026-07-15T09:45:52.439441
59,1,9,4,0,4,2026-07-15T09:45:53.180609
59,1,10,4,0,4,2026-07-15T09:45:53.623677
59,2,1,0,0,0,2026-07-15T09:45:54.405305
59,2,2,0,0,0,2026-07-15T09:45:54.768395
59,2,3,0,0,0,2026-07-15T09:45:55.100703
59,2,4,0,0,0,2026-07-15T09:45:55.568866
59,2,5,0,0,0,2026-07-15T09:45:55.944551
59,2,6,0,2,0,2026-07-15T12:48:05.991890
59,2,7,0,1,0,2026-07-15T12:43:18.843609
59,2,8,0,0,0,2026-07-15T09:45:59.201470
59,2,9,0,1,0,2026-07-15T12:43:19.638678
59,2,10,0,0,0,2026-07-15T09:46:02.314125
59,3,1,4,0,4,2026-07-15T09:46:04.303626
59,3,2,4,0,4,2026-07-15T09:46:04.704113
59,3,3,4,0,4,2026-07-15T09:46:05.242858
59,3,4,4,0,4,2026-07-15T09:46:05.839542
59,3,5,4,1,4,2026-07-15T12:43:20.256808
59,3,6,4,0,4,2026-07-15T09:46:07.546070
59,3,7,4,0,4,2026-07-15T09:46:07.970025
59,3,8,4,0,4,2026-07-15T09:46:08.359277
59,3,9,4,0,4,2026-07-15T09:46:08.771119
59,3,10,4,1,4,2026-07-15T12:43:20.884324
59,4,1,0,0,0,2026-07-15T09:46:10.014341
59,4,2,0,0,0,2026-07-15T09:46:10.528588
59,4,3,0,0,0,2026-07-15T09:46:11.224945
59,4,4,0,0,0,2026-07-15T09:46:12.939022
59,4,5,0,0,0,2026-07-15T09:46:13.261614
59,4,6,0,1,0,2026-07-15T12:43:21.405319
59,4,7,0,0,0,2026-07-15T09:46:15.085203
59,4,8,0,0,0,2026-07-15T09:46:15.411572
59,4,9,0,0,0,2026-07-15T09:46:16.201652
59,4,10,0,0,0,2026-07-15T09:46:16.562438
59,5,1,4,0,4,2026-07-15T09:46:16.900589
59,5,2,4,0,4,2026-07-15T09:46:17.296045
59,5,3,4,0,4,2026-07-15T09:46:17.717028
59,5,4,4,1,4,2026-07-15T12:43:22.041434
59,5,5,4,0,4,2026-07-15T09:46:18.787054
59,5,6,4,0,4,2026-07-15T09:46:19.192905
59,5,7,4,0,4,2026-07-15T09:46:19.936450
59,5,8,4,0,4,2026-07-15T09:46:20.230664
59,5,9,4,0,4,2026-07-15T09:46:20.675767
59,5,10,4,0,4,2026-07-15T09:46:21.453680
59,6,1,0,0,0,2026-07-15T09:46:21.823208
59,6,2,0,1,0,2026-07-15T12:43:23.621815
59,6,3,0,1,0,2026-07-15T12:43:24.008791
59,6,4,0,1,0,2026-07-15T12:43:24.695502
59,6,5,0,0,0,2026-07-15T09:46:26.230705
59,6,6,0,0,0,2026-07-15T09:46:26.779079
59,6,7,0,0,0,2026-07-15T09:46:27.259007
59,6,8,0,1,0,2026-07-15T12:43:25.148404
59,6,9,0,0,0,2026-07-15T09:46:28.855725
59,6,10,0,0,0,2026-07-15T09:46:29.243649
59,7,1,5,0,5,2026-07-15T09:46:30.792197
59,7,2,5,0,5,2026-07-15T09:46:31.322175
59,7,3,4,0,4,2026-07-15T09:46:31.734293
59,7,4,4,0,4,2026-07-15T09:46:32.071775
59,7,5,4,0,4,2026-07-15T09:46:32.523385
59,7,6,4,1,4,2026-07-15T12:43:25.546560
59,7,7,4,0,4,2026-07-15T09:46:34.474843
59,7,8,5,0,5,2026-07-15T09:46:34.974008
59,7,9,4,0,4,2026-07-15T09:46:35.311718
59,7,10,4,0,4,2026-07-15T09:46:35.684997
59,8,1,0,0,0,2026-07-15T09:46:36.116332
59,8,2,0,0,0,2026-07-15T09:46:36.597840
59,8,3,0,0,0,2026-07-15T09:46:37.097015
59,8,4,0,0,0,2026-07-15T09:46:37.589358
59,8,5,0,0,0,2026-07-15T09:46:38.058799
59,8,6,0,0,0,2026-07-15T09:46:38.680487
59,8,7,0,0,0,2026-07-15T09:46:39.285244
59,8,8,0,0,0,2026-07-15T09:46:39.921827
59,8,9,0,0,0,2026-07-15T09:46:40.246949
59,8,10,0,0,0,2026-07-15T09:46:40.780677
59,9,1,5,0,5,2026-07-15T09:46:41.128745
59,9,2,5,0,5,2026-07-15T09:46:41.506623
59,9,3,5,0,5,2026-07-15T09:46:41.986610
59,9,4,5,0,5,2026-07-15T09:46:42.459203
59,9,5,5,0,5,2026-07-15T09:46:43.953952
59,9,6,5,0,5,2026-07-15T09:46:44.463171
59,9,7,5,0,5,2026-07-15T09:46:45.547380
59,9,8,5,0,5,2026-07-15T09:46:46.054573
59,9,9,5,0,5,2026-07-15T09:46:46.871664
59,9,10,5,0,5,2026-07-15T09:46:47.452958
60,1,1,4,0,4,2026-07-15T09:46:47.909916
60,1,2,4,0,4,2026-07-15T09:46:48.253881
60,1,3,4,0,4,2026-07-15T09:46:49.657886
60,1,4,4,0,4,2026-07-15T09:46:50.734606
60,1,5,4,0,4,2026-07-15T09:46:51.044031
60,1,6,4,0,4,2026-07-15T09:46:51.469023
60,1,7,4,0,4,2026-07-15T09:46:51.927888
60,1,8,4,0,4,2026-07-15T09:46:52.444559
60,1,9,4,0,4,2026-07-15T09:46:53.012294
60,1,10,4,0,4,2026-07-15T09:46:53.444766
60,2,1,0,0,0,2026-07-15T09:46:53.770790
60,2,2,0,0,0,2026-07-15T09:46:54.553416
60,2,3,0,0,0,2026-07-15T09:46:54.936288
60,2,4,0,0,0,2026-07-15T09:46:55.436294
60,2,5,0,0,0,2026-07-15T09:46:55.895843
60,2,6,0,0,0,2026-07-15T09:46:56.373450
60,2,7,0,0,0,2026-07-15T09:46:57.097058
60,2,8,0,0,0,2026-07-15T09:46:57.633648
60,2,9,0,0,0,2026-07-15T09:46:58.081227
60,2,10,0,1,0,2026-07-15T12:43:26.163776
60,3,1,2,0,2,2026-07-15T09:46:59.774367
60,3,2,2,0,2,2026-07-15T09:47:00.254762
60,3,3,2,0,2,2026-07-15T09:47:00.767450
60,3,4,2,0,2,2026-07-15T09:47:01.372852
60,3,5,2,0,2,2026-07-15T09:47:01.724922
60,3,6,2,0,2,2026-07-15T09:47:02.171463
60,3,7,2,0,2,2026-07-15T09:47:03.008354
60,3,8,2,0,2,2026-07-15T09:47:03.337382
60,3,9,2,0,2,2026-07-15T09:47:03.847266
60,3,10,2,0,2,2026-07-15T09:47:04.235266
60,4,1,0,0,0,2026-07-15T09:47:04.952317
60,4,2,0,0,0,2026-07-15T09:47:05.512948
60,4,3,0,0,0,2026-07-15T09:47:05.875948
60,4,4,0,0,0,2026-07-15T09:47:06.437563
60,4,5,0,0,0,2026-07-15T09:47:07.281698
60,4,6,0,0,0,2026-07-15T09:47:07.788187
60,4,7,0,0,0,2026-07-15T09:47:08.773859
60,4,8,0,0,0,2026-07-15T09:47:09.059248
60,4,9,0,1,0,2026-07-15T12:43:26.657629
60,4,10,0,0,0,2026-07-15T09:47:10.598466
60,5,1,2,1,2,2026-07-15T12:43:27.390427
60,5,2,2,0,2,2026-07-15T09:47:12.468594
60,5,3,2,1,2,2026-07-15T12:43:28.010035
60,5,4,2,0,2,2026-07-15T09:47:15.745250
60,5,5,2,0,2,2026-07-15T09:47:16.685781
60,5,6,2,0,2,2026-07-15T09:47:17.106750
60,5,7,2,0,2,2026-07-15T09:47:17.482097
60,5,8,2,0,2,2026-07-15T09:47:17.888688
60,5,9,2,0,2,2026-07-15T09:47:18.269673
60,5,10,2,0,2,2026-07-15T09:47:18.546287
60,6,1,0,1,0,2026-07-15T12:43:28.413458
60,6,2,0,0,0,2026-07-15T09:47:20.252315
60,6,3,0,0,0,2026-07-15T09:47:21.083794
60,6,4,0,0,0,2026-07-15T09:47:21.498469
60,6,5,0,0,0,2026-07-15T09:47:22.012346
60,6,6,0,0,0,2026-07-15T09:47:22.360197
60,6,7,0,0,0,2026-07-15T09:47:22.768143
60,6,8,0,0,0,2026-07-15T09:47:23.686865
60,6,9,0,0,0,2026-07-15T09:47:24.032809
60,6,10,0,0,0,2026-07-15T09:47:24.472099
60,7,1,5,0,5,2026-07-15T09:47:24.817126
60,7,2,5,0,5,2026-07-15T09:47:25.261897
60,7,3,5,0,5,2026-07-15T09:47:25.754035
60,7,4,4,0,4,2026-07-15T09:47:26.434281
60,7,5,5,0,5,2026-07-15T09:47:26.856889
60,7,6,4,1,4,2026-07-15T12:43:29.226081
60,7,7,5,0,5,2026-07-15T09:47:28.528026
60,7,8,5,0,5,2026-07-15T09:47:29.033248
60,7,9,5,0,5,2026-07-15T09:47:29.528446
60,7,10,5,0,5,2026-07-15T09:47:30.009789
60,8,1,0,0,0,2026-07-15T09:47:30.460028
60,8,2,0,1,0,2026-07-15T12:43:29.741714
60,8,3,0,1,0,2026-07-15T12:43:30.258242
60,8,4,0,0,0,2026-07-15T09:47:32.325727
60,8,5,0,1,0,2026-07-15T12:43:30.663857
60,8,6,0,1,0,2026-07-15T12:43:31.227806
60,8,7,0,0,0,2026-07-15T09:47:33.628293
60,8,8,0,0,0,2026-07-15T09:47:34.076018
60,8,9,0,0,0,2026-07-15T09:47:34.754764
60,8,10,0,1,0,2026-07-15T12:43:31.925148
60,9,1,4,0,4,2026-07-15T09:47:36.045465
60,9,2,4,0,4,2026-07-15T09:47:36.465150
60,9,3,4,0,4,2026-07-15T09:47:37.288455
60,9,4,4,0,4,2026-07-15T09:47:37.852819
60,9,5,4,0,4,2026-07-15T09:47:38.505323
60,9,6,4,0,4,2026-07-15T09:47:39.397866
60,9,7,4,0,4,2026-07-15T09:47:39.982195
60,9,8,4,0,4,2026-07-15T09:47:40.474809
60,9,9,4,0,4,2026-07-15T09:47:40.991354
60,9,10,4,0,4,2026-07-15T09:47:41.519976
61,1,1,4,0,4,2026-07-15T09:47:41.996275
61,1,2,4,0,4,2026-07-15T09:47:42.693921
61,1,3,4,0,4,2026-07-15T09:47:43.197052
61,1,4,4,0,4,2026-07-15T09:47:43.633163
61,1,5,4,0,4,2026-07-15T09:47:44.688467
61,1,6,4,0,4,2026-07-15T09:47:45.228635
61,1,7,4,0,4,2026-07-15T09:47:45.834470
61,1,8,4,0,4,2026-07-15T09:47:46.332129
61,1,9,4,1,4,2026-07-15T12:43:32.584248
61,1,10,4,0,4,2026-07-15T09:47:49.503646
61,2,1,0,0,0,2026-07-15T09:47:50.347833
61,2,2,0,0,0,2026-07-15T09:47:51.180144
61,2,3,0,0,0,2026-07-15T09:47:51.527250
61,2,4,0,0,0,2026-07-15T09:47:52.236044
61,2,5,0,0,0,2026-07-15T09:47:52.689435
61,2,6,0,1,0,2026-07-15T12:43:33.039058
61,2,7,0,0,0,2026-07-15T09:47:55.136914
61,2,8,0,0,0,2026-07-15T09:47:55.447526
61,2,9,0,0,0,2026-07-15T09:47:55.773186
61,2,10,0,0,0,2026-07-15T09:47:56.129677
61,3,1,4,0,4,2026-07-15T09:47:56.893395
61,3,2,2,0,2,2026-07-15T09:47:57.489477
61,3,3,2,0,2,2026-07-15T09:47:57.998257
61,3,4,2,0,2,2026-07-15T09:47:58.593736
61,3,5,4,0,4,2026-07-15T09:47:58.908385
61,3,6,4,0,4,2026-07-15T09:47:59.608941
61,3,7,2,0,2,2026-07-15T09:48:00.380979
61,3,8,4,0,4,2026-07-15T09:48:00.742318
61,3,9,4,0,4,2026-07-15T09:48:02.488957
61,3,10,2,0,2,2026-07-15T09:48:02.871147
61,4,1,0,0,0,2026-07-15T09:48:03.650201
61,4,2,0,0,0,2026-07-15T09:48:04.113012
61,4,3,0,0,0,2026-07-15T09:48:04.447965
61,4,4,0,1,0,2026-07-15T12:43:33.615350
61,4,5,0,0,0,2026-07-15T09:48:06.084316
61,4,6,0,0,0,2026-07-15T09:48:06.420303
61,4,7,0,0,0,2026-07-15T09:48:07.131267
61,4,8,0,0,0,2026-07-15T09:48:07.564383
61,4,9,0,0,0,2026-07-15T09:48:07.931433
61,4,10,0,0,0,2026-07-15T09:48:08.394138
61,5,1,4,0,4,2026-07-15T09:48:08.879166
61,5,2,4,0,4,2026-07-15T09:48:09.277022
61,5,3,2,0,2,2026-07-15T09:48:09.796952
61,5,4,4,0,4,2026-07-15T09:48:10.718479
61,5,5,4,0,4,2026-07-15T09:48:11.206926
61,5,6,4,0,4,2026-07-15T09:48:11.640707
61,5,7,4,0,4,2026-07-15T09:48:12.042719
61,5,8,2,0,2,2026-07-15T09:48:12.519348
61,5,9,4,0,4,2026-07-15T09:48:13.158917
61,5,10,4,0,4,2026-07-15T09:48:13.775639
61,6,1,0,0,0,2026-07-15T09:48:14.144540
61,6,2,0,0,0,2026-07-15T09:48:14.665951
61,6,3,0,0,0,2026-07-15T09:48:15.235931
61,6,4,0,0,0,2026-07-15T09:48:16.172180
61,6,5,0,0,0,2026-07-15T09:48:16.759873
61,6,6,0,0,0,2026-07-15T09:48:17.738656
61,6,7,0,0,0,2026-07-15T09:48:18.440430
61,6,8,0,0,0,2026-07-15T09:48:18.823266
61,6,9,0,0,0,2026-07-15T09:48:19.269044
61,6,10,0,0,0,2026-07-15T09:48:19.865235
61,7,1,5,0,5,2026-07-15T09:48:20.279969
61,7,2,5,0,5,2026-07-15T09:48:20.603416
61,7,3,5,0,5,2026-07-15T09:48:21.152000
61,7,4,5,0,5,2026-07-15T09:48:21.945691
61,7,5,5,0,5,2026-07-15T09:48:22.284069
61,7,6,5,1,5,2026-07-15T12:43:33.999463
61,7,7,5,0,5,2026-07-15T09:48:24.271549
61,7,8,5,0,5,2026-07-15T09:48:24.615523
61,7,9,5,0,5,2026-07-15T09:48:25.051484
61,7,10,5,0,5,2026-07-15T09:48:25.649494
61,8,1,0,0,0,2026-07-15T09:48:26.150081
61,8,2,0,0,0,2026-07-15T09:48:26.726164
61,8,3,0,1,0,2026-07-15T12:43:34.323283
61,8,4,0,0,0,2026-07-15T09:48:28.331084
61,8,5,0,0,0,2026-07-15T09:48:28.885582
61,8,6,0,0,0,2026-07-15T09:48:29.516731
61,8,7,0,0,0,2026-07-15T09:48:29.842641
61,8,8,0,0,0,2026-07-15T09:48:30.149029
61,8,9,0,0,0,2026-07-15T09:48:30.501666
61,8,10,0,0,0,2026-07-15T09:48:30.822568
61,9,1,5,0,5,2026-07-15T09:48:31.174199
61,9,2,5,0,5,2026-07-15T09:48:31.662945
61,9,3,5,0,5,2026-07-15T09:48:32.351663
61,9,4,5,0,5,2026-07-15T09:48:34.314406
61,9,5,5,0,5,2026-07-15T09:48:34.654288
61,9,6,5,0,5,2026-07-15T09:48:34.941385
61,9,7,5,0,5,2026-07-15T09:48:35.295380
61,9,8,5,0,5,2026-07-15T09:48:35.624805
61,9,9,5,0,5,2026-07-15T09:48:36.084113
61,9,10,5,0,5,2026-07-15T09:48:36.497933
62,1,1,4,0,4,2026-07-15T09:48:36.895158
62,1,2,4,0,4,2026-07-15T09:48:37.290689
62,1,3,4,0,4,2026-07-15T09:48:37.841108
62,1,4,4,0,4,2026-07-15T09:48:38.393802
62,1,5,4,0,4,2026-07-15T09:48:39.490081
62,1,6,4,0,4,2026-07-15T09:48:40.274144
62,1,7,4,0,4,2026-07-15T09:48:40.739220
62,1,8,4,0,4,2026-07-15T09:48:41.318126
62,1,9,4,0,4,2026-07-15T09:48:41.668888
62,1,10,4,1,4,2026-07-15T12:43:35.838840
62,2,1,0,0,0,2026-07-15T09:48:43.125150
62,2,2,0,0,0,2026-07-15T09:48:43.909799
62,2,3,0,0,0,2026-07-15T09:48:44.542528
62,2,4,0,1,0,2026-07-15T12:43:36.569911
62,2,5,0,1,0,2026-07-15T12:43:37.162347
62,2,6,0,0,0,2026-07-15T09:48:47.800451
62,2,7,0,0,0,2026-07-15T09:48:48.376620
62,2,8,0,0,0,2026-07-15T09:48:49.051605
62,2,9,0,0,0,2026-07-15T09:48:49.418156
62,2,10,0,0,0,2026-07-15T09:48:50.149623
62,3,1,4,0,4,2026-07-15T09:48:51.110968
62,3,2,4,0,4,2026-07-15T09:48:51.490802
62,3,3,4,0,4,2026-07-15T09:48:52.301524
62,3,4,4,0,4,2026-07-15T09:48:52.814396
62,3,5,4,0,4,2026-07-15T09:48:53.207367
62,3,6,4,0,4,2026-07-15T09:48:53.705383
62,3,7,4,0,4,2026-07-15T09:48:54.446101
62,3,8,4,0,4,2026-07-15T09:48:54.859208
62,3,9,4,0,4,2026-07-15T09:48:55.195451
62,3,10,4,1,4,2026-07-15T12:43:37.608390
62,4,1,0,0,0,2026-07-15T09:48:58.298774
62,4,2,0,0,0,2026-07-15T09:48:58.901345
62,4,3,0,0,0,2026-07-15T09:48:59.283502
62,4,4,0,0,0,2026-07-15T09:48:59.783899
62,4,5,0,0,0,2026-07-15T09:49:00.178642
62,4,6,0,0,0,2026-07-15T09:49:00.599831
62,4,7,0,0,0,2026-07-15T09:49:01.399576
62,4,8,0,0,0,2026-07-15T09:49:02.003591
62,4,9,0,0,0,2026-07-15T09:49:02.682356
62,4,10,0,0,0,2026-07-15T09:49:03.198719
62,5,1,4,0,4,2026-07-15T09:49:04.009983
62,5,2,4,0,4,2026-07-15T09:49:04.398344
62,5,3,4,0,4,2026-07-15T09:49:04.987808
62,5,4,4,0,4,2026-07-15T09:49:05.596755
62,5,5,4,0,4,2026-07-15T09:49:06.126560
62,5,6,4,0,4,2026-07-15T09:49:06.422413
62,5,7,4,0,4,2026-07-15T09:49:07.166159
62,5,8,4,0,4,2026-07-15T09:49:08.020660
62,5,9,4,0,4,2026-07-15T09:49:08.390815
62,5,10,4,0,4,2026-07-15T09:49:08.862556
62,6,1,0,0,0,2026-07-15T09:49:09.392028
62,6,2,0,0,0,2026-07-15T09:49:09.824318
62,6,3,0,0,0,2026-07-15T09:49:10.391745
62,6,4,0,0,0,2026-07-15T09:49:10.861834
62,6,5,0,0,0,2026-07-15T09:49:11.439598
62,6,6,0,0,0,2026-07-15T09:49:11.990926
62,6,7,0,0,0,2026-07-15T09:49:12.400681
62,6,8,0,0,0,2026-07-15T09:49:12.772527
62,6,9,0,0,0,2026-07-15T09:49:13.511029
62,6,10,0,0,0,2026-07-15T09:49:14.112696
62,7,1,5,0,5,2026-07-15T09:49:15.424580
62,7,2,5,0,5,2026-07-15T09:49:16.047509
62,7,3,5,0,5,2026-07-15T09:49:16.701931
62,7,4,5,0,5,2026-07-15T09:49:17.115286
62,7,5,5,0,5,2026-07-15T09:49:17.644089
62,7,6,5,0,5,2026-07-15T09:49:18.123376
62,7,7,5,1,5,2026-07-15T12:43:37.989681
62,7,8,5,0,5,2026-07-15T09:49:19.600551
62,7,9,5,0,5,2026-07-15T09:49:20.647325
62,7,10,5,0,5,2026-07-15T09:49:21.170408
62,8,1,2,0,2,2026-07-15T09:49:21.655090
62,8,2,2,0,2,2026-07-15T09:49:22.184023
62,8,3,2,0,2,2026-07-15T09:49:22.877220
62,8,4,2,0,2,2026-07-15T09:49:23.528185
62,8,5,2,0,2,2026-07-15T09:49:24.019056
62,8,6,2,0,2,2026-07-15T09:49:25.326924
62,8,7,2,0,2,2026-07-15T09:49:26.390677
62,8,8,2,0,2,2026-07-15T09:49:27.297455
62,8,9,2,0,2,2026-07-15T09:49:27.642278
62,8,10,2,0,2,2026-07-15T09:49:28.314056
62,9,1,5,0,5,2026-07-15T09:49:28.764490
62,9,2,5,0,5,2026-07-15T09:49:29.242897
62,9,3,5,0,5,2026-07-15T09:49:29.642884
62,9,4,5,0,5,2026-07-15T09:49:30.062850
62,9,5,5,0,5,2026-07-15T09:49:30.611995
62,9,6,5,0,5,2026-07-15T09:49:30.932896
62,9,7,5,0,5,2026-07-15T09:49:31.279859
62,9,8,5,0,5,2026-07-15T09:49:32.024236
62,9,9,5,0,5,2026-07-15T09:49:32.344578
62,9,10,5,0,5,2026-07-15T09:49:32.982615
63,1,1,4,0,4,2026-07-15T09:49:33.441322
63,1,2,4,0,4,2026-07-15T09:49:33.949881
63,1,3,2,0,2,2026-07-15T09:49:34.357499
63,1,4,4,0,4,2026-07-15T09:49:35.014999
63,1,5,2,0,2,2026-07-15T09:49:35.601146
63,1,6,4,0,4,2026-07-15T09:49:36.016478
63,1,7,2,0,2,2026-07-15T09:49:36.310157
63,1,8,2,1,2,2026-07-15T12:43:38.456153
63,1,9,4,1,4,2026-07-15T12:43:38.980664
63,1,10,4,0,4,2026-07-15T09:49:39.011811
63,2,1,0,0,0,2026-07-15T09:49:39.360501
63,2,2,0,0,0,2026-07-15T09:49:39.999172
63,2,3,0,0,0,2026-07-15T09:49:40.977594
63,2,4,0,0,0,2026-07-15T09:49:41.293756
63,2,5,0,0,0,2026-07-15T09:49:41.978465
63,2,6,0,0,0,2026-07-15T09:49:42.777264
63,2,7,0,0,0,2026-07-15T09:49:43.568859
63,2,8,0,0,0,2026-07-15T09:49:44.397842
63,2,9,0,0,0,2026-07-15T09:49:44.765328
63,2,10,0,0,0,2026-07-15T09:49:45.427653
63,3,1,4,1,4,2026-07-15T12:43:39.581377
63,3,2,2,0,2,2026-07-15T09:49:47.829793
63,3,3,2,1,2,2026-07-15T12:43:40.273400
63,3,4,2,0,2,2026-07-15T09:49:49.723937
63,3,5,4,0,4,2026-07-15T09:49:50.367138
63,3,6,4,1,4,2026-07-15T12:43:40.623630
63,3,7,2,0,2,2026-07-15T09:49:52.231893
63,3,8,4,0,4,2026-07-15T09:49:54.137162
63,3,9,2,0,2,2026-07-15T09:49:54.528686
63,3,10,4,0,4,2026-07-15T09:49:55.090152
63,4,1,0,0,0,2026-07-15T09:49:55.599214
63,4,2,0,1,0,2026-07-15T12:43:41.189006
63,4,3,0,0,0,2026-07-15T09:49:57.187251
63,4,4,0,1,0,2026-07-15T12:43:41.995638
63,4,5,0,0,0,2026-07-15T09:49:58.819789
63,4,6,0,0,0,2026-07-15T09:49:59.286500
63,4,7,0,0,0,2026-07-15T09:50:00.101930
63,4,8,0,0,0,2026-07-15T09:50:00.544855
63,4,9,0,0,0,2026-07-15T09:50:00.966904
63,4,10,0,0,0,2026-07-15T09:50:01.381736
63,5,1,4,0,4,2026-07-15T09:50:01.973803
63,5,2,4,0,4,2026-07-15T09:50:02.942289
63,5,3,4,0,4,2026-07-15T09:50:04.843356
63,5,4,4,0,4,2026-07-15T09:50:05.583499
63,5,5,4,1,4,2026-07-15T12:43:42.547090
63,5,6,4,0,4,2026-07-15T09:50:07.203627
63,5,7,4,0,4,2026-07-15T09:50:07.826017
63,5,8,4,0,4,2026-07-15T09:50:08.152484
63,5,9,4,0,4,2026-07-15T09:50:09.109000
63,5,10,4,0,4,2026-07-15T09:50:09.515170
63,6,1,0,1,0,2026-07-15T12:43:43.830173
63,6,2,0,0,0,2026-07-15T09:50:11.374129
63,6,3,0,0,0,2026-07-15T09:50:11.762636
63,6,4,0,0,0,2026-07-15T09:50:12.141694
63,6,5,0,0,0,2026-07-15T09:50:13.709158
63,6,6,0,0,0,2026-07-15T09:50:14.671977
63,6,7,0,1,0,2026-07-15T12:43:44.182166
63,6,8,0,0,0,2026-07-15T09:50:16.311963
63,6,9,0,0,0,2026-07-15T09:50:17.550303
63,6,10,0,0,0,2026-07-15T09:50:18.050895
63,7,1,5,0,5,2026-07-15T09:50:18.578841
63,7,2,5,0,5,2026-07-15T09:50:19.446118
63,7,3,5,0,5,2026-07-15T09:50:19.798413
63,7,4,5,0,5,2026-07-15T09:50:20.459065
63,7,5,5,0,5,2026-07-15T09:50:21.001792
63,7,6,5,0,5,2026-07-15T09:50:21.732825
63,7,7,5,0,5,2026-07-15T09:50:22.077087
63,7,8,5,0,5,2026-07-15T09:50:22.853537
63,7,9,5,0,5,2026-07-15T09:50:23.192098
63,7,10,5,0,5,2026-07-15T09:50:23.612243
63,8,1,0,0,0,2026-07-15T09:50:23.918288
63,8,2,0,0,0,2026-07-15T09:50:24.476751
63,8,3,0,0,0,2026-07-15T09:50:24.894185
63,8,4,0,0,0,2026-07-15T09:50:25.547248
63,8,5,0,0,0,2026-07-15T09:50:26.071686
63,8,6,0,0,0,2026-07-15T09:50:26.642304
63,8,7,0,0,0,2026-07-15T09:50:26.968457
63,8,8,0,0,0,2026-07-15T09:50:27.396917
63,8,9,0,0,0,2026-07-15T09:50:28.097057
63,8,10,0,0,0,2026-07-15T09:50:28.704165
63,9,1,5,1,5,2026-07-15T12:43:44.619313
63,9,2,5,0,5,2026-07-15T09:50:29.598519
63,9,3,5,0,5,2026-07-15T09:50:30.356061
63,9,4,5,0,5,2026-07-15T09:50:30.947481
63,9,5,5,0,5,2026-07-15T09:50:31.490932
63,9,6,5,0,5,2026-07-15T09:50:31.943561
63,9,7,5,0,5,2026-07-15T09:50:32.259315
63,9,8,5,0,5,2026-07-15T09:50:32.643942
63,9,9,5,0,5,2026-07-15T09:50:33.326791
63,9,10,5,0,5,2026-07-15T09:50:34.063513
64,1,1,4,0,4,2026-07-15T09:50:35.021748
64,1,2,4,0,4,2026-07-15T09:50:35.615843
64,1,3,4,0,4,2026-07-15T09:50:35.955504
64,1,4,4,0,4,2026-07-15T09:50:36.847464
64,1,5,4,0,4,2026-07-15T09:50:37.406223
64,1,6,4,0,4,2026-07-15T09:50:37.765767
64,1,7,4,0,4,2026-07-15T09:50:38.304988
64,1,8,4,0,4,2026-07-15T09:50:38.643778
64,1,9,4,0,4,2026-07-15T09:50:38.993427
64,1,10,5,1,5,2026-07-15T12:43:45.600230
64,2,1,0,0,0,2026-07-15T09:50:41.134460
64,2,2,0,0,0,2026-07-15T09:50:42.722479
64,2,3,0,0,0,2026-07-15T09:50:43.310672
64,2,4,0,0,0,2026-07-15T09:50:43.729932
64,2,5,0,0,0,2026-07-15T09:50:44.593211
64,2,6,0,0,0,2026-07-15T09:50:44.990179
64,2,7,0,0,0,2026-07-15T09:50:45.327588
64,2,8,0,0,0,2026-07-15T09:50:46.041624
64,2,9,0,0,0,2026-07-15T09:50:46.647402
64,2,10,0,0,0,2026-07-15T09:50:47.962277
64,3,1,2,0,2,2026-07-15T09:50:48.826615
64,3,2,2,0,2,2026-07-15T09:50:49.451535
64,3,3,2,0,2,2026-07-15T09:50:49.815567
64,3,4,2,0,2,2026-07-15T09:50:50.275085
64,3,5,2,0,2,2026-07-15T09:50:50.811291
64,3,6,2,0,2,2026-07-15T09:50:51.429046
64,3,7,2,0,2,2026-07-15T09:50:52.285539
64,3,8,2,0,2,2026-07-15T09:50:53.184807
64,3,9,2,0,2,2026-07-15T09:50:53.882874
64,3,10,2,0,2,2026-07-15T09:50:54.580049
64,4,1,0,0,0,2026-07-15T09:50:54.924469
64,4,2,0,1,0,2026-07-15T12:43:46.425833
64,4,3,0,0,0,2026-07-15T09:50:56.992784
64,4,4,0,0,0,2026-07-15T09:50:57.474275
64,4,5,0,0,0,2026-07-15T09:50:57.817609
64,4,6,0,0,0,2026-07-15T09:50:58.137978
64,4,7,0,0,0,2026-07-15T09:50:58.821546
64,4,8,0,0,0,2026-07-15T09:50:59.287415
64,4,9,0,0,0,2026-07-15T09:50:59.759084
64,4,10,0,0,0,2026-07-15T09:51:00.372323
64,5,1,4,0,4,2026-07-15T09:51:00.919999
64,5,2,4,0,4,2026-07-15T09:51:01.700322
64,5,3,4,0,4,2026-07-15T09:51:02.108792
64,5,4,4,0,4,2026-07-15T09:51:03.579395
64,5,5,4,0,4,2026-07-15T09:51:04.179512
64,5,6,4,0,4,2026-07-15T09:51:04.506417
64,5,7,4,0,4,2026-07-15T09:51:05.303856
64,5,8,4,0,4,2026-07-15T09:51:06.199299
64,5,9,4,0,4,2026-07-15T09:51:06.687340
64,5,10,4,0,4,2026-07-15T09:51:08.252606
64,6,1,0,0,0,2026-07-15T09:51:08.652277
64,6,2,0,0,0,2026-07-15T09:51:09.027815
64,6,3,0,0,0,2026-07-15T09:51:09.358681
64,6,4,0,0,0,2026-07-15T09:51:10.950613
64,6,5,0,0,0,2026-07-15T09:51:11.422229
64,6,6,0,0,0,2026-07-15T09:51:12.045218
64,6,7,0,0,0,2026-07-15T09:51:12.746360
64,6,8,0,0,0,2026-07-15T09:51:13.259073
64,6,9,0,0,0,2026-07-15T09:51:13.601717
64,6,10,0,0,0,2026-07-15T09:51:14.131037
64,7,1,5,1,5,2026-07-15T12:43:46.973784
64,7,2,5,0,5,2026-07-15T09:51:15.943137
64,7,3,5,0,5,2026-07-15T09:51:16.355757
64,7,4,5,0,5,2026-07-15T09:51:17.118383
64,7,5,5,1,5,2026-07-15T12:43:47.540321
64,7,6,5,0,5,2026-07-15T09:51:18.719607
64,7,7,5,0,5,2026-07-15T09:51:19.316893
64,7,8,5,0,5,2026-07-15T09:51:19.759347
64,7,9,5,0,5,2026-07-15T09:51:20.074285
64,7,10,5,0,5,2026-07-15T09:51:20.432900
64,8,1,0,0,0,2026-07-15T09:51:21.003215
64,8,2,0,0,0,2026-07-15T09:51:21.346006
64,8,3,0,0,0,2026-07-15T09:51:21.786034
64,8,4,0,0,0,2026-07-15T09:51:22.133837
64,8,5,0,0,0,2026-07-15T09:51:22.458861
64,8,6,0,0,0,2026-07-15T09:51:23.119121
64,8,7,0,0,0,2026-07-15T09:51:23.507999
64,8,8,0,0,0,2026-07-15T09:51:23.804854
64,8,9,0,1,0,2026-07-15T12:43:48.156188
64,8,10,0,0,0,2026-07-15T09:51:25.475911
64,9,1,5,0,5,2026-07-15T09:51:25.974742
64,9,2,5,0,5,2026-07-15T09:51:26.354443
64,9,3,5,0,5,2026-07-15T09:51:27.009215
64,9,4,5,0,5,2026-07-15T09:51:27.332156
64,9,5,5,0,5,2026-07-15T09:51:27.820329
64,9,6,5,0,5,2026-07-15T09:51:28.122510
64,9,7,5,0,5,2026-07-15T09:51:28.690875
64,9,8,5,0,5,2026-07-15T09:51:29.044003
64,9,9,5,0,5,2026-07-15T09:51:29.541695
64,9,10,5,0,5,2026-07-15T09:51:29.928259
65,1,1,4,0,4,2026-07-15T09:51:30.747459
65,1,2,4,0,4,2026-07-15T09:51:31.277339
65,1,3,4,0,4,2026-07-15T09:51:31.718776
65,1,4,4,0,4,2026-07-15T09:51:32.062734
65,1,5,4,0,4,2026-07-15T09:51:32.500798
65,1,6,4,0,4,2026-07-15T09:51:32.832461
65,1,7,4,1,4,2026-07-15T12:43:49.046672
65,1,8,4,0,4,2026-07-15T09:51:34.832479
65,1,9,4,0,4,2026-07-15T09:51:35.511194
65,1,10,4,0,4,2026-07-15T09:51:36.054377
65,2,1,0,0,0,2026-07-15T09:51:36.517641
65,2,2,0,0,0,2026-07-15T09:51:36.963848
65,2,3,0,0,0,2026-07-15T09:51:37.460123
65,2,4,0,0,0,2026-07-15T09:51:37.793442
65,2,5,0,0,0,2026-07-15T09:51:38.520065
65,2,6,0,0,0,2026-07-15T09:51:38.851993
65,2,7,0,0,0,2026-07-15T09:51:39.269622
65,2,8,0,0,0,2026-07-15T09:51:39.724193
65,2,9,0,1,0,2026-07-15T12:43:49.744949
65,2,10,0,0,0,2026-07-15T09:51:42.580749
65,3,1,2,0,2,2026-07-15T09:51:42.923729
65,3,2,2,0,2,2026-07-15T09:51:43.575776
65,3,3,2,0,2,2026-07-15T09:51:44.011875
65,3,4,2,0,2,2026-07-15T09:51:44.884855
65,3,5,2,0,2,2026-07-15T09:51:45.487036
65,3,6,2,0,2,2026-07-15T09:51:46.045444
65,3,7,2,0,2,2026-07-15T09:51:46.728130
65,3,8,2,0,2,2026-07-15T09:51:47.382625
65,3,9,2,0,2,2026-07-15T09:51:47.860308
65,3,10,2,0,2,2026-07-15T09:51:48.195266
65,4,1,0,1,0,2026-07-15T12:43:50.201538
65,4,2,0,0,0,2026-07-15T09:51:49.770238
65,4,3,0,0,0,2026-07-15T09:51:50.564402
65,4,4,0,0,0,2026-07-15T09:51:50.882191
65,4,5,0,0,0,2026-07-15T09:51:51.317694
65,4,6,0,0,0,2026-07-15T09:51:51.692892
65,4,7,0,0,0,2026-07-15T09:51:52.349769
65,4,8,0,0,0,2026-07-15T09:51:52.813981
65,4,9,0,0,0,2026-07-15T09:51:53.159665
65,4,10,0,0,0,2026-07-15T09:51:53.789814
65,5,1,2,0,2,2026-07-15T09:51:54.567349
65,5,2,2,0,2,2026-07-15T09:51:55.276011
65,5,3,4,0,4,2026-07-15T09:51:55.820938
65,5,4,4,0,4,2026-07-15T09:51:58.008251
65,5,5,2,0,2,2026-07-15T09:51:58.412060
65,5,6,2,0,2,2026-07-15T09:51:58.787626
65,5,7,2,0,2,2026-07-15T09:51:59.369940
65,5,8,2,0,2,2026-07-15T09:51:59.998197
65,5,9,2,0,2,2026-07-15T09:52:00.536408
65,5,10,4,0,4,2026-07-15T09:52:01.146505
65,6,1,0,0,0,2026-07-15T09:52:01.618517
65,6,2,0,0,0,2026-07-15T09:52:01.992816
65,6,3,0,1,0,2026-07-15T12:43:50.748450
65,6,4,0,0,0,2026-07-15T09:52:03.579111
65,6,5,0,0,0,2026-07-15T09:52:03.971299
65,6,6,0,0,0,2026-07-15T09:52:04.754529
65,6,7,0,0,0,2026-07-15T09:52:05.383408
65,6,8,0,0,0,2026-07-15T09:52:05.786935
65,6,9,0,0,0,2026-07-15T09:52:06.143397
65,6,10,0,0,0,2026-07-15T09:52:06.498772
65,7,1,5,0,5,2026-07-15T09:52:06.906349
65,7,2,5,0,5,2026-07-15T09:52:07.608395
65,7,3,5,0,5,2026-07-15T09:52:08.318395
65,7,4,5,0,5,2026-07-15T09:52:08.857447
65,7,5,5,0,5,2026-07-15T09:52:09.231181
65,7,6,5,0,5,2026-07-15T09:52:09.596281
65,7,7,5,0,5,2026-07-15T09:52:09.965395
65,7,8,5,0,5,2026-07-15T09:52:10.402274
65,7,9,5,0,5,2026-07-15T09:52:11.171045
65,7,10,5,0,5,2026-07-15T09:52:11.692531
65,8,1,0,0,0,2026-07-15T09:52:12.142060
65,8,2,0,0,0,2026-07-15T09:52:12.639506
65,8,3,0,0,0,2026-07-15T09:52:13.051111
65,8,4,0,0,0,2026-07-15T09:52:13.459926
65,8,5,0,0,0,2026-07-15T09:52:14.378154
65,8,6,0,0,0,2026-07-15T09:52:15.282620
65,8,7,0,0,0,2026-07-15T09:52:15.590271
65,8,8,0,0,0,2026-07-15T09:52:15.912190
65,8,9,0,0,0,2026-07-15T09:52:16.606045
65,8,10,0,0,0,2026-07-15T09:52:17.159487
65,9,1,5,0,5,2026-07-15T09:52:17.476561
65,9,2,5,0,5,2026-07-15T09:52:18.460262
65,9,3,5,1,5,2026-07-15T12:43:51.530043
65,9,4,5,0,5,2026-07-15T09:52:20.465784
65,9,5,5,0,5,2026-07-15T09:52:20.795847
65,9,6,5,0,5,2026-07-15T09:52:21.604190
65,9,7,5,0,5,2026-07-15T09:52:22.039453
65,9,8,5,0,5,2026-07-15T09:52:22.409246
65,9,9,5,0,5,2026-07-15T09:52:22.764055
65,9,10,5,1,5,2026-07-15T12:43:51.992695
66,1,1,4,0,4,2026-07-15T09:52:24.348951
66,1,2,4,0,4,2026-07-15T09:52:25.159802
66,1,3,4,0,4,2026-07-15T09:52:25.602814
66,1,4,4,1,4,2026-07-15T12:43:52.375197
66,1,5,4,0,4,2026-07-15T09:52:27.190094
66,1,6,4,0,4,2026-07-15T09:52:28.341785
66,1,7,4,0,4,2026-07-15T09:52:28.959933
66,1,8,4,0,4,2026-07-15T09:52:29.321618
66,1,9,4,0,4,2026-07-15T09:52:30.109462
66,1,10,4,0,4,2026-07-15T09:52:30.485368
66,2,1,0,0,0,2026-07-15T09:52:31.935196
66,2,2,0,0,0,2026-07-15T09:52:32.265085
66,2,3,0,0,0,2026-07-15T09:52:32.669358
66,2,4,0,0,0,2026-07-15T09:52:33.113575
66,2,5,0,0,0,2026-07-15T09:52:33.742323
66,2,6,0,0,0,2026-07-15T09:52:34.083676
66,2,7,0,0,0,2026-07-15T09:52:34.506792
66,2,8,0,0,0,2026-07-15T09:52:34.948946
66,2,9,0,0,0,2026-07-15T09:52:35.515922
66,2,10,0,0,0,2026-07-15T09:52:36.536445
66,3,1,0,0,0,2026-07-15T09:52:37.200456
66,3,2,0,1,0,2026-07-15T12:43:52.939156
66,3,3,2,0,2,2026-07-15T09:52:39.257574
66,3,4,0,0,0,2026-07-15T09:52:40.011067
66,3,5,0,0,0,2026-07-15T09:52:40.329202
66,3,6,0,0,0,2026-07-15T09:52:40.788104
66,3,7,0,0,0,2026-07-15T09:52:41.375685
66,3,8,0,0,0,2026-07-15T09:52:42.038535
66,3,9,0,0,0,2026-07-15T09:52:42.913511
66,3,10,0,0,0,2026-07-15T09:52:43.314192
66,4,1,0,0,0,2026-07-15T09:52:44.189820
66,4,2,0,0,0,2026-07-15T09:52:44.780248
66,4,3,0,1,0,2026-07-15T12:43:53.656987
66,4,4,0,0,0,2026-07-15T09:52:46.332688
66,4,5,0,0,0,2026-07-15T09:52:46.860455
66,4,6,0,0,0,2026-07-15T09:52:48.288831
66,4,7,0,0,0,2026-07-15T09:52:49.127958
66,4,8,0,0,0,2026-07-15T09:52:49.596116
66,4,9,0,1,0,2026-07-15T12:43:54.221098
66,4,10,0,0,0,2026-07-15T09:52:51.082138
66,5,1,2,0,2,2026-07-15T09:52:52.176902
66,5,2,4,0,4,2026-07-15T09:52:52.654128
66,5,3,4,0,4,2026-07-15T09:52:53.295840
66,5,4,4,0,4,2026-07-15T09:52:53.809900
66,5,5,4,0,4,2026-07-15T09:52:54.284259
66,5,6,4,0,4,2026-07-15T09:52:54.749429
66,5,7,2,0,2,2026-07-15T09:52:55.176393
66,5,8,2,0,2,2026-07-15T09:52:55.740754
66,5,9,4,0,4,2026-07-15T09:52:56.096942
66,5,10,2,0,2,2026-07-15T09:52:56.577201
66,6,1,0,0,0,2026-07-15T09:52:57.087368
66,6,2,0,0,0,2026-07-15T09:52:57.710346
66,6,3,0,0,0,2026-07-15T09:52:58.103497
66,6,4,0,0,0,2026-07-15T09:52:58.490800
66,6,5,0,0,0,2026-07-15T09:52:58.963025
66,6,6,0,1,0,2026-07-15T12:43:54.653578
66,6,7,0,0,0,2026-07-15T09:53:02.228565
66,6,8,0,0,0,2026-07-15T09:53:03.286489
66,6,9,0,0,0,2026-07-15T09:53:03.622357
66,6,10,0,0,0,2026-07-15T09:53:03.995822
66,7,1,5,0,5,2026-07-15T09:53:04.485190
66,7,2,5,0,5,2026-07-15T09:53:05.183618
66,7,3,5,1,5,2026-07-15T12:43:55.083127
66,7,4,5,0,5,2026-07-15T09:53:07.058222
66,7,5,5,0,5,2026-07-15T09:53:07.404823
66,7,6,5,0,5,2026-07-15T09:53:08.343787
66,7,7,5,0,5,2026-07-15T09:53:09.169845
66,7,8,5,0,5,2026-07-15T09:53:09.536888
66,7,9,5,0,5,2026-07-15T09:53:10.196919
66,7,10,5,0,5,2026-07-15T09:53:10.548176
66,8,1,0,0,0,2026-07-15T09:53:10.973716
66,8,2,0,0,0,2026-07-15T09:53:11.513333
66,8,3,0,0,0,2026-07-15T09:53:12.066417
66,8,4,0,0,0,2026-07-15T09:53:12.850119
66,8,5,0,0,0,2026-07-15T09:53:13.512664
66,8,6,0,0,0,2026-07-15T09:53:14.058865
66,8,7,0,1,0,2026-07-15T12:43:56.428595
66,8,8,0,0,0,2026-07-15T09:53:16.552882
66,8,9,0,0,0,2026-07-15T09:53:17.008631
66,8,10,0,0,0,2026-07-15T09:53:17.690555
66,9,1,5,0,5,2026-07-15T09:53:18.535612
66,9,2,5,0,5,2026-07-15T09:53:19.113067
66,9,3,5,0,5,2026-07-15T09:53:19.470399
66,9,4,5,0,5,2026-07-15T09:53:21.272918
66,9,5,5,0,5,2026-07-15T09:53:21.786215
66,9,6,5,0,5,2026-07-15T09:53:22.419075
66,9,7,5,0,5,2026-07-15T09:53:22.736555
66,9,8,5,0,5,2026-07-15T09:53:23.043078
66,9,9,5,0,5,2026-07-15T09:53:23.757576
66,9,10,5,0,5,2026-07-15T09:53:24.201176
67,1,1,4,0,4,2026-07-15T09:53:24.908305
67,1,2,4,0,4,2026-07-15T09:53:25.426773
67,1,3,4,1,4,2026-07-15T12:43:57.513361
67,1,4,4,0,4,2026-07-15T09:53:28.041926
67,1,5,4,0,4,2026-07-15T09:53:30.713406
67,1,6,4,0,4,2026-07-15T09:53:31.865441
67,1,7,4,0,4,2026-07-15T09:53:33.327075
67,1,8,4,0,4,2026-07-15T09:53:34.700367
67,1,9,4,0,4,2026-07-15T09:53:35.126607
67,1,10,4,0,4,2026-07-15T09:53:35.544685
67,2,1,0,0,0,2026-07-15T09:53:35.971045
67,2,2,0,1,0,2026-07-15T12:43:57.916398
67,2,3,0,0,0,2026-07-15T09:53:37.840759
67,2,4,0,1,0,2026-07-15T12:43:58.448201
67,2,5,0,0,0,2026-07-15T09:53:39.528054
67,2,6,0,0,0,2026-07-15T09:53:40.240354
67,2,7,0,0,0,2026-07-15T09:53:40.844335
67,2,8,0,0,0,2026-07-15T09:53:41.157594
67,2,9,0,0,0,2026-07-15T09:53:41.860438
67,2,10,0,0,0,2026-07-15T09:53:42.854078
67,3,1,2,0,2,2026-07-15T09:53:43.831358
67,3,2,4,0,4,2026-07-15T09:53:44.303825
67,3,3,4,0,4,2026-07-15T09:53:44.641130
67,3,4,2,0,2,2026-07-15T09:53:44.994710
67,3,5,2,0,2,2026-07-15T09:53:45.705540
67,3,6,4,0,4,2026-07-15T09:53:46.156298
67,3,7,2,0,2,2026-07-15T09:53:47.157448
67,3,8,4,0,4,2026-07-15T09:53:47.640504
67,3,9,2,0,2,2026-07-15T09:53:48.359989
67,3,10,4,0,4,2026-07-15T09:53:49.051281
67,4,1,0,0,0,2026-07-15T09:53:50.682366
67,4,2,0,1,0,2026-07-15T12:43:59.339251
67,4,3,0,0,0,2026-07-15T09:53:52.409119
67,4,4,0,0,0,2026-07-15T09:53:53.537742
67,4,5,0,0,0,2026-07-15T09:53:53.940724
67,4,6,0,1,0,2026-07-15T12:44:00.050982
67,4,7,0,0,0,2026-07-15T09:53:55.918745
67,4,8,0,0,0,2026-07-15T09:53:56.482304
67,4,9,0,0,0,2026-07-15T09:53:56.828487
67,4,10,0,0,0,2026-07-15T09:53:57.303717
67,5,1,4,0,4,2026-07-15T09:53:58.869207
67,5,2,2,0,2,2026-07-15T09:53:59.201752
67,5,3,4,0,4,2026-07-15T09:53:59.633066
67,5,4,2,0,2,2026-07-15T09:54:00.109253
67,5,5,2,0,2,2026-07-15T09:54:00.602177
67,5,6,2,0,2,2026-07-15T09:54:01.538048
67,5,7,2,0,2,2026-07-15T09:54:01.988878
67,5,8,2,0,2,2026-07-15T09:54:02.392788
67,5,9,2,0,2,2026-07-15T09:54:04.354768
67,5,10,4,0,4,2026-07-15T09:54:05.120287
67,6,1,0,0,0,2026-07-15T09:54:05.596600
67,6,2,0,0,0,2026-07-15T09:54:06.505733
67,6,3,0,0,0,2026-07-15T09:54:07.093538
67,6,4,0,0,0,2026-07-15T09:54:07.786521
67,6,5,0,0,0,2026-07-15T09:54:08.353525
67,6,6,0,1,0,2026-07-15T12:44:01.555699
67,6,7,0,0,0,2026-07-15T09:54:10.967982
67,6,8,0,0,0,2026-07-15T09:54:11.671307
67,6,9,0,0,0,2026-07-15T09:54:11.983797
67,6,10,0,0,0,2026-07-15T09:54:12.710650
67,7,1,5,0,5,2026-07-15T09:54:13.331215
67,7,2,5,0,5,2026-07-15T09:54:13.781473
67,7,3,5,0,5,2026-07-15T09:54:14.386596
67,7,4,5,0,5,2026-07-15T09:54:14.778789
67,7,5,5,0,5,2026-07-15T09:54:15.130681
67,7,6,5,0,5,2026-07-15T09:54:15.580330
67,7,7,5,0,5,2026-07-15T09:54:16.545995
67,7,8,5,0,5,2026-07-15T09:54:17.120010
67,7,9,5,0,5,2026-07-15T09:54:17.890004
67,7,10,5,0,5,2026-07-15T09:54:18.596019
67,8,1,0,0,0,2026-07-15T09:54:18.999944
67,8,2,0,0,0,2026-07-15T09:54:20.406035
67,8,3,0,0,0,2026-07-15T09:54:21.012765
67,8,4,0,0,0,2026-07-15T09:54:21.517173
67,8,5,0,1,0,2026-07-15T12:44:02.461588
67,8,6,0,0,0,2026-07-15T09:54:23.045395
67,8,7,0,0,0,2026-07-15T09:54:23.517659
67,8,8,0,0,0,2026-07-15T09:54:23.861789
67,8,9,0,0,0,2026-07-15T09:54:24.219531
67,8,10,0,0,0,2026-07-15T09:54:24.694984
67,9,1,5,0,5,2026-07-15T09:54:25.129100
67,9,2,5,0,5,2026-07-15T09:54:25.547791
67,9,3,5,0,5,2026-07-15T09:54:25.907472
67,9,4,5,0,5,2026-07-15T09:54:26.871483
67,9,5,5,0,5,2026-07-15T09:54:27.726981
67,9,6,5,0,5,2026-07-15T09:54:28.371297
67,9,7,5,0,5,2026-07-15T09:54:29.004170
67,9,8,5,0,5,2026-07-15T09:54:29.542284
67,9,9,5,0,5,2026-07-15T09:54:29.872258
67,9,10,5,0,5,2026-07-15T09:54:30.376482
68,1,1,5,0,5,2026-07-15T09:54:30.950665
68,1,2,4,0,4,2026-07-15T09:54:32.092521
68,1,3,5,0,5,2026-07-15T09:54:33.675026
68,1,4,5,0,5,2026-07-15T09:54:34.008099
68,1,5,5,0,5,2026-07-15T09:54:35.414912
68,1,6,5,0,5,2026-07-15T09:54:35.843238
68,1,7,5,0,5,2026-07-15T09:54:36.260340
68,1,8,5,0,5,2026-07-15T09:54:36.638246
68,1,9,5,0,5,2026-07-15T09:54:37.132183
68,1,10,4,0,4,2026-07-15T09:54:37.567144
68,2,1,0,0,0,2026-07-15T09:54:37.977728
68,2,2,0,0,0,2026-07-15T09:54:38.733457
68,2,3,0,0,0,2026-07-15T09:54:39.104377
68,2,4,0,0,0,2026-07-15T09:54:39.697192
68,2,5,0,0,0,2026-07-15T09:54:40.055317
68,2,6,0,0,0,2026-07-15T09:54:40.880574
68,2,7,0,0,0,2026-07-15T09:54:41.182037
68,2,8,0,0,0,2026-07-15T09:54:41.727949
68,2,9,0,0,0,2026-07-15T09:54:42.215196
68,2,10,0,0,0,2026-07-15T09:54:43.283620
68,3,1,2,0,2,2026-07-15T09:54:44.708224
68,3,2,2,0,2,2026-07-15T09:54:45.315436
68,3,3,2,0,2,2026-07-15T09:54:45.711001
68,3,4,2,0,2,2026-07-15T09:54:46.194087
68,3,5,2,0,2,2026-07-15T09:54:46.676844
68,3,6,2,0,2,2026-07-15T09:54:47.096674
68,3,7,2,0,2,2026-07-15T09:54:47.475729
68,3,8,2,0,2,2026-07-15T09:54:48.244336
68,3,9,2,1,2,2026-07-15T12:44:03.155599
68,3,10,2,0,2,2026-07-15T09:54:49.454240
68,4,1,0,0,0,2026-07-15T09:54:49.864381
68,4,2,0,0,0,2026-07-15T09:54:50.320528
68,4,3,0,1,0,2026-07-15T12:44:04.125606
68,4,4,0,0,0,2026-07-15T09:54:52.316432
68,4,5,0,0,0,2026-07-15T09:54:53.071634
68,4,6,0,0,0,2026-07-15T09:54:53.480288
68,4,7,0,0,0,2026-07-15T09:54:54.295694
68,4,8,0,0,0,2026-07-15T09:54:54.839973
68,4,9,0,0,0,2026-07-15T09:54:55.313245
68,4,10,0,0,0,2026-07-15T09:54:55.842058
68,5,1,4,0,4,2026-07-15T09:54:56.651137
68,5,2,2,0,2,2026-07-15T09:54:57.257766
68,5,3,4,0,4,2026-07-15T09:54:57.670824
68,5,4,4,0,4,2026-07-15T09:54:58.519752
68,5,5,2,0,2,2026-07-15T09:54:59.205187
68,5,6,4,0,4,2026-07-15T09:54:59.739410
68,5,7,4,0,4,2026-07-15T09:55:00.238968
68,5,8,4,0,4,2026-07-15T09:55:00.690640
68,5,9,4,0,4,2026-07-15T09:55:01.327095
68,5,10,4,0,4,2026-07-15T09:55:01.888313
68,6,1,0,0,0,2026-07-15T09:55:02.582331
68,6,2,0,0,0,2026-07-15T09:55:03.030420
68,6,3,0,0,0,2026-07-15T09:55:03.607560
68,6,4,0,0,0,2026-07-15T09:55:04.372113
68,6,5,0,0,0,2026-07-15T09:55:04.729972
68,6,6,0,0,0,2026-07-15T09:55:05.750044
68,6,7,0,0,0,2026-07-15T09:55:06.476228
68,6,8,0,0,0,2026-07-15T09:55:07.957997
68,6,9,0,0,0,2026-07-15T09:55:08.283286
68,6,10,0,0,0,2026-07-15T09:55:09.022227
68,7,1,5,0,5,2026-07-15T09:55:09.961515
68,7,2,5,0,5,2026-07-15T09:55:10.349967
68,7,3,5,0,5,2026-07-15T09:55:10.761007
68,7,4,5,0,5,2026-07-15T09:55:11.424975
68,7,5,5,1,5,2026-07-15T12:44:04.669120
68,7,6,5,1,5,2026-07-15T12:44:05.392719
68,7,7,5,0,5,2026-07-15T09:55:15.158889
68,7,8,5,0,5,2026-07-15T09:55:16.712471
68,7,9,5,0,5,2026-07-15T09:55:17.266279
68,7,10,5,0,5,2026-07-15T09:55:17.933156
68,8,1,0,0,0,2026-07-15T09:55:18.808698
68,8,2,0,0,0,2026-07-15T09:55:19.373148
68,8,3,0,0,0,2026-07-15T09:55:19.895958
68,8,4,0,0,0,2026-07-15T09:55:20.199704
68,8,5,0,1,0,2026-07-15T12:44:08.907882
68,8,6,0,0,0,2026-07-15T09:55:22.458580
68,8,7,0,0,0,2026-07-15T09:55:22.975956
68,8,8,0,0,0,2026-07-15T09:55:23.637887
68,8,9,0,0,0,2026-07-15T09:55:24.073101
68,8,10,0,0,0,2026-07-15T09:55:24.498112
68,9,1,5,1,5,2026-07-15T12:44:09.444843
68,9,2,5,0,5,2026-07-15T09:55:26.365507
68,9,3,5,0,5,2026-07-15T09:55:26.983836
68,9,4,5,0,5,2026-07-15T09:55:27.682708
68,9,5,5,0,5,2026-07-15T09:55:27.986909
68,9,6,5,0,5,2026-07-15T09:55:28.496530
68,9,7,5,0,5,2026-07-15T09:55:29.226476
68,9,8,5,0,5,2026-07-15T09:55:29.638671
68,9,9,5,0,5,2026-07-15T09:55:30.004264
68,9,10,5,0,5,2026-07-15T09:55:30.416996
69,1,1,4,0,4,2026-07-15T09:55:30.817881
69,1,2,4,0,4,2026-07-15T09:55:31.225465
69,1,3,5,0,5,2026-07-15T09:55:31.805449
69,1,4,4,0,4,2026-07-15T09:55:32.913281
69,1,5,5,0,5,2026-07-15T09:55:33.863053
69,1,6,4,0,4,2026-07-15T09:55:34.915270
69,1,7,4,1,4,2026-07-15T12:44:09.907179
69,1,8,5,0,5,2026-07-15T09:55:36.563035
69,1,9,5,0,5,2026-07-15T09:55:36.893494
69,1,10,4,0,4,2026-07-15T09:55:37.612614
69,2,1,0,0,0,2026-07-15T09:55:38.093496
69,2,2,0,0,0,2026-07-15T09:55:38.448272
69,2,3,0,0,0,2026-07-15T09:55:38.975807
69,2,4,0,0,0,2026-07-15T09:55:39.394116
69,2,5,0,0,0,2026-07-15T09:55:39.767857
69,2,6,0,0,0,2026-07-15T09:55:40.171019
69,2,7,0,0,0,2026-07-15T09:55:40.489845
69,2,8,0,0,0,2026-07-15T09:55:40.845010
69,2,9,0,0,0,2026-07-15T09:55:41.244898
69,2,10,0,0,0,2026-07-15T09:55:41.982431
69,3,1,4,1,4,2026-07-15T12:44:10.574164
69,3,2,2,0,2,2026-07-15T09:55:44.175861
69,3,3,4,1,4,2026-07-15T12:44:11.065477
69,3,4,2,0,2,2026-07-15T09:55:46.024807
69,3,5,4,0,4,2026-07-15T09:55:46.852897
69,3,6,4,0,4,2026-07-15T09:55:47.538730
69,3,7,4,0,4,2026-07-15T09:55:48.553197
69,3,8,4,0,4,2026-07-15T09:55:48.949767
69,3,9,4,1,4,2026-07-15T12:44:11.586625
69,3,10,4,0,4,2026-07-15T09:55:50.162010
69,4,1,0,1,0,2026-07-15T12:44:13.031030
69,4,2,0,0,0,2026-07-15T09:55:51.890737
69,4,3,0,0,0,2026-07-15T09:55:52.538075
69,4,4,0,0,0,2026-07-15T09:55:53.279157
69,4,5,0,0,0,2026-07-15T09:55:53.632190
69,4,6,0,0,0,2026-07-15T09:55:54.555687
69,4,7,0,0,0,2026-07-15T09:55:55.023871
69,4,8,0,0,0,2026-07-15T09:55:55.381794
69,4,9,0,0,0,2026-07-15T09:55:56.078594
69,4,10,0,0,0,2026-07-15T09:55:56.424343
69,5,1,4,0,4,2026-07-15T09:55:56.982031
69,5,2,4,0,4,2026-07-15T09:55:57.720722
69,5,3,2,0,2,2026-07-15T09:55:58.155577
69,5,4,4,0,4,2026-07-15T09:55:58.866618
69,5,5,4,0,4,2026-07-15T09:55:59.200567
69,5,6,4,0,4,2026-07-15T09:55:59.747933
69,5,7,2,0,2,2026-07-15T09:56:00.529248
69,5,8,4,0,4,2026-07-15T09:56:00.856556
69,5,9,2,1,2,2026-07-15T12:44:14.157291
69,5,10,2,0,2,2026-07-15T09:56:01.759669
69,6,1,0,1,0,2026-07-15T12:44:14.575401
69,6,2,0,0,0,2026-07-15T09:56:03.293976
69,6,3,0,0,0,2026-07-15T09:56:03.642313
69,6,4,0,0,0,2026-07-15T09:56:03.988689
69,6,5,0,0,0,2026-07-15T09:56:04.581640
69,6,6,0,0,0,2026-07-15T09:56:05.174524
69,6,7,0,0,0,2026-07-15T09:56:05.819290
69,6,8,0,0,0,2026-07-15T09:56:06.310591
69,6,9,0,0,0,2026-07-15T09:56:06.715853
69,6,10,0,0,0,2026-07-15T09:56:07.343225
69,7,1,5,0,5,2026-07-15T09:56:07.934627
69,7,2,5,0,5,2026-07-15T09:56:08.526413
69,7,3,5,0,5,2026-07-15T09:56:09.417231
69,7,4,5,0,5,2026-07-15T09:56:09.880968
69,7,5,5,0,5,2026-07-15T09:56:10.257274
69,7,6,5,0,5,2026-07-15T09:56:10.641233
69,7,7,5,0,5,2026-07-15T09:56:11.141557
69,7,8,5,0,5,2026-07-15T09:56:11.584241
69,7,9,5,0,5,2026-07-15T09:56:11.930426
69,7,10,5,1,5,2026-07-15T12:44:15.020330
69,8,1,0,0,0,2026-07-15T09:56:13.564323
69,8,2,0,0,0,2026-07-15T09:56:14.057743
69,8,3,2,0,2,2026-07-15T09:56:14.379644
69,8,4,0,0,0,2026-07-15T09:56:15.548257
69,8,5,0,0,0,2026-07-15T09:56:15.969064
69,8,6,2,0,2,2026-07-15T09:56:16.331520
69,8,7,2,0,2,2026-07-15T09:56:16.736077
69,8,8,2,0,2,2026-07-15T09:56:17.093030
69,8,9,0,0,0,2026-07-15T09:56:17.612923
69,8,10,0,0,0,2026-07-15T09:56:17.929685
69,9,1,5,0,5,2026-07-15T09:56:18.459088
69,9,2,5,0,5,2026-07-15T09:56:18.858413
69,9,3,5,0,5,2026-07-15T09:56:19.288151
69,9,4,5,0,5,2026-07-15T09:56:20.082963
69,9,5,5,0,5,2026-07-15T09:56:20.862178
69,9,6,5,0,5,2026-07-15T09:56:21.387768
69,9,7,5,0,5,2026-07-15T09:56:21.738653
69,9,8,5,0,5,2026-07-15T09:56:22.292404
69,9,9,5,0,5,2026-07-15T09:56:22.758723
69,9,10,5,0,5,2026-07-15T09:56:23.955648
70,1,1,4,0,4,2026-07-15T09:56:24.987424
70,1,2,4,0,4,2026-07-15T09:56:25.359255
70,1,3,4,0,4,2026-07-15T09:56:26.157596
70,1,4,4,0,4,2026-07-15T09:56:26.578407
70,1,5,4,0,4,2026-07-15T09:56:27.111545
70,1,6,4,0,4,2026-07-15T09:56:27.998270
70,1,7,4,0,4,2026-07-15T09:56:28.833052
70,1,8,4,0,4,2026-07-15T09:56:29.278828
70,1,9,4,0,4,2026-07-15T09:56:30.303694
70,1,10,4,0,4,2026-07-15T09:56:32.235851
70,2,1,0,0,0,2026-07-15T09:56:32.706896
70,2,2,0,0,0,2026-07-15T09:56:33.028018
70,2,3,0,0,0,2026-07-15T09:56:33.624802
70,2,4,0,0,0,2026-07-15T09:56:34.167872
70,2,5,0,0,0,2026-07-15T09:56:34.517114
70,2,6,0,0,0,2026-07-15T09:56:35.116047
70,2,7,0,1,0,2026-07-15T12:44:15.647271
70,2,8,0,0,0,2026-07-15T09:56:36.000800
70,2,9,0,0,0,2026-07-15T09:56:36.506642
70,2,10,0,0,0,2026-07-15T09:56:37.108340
70,3,1,4,0,4,2026-07-15T09:56:37.636209
70,3,2,4,0,4,2026-07-15T09:56:38.143164
70,3,3,4,0,4,2026-07-15T09:56:38.689951
70,3,4,4,0,4,2026-07-15T09:56:39.235922
70,3,5,4,0,4,2026-07-15T09:56:39.816217
70,3,6,4,0,4,2026-07-15T09:56:40.133005
70,3,7,4,0,4,2026-07-15T09:56:40.820322
70,3,8,4,0,4,2026-07-15T09:56:41.291424
70,3,9,4,0,4,2026-07-15T09:56:41.829967
70,3,10,4,0,4,2026-07-15T09:56:42.387177
70,4,1,0,0,0,2026-07-15T09:56:42.811328
70,4,2,0,0,0,2026-07-15T09:56:43.338564
70,4,3,0,0,0,2026-07-15T09:56:44.340344
70,4,4,0,0,0,2026-07-15T09:56:44.847788
70,4,5,0,0,0,2026-07-15T09:56:47.557843
70,4,6,0,0,0,2026-07-15T09:56:47.936664
70,4,7,0,0,0,2026-07-15T09:56:48.532054
70,4,8,0,1,0,2026-07-15T12:44:16.252779
70,4,9,0,1,0,2026-07-15T12:44:16.729080
70,4,10,0,0,0,2026-07-15T09:56:51.625748
70,5,1,4,0,4,2026-07-15T09:56:52.796567
70,5,2,4,0,4,2026-07-15T09:56:53.324698
70,5,3,4,0,4,2026-07-15T09:56:53.796005
70,5,4,4,0,4,2026-07-15T09:56:54.447948
70,5,5,4,0,4,2026-07-15T09:56:54.781032
70,5,6,4,0,4,2026-07-15T09:56:55.423456
70,5,7,4,0,4,2026-07-15T09:56:55.768376
70,5,8,4,0,4,2026-07-15T09:56:56.276939
70,5,9,4,0,4,2026-07-15T09:56:57.574733
70,5,10,4,0,4,2026-07-15T09:56:58.433495
70,6,1,0,0,0,2026-07-15T09:56:58.988934
70,6,2,0,0,0,2026-07-15T09:56:59.461402
70,6,3,0,0,0,2026-07-15T09:56:59.800642
70,6,4,0,0,0,2026-07-15T09:57:01.022208
70,6,5,0,1,0,2026-07-15T12:44:17.142585
70,6,6,0,0,0,2026-07-15T09:57:02.510843
70,6,7,0,0,0,2026-07-15T09:57:03.158952
70,6,8,0,1,0,2026-07-15T12:44:17.762107
70,6,9,0,0,0,2026-07-15T09:57:05.016428
70,6,10,0,0,0,2026-07-15T09:57:05.333089
70,7,1,5,0,5,2026-07-15T09:57:05.901340
70,7,2,5,0,5,2026-07-15T09:57:06.363916
70,7,3,5,0,5,2026-07-15T09:57:06.728360
70,7,4,5,0,5,2026-07-15T09:57:07.078933
70,7,5,5,0,5,2026-07-15T09:57:07.892624
70,7,6,5,0,5,2026-07-15T09:57:08.643973
70,7,7,5,0,5,2026-07-15T09:57:09.263066
70,7,8,5,0,5,2026-07-15T09:57:09.613240
70,7,9,5,0,5,2026-07-15T09:57:10.039248
70,7,10,5,0,5,2026-07-15T09:57:10.728992
70,8,1,2,0,2,2026-07-15T09:57:11.067875
70,8,2,2,0,2,2026-07-15T09:57:11.399570
70,8,3,2,0,2,2026-07-15T09:57:11.729036
70,8,4,2,0,2,2026-07-15T09:57:12.317957
70,8,5,2,0,2,2026-07-15T09:57:13.092378
70,8,6,2,0,2,2026-07-15T09:57:13.462527
70,8,7,2,0,2,2026-07-15T09:57:13.918798
70,8,8,2,0,2,2026-07-15T09:57:14.373780
70,8,9,2,0,2,2026-07-15T09:57:14.719862
70,8,10,2,0,2,2026-07-15T09:57:15.399917
70,9,1,5,0,5,2026-07-15T09:57:15.909646
70,9,2,5,0,5,2026-07-15T09:57:16.280226
70,9,3,5,0,5,2026-07-15T09:57:16.719094
70,9,4,5,0,5,2026-07-15T09:57:17.463055
70,9,5,5,0,5,2026-07-15T09:57:18.214464
70,9,6,5,0,5,2026-07-15T09:57:19.047475
70,9,7,5,0,5,2026-07-15T09:57:19.379292
70,9,8,5,1,5,2026-07-15T12:44:18.599834
70,9,9,5,0,5,2026-07-15T09:57:20.541921
70,9,10,5,0,5,2026-07-15T09:57:20.902761
71,1,1,5,0,5,2026-07-15T09:57:21.387098
71,1,2,4,0,4,2026-07-15T09:57:21.672504
71,1,3,4,1,4,2026-07-15T12:44:19.062573
71,1,4,4,0,4,2026-07-15T09:57:23.934370
71,1,5,5,0,5,2026-07-15T09:57:24.616934
71,1,6,4,0,4,2026-07-15T09:57:24.996354
71,1,7,5,0,5,2026-07-15T09:57:26.359896
71,1,8,5,0,5,2026-07-15T09:57:26.872443
71,1,9,5,0,5,2026-07-15T09:57:27.222071
71,1,10,5,0,5,2026-07-15T09:57:27.734144
71,2,1,0,0,0,2026-07-15T09:57:28.481410
71,2,2,0,0,0,2026-07-15T09:57:29.048847
71,2,3,0,1,0,2026-07-15T12:44:19.683035
71,2,4,0,0,0,2026-07-15T09:57:30.681848
71,2,5,0,0,0,2026-07-15T09:57:31.161470
71,2,6,0,0,0,2026-07-15T09:57:32.918988
71,2,7,0,0,0,2026-07-15T09:57:33.632406
71,2,8,0,0,0,2026-07-15T09:57:34.641049
71,2,9,0,0,0,2026-07-15T09:57:35.019303
71,2,10,0,0,0,2026-07-15T09:57:36.014439
71,3,1,2,0,2,2026-07-15T09:57:36.453281
71,3,2,4,0,4,2026-07-15T09:57:36.804151
71,3,3,2,0,2,2026-07-15T09:57:37.081064
71,3,4,2,0,2,2026-07-15T09:57:38.399429
71,3,5,2,0,2,2026-07-15T09:57:38.736859
71,3,6,4,0,4,2026-07-15T09:57:40.328002
71,3,7,4,0,4,2026-07-15T09:57:40.652656
71,3,8,4,0,4,2026-07-15T09:57:41.095864
71,3,9,2,0,2,2026-07-15T09:57:41.913390
71,3,10,4,0,4,2026-07-15T09:57:42.875657
71,4,1,0,0,0,2026-07-15T09:57:43.622770
71,4,2,0,0,0,2026-07-15T09:57:44.525385
71,4,3,0,0,0,2026-07-15T09:57:45.005739
71,4,4,0,0,0,2026-07-15T09:57:45.422053
71,4,5,0,0,0,2026-07-15T09:57:46.312335
71,4,6,0,0,0,2026-07-15T09:57:46.701895
71,4,7,0,0,0,2026-07-15T09:57:47.556304
71,4,8,0,0,0,2026-07-15T09:57:47.992395
71,4,9,0,0,0,2026-07-15T09:57:48.664595
71,4,10,0,0,0,2026-07-15T09:57:49.198697
71,5,1,4,0,4,2026-07-15T09:57:49.599725
71,5,2,4,0,4,2026-07-15T09:57:51.113634
71,5,3,4,0,4,2026-07-15T09:57:51.575781
71,5,4,4,1,4,2026-07-15T12:44:20.130786
71,5,5,4,0,4,2026-07-15T09:57:52.641198
71,5,6,4,0,4,2026-07-15T09:57:53.026698
71,5,7,4,1,4,2026-07-15T12:44:20.494632
71,5,8,4,0,4,2026-07-15T09:57:53.805090
71,5,9,4,0,4,2026-07-15T09:57:54.168630
71,5,10,4,0,4,2026-07-15T09:57:54.624034
71,6,1,0,0,0,2026-07-15T09:57:55.019878
71,6,2,0,1,0,2026-07-15T12:44:21.112325
71,6,3,0,0,0,2026-07-15T09:57:57.003975
71,6,4,0,0,0,2026-07-15T09:57:57.329055
71,6,5,0,0,0,2026-07-15T09:57:57.812634
71,6,6,0,0,0,2026-07-15T09:57:58.161514
71,6,7,0,0,0,2026-07-15T09:57:58.558823
71,6,8,0,0,0,2026-07-15T09:57:58.917054
71,6,9,0,1,0,2026-07-15T12:44:21.776140
71,6,10,0,0,0,2026-07-15T09:58:00.555140
71,7,1,5,0,5,2026-07-15T09:58:00.906497
71,7,2,5,0,5,2026-07-15T09:58:01.506763
71,7,3,5,0,5,2026-07-15T09:58:01.951098
71,7,4,5,0,5,2026-07-15T09:58:02.660840
71,7,5,5,0,5,2026-07-15T09:58:03.134537
71,7,6,5,0,5,2026-07-15T09:58:03.437077
71,7,7,5,0,5,2026-07-15T09:58:03.920791
71,7,8,5,0,5,2026-07-15T09:58:04.277527
71,7,9,5,0,5,2026-07-15T09:58:04.964450
71,7,10,5,0,5,2026-07-15T09:58:05.301903
71,8,1,0,0,0,2026-07-15T09:58:05.784431
71,8,2,0,1,0,2026-07-15T12:44:22.281296
71,8,3,0,0,0,2026-07-15T09:58:07.788521
71,8,4,0,0,0,2026-07-15T09:58:08.188845
71,8,5,0,0,0,2026-07-15T09:58:08.616473
71,8,6,0,0,0,2026-07-15T09:58:09.098235
71,8,7,0,0,0,2026-07-15T09:58:09.693506
71,8,8,0,0,0,2026-07-15T09:58:10.032247
71,8,9,0,3,0,2026-07-15T12:48:19.940873
71,8,10,0,0,0,2026-07-15T09:58:11.726780
71,9,1,5,0,5,2026-07-15T09:58:12.448592
71,9,2,5,0,5,2026-07-15T09:58:13.268802
71,9,3,5,0,5,2026-07-15T09:58:13.723114
71,9,4,5,0,5,2026-07-15T09:58:14.056212
71,9,5,5,0,5,2026-07-15T09:58:16.393186
71,9,6,5,0,5,2026-07-15T09:58:17.266017
71,9,7,5,1,5,2026-07-15T12:44:24.230478
71,9,8,5,0,5,2026-07-15T09:58:18.802833
71,9,9,5,0,5,2026-07-15T09:58:19.158792
71,9,10,5,0,5,2026-07-15T09:58:19.883970
72,1,1,4,0,4,2026-07-15T09:58:20.265420
72,1,2,5,0,5,2026-07-15T09:58:20.866601
72,1,3,4,0,4,2026-07-15T09:58:21.817292
72,1,4,4,0,4,2026-07-15T09:58:22.131984
72,1,5,5,0,5,2026-07-15T09:58:22.649376
72,1,6,4,0,4,2026-07-15T09:58:23.678003
72,1,7,5,0,5,2026-07-15T09:58:24.137729
72,1,8,4,1,4,2026-07-15T12:44:24.970597
72,1,9,5,0,5,2026-07-15T09:58:25.695133
72,1,10,5,0,5,2026-07-15T09:58:26.078405
72,2,1,0,1,0,2026-07-15T12:44:28.412965
72,2,2,0,0,0,2026-07-15T09:58:30.386460
72,2,3,0,0,0,2026-07-15T09:58:30.818847
72,2,4,0,0,0,2026-07-15T09:58:31.467028
72,2,5,0,0,0,2026-07-15T09:58:32.164672
72,2,6,0,0,0,2026-07-15T09:58:32.504090
72,2,7,0,0,0,2026-07-15T09:58:33.355153
72,2,8,0,0,0,2026-07-15T09:58:33.915603
72,2,9,0,0,0,2026-07-15T09:58:34.821573
72,2,10,0,0,0,2026-07-15T09:58:35.402068
72,3,1,4,0,4,2026-07-15T09:58:35.962665
72,3,2,4,0,4,2026-07-15T09:58:36.359496
72,3,3,4,0,4,2026-07-15T09:58:36.685588
72,3,4,4,0,4,2026-07-15T09:58:37.008602
72,3,5,4,0,4,2026-07-15T09:58:37.483326
72,3,6,4,0,4,2026-07-15T09:58:37.802518
72,3,7,4,0,4,2026-07-15T09:58:38.129953
72,3,8,4,0,4,2026-07-15T09:58:38.834683
72,3,9,4,0,4,2026-07-15T09:58:39.463896
72,3,10,4,0,4,2026-07-15T09:58:41.018847
72,4,1,0,0,0,2026-07-15T09:58:41.569427
72,4,2,0,0,0,2026-07-15T09:58:42.116935
72,4,3,0,0,0,2026-07-15T09:58:42.875347
72,4,4,0,0,0,2026-07-15T09:58:43.637579
72,4,5,0,0,0,2026-07-15T09:58:44.357563
72,4,6,0,0,0,2026-07-15T09:58:44.903162
72,4,7,0,0,0,2026-07-15T09:58:45.607281
72,4,8,0,0,0,2026-07-15T09:58:45.987821
72,4,9,0,0,0,2026-07-15T09:58:46.929849
72,4,10,0,1,0,2026-07-15T12:44:31.012899
72,5,1,4,0,4,2026-07-15T09:58:48.500699
72,5,2,4,0,4,2026-07-15T09:58:48.883571
72,5,3,4,0,4,2026-07-15T09:58:49.292980
72,5,4,4,0,4,2026-07-15T09:58:49.917148
72,5,5,4,0,4,2026-07-15T09:58:50.887101
72,5,6,4,0,4,2026-07-15T09:58:51.201989
72,5,7,4,0,4,2026-07-15T09:58:52.251299
72,5,8,4,0,4,2026-07-15T09:58:53.190891
72,5,9,4,0,4,2026-07-15T09:58:53.889090
72,5,10,4,0,4,2026-07-15T09:58:54.620134
72,6,1,0,0,0,2026-07-15T09:58:55.029479
72,6,2,0,0,0,2026-07-15T09:58:57.949951
72,6,3,0,0,0,2026-07-15T09:58:59.502256
72,6,4,0,1,0,2026-07-15T12:44:31.619463
72,6,5,0,0,0,2026-07-15T09:59:01.455505
72,6,6,0,0,0,2026-07-15T09:59:01.845962
72,6,7,0,0,0,2026-07-15T09:59:02.245766
72,6,8,0,0,0,2026-07-15T09:59:02.832108
72,6,9,0,0,0,2026-07-15T09:59:03.495410
72,6,10,0,0,0,2026-07-15T09:59:04.430334
72,7,1,5,0,5,2026-07-15T09:59:05.165646
72,7,2,5,2,5,2026-07-15T12:48:08.217102
72,7,3,5,0,5,2026-07-15T09:59:06.735196
72,7,4,5,0,5,2026-07-15T09:59:08.090224
72,7,5,5,0,5,2026-07-15T09:59:09.138438
72,7,6,5,0,5,2026-07-15T09:59:09.679230
72,7,7,5,0,5,2026-07-15T09:59:10.082218
72,7,8,5,0,5,2026-07-15T09:59:10.437057
72,7,9,5,0,5,2026-07-15T09:59:11.104628
72,7,10,5,0,5,2026-07-15T09:59:11.748542
72,8,1,0,0,0,2026-07-15T09:59:12.717560
72,8,2,0,0,0,2026-07-15T09:59:13.077602
72,8,3,0,0,0,2026-07-15T09:59:13.492381
72,8,4,0,0,0,2026-07-15T09:59:14.037133
72,8,5,0,0,0,2026-07-15T09:59:14.737546
72,8,6,0,0,0,2026-07-15T09:59:15.023319
72,8,7,0,1,0,2026-07-15T12:44:36.600461
72,8,8,0,2,0,2026-07-15T12:48:08.658511
72,8,9,0,0,0,2026-07-15T09:59:18.196389
72,8,10,0,0,0,2026-07-15T09:59:19.790337
72,9,1,5,0,5,2026-07-15T09:59:20.643330
72,9,2,5,0,5,2026-07-15T09:59:20.970790
72,9,3,5,1,5,2026-07-15T12:44:38.598846
72,9,4,5,0,5,2026-07-15T09:59:22.431879
72,9,5,5,0,5,2026-07-15T09:59:23.423464
72,9,6,5,0,5,2026-07-15T09:59:24.095535
72,9,7,5,0,5,2026-07-15T09:59:25.024675
72,9,8,5,0,5,2026-07-15T09:59:25.834276
72,9,9,5,1,5,2026-07-15T12:44:39.035901
72,9,10,5,0,5,2026-07-15T09:59:27.624989
73,1,1,4,0,4,2026-07-15T09:59:28.205537
73,1,2,4,0,4,2026-07-15T09:59:28.882589
73,1,3,4,0,4,2026-07-15T09:59:29.297984
73,1,4,4,0,4,2026-07-15T09:59:29.611092
73,1,5,4,0,4,2026-07-15T09:59:30.116254
73,1,6,4,0,4,2026-07-15T09:59:30.841975
73,1,7,4,0,4,2026-07-15T09:59:31.154947
73,1,8,4,0,4,2026-07-15T09:59:31.584046
73,1,9,4,0,4,2026-07-15T09:59:32.899093
73,1,10,4,0,4,2026-07-15T09:59:33.851617
73,2,1,0,0,0,2026-07-15T09:59:34.368338
73,2,2,0,0,0,2026-07-15T09:59:34.797538
73,2,3,0,0,0,2026-07-15T09:59:36.074228
73,2,4,0,0,0,2026-07-15T09:59:36.474175
73,2,5,0,0,0,2026-07-15T09:59:38.150533
73,2,6,0,0,0,2026-07-15T09:59:38.733314
73,2,7,0,0,0,2026-07-15T09:59:39.137418
73,2,8,0,0,0,2026-07-15T09:59:39.768281
73,2,9,0,0,0,2026-07-15T09:59:40.235494
73,2,10,0,1,0,2026-07-15T12:44:39.545301
73,3,1,4,0,4,2026-07-15T09:59:42.209896
73,3,2,4,0,4,2026-07-15T09:59:43.068810
73,3,3,4,0,4,2026-07-15T09:59:44.110099
73,3,4,4,0,4,2026-07-15T09:59:45.124552
73,3,5,4,0,4,2026-07-15T09:59:45.478549
73,3,6,4,0,4,2026-07-15T09:59:45.830214
73,3,7,4,0,4,2026-07-15T09:59:46.204448
73,3,8,4,0,4,2026-07-15T09:59:47.994346
73,3,9,4,0,4,2026-07-15T09:59:48.970166
73,3,10,4,0,4,2026-07-15T09:59:50.434769
73,4,1,0,0,0,2026-07-15T09:59:50.884170
73,4,2,0,0,0,2026-07-15T09:59:51.390178
73,4,3,0,0,0,2026-07-15T09:59:51.990535
73,4,4,0,0,0,2026-07-15T09:59:53.333707
73,4,5,0,0,0,2026-07-15T09:59:53.697745
73,4,6,0,1,0,2026-07-15T12:44:40.484876
73,4,7,0,0,0,2026-07-15T09:59:55.333196
73,4,8,0,1,0,2026-07-15T12:44:40.854258
73,4,9,0,0,0,2026-07-15T09:59:57.577271
73,4,10,0,0,0,2026-07-15T09:59:58.511728
73,5,1,4,0,4,2026-07-15T09:59:58.934407
73,5,2,4,0,4,2026-07-15T09:59:59.517350
73,5,3,4,0,4,2026-07-15T10:00:00.196210
73,5,4,4,0,4,2026-07-15T10:00:00.769965
73,5,5,4,0,4,2026-07-15T10:00:01.416260
73,5,6,4,0,4,2026-07-15T10:00:01.755055
73,5,7,4,0,4,2026-07-15T10:00:02.714791
73,5,8,4,0,4,2026-07-15T10:00:03.512513
73,5,9,4,0,4,2026-07-15T10:00:03.833702
73,5,10,4,0,4,2026-07-15T10:00:04.514915
73,6,1,0,0,0,2026-07-15T10:00:04.954626
73,6,2,0,0,0,2026-07-15T10:00:05.638735
73,6,3,0,0,0,2026-07-15T10:00:06.213275
73,6,4,0,0,0,2026-07-15T10:00:06.606949
73,6,5,0,0,0,2026-07-15T10:00:07.769392
73,6,6,0,0,0,2026-07-15T10:00:08.169211
73,6,7,0,0,0,2026-07-15T10:00:08.953634
73,6,8,0,0,0,2026-07-15T10:00:09.442915
73,6,9,0,0,0,2026-07-15T10:00:09.960952
73,6,10,0,0,0,2026-07-15T10:00:10.759860
73,7,1,5,0,5,2026-07-15T10:00:11.680211
73,7,2,4,0,4,2026-07-15T10:00:12.546842
73,7,3,5,0,5,2026-07-15T10:00:12.969668
73,7,4,4,0,4,2026-07-15T10:00:13.569771
73,7,5,4,0,4,2026-07-15T10:00:15.111722
73,7,6,4,0,4,2026-07-15T10:00:15.830903
73,7,7,5,0,5,2026-07-15T10:00:16.304955
73,7,8,4,0,4,2026-07-15T10:00:17.762321
73,7,9,4,0,4,2026-07-15T10:00:18.210801
73,7,10,5,0,5,2026-07-15T10:00:18.722543
73,8,1,2,0,2,2026-07-15T10:00:19.786396
73,8,2,0,0,0,2026-07-15T10:00:20.128707
73,8,3,0,0,0,2026-07-15T10:00:20.833538
73,8,4,0,0,0,2026-07-15T10:00:21.194705
73,8,5,0,0,0,2026-07-15T10:00:21.650214
73,8,6,0,0,0,2026-07-15T10:00:22.608851
73,8,7,0,0,0,2026-07-15T10:00:23.419668
73,8,8,0,0,0,2026-07-15T10:00:23.833615
73,8,9,0,0,0,2026-07-15T10:00:25.906108
73,8,10,0,0,0,2026-07-15T10:00:26.574721
73,9,1,4,0,4,2026-07-15T10:00:26.904243
73,9,2,4,0,4,2026-07-15T10:00:28.418234
73,9,3,4,0,4,2026-07-15T10:00:29.143323
73,9,4,4,0,4,2026-07-15T10:00:29.537572
73,9,5,4,0,4,2026-07-15T10:00:29.961150
73,9,6,4,0,4,2026-07-15T10:00:30.701942
73,9,7,4,0,4,2026-07-15T10:00:31.317142
73,9,8,4,0,4,2026-07-15T10:00:32.958064
73,9,9,4,0,4,2026-07-15T10:00:33.615017
73,9,10,4,1,4,2026-07-15T12:44:41.278829
74,1,1,4,0,4,2026-07-15T10:00:35.891870
74,1,2,4,0,4,2026-07-15T10:00:36.404355
74,1,3,4,0,4,2026-07-15T10:00:37.245876
74,1,4,4,0,4,2026-07-15T10:00:37.950805
74,1,5,4,0,4,2026-07-15T10:00:38.487114
74,1,6,4,0,4,2026-07-15T10:00:38.936589
74,1,7,4,0,4,2026-07-15T10:00:40.016120
74,1,8,4,0,4,2026-07-15T10:00:40.492766
74,1,9,4,0,4,2026-07-15T10:00:41.067153
74,1,10,4,1,4,2026-07-15T12:44:41.856128
74,2,1,0,0,0,2026-07-15T10:00:42.949463
74,2,2,0,0,0,2026-07-15T10:00:43.445736
74,2,3,0,0,0,2026-07-15T10:00:43.956615
74,2,4,0,0,0,2026-07-15T10:00:44.490192
74,2,5,0,0,0,2026-07-15T10:00:45.145984
74,2,6,0,0,0,2026-07-15T10:00:46.412084
74,2,7,0,0,0,2026-07-15T10:00:46.817917
74,2,8,0,0,0,2026-07-15T10:00:47.338143
74,2,9,0,0,0,2026-07-15T10:00:47.758680
74,2,10,0,0,0,2026-07-15T10:00:48.164106
74,3,1,4,0,4,2026-07-15T10:00:48.713555
74,3,2,4,0,4,2026-07-15T10:00:49.284080
74,3,3,4,0,4,2026-07-15T10:00:49.827022
74,3,4,4,1,4,2026-07-15T12:44:42.426439
74,3,5,4,0,4,2026-07-15T10:00:53.531982
74,3,6,4,0,4,2026-07-15T10:00:53.977662
74,3,7,4,0,4,2026-07-15T10:00:54.325025
74,3,8,4,0,4,2026-07-15T10:00:55.181154
74,3,9,4,0,4,2026-07-15T10:00:57.226714
74,3,10,4,0,4,2026-07-15T10:00:57.815633
74,4,1,0,0,0,2026-07-15T10:00:58.937751
74,4,2,0,0,0,2026-07-15T10:00:59.547349
74,4,3,0,0,0,2026-07-15T10:01:00.694186
74,4,4,0,0,0,2026-07-15T10:01:01.084828
74,4,5,0,0,0,2026-07-15T10:01:01.448545
74,4,6,0,0,0,2026-07-15T10:01:02.361959
74,4,7,0,0,0,2026-07-15T10:01:02.667106
74,4,8,0,1,0,2026-07-15T12:44:42.869018
74,4,9,0,0,0,2026-07-15T10:01:05.620902
74,4,10,0,0,0,2026-07-15T10:01:06.225762
74,5,1,4,0,4,2026-07-15T10:01:06.639334
74,5,2,4,0,4,2026-07-15T10:01:07.069978
74,5,3,4,0,4,2026-07-15T10:01:07.591323
74,5,4,4,0,4,2026-07-15T10:01:08.012217
74,5,5,4,0,4,2026-07-15T10:01:08.760108
74,5,6,4,0,4,2026-07-15T10:01:09.309247
74,5,7,4,0,4,2026-07-15T10:01:10.152647
74,5,8,4,0,4,2026-07-15T10:01:10.469694
74,5,9,4,0,4,2026-07-15T10:01:11.043399
74,5,10,4,1,4,2026-07-15T12:44:43.404000
74,6,1,0,0,0,2026-07-15T10:01:12.733872
74,6,2,0,0,0,2026-07-15T10:01:13.293283
74,6,3,0,0,0,2026-07-15T10:01:14.116620
74,6,4,0,0,0,2026-07-15T10:01:14.671143
74,6,5,0,0,0,2026-07-15T10:01:15.671734
74,6,6,0,0,0,2026-07-15T10:01:16.635975
74,6,7,0,0,0,2026-07-15T10:01:17.244529
74,6,8,0,0,0,2026-07-15T10:01:18.053268
74,6,9,0,0,0,2026-07-15T10:01:18.791329
74,6,10,0,0,0,2026-07-15T10:01:19.318826
74,7,1,5,0,5,2026-07-15T10:01:20.178810
74,7,2,5,0,5,2026-07-15T10:01:21.163097
74,7,3,5,0,5,2026-07-15T10:01:22.118206
74,7,4,5,0,5,2026-07-15T10:01:22.637884
74,7,5,5,0,5,2026-07-15T10:01:23.229334
74,7,6,5,0,5,2026-07-15T10:01:24.042341
74,7,7,5,0,5,2026-07-15T10:01:24.406017
74,7,8,5,0,5,2026-07-15T10:01:25.220063
74,7,9,5,0,5,2026-07-15T10:01:25.692787
74,7,10,5,0,5,2026-07-15T10:01:26.317748
74,8,1,0,0,0,2026-07-15T10:01:27.169677
74,8,2,0,0,0,2026-07-15T10:01:27.527455
74,8,3,0,0,0,2026-07-15T10:01:28.287758
74,8,4,0,0,0,2026-07-15T10:01:28.601482
74,8,5,0,0,0,2026-07-15T10:01:29.994267
74,8,6,0,1,0,2026-07-15T12:44:44.064550
74,8,7,0,0,0,2026-07-15T10:01:32.235604
74,8,8,0,1,0,2026-07-15T12:44:44.461607
74,8,9,0,0,0,2026-07-15T10:01:34.284262
74,8,10,0,0,0,2026-07-15T10:01:36.092003
74,9,1,5,1,5,2026-07-15T12:44:45.150173
74,9,2,5,0,5,2026-07-15T10:01:37.777149
74,9,3,5,0,5,2026-07-15T10:01:38.435040
74,9,4,5,0,5,2026-07-15T10:01:38.840458
74,9,5,5,0,5,2026-07-15T10:01:39.193576
74,9,6,5,1,5,2026-07-15T12:44:45.774807
74,9,7,5,1,5,2026-07-15T12:44:46.499025
74,9,8,5,0,5,2026-07-15T10:01:42.219840
74,9,9,5,0,5,2026-07-15T10:01:42.740023
74,9,10,5,0,5,2026-07-15T10:01:43.166141
75,1,1,5,0,5,2026-07-15T10:01:43.592089
75,1,2,5,0,5,2026-07-15T10:01:44.595846
75,1,3,5,0,5,2026-07-15T10:01:45.186589
75,1,4,5,0,5,2026-07-15T10:01:47.853623
75,1,5,5,0,5,2026-07-15T10:01:48.229516
75,1,6,5,0,5,2026-07-15T10:01:48.650797
75,1,7,5,0,5,2026-07-15T10:01:49.526850
75,1,8,5,0,5,2026-07-15T10:01:50.910146
75,1,9,5,1,5,2026-07-15T12:44:47.109390
75,1,10,5,0,5,2026-07-15T10:01:52.538711
75,2,1,0,0,0,2026-07-15T10:01:53.175927
75,2,2,0,0,0,2026-07-15T10:01:53.590511
75,2,3,0,0,0,2026-07-15T10:01:53.962172
75,2,4,0,0,0,2026-07-15T10:01:54.344676
75,2,5,0,0,0,2026-07-15T10:01:54.652457
75,2,6,0,0,0,2026-07-15T10:01:57.186593
75,2,7,0,0,0,2026-07-15T10:01:57.871721
75,2,8,0,0,0,2026-07-15T10:01:58.221229
75,2,9,0,0,0,2026-07-15T10:01:58.701649
75,2,10,0,1,0,2026-07-15T12:44:51.527416
75,3,1,2,0,2,2026-07-15T10:02:00.168792
75,3,2,2,0,2,2026-07-15T10:02:00.758499
75,3,3,2,0,2,2026-07-15T10:02:01.572833
75,3,4,2,0,2,2026-07-15T10:02:01.881087
75,3,5,2,0,2,2026-07-15T10:02:02.300612
75,3,6,2,1,2,2026-07-15T12:44:51.869092
75,3,7,2,0,2,2026-07-15T10:02:05.264021
75,3,8,2,0,2,2026-07-15T10:02:05.871479
75,3,9,2,0,2,2026-07-15T10:02:06.424144
75,3,10,2,0,2,2026-07-15T10:02:07.307756
75,4,1,0,0,0,2026-07-15T10:02:07.674536
75,4,2,0,0,0,2026-07-15T10:02:09.972402
75,4,3,0,0,0,2026-07-15T10:02:10.456724
75,4,4,0,0,0,2026-07-15T10:02:10.991807
75,4,5,0,0,0,2026-07-15T10:02:11.685389
75,4,6,0,0,0,2026-07-15T10:02:12.085870
75,4,7,0,0,0,2026-07-15T10:02:13.099946
75,4,8,0,0,0,2026-07-15T10:02:14.045679
75,4,9,0,0,0,2026-07-15T10:02:14.406430
75,4,10,0,1,0,2026-07-15T12:44:52.546686
75,5,1,0,0,0,2026-07-15T10:02:16.268784
75,5,2,2,0,2,2026-07-15T10:02:16.727043
75,5,3,2,0,2,2026-07-15T10:02:17.173892
75,5,4,0,0,0,2026-07-15T10:02:18.036993
75,5,5,2,0,2,2026-07-15T10:02:18.464689
75,5,6,2,0,2,2026-07-15T10:02:19.197190
75,5,7,2,0,2,2026-07-15T10:02:19.854733
75,5,8,0,1,0,2026-07-15T12:44:53.536086
75,5,9,0,0,0,2026-07-15T10:02:22.877233
75,5,10,2,0,2,2026-07-15T10:02:23.224590
75,6,1,0,0,0,2026-07-15T10:02:23.956662
75,6,2,0,0,0,2026-07-15T10:02:24.633633
75,6,3,0,0,0,2026-07-15T10:02:25.084927
75,6,4,0,0,0,2026-07-15T10:02:25.704639
75,6,5,0,0,0,2026-07-15T10:02:26.356006
75,6,6,0,0,0,2026-07-15T10:02:26.748542
75,6,7,0,0,0,2026-07-15T10:02:27.290862
75,6,8,0,0,0,2026-07-15T10:02:27.818055
75,6,9,0,0,0,2026-07-15T10:02:28.388358
75,6,10,0,0,0,2026-07-15T10:02:28.945584
75,7,1,5,0,5,2026-07-15T10:02:29.382331
75,7,2,5,0,5,2026-07-15T10:02:29.923974
75,7,3,5,0,5,2026-07-15T10:02:30.670236
75,7,4,5,1,5,2026-07-15T12:44:56.926573
75,7,5,5,0,5,2026-07-15T10:02:31.825014
75,7,6,5,0,5,2026-07-15T10:02:32.566840
75,7,7,5,0,5,2026-07-15T10:02:33.667502
75,7,8,5,0,5,2026-07-15T10:02:35.528390
75,7,9,5,0,5,2026-07-15T10:02:36.286347
75,7,10,5,0,5,2026-07-15T10:02:37.793225
75,8,1,0,0,0,2026-07-15T10:02:38.648813
75,8,2,0,0,0,2026-07-15T10:02:39.208551
75,8,3,0,0,0,2026-07-15T10:02:40.967859
75,8,4,0,0,0,2026-07-15T10:02:41.859870
75,8,5,0,0,0,2026-07-15T10:02:42.476014
75,8,6,0,0,0,2026-07-15T10:02:43.453049
75,8,7,0,0,0,2026-07-15T10:02:43.947421
75,8,8,0,0,0,2026-07-15T10:02:44.412223
75,8,9,0,0,0,2026-07-15T10:02:44.827223
75,8,10,0,0,0,2026-07-15T10:02:45.669403
75,9,1,5,0,5,2026-07-15T10:02:46.191622
75,9,2,5,0,5,2026-07-15T10:02:46.971684
75,9,3,5,0,5,2026-07-15T10:02:47.956344
75,9,4,5,0,5,2026-07-15T10:02:48.901123
75,9,5,5,0,5,2026-07-15T10:02:49.587189
75,9,6,5,0,5,2026-07-15T10:02:49.930159
75,9,7,5,0,5,2026-07-15T10:02:51.166463
75,9,8,5,0,5,2026-07-15T10:02:51.609329
75,9,9,5,0,5,2026-07-15T10:02:52.453752
75,9,10,5,0,5,2026-07-15T10:02:53.305400
76,1,1,4,0,4,2026-07-15T10:02:53.729696
76,1,2,5,0,5,2026-07-15T10:02:54.211827
76,1,3,5,0,5,2026-07-15T10:02:54.946301
76,1,4,5,0,5,2026-07-15T10:02:55.613663
76,1,5,5,0,5,2026-07-15T10:02:56.062676
76,1,6,4,0,4,2026-07-15T10:02:56.741419
76,1,7,5,0,5,2026-07-15T10:02:57.295704
76,1,8,5,0,5,2026-07-15T10:02:57.862843
76,1,9,5,0,5,2026-07-15T10:02:59.377741
76,1,10,5,0,5,2026-07-15T10:03:00.112920
76,2,1,0,0,0,2026-07-15T10:03:00.779528
76,2,2,0,0,0,2026-07-15T10:03:01.344991
76,2,3,0,0,0,2026-07-15T10:03:02.061870
76,2,4,0,0,0,2026-07-15T10:03:03.064597
76,2,5,0,0,0,2026-07-15T10:03:03.953113
76,2,6,0,0,0,2026-07-15T10:03:04.601758
76,2,7,0,0,0,2026-07-15T10:03:05.075530
76,2,8,0,0,0,2026-07-15T10:03:06.990358
76,2,9,0,0,0,2026-07-15T10:03:07.317202
76,2,10,0,0,0,2026-07-15T10:03:08.207364
76,3,1,4,0,4,2026-07-15T10:03:08.974188
76,3,2,4,0,4,2026-07-15T10:03:09.609211
76,3,3,4,0,4,2026-07-15T10:03:09.989695
76,3,4,4,0,4,2026-07-15T10:03:10.897518
76,3,5,4,0,4,2026-07-15T10:03:11.282781
76,3,6,2,0,2,2026-07-15T10:03:12.247550
76,3,7,4,0,4,2026-07-15T10:03:12.733846
76,3,8,4,0,4,2026-07-15T10:03:13.268803
76,3,9,4,0,4,2026-07-15T10:03:13.842051
76,3,10,4,0,4,2026-07-15T10:03:14.510300
76,4,1,0,0,0,2026-07-15T10:03:16.162256
76,4,2,0,0,0,2026-07-15T10:03:16.577544
76,4,3,0,0,0,2026-07-15T10:03:16.931308
76,4,4,0,0,0,2026-07-15T10:03:17.878581
76,4,5,0,0,0,2026-07-15T10:03:18.333541
76,4,6,0,0,0,2026-07-15T10:03:18.658356
76,4,7,0,0,0,2026-07-15T10:03:19.383551
76,4,8,0,0,0,2026-07-15T10:03:20.366654
76,4,9,0,0,0,2026-07-15T10:03:21.604351
76,4,10,0,0,0,2026-07-15T10:03:21.911428
76,5,1,2,0,2,2026-07-15T10:03:22.342966
76,5,2,2,0,2,2026-07-15T10:03:22.839092
76,5,3,2,0,2,2026-07-15T10:03:23.553648
76,5,4,2,0,2,2026-07-15T10:03:24.221899
76,5,5,2,0,2,2026-07-15T10:03:25.662207
76,5,6,2,1,2,2026-07-15T12:44:58.033631
76,5,7,2,0,2,2026-07-15T10:03:29.901521
76,5,8,2,0,2,2026-07-15T10:03:30.350053
76,5,9,2,0,2,2026-07-15T10:03:31.517195
76,5,10,2,0,2,2026-07-15T10:03:32.543174
76,6,1,0,0,0,2026-07-15T10:03:33.131361
76,6,2,0,0,0,2026-07-15T10:03:33.840892
76,6,3,0,0,0,2026-07-15T10:03:34.803191
76,6,4,0,0,0,2026-07-15T10:03:35.218839
76,6,5,0,0,0,2026-07-15T10:03:35.526837
76,6,6,0,0,0,2026-07-15T10:03:36.822896
76,6,7,0,0,0,2026-07-15T10:03:37.275242
76,6,8,0,1,0,2026-07-15T12:44:58.846210
76,6,9,0,0,0,2026-07-15T10:03:39.115565
76,6,10,0,0,0,2026-07-15T10:03:39.483269
76,7,1,5,0,5,2026-07-15T10:03:39.914895
76,7,2,5,0,5,2026-07-15T10:03:40.241460
76,7,3,5,0,5,2026-07-15T10:03:40.646614
76,7,4,5,0,5,2026-07-15T10:03:41.454264
76,7,5,5,0,5,2026-07-15T10:03:41.989956
76,7,6,5,0,5,2026-07-15T10:03:42.992278
76,7,7,5,1,5,2026-07-15T12:44:59.361292
76,7,8,5,0,5,2026-07-15T10:03:43.980751
76,7,9,5,0,5,2026-07-15T10:03:44.964099
76,7,10,5,0,5,2026-07-15T10:03:45.348838
76,8,1,0,0,0,2026-07-15T10:03:45.688552
76,8,2,0,0,0,2026-07-15T10:03:46.083729
76,8,3,0,0,0,2026-07-15T10:03:46.957760
76,8,4,0,0,0,2026-07-15T10:03:47.274035
76,8,5,0,1,0,2026-07-15T12:44:59.932525
76,8,6,0,0,0,2026-07-15T10:03:49.254652
76,8,7,0,0,0,2026-07-15T10:03:49.586735
76,8,8,0,0,0,2026-07-15T10:03:50.263995
76,8,9,0,0,0,2026-07-15T10:03:50.635259
76,8,10,0,0,0,2026-07-15T10:03:51.302194
76,9,1,5,0,5,2026-07-15T10:03:51.810333
76,9,2,5,0,5,2026-07-15T10:03:52.261183
76,9,3,5,0,5,2026-07-15T10:03:52.953908
76,9,4,5,0,5,2026-07-15T10:03:53.719325
76,9,5,5,0,5,2026-07-15T10:03:54.070279
76,9,6,5,0,5,2026-07-15T10:03:54.471693
76,9,7,5,0,5,2026-07-15T10:03:54.930614
76,9,8,5,0,5,2026-07-15T10:03:55.261963
76,9,9,5,0,5,2026-07-15T10:03:55.589838
76,9,10,5,0,5,2026-07-15T10:03:56.053162
77,1,1,4,0,4,2026-07-15T10:03:56.619733
77,1,2,5,0,5,2026-07-15T10:03:57.401247
77,1,3,5,0,5,2026-07-15T10:03:57.798495
77,1,4,4,0,4,2026-07-15T10:03:58.212242
77,1,5,5,0,5,2026-07-15T10:03:59.095865
77,1,6,4,0,4,2026-07-15T10:03:59.493370
77,1,7,5,0,5,2026-07-15T10:03:59.903005
77,1,8,5,0,5,2026-07-15T10:04:00.388358
77,1,9,4,0,4,2026-07-15T10:04:00.831597
77,1,10,4,0,4,2026-07-15T10:04:01.272131
77,2,1,0,0,0,2026-07-15T10:04:01.739845
77,2,2,0,1,0,2026-07-15T12:45:00.607201
77,2,3,0,0,0,2026-07-15T10:04:04.882043
77,2,4,0,0,0,2026-07-15T10:04:05.700090
77,2,5,0,0,0,2026-07-15T10:04:06.172149
77,2,6,0,0,0,2026-07-15T10:04:06.758873
77,2,7,0,0,0,2026-07-15T10:04:07.481453
77,2,8,0,0,0,2026-07-15T10:04:08.812286
77,2,9,0,0,0,2026-07-15T10:04:09.404765
77,2,10,0,0,0,2026-07-15T10:04:10.956638
77,3,1,2,0,2,2026-07-15T10:04:11.531090
77,3,2,2,0,2,2026-07-15T10:04:12.096991
77,3,3,2,0,2,2026-07-15T10:04:12.523876
77,3,4,2,0,2,2026-07-15T10:04:13.052461
77,3,5,2,0,2,2026-07-15T10:04:14.615652
77,3,6,2,0,2,2026-07-15T10:04:15.035613
77,3,7,2,0,2,2026-07-15T10:04:15.557136
77,3,8,2,0,2,2026-07-15T10:04:16.510483
77,3,9,2,0,2,2026-07-15T10:04:16.993928
77,3,10,2,0,2,2026-07-15T10:04:17.641636
77,4,1,0,0,0,2026-07-15T10:04:18.071661
77,4,2,0,0,0,2026-07-15T10:04:18.834681
77,4,3,0,1,0,2026-07-15T12:45:01.330095
77,4,4,0,0,0,2026-07-15T10:04:20.508184
77,4,5,0,0,0,2026-07-15T10:04:21.075550
77,4,6,0,1,0,2026-07-15T12:45:01.837985
77,4,7,0,0,0,2026-07-15T10:04:22.721370
77,4,8,0,0,0,2026-07-15T10:04:23.258674
77,4,9,0,0,0,2026-07-15T10:04:23.785414
77,4,10,0,0,0,2026-07-15T10:04:24.317429
77,5,1,4,0,4,2026-07-15T10:04:24.803863
77,5,2,4,0,4,2026-07-15T10:04:25.432444
77,5,3,4,1,4,2026-07-15T12:45:04.499981
77,5,4,4,0,4,2026-07-15T10:04:26.500788
77,5,5,4,0,4,2026-07-15T10:04:27.360252
77,5,6,4,0,4,2026-07-15T10:04:27.905115
77,5,7,4,0,4,2026-07-15T10:04:28.241550
77,5,8,4,0,4,2026-07-15T10:04:28.660504
77,5,9,4,0,4,2026-07-15T10:04:29.031905
77,5,10,4,0,4,2026-07-15T10:04:30.274348
77,6,1,0,0,0,2026-07-15T10:04:30.755473
77,6,2,0,0,0,2026-07-15T10:04:31.523745
77,6,3,0,0,0,2026-07-15T10:04:31.843618
77,6,4,0,0,0,2026-07-15T10:04:32.331432
77,6,5,0,0,0,2026-07-15T10:04:32.830693
77,6,6,0,0,0,2026-07-15T10:04:33.374012
77,6,7,0,0,0,2026-07-15T10:04:33.903911
77,6,8,0,0,0,2026-07-15T10:04:34.385954
77,6,9,0,0,0,2026-07-15T10:04:34.841545
77,6,10,0,0,0,2026-07-15T10:04:36.564593
77,7,1,5,0,5,2026-07-15T10:04:37.610015
77,7,2,5,1,5,2026-07-15T12:45:05.010986
77,7,3,5,0,5,2026-07-15T10:04:39.174556
77,7,4,5,0,5,2026-07-15T10:04:39.612041
77,7,5,5,0,5,2026-07-15T10:04:39.996113
77,7,6,5,1,5,2026-07-15T12:45:05.699815
77,7,7,5,1,5,2026-07-15T12:45:06.267180
77,7,8,5,0,5,2026-07-15T10:04:43.234848
77,7,9,5,0,5,2026-07-15T10:04:43.553797
77,7,10,5,0,5,2026-07-15T10:04:43.900194
77,8,1,0,0,0,2026-07-15T10:04:44.352072
77,8,2,0,0,0,2026-07-15T10:04:44.883424
77,8,3,0,0,0,2026-07-15T10:04:46.019825
77,8,4,0,0,0,2026-07-15T10:04:46.647380
77,8,5,0,0,0,2026-07-15T10:04:47.068904
77,8,6,0,0,0,2026-07-15T10:04:47.651269
77,8,7,0,0,0,2026-07-15T10:04:48.059797
77,8,8,0,0,0,2026-07-15T10:04:49.097105
77,8,9,0,0,0,2026-07-15T10:04:49.472170
77,8,10,0,1,0,2026-07-15T12:45:07.009544
77,9,1,5,2,5,2026-07-15T12:48:09.510989
77,9,2,5,0,5,2026-07-15T10:04:52.182789
77,9,3,5,0,5,2026-07-15T10:04:52.512482
77,9,4,5,0,5,2026-07-15T10:04:53.673150
77,9,5,5,0,5,2026-07-15T10:04:54.477390
77,9,6,5,1,5,2026-07-15T12:45:11.332923
77,9,7,5,0,5,2026-07-15T10:04:56.463227
77,9,8,5,1,5,2026-07-15T12:45:11.807306
77,9,9,5,0,5,2026-07-15T10:04:58.511757
77,9,10,5,0,5,2026-07-15T10:04:58.936575
78,1,1,4,0,4,2026-07-15T10:04:59.533290
78,1,2,4,0,4,2026-07-15T10:04:59.990855
78,1,3,2,0,2,2026-07-15T10:05:00.308368
78,1,4,4,0,4,2026-07-15T10:05:00.705375
78,1,5,2,0,2,2026-07-15T10:05:01.257106
78,1,6,2,0,2,2026-07-15T10:05:01.645279
78,1,7,2,0,2,2026-07-15T10:05:02.387293
78,1,8,4,0,4,2026-07-15T10:05:03.009540
78,1,9,4,0,4,2026-07-15T10:05:04.551063
78,1,10,4,0,4,2026-07-15T10:05:04.982676
78,2,1,0,0,0,2026-07-15T10:05:05.379592
78,2,2,0,0,0,2026-07-15T10:05:05.857954
78,2,3,0,0,0,2026-07-15T10:05:06.836009
78,2,4,0,0,0,2026-07-15T10:05:07.340098
78,2,5,0,0,0,2026-07-15T10:05:08.281106
78,2,6,0,0,0,2026-07-15T10:05:09.217506
78,2,7,0,0,0,2026-07-15T10:05:09.805868
78,2,8,0,0,0,2026-07-15T10:05:10.223996
78,2,9,0,0,0,2026-07-15T10:05:10.580605
78,2,10,0,0,0,2026-07-15T10:05:11.071039
78,3,1,2,0,2,2026-07-15T10:05:11.864742
78,3,2,2,0,2,2026-07-15T10:05:12.449411
78,3,3,2,0,2,2026-07-15T10:05:13.102631
78,3,4,2,0,2,2026-07-15T10:05:13.581550
78,3,5,2,0,2,2026-07-15T10:05:13.886448
78,3,6,2,0,2,2026-07-15T10:05:14.675177
78,3,7,2,0,2,2026-07-15T10:05:15.091032
78,3,8,2,0,2,2026-07-15T10:05:15.692441
78,3,9,2,0,2,2026-07-15T10:05:16.065398
78,3,10,2,0,2,2026-07-15T10:05:16.483138
78,4,1,0,0,0,2026-07-15T10:05:16.930515
78,4,2,0,0,0,2026-07-15T10:05:17.650471
78,4,3,0,0,0,2026-07-15T10:05:18.226591
78,4,4,0,0,0,2026-07-15T10:05:18.685162
78,4,5,0,0,0,2026-07-15T10:05:19.035210
78,4,6,0,0,0,2026-07-15T10:05:19.663283
78,4,7,0,0,0,2026-07-15T10:05:20.058837
78,4,8,0,0,0,2026-07-15T10:05:20.841497
78,4,9,0,0,0,2026-07-15T10:05:21.414336
78,4,10,0,0,0,2026-07-15T10:05:21.737819
78,5,1,2,0,2,2026-07-15T10:05:24.704389
78,5,2,2,0,2,2026-07-15T10:05:25.526173
78,5,3,2,0,2,2026-07-15T10:05:26.157693
78,5,4,2,0,2,2026-07-15T10:05:26.558630
78,5,5,2,0,2,2026-07-15T10:05:27.428785
78,5,6,2,0,2,2026-07-15T10:05:27.860042
78,5,7,4,0,4,2026-07-15T10:05:28.286426
78,5,8,2,0,2,2026-07-15T10:05:29.256041
78,5,9,2,0,2,2026-07-15T10:05:29.793872
78,5,10,2,0,2,2026-07-15T10:05:30.121821
78,6,1,0,0,0,2026-07-15T10:05:30.611010
78,6,2,0,0,0,2026-07-15T10:05:31.238461
78,6,3,0,0,0,2026-07-15T10:05:31.791309
78,6,4,0,0,0,2026-07-15T10:05:32.162925
78,6,5,0,1,0,2026-07-15T12:45:12.307960
78,6,6,0,0,0,2026-07-15T10:05:34.231326
78,6,7,0,0,0,2026-07-15T10:05:34.597988
78,6,8,0,0,0,2026-07-15T10:05:34.996825
78,6,9,0,0,0,2026-07-15T10:05:35.530516
78,6,10,0,0,0,2026-07-15T10:05:36.077161
78,7,1,5,0,5,2026-07-15T10:05:36.442659
78,7,2,5,0,5,2026-07-15T10:05:36.854730
78,7,3,5,0,5,2026-07-15T10:05:37.708654
78,7,4,5,0,5,2026-07-15T10:05:38.201993
78,7,5,5,0,5,2026-07-15T10:05:38.532087
78,7,6,5,0,5,2026-07-15T10:05:39.073655
78,7,7,5,0,5,2026-07-15T10:05:39.551698
78,7,8,5,0,5,2026-07-15T10:05:39.901366
78,7,9,5,0,5,2026-07-15T10:05:40.596653
78,7,10,5,0,5,2026-07-15T10:05:40.940606
78,8,1,0,0,0,2026-07-15T10:05:41.334573
78,8,2,0,0,0,2026-07-15T10:05:42.140468
78,8,3,0,0,0,2026-07-15T10:05:43.007408
78,8,4,0,0,0,2026-07-15T10:05:43.851244
78,8,5,0,0,0,2026-07-15T10:05:44.320322
78,8,6,0,0,0,2026-07-15T10:05:45.220096
78,8,7,0,0,0,2026-07-15T10:05:45.800187
78,8,8,0,0,0,2026-07-15T10:05:46.206936
78,8,9,0,0,0,2026-07-15T10:05:46.690302
78,8,10,0,0,0,2026-07-15T10:05:47.138019
78,9,1,5,0,5,2026-07-15T10:05:47.524668
78,9,2,5,0,5,2026-07-15T10:05:48.293939
78,9,3,5,0,5,2026-07-15T10:05:49.200082
78,9,4,5,0,5,2026-07-15T10:05:51.004290
78,9,5,5,0,5,2026-07-15T10:05:51.884891
78,9,6,5,0,5,2026-07-15T10:05:52.730041
78,9,7,5,1,5,2026-07-15T12:45:12.700036
78,9,8,5,0,5,2026-07-15T10:05:54.297783
78,9,9,5,0,5,2026-07-15T10:05:54.776366
78,9,10,5,0,5,2026-07-15T10:05:55.130898
79,1,1,4,0,4,2026-07-15T10:05:55.653920
79,1,2,4,0,4,2026-07-15T10:05:57.159855
79,1,3,4,0,4,2026-07-15T10:05:57.588812
79,1,4,4,0,4,2026-07-15T10:05:58.291128
79,1,5,4,0,4,2026-07-15T10:05:59.046240
79,1,6,4,1,4,2026-07-15T12:45:13.230393
79,1,7,4,0,4,2026-07-15T10:06:00.960938
79,1,8,4,0,4,2026-07-15T10:06:01.743949
79,1,9,4,2,4,2026-07-15T12:48:10.276755
79,1,10,4,0,4,2026-07-15T10:06:02.741501
79,2,1,0,0,0,2026-07-15T10:06:03.780020
79,2,2,0,0,0,2026-07-15T10:06:04.372933
79,2,3,0,0,0,2026-07-15T10:06:05.175673
79,2,4,0,0,0,2026-07-15T10:06:06.699835
79,2,5,0,0,0,2026-07-15T10:06:07.448425
79,2,6,0,0,0,2026-07-15T10:06:07.882304
79,2,7,0,0,0,2026-07-15T10:06:08.226343
79,2,8,0,0,0,2026-07-15T10:06:08.805958
79,2,9,0,0,0,2026-07-15T10:06:09.398352
79,2,10,0,0,0,2026-07-15T10:06:10.814176
79,3,1,2,0,2,2026-07-15T10:06:11.409194
79,3,2,2,0,2,2026-07-15T10:06:11.815611
79,3,3,2,0,2,2026-07-15T10:06:12.797630
79,3,4,2,0,2,2026-07-15T10:06:13.463381
79,3,5,2,0,2,2026-07-15T10:06:13.962003
79,3,6,2,0,2,2026-07-15T10:06:14.435982
79,3,7,2,0,2,2026-07-15T10:06:15.099338
79,3,8,2,0,2,2026-07-15T10:06:15.450479
79,3,9,2,0,2,2026-07-15T10:06:16.371054
79,3,10,2,0,2,2026-07-15T10:06:17.175583
79,4,1,0,0,0,2026-07-15T10:06:17.688720
79,4,2,0,1,0,2026-07-15T12:45:14.758050
79,4,3,0,0,0,2026-07-15T10:06:19.387996
79,4,4,0,0,0,2026-07-15T10:06:19.886332
79,4,5,0,0,0,2026-07-15T10:06:20.749716
79,4,6,0,0,0,2026-07-15T10:06:21.653512
79,4,7,0,0,0,2026-07-15T10:06:22.405917
79,4,8,0,0,0,2026-07-15T10:06:22.793048
79,4,9,0,1,0,2026-07-15T12:45:15.827387
79,4,10,0,0,0,2026-07-15T10:06:24.735588
79,5,1,4,0,4,2026-07-15T10:06:26.092854
79,5,2,4,1,4,2026-07-15T12:45:16.630637
79,5,3,4,0,4,2026-07-15T10:06:27.715848
79,5,4,4,1,4,2026-07-15T12:45:17.958198
79,5,5,4,0,4,2026-07-15T10:06:29.835707
79,5,6,4,0,4,2026-07-15T10:06:31.380840
79,5,7,4,0,4,2026-07-15T10:06:31.721122
79,5,8,4,0,4,2026-07-15T10:06:32.167441
79,5,9,4,0,4,2026-07-15T10:06:32.583197
79,5,10,4,0,4,2026-07-15T10:06:32.916799
79,6,1,0,0,0,2026-07-15T10:06:33.526537
79,6,2,0,0,0,2026-07-15T10:06:34.103753
79,6,3,0,0,0,2026-07-15T10:06:35.671279
79,6,4,0,0,0,2026-07-15T10:06:36.097695
79,6,5,0,2,0,2026-07-15T12:48:10.676091
79,6,6,0,0,0,2026-07-15T10:06:38.077605
79,6,7,0,0,0,2026-07-15T10:06:38.568937
79,6,8,0,0,0,2026-07-15T10:06:39.002066
79,6,9,0,0,0,2026-07-15T10:06:39.848581
79,6,10,0,0,0,2026-07-15T10:06:40.514744
79,7,1,5,0,5,2026-07-15T10:06:41.979622
79,7,2,5,0,5,2026-07-15T10:06:42.314995
79,7,3,5,0,5,2026-07-15T10:06:43.582939
79,7,4,5,0,5,2026-07-15T10:06:44.232525
79,7,5,5,0,5,2026-07-15T10:06:44.802565
79,7,6,5,0,5,2026-07-15T10:06:45.333118
79,7,7,5,0,5,2026-07-15T10:06:45.668601
79,7,8,5,0,5,2026-07-15T10:06:46.105524
79,7,9,5,0,5,2026-07-15T10:06:46.748790
79,7,10,5,0,5,2026-07-15T10:06:47.411220
79,8,1,2,0,2,2026-07-15T10:06:48.099197
79,8,2,2,0,2,2026-07-15T10:06:48.690825
79,8,3,2,0,2,2026-07-15T10:06:49.315946
79,8,4,0,0,0,2026-07-15T10:06:49.876225
79,8,5,0,0,0,2026-07-15T10:06:50.443993
79,8,6,0,0,0,2026-07-15T10:06:50.860054
79,8,7,0,0,0,2026-07-15T10:06:51.247202
79,8,8,0,0,0,2026-07-15T10:06:51.974110
79,8,9,0,0,0,2026-07-15T10:06:52.618900
79,8,10,2,0,2,2026-07-15T10:06:52.936327
79,9,1,5,0,5,2026-07-15T10:06:53.318172
79,9,2,5,0,5,2026-07-15T10:06:53.853379
79,9,3,5,0,5,2026-07-15T10:06:54.211961
79,9,4,5,0,5,2026-07-15T10:06:54.558677
79,9,5,5,0,5,2026-07-15T10:06:55.160612
79,9,6,5,0,5,2026-07-15T10:06:55.563176
79,9,7,5,0,5,2026-07-15T10:06:56.204929
79,9,8,5,0,5,2026-07-15T10:06:56.902940
79,9,9,5,0,5,2026-07-15T10:06:57.576404
79,9,10,5,0,5,2026-07-15T10:06:58.232849
80,1,1,2,1,2,2026-07-15T12:45:20.603730
80,1,2,4,0,4,2026-07-15T10:07:00.091684
80,1,3,2,0,2,2026-07-15T10:07:00.726641
80,1,4,4,0,4,2026-07-15T10:07:01.046355
80,1,5,4,0,4,2026-07-15T10:07:01.635988
80,1,6,2,0,2,2026-07-15T10:07:01.992245
80,1,7,4,0,4,2026-07-15T10:07:02.563415
80,1,8,4,0,4,2026-07-15T10:07:02.842386
80,1,9,2,0,2,2026-07-15T10:07:03.506894
80,1,10,2,0,2,2026-07-15T10:07:04.142251
80,2,1,0,0,0,2026-07-15T10:07:04.663326
80,2,2,0,0,0,2026-07-15T10:07:06.009414
80,2,3,0,0,0,2026-07-15T10:07:06.444924
80,2,4,0,0,0,2026-07-15T10:07:06.977921
80,2,5,0,0,0,2026-07-15T10:07:07.770864
80,2,6,0,0,0,2026-07-15T10:07:08.138135
80,2,7,0,0,0,2026-07-15T10:07:08.613098
80,2,8,0,0,0,2026-07-15T10:07:09.331828
80,2,9,0,0,0,2026-07-15T10:07:09.762022
80,2,10,0,0,0,2026-07-15T10:07:10.784599
80,3,1,2,0,2,2026-07-15T10:07:11.729914
80,3,2,2,0,2,2026-07-15T10:07:12.207400
80,3,3,2,0,2,2026-07-15T10:07:12.998578
80,3,4,2,0,2,2026-07-15T10:07:13.437413
80,3,5,2,0,2,2026-07-15T10:07:13.793935
80,3,6,2,0,2,2026-07-15T10:07:14.301944
80,3,7,2,0,2,2026-07-15T10:07:14.772978
80,3,8,2,0,2,2026-07-15T10:07:15.192585
80,3,9,2,0,2,2026-07-15T10:07:16.002886
80,3,10,2,0,2,2026-07-15T10:07:16.362983
80,4,1,0,0,0,2026-07-15T10:07:17.677578
80,4,2,0,0,0,2026-07-15T10:07:18.033899
80,4,3,0,0,0,2026-07-15T10:07:18.547146
80,4,4,0,0,0,2026-07-15T10:07:18.946321
80,4,5,0,0,0,2026-07-15T10:07:19.432801
80,4,6,0,0,0,2026-07-15T10:07:19.793098
80,4,7,0,0,0,2026-07-15T10:07:20.350263
80,4,8,0,0,0,2026-07-15T10:07:20.764240
80,4,9,0,0,0,2026-07-15T10:07:21.090364
80,4,10,0,0,0,2026-07-15T10:07:21.581998
80,5,1,5,0,5,2026-07-15T10:07:21.975158
80,5,2,5,0,5,2026-07-15T10:07:22.651298
80,5,3,5,1,5,2026-07-15T12:45:21.391357
80,5,4,5,0,5,2026-07-15T10:07:24.503619
80,5,5,5,0,5,2026-07-15T10:07:25.079824
80,5,6,5,0,5,2026-07-15T10:07:25.810533
80,5,7,5,0,5,2026-07-15T10:07:26.294949
80,5,8,5,0,5,2026-07-15T10:07:27.163264
80,5,9,5,1,5,2026-07-15T12:45:21.774755
80,5,10,4,0,4,2026-07-15T10:07:28.734729
80,6,1,0,1,0,2026-07-15T12:45:22.514927
80,6,2,0,0,0,2026-07-15T10:07:30.527265
80,6,3,0,0,0,2026-07-15T10:07:30.839956
80,6,4,0,0,0,2026-07-15T10:07:31.471023
80,6,5,0,0,0,2026-07-15T10:07:31.872197
80,6,6,0,1,0,2026-07-15T12:45:23.021752
80,6,7,0,0,0,2026-07-15T10:07:33.846267
80,6,8,0,0,0,2026-07-15T10:07:34.211443
80,6,9,0,0,0,2026-07-15T10:07:34.557293
80,6,10,0,0,0,2026-07-15T10:07:35.046590
80,7,1,5,0,5,2026-07-15T10:07:36.636511
80,7,2,5,0,5,2026-07-15T10:07:36.954580
80,7,3,5,0,5,2026-07-15T10:07:37.275358
80,7,4,5,0,5,2026-07-15T10:07:37.676050
80,7,5,5,0,5,2026-07-15T10:07:38.022513
80,7,6,5,0,5,2026-07-15T10:07:38.319779
80,7,7,5,0,5,2026-07-15T10:07:39.186155
80,7,8,5,0,5,2026-07-15T10:07:39.957927
80,7,9,5,0,5,2026-07-15T10:07:40.634731
80,7,10,5,0,5,2026-07-15T10:07:41.248614
80,8,1,0,0,0,2026-07-15T10:07:41.701601
80,8,2,0,0,0,2026-07-15T10:07:42.062230
80,8,3,0,0,0,2026-07-15T10:07:42.787051
80,8,4,0,1,0,2026-07-15T12:45:23.473938
80,8,5,0,1,0,2026-07-15T12:45:24.029846
80,8,6,0,0,0,2026-07-15T10:07:45.248498
80,8,7,0,0,0,2026-07-15T10:07:45.642152
80,8,8,0,0,0,2026-07-15T10:07:46.009754
80,8,9,0,0,0,2026-07-15T10:07:46.487915
80,8,10,0,0,0,2026-07-15T10:07:46.859153
80,9,1,5,0,5,2026-07-15T10:07:47.333643
80,9,2,5,0,5,2026-07-15T10:07:48.288153
80,9,3,5,0,5,2026-07-15T10:07:48.616834
80,9,4,5,0,5,2026-07-15T10:07:49.243797
80,9,5,5,0,5,2026-07-15T10:07:49.710015
80,9,6,5,0,5,2026-07-15T10:07:50.029126
80,9,7,5,0,5,2026-07-15T10:07:50.412893
80,9,8,5,0,5,2026-07-15T10:07:51.005285
80,9,9,5,0,5,2026-07-15T10:07:51.431369
80,9,10,5,1,5,2026-07-15T12:45:24.604169
81,1,1,4,0,4,2026-07-15T10:07:54.303257
81,1,2,4,0,4,2026-07-15T10:07:54.638301
81,1,3,4,0,4,2026-07-15T10:07:55.400363
81,1,4,4,0,4,2026-07-15T10:07:55.758368
81,1,5,4,0,4,2026-07-15T10:07:56.230345
81,1,6,4,0,4,2026-07-15T10:07:56.784623
81,1,7,4,0,4,2026-07-15T10:07:57.577907
81,1,8,4,0,4,2026-07-15T10:07:59.098976
81,1,9,4,0,4,2026-07-15T10:07:59.954319
81,1,10,4,0,4,2026-07-15T10:08:00.668627
81,2,1,0,0,0,2026-07-15T10:08:01.758867
81,2,2,0,1,0,2026-07-15T12:45:25.292097
81,2,3,0,0,0,2026-07-15T10:08:03.272828
81,2,4,0,0,0,2026-07-15T10:08:03.719042
81,2,5,0,0,0,2026-07-15T10:08:04.068781
81,2,6,0,0,0,2026-07-15T10:08:04.527677
81,2,7,0,0,0,2026-07-15T10:08:04.950040
81,2,8,0,0,0,2026-07-15T10:08:05.367810
81,2,9,0,0,0,2026-07-15T10:08:05.707762
81,2,10,0,0,0,2026-07-15T10:08:06.894798
81,3,1,2,0,2,2026-07-15T10:08:07.756493
81,3,2,2,0,2,2026-07-15T10:08:08.397477
81,3,3,2,0,2,2026-07-15T10:08:09.226509
81,3,4,2,0,2,2026-07-15T10:08:09.580731
81,3,5,2,0,2,2026-07-15T10:08:10.105847
81,3,6,2,0,2,2026-07-15T10:08:10.560141
81,3,7,2,0,2,2026-07-15T10:08:10.914740
81,3,8,2,0,2,2026-07-15T10:08:11.620079
81,3,9,2,0,2,2026-07-15T10:08:12.641270
81,3,10,2,0,2,2026-07-15T10:08:13.118081
81,4,1,0,1,0,2026-07-15T12:45:25.825410
81,4,2,0,0,0,2026-07-15T10:08:14.861566
81,4,3,0,0,0,2026-07-15T10:08:15.198239
81,4,4,0,0,0,2026-07-15T10:08:16.316709
81,4,5,0,0,0,2026-07-15T10:08:17.201121
81,4,6,0,0,0,2026-07-15T10:08:17.711424
81,4,7,0,0,0,2026-07-15T10:08:18.180959
81,4,8,0,0,0,2026-07-15T10:08:23.826831
81,4,9,0,0,0,2026-07-15T10:08:24.243391
81,4,10,0,0,0,2026-07-15T10:08:24.692125
81,5,1,2,0,2,2026-07-15T10:08:25.067954
81,5,2,2,0,2,2026-07-15T10:08:25.547312
81,5,3,2,0,2,2026-07-15T10:08:25.935425
81,5,4,2,0,2,2026-07-15T10:08:26.326178
81,5,5,2,0,2,2026-07-15T10:08:26.776328
81,5,6,2,0,2,2026-07-15T10:08:27.115427
81,5,7,2,0,2,2026-07-15T10:08:27.543588
81,5,8,2,1,2,2026-07-15T12:45:26.260363
81,5,9,2,0,2,2026-07-15T10:08:28.794361
81,5,10,2,0,2,2026-07-15T10:08:29.828289
81,6,1,0,0,0,2026-07-15T10:08:30.172193
81,6,2,0,0,0,2026-07-15T10:08:30.671633
81,6,3,0,0,0,2026-07-15T10:08:31.571296
81,6,4,0,0,0,2026-07-15T10:08:32.106938
81,6,5,0,0,0,2026-07-15T10:08:32.732033
81,6,6,0,1,0,2026-07-15T12:45:26.684321
81,6,7,0,0,0,2026-07-15T10:08:34.097865
81,6,8,0,0,0,2026-07-15T10:08:35.171835
81,6,9,0,0,0,2026-07-15T10:08:36.586573
81,6,10,0,0,0,2026-07-15T10:08:36.966875
81,7,1,4,0,4,2026-07-15T10:08:37.390257
81,7,2,4,0,4,2026-07-15T10:08:37.902954
81,7,3,4,0,4,2026-07-15T10:08:38.406567
81,7,4,4,0,4,2026-07-15T10:08:38.803745
81,7,5,4,0,4,2026-07-15T10:08:39.278656
81,7,6,4,0,4,2026-07-15T10:08:39.594849
81,7,7,4,0,4,2026-07-15T10:08:40.081928
81,7,8,4,2,4,2026-07-15T12:48:11.281859
81,7,9,4,0,4,2026-07-15T10:08:41.724574
81,7,10,4,0,4,2026-07-15T10:08:42.118547
81,8,1,0,0,0,2026-07-15T10:08:42.509535
81,8,2,0,0,0,2026-07-15T10:08:43.948583
81,8,3,0,0,0,2026-07-15T10:08:44.534641
81,8,4,0,1,0,2026-07-15T12:45:27.958266
81,8,5,0,0,0,2026-07-15T10:08:46.059367
81,8,6,0,0,0,2026-07-15T10:08:46.962280
81,8,7,0,0,0,2026-07-15T10:08:48.091671
81,8,8,0,0,0,2026-07-15T10:08:48.820622
81,8,9,0,0,0,2026-07-15T10:08:49.230282
81,8,10,0,1,0,2026-07-15T12:45:28.845664
81,9,1,5,0,5,2026-07-15T10:08:50.908549
81,9,2,4,0,4,2026-07-15T10:08:51.306213
81,9,3,5,0,5,2026-07-15T10:08:51.672689
81,9,4,5,0,5,2026-07-15T10:08:52.238927
81,9,5,4,0,4,2026-07-15T10:08:52.616661
81,9,6,5,0,5,2026-07-15T10:08:52.964868
81,9,7,4,0,4,2026-07-15T10:08:53.954344
81,9,8,5,0,5,2026-07-15T10:08:54.304163
81,9,9,4,1,4,2026-07-15T12:45:29.566843
81,9,10,4,0,4,2026-07-15T10:08:56.262742
82,1,1,5,1,5,2026-07-15T12:45:30.069440
82,1,2,4,0,4,2026-07-15T10:08:58.307799
82,1,3,5,0,5,2026-07-15T10:08:58.711062
82,1,4,5,0,5,2026-07-15T10:09:00.088046
82,1,5,5,1,5,2026-07-15T12:45:30.720301
82,1,6,5,0,5,2026-07-15T10:09:01.795091
82,1,7,5,0,5,2026-07-15T10:09:02.407171
82,1,8,5,0,5,2026-07-15T10:09:02.783499
82,1,9,5,0,5,2026-07-15T10:09:03.140137
82,1,10,5,0,5,2026-07-15T10:09:03.444045
82,2,1,0,0,0,2026-07-15T10:09:03.915499
82,2,2,0,0,0,2026-07-15T10:09:05.371574
82,2,3,0,0,0,2026-07-15T10:09:06.027504
82,2,4,0,0,0,2026-07-15T10:09:07.097779
82,2,5,0,0,0,2026-07-15T10:09:07.430292
82,2,6,0,0,0,2026-07-15T10:09:08.251677
82,2,7,0,0,0,2026-07-15T10:09:08.813607
82,2,8,0,0,0,2026-07-15T10:09:10.240833
82,2,9,0,0,0,2026-07-15T10:09:11.636707
82,2,10,0,0,0,2026-07-15T10:09:13.338913
82,3,1,2,0,2,2026-07-15T10:09:15.565968
82,3,2,2,0,2,2026-07-15T10:09:16.267492
82,3,3,2,1,2,2026-07-15T12:45:32.760990
82,3,4,2,0,2,2026-07-15T10:09:19.296334
82,3,5,2,0,2,2026-07-15T10:09:19.693610
82,3,6,2,0,2,2026-07-15T10:09:20.030781
82,3,7,2,0,2,2026-07-15T10:09:20.540168
82,3,8,2,0,2,2026-07-15T10:09:20.922571
82,3,9,2,0,2,2026-07-15T10:09:21.276743
82,3,10,2,0,2,2026-07-15T10:09:21.588200
82,4,1,0,0,0,2026-07-15T10:09:21.943040
82,4,2,0,0,0,2026-07-15T10:09:22.263557
82,4,3,0,0,0,2026-07-15T10:09:22.632026
82,4,4,0,0,0,2026-07-15T10:09:22.973658
82,4,5,0,0,0,2026-07-15T10:09:23.506915
82,4,6,0,0,0,2026-07-15T10:09:23.863764
82,4,7,0,0,0,2026-07-15T10:09:25.199429
82,4,8,0,1,0,2026-07-15T12:45:33.502711
82,4,9,0,0,0,2026-07-15T10:09:26.131027
82,4,10,0,0,0,2026-07-15T10:09:27.274652
82,5,1,4,0,4,2026-07-15T10:09:27.919235
82,5,2,4,0,4,2026-07-15T10:09:28.448352
82,5,3,4,0,4,2026-07-15T10:09:29.056100
82,5,4,4,0,4,2026-07-15T10:09:29.414370
82,5,5,4,0,4,2026-07-15T10:09:29.911121
82,5,6,4,0,4,2026-07-15T10:09:30.317894
82,5,7,4,0,4,2026-07-15T10:09:30.739133
82,5,8,4,0,4,2026-07-15T10:09:31.212206
82,5,9,4,0,4,2026-07-15T10:09:31.629598
82,5,10,4,0,4,2026-07-15T10:09:33.204707
82,6,1,0,0,0,2026-07-15T10:09:33.521286
82,6,2,0,1,0,2026-07-15T12:45:34.349834
82,6,3,0,0,0,2026-07-15T10:09:35.448834
82,6,4,0,0,0,2026-07-15T10:09:35.954988
82,6,5,0,0,0,2026-07-15T10:09:36.410284
82,6,6,0,0,0,2026-07-15T10:09:36.956867
82,6,7,0,0,0,2026-07-15T10:09:37.687386
82,6,8,0,0,0,2026-07-15T10:09:38.318037
82,6,9,0,1,0,2026-07-15T12:45:35.138410
82,6,10,0,0,0,2026-07-15T10:09:40.825637
82,7,1,5,0,5,2026-07-15T10:09:41.426427
82,7,2,5,0,5,2026-07-15T10:09:42.080373
82,7,3,5,0,5,2026-07-15T10:09:42.423305
82,7,4,5,0,5,2026-07-15T10:09:42.775040
82,7,5,5,0,5,2026-07-15T10:09:43.240379
82,7,6,5,0,5,2026-07-15T10:09:43.627297
82,7,7,5,0,5,2026-07-15T10:09:44.137166
82,7,8,5,0,5,2026-07-15T10:09:44.502597
82,7,9,5,0,5,2026-07-15T10:09:46.128573
82,7,10,5,0,5,2026-07-15T10:09:46.834748
82,8,1,0,0,0,2026-07-15T10:09:47.277630
82,8,2,0,0,0,2026-07-15T10:09:47.790008
82,8,3,0,0,0,2026-07-15T10:09:49.180901
82,8,4,0,0,0,2026-07-15T10:09:49.741810
82,8,5,0,0,0,2026-07-15T10:09:50.131791
82,8,6,0,0,0,2026-07-15T10:09:50.519943
82,8,7,0,0,0,2026-07-15T10:09:51.257025
82,8,8,0,0,0,2026-07-15T10:09:51.630843
82,8,9,0,0,0,2026-07-15T10:09:53.235251
82,8,10,0,0,0,2026-07-15T10:09:54.765255
82,9,1,5,0,5,2026-07-15T10:09:55.237588
82,9,2,5,0,5,2026-07-15T10:09:57.041117
82,9,3,5,1,5,2026-07-15T12:45:36.301118
82,9,4,5,0,5,2026-07-15T10:09:58.003767
82,9,5,5,0,5,2026-07-15T10:09:58.400805
82,9,6,5,0,5,2026-07-15T10:10:00.327552
82,9,7,5,0,5,2026-07-15T10:10:02.447581
82,9,8,5,0,5,2026-07-15T10:10:02.887012
82,9,9,5,0,5,2026-07-15T10:10:03.235438
82,9,10,5,0,5,2026-07-15T10:10:04.359611
83,1,1,4,0,4,2026-07-15T10:10:04.989789
83,1,2,4,0,4,2026-07-15T10:10:05.721738
83,1,3,4,0,4,2026-07-15T10:10:06.173442
83,1,4,4,0,4,2026-07-15T10:10:06.717084
83,1,5,4,0,4,2026-07-15T10:10:07.150010
83,1,6,4,0,4,2026-07-15T10:10:07.637542
83,1,7,4,0,4,2026-07-15T10:10:07.955283
83,1,8,4,0,4,2026-07-15T10:10:08.617212
83,1,9,4,0,4,2026-07-15T10:10:09.054963
83,1,10,4,0,4,2026-07-15T10:10:10.223762
83,2,1,0,1,0,2026-07-15T12:45:37.180664
83,2,2,0,0,0,2026-07-15T10:10:12.112663
83,2,3,0,0,0,2026-07-15T10:10:13.043464
83,2,4,0,0,0,2026-07-15T10:10:14.163690
83,2,5,0,0,0,2026-07-15T10:10:14.584852
83,2,6,0,1,0,2026-07-15T12:45:37.630564
83,2,7,0,0,0,2026-07-15T10:10:16.198048
83,2,8,0,0,0,2026-07-15T10:10:16.516267
83,2,9,0,0,0,2026-07-15T10:10:18.330811
83,2,10,0,0,0,2026-07-15T10:10:18.904205
83,3,1,2,0,2,2026-07-15T10:10:19.360119
83,3,2,2,0,2,2026-07-15T10:10:20.631346
83,3,3,2,0,2,2026-07-15T10:10:20.974228
83,3,4,3,0,3,2026-07-15T10:10:22.508631
83,3,5,3,0,3,2026-07-15T10:10:23.085909
83,3,6,3,0,3,2026-07-15T10:10:23.535477
83,3,7,3,0,3,2026-07-15T10:10:23.992312
83,3,8,3,0,3,2026-07-15T10:10:24.461627
83,3,9,2,0,2,2026-07-15T10:10:24.916843
83,3,10,2,0,2,2026-07-15T10:10:26.509074
83,4,1,0,0,0,2026-07-15T10:10:27.048838
83,4,2,0,0,0,2026-07-15T10:10:28.749119
83,4,3,0,0,0,2026-07-15T10:10:29.510781
83,4,4,0,1,0,2026-07-15T12:45:38.259123
83,4,5,0,1,0,2026-07-15T12:45:38.910952
83,4,6,0,0,0,2026-07-15T10:10:32.450506
83,4,7,0,1,0,2026-07-15T12:45:39.395303
83,4,8,0,0,0,2026-07-15T10:10:33.698291
83,4,9,0,0,0,2026-07-15T10:10:34.098561
83,4,10,0,0,0,2026-07-15T10:10:34.433774
83,5,1,4,0,4,2026-07-15T10:10:34.938514
83,5,2,4,0,4,2026-07-15T10:10:35.372662
83,5,3,4,0,4,2026-07-15T10:10:36.254885
83,5,4,4,0,4,2026-07-15T10:10:36.744486
83,5,5,4,0,4,2026-07-15T10:10:37.205225
83,5,6,4,0,4,2026-07-15T10:10:37.550624
83,5,7,4,0,4,2026-07-15T10:10:37.916014
83,5,8,4,0,4,2026-07-15T10:10:38.298042
83,5,9,4,0,4,2026-07-15T10:10:39.057829
83,5,10,4,1,4,2026-07-15T12:45:39.902436
83,6,1,0,0,0,2026-07-15T10:10:41.078968
83,6,2,0,0,0,2026-07-15T10:10:41.455378
83,6,3,0,0,0,2026-07-15T10:10:41.855845
83,6,4,0,0,0,2026-07-15T10:10:42.546363
83,6,5,0,0,0,2026-07-15T10:10:42.889622
83,6,6,0,0,0,2026-07-15T10:10:43.207994
83,6,7,0,0,0,2026-07-15T10:10:43.583951
83,6,8,0,0,0,2026-07-15T10:10:44.146325
83,6,9,0,0,0,2026-07-15T10:10:44.450698
83,6,10,0,0,0,2026-07-15T10:10:44.827384
83,7,1,5,0,5,2026-07-15T10:10:45.475723
83,7,2,5,0,5,2026-07-15T10:10:46.560126
83,7,3,5,0,5,2026-07-15T10:10:46.972623
83,7,4,5,0,5,2026-07-15T10:10:47.333685
83,7,5,5,0,5,2026-07-15T10:10:49.142530
83,7,6,5,0,5,2026-07-15T10:10:49.658849
83,7,7,5,0,5,2026-07-15T10:10:49.980084
83,7,8,5,0,5,2026-07-15T10:10:50.354645
83,7,9,5,0,5,2026-07-15T10:10:50.867680
83,7,10,5,0,5,2026-07-15T10:10:51.204770
83,8,1,0,0,0,2026-07-15T10:10:51.877925
83,8,2,0,1,0,2026-07-15T12:45:40.337362
83,8,3,0,0,0,2026-07-15T10:10:53.419370
83,8,4,0,0,0,2026-07-15T10:10:53.809971
83,8,5,0,0,0,2026-07-15T10:10:54.311329
83,8,6,0,0,0,2026-07-15T10:10:54.643154
83,8,7,0,0,0,2026-07-15T10:10:54.954245
83,8,8,0,0,0,2026-07-15T10:10:55.267316
83,8,9,0,0,0,2026-07-15T10:10:55.580482
83,8,10,0,0,0,2026-07-15T10:10:56.841087
83,9,1,5,0,5,2026-07-15T10:10:57.573939
83,9,2,5,0,5,2026-07-15T10:10:59.034248
83,9,3,5,0,5,2026-07-15T10:10:59.883374
83,9,4,5,1,5,2026-07-15T12:45:41.566848
83,9,5,5,0,5,2026-07-15T10:11:01.573964
83,9,6,5,0,5,2026-07-15T10:11:02.029857
83,9,7,5,0,5,2026-07-15T10:11:02.519438
83,9,8,5,0,5,2026-07-15T10:11:03.151146
83,9,9,5,0,5,2026-07-15T10:11:03.800751
83,9,10,5,0,5,2026-07-15T10:11:04.785096
84,1,1,5,0,5,2026-07-15T10:11:05.562602
84,1,2,5,0,5,2026-07-15T10:11:06.967493
84,1,3,5,0,5,2026-07-15T10:11:07.352917
84,1,4,5,0,5,2026-07-15T10:11:07.979027
84,1,5,5,0,5,2026-07-15T10:11:08.726810
84,1,6,5,0,5,2026-07-15T10:11:09.167732
84,1,7,4,0,4,2026-07-15T10:11:10.039145
84,1,8,5,0,5,2026-07-15T10:11:10.605360
84,1,9,5,0,5,2026-07-15T10:11:11.037163
84,1,10,4,0,4,2026-07-15T10:11:11.381723
84,2,1,0,0,0,2026-07-15T10:11:11.770742
84,2,2,0,0,0,2026-07-15T10:11:12.512193
84,2,3,0,0,0,2026-07-15T10:11:12.870350
84,2,4,0,0,0,2026-07-15T10:11:13.339124
84,2,5,0,0,0,2026-07-15T10:11:13.699988
84,2,6,0,0,0,2026-07-15T10:11:14.331492
84,2,7,0,0,0,2026-07-15T10:11:14.837636
84,2,8,0,0,0,2026-07-15T10:11:15.605768
84,2,9,0,1,0,2026-07-15T12:45:42.319298
84,2,10,0,0,0,2026-07-15T10:11:17.736070
84,3,1,4,0,4,2026-07-15T10:11:18.406152
84,3,2,4,1,4,2026-07-15T12:45:44.698544
84,3,3,4,0,4,2026-07-15T10:11:21.620005
84,3,4,4,0,4,2026-07-15T10:11:22.248622
84,3,5,4,0,4,2026-07-15T10:11:23.017831
84,3,6,4,0,4,2026-07-15T10:11:23.489539
84,3,7,4,0,4,2026-07-15T10:11:23.822873
84,3,8,4,0,4,2026-07-15T10:11:24.750661
84,3,9,4,0,4,2026-07-15T10:11:25.364620
84,3,10,4,0,4,2026-07-15T10:11:26.539877
84,4,1,0,0,0,2026-07-15T10:11:27.049684
84,4,2,0,0,0,2026-07-15T10:11:27.580969
84,4,3,0,1,0,2026-07-15T12:45:45.098758
84,4,4,0,0,0,2026-07-15T10:11:29.686369
84,4,5,0,0,0,2026-07-15T10:11:30.040794
84,4,6,0,0,0,2026-07-15T10:11:30.957744
84,4,7,0,0,0,2026-07-15T10:11:31.802815
84,4,8,0,0,0,2026-07-15T10:11:32.144897
84,4,9,0,0,0,2026-07-15T10:11:32.507453
84,4,10,0,0,0,2026-07-15T10:11:32.819991
84,5,1,4,0,4,2026-07-15T10:11:33.139720
84,5,2,4,0,4,2026-07-15T10:11:33.946214
84,5,3,4,0,4,2026-07-15T10:11:34.505859
84,5,4,4,0,4,2026-07-15T10:11:34.812749
84,5,5,4,0,4,2026-07-15T10:11:35.354717
84,5,6,4,0,4,2026-07-15T10:11:35.743227
84,5,7,4,0,4,2026-07-15T10:11:36.107925
84,5,8,4,1,4,2026-07-15T12:45:46.153055
84,5,9,4,0,4,2026-07-15T10:11:37.035149
84,5,10,4,0,4,2026-07-15T10:11:37.834146
84,6,1,0,0,0,2026-07-15T10:11:38.816957
84,6,2,0,0,0,2026-07-15T10:11:39.154922
84,6,3,0,0,0,2026-07-15T10:11:39.670033
84,6,4,0,0,0,2026-07-15T10:11:40.114178
84,6,5,0,0,0,2026-07-15T10:11:40.652684
84,6,6,0,0,0,2026-07-15T10:11:41.199993
84,6,7,0,0,0,2026-07-15T10:11:41.881102
84,6,8,0,0,0,2026-07-15T10:11:42.349177
84,6,9,0,0,0,2026-07-15T10:11:43.675587
84,6,10,0,0,0,2026-07-15T10:11:44.088362
84,7,1,5,0,5,2026-07-15T10:11:44.532449
84,7,2,5,0,5,2026-07-15T10:11:46.555185
84,7,3,5,0,5,2026-07-15T10:11:47.305222
84,7,4,5,0,5,2026-07-15T10:11:47.605134
84,7,5,5,0,5,2026-07-15T10:11:48.030681
84,7,6,5,0,5,2026-07-15T10:11:48.729687
84,7,7,5,0,5,2026-07-15T10:11:49.102602
84,7,8,5,0,5,2026-07-15T10:11:49.414772
84,7,9,5,0,5,2026-07-15T10:11:50.031833
84,7,10,5,0,5,2026-07-15T10:11:50.362219
84,8,1,0,0,0,2026-07-15T10:11:50.811416
84,8,2,0,0,0,2026-07-15T10:11:51.325040
84,8,3,0,0,0,2026-07-15T10:11:51.680193
84,8,4,0,0,0,2026-07-15T10:11:52.026494
84,8,5,0,1,0,2026-07-15T12:45:46.560398
84,8,6,0,0,0,2026-07-15T10:11:53.550447
84,8,7,0,0,0,2026-07-15T10:11:54.344490
84,8,8,0,0,0,2026-07-15T10:11:54.757789
84,8,9,0,0,0,2026-07-15T10:11:55.145062
84,8,10,0,0,0,2026-07-15T10:11:55.525924
84,9,1,5,0,5,2026-07-15T10:11:56.077216
84,9,2,5,0,5,2026-07-15T10:11:57.448256
84,9,3,5,0,5,2026-07-15T10:11:57.875009
84,9,4,5,0,5,2026-07-15T10:11:58.363707
84,9,5,5,0,5,2026-07-15T10:11:59.594054
84,9,6,4,0,4,2026-07-15T10:22:00.846905
84,9,7,4,1,4,2026-07-15T12:45:49.444294
84,9,8,5,0,5,2026-07-15T10:22:02.613618
84,9,9,5,0,5,2026-07-15T10:22:03.077595
84,9,10,5,0,5,2026-07-15T10:22:03.577027
85,1,1,4,0,4,2026-07-15T10:22:04.347250
85,1,2,4,0,4,2026-07-15T10:22:05.087900
85,1,3,4,0,4,2026-07-15T10:22:07.032227
85,1,4,4,0,4,2026-07-15T10:22:07.510197
85,1,5,4,0,4,2026-07-15T10:22:07.956894
85,1,6,4,0,4,2026-07-15T10:22:08.321936
85,1,7,4,0,4,2026-07-15T10:22:08.870249
85,1,8,4,0,4,2026-07-15T10:22:09.335557
85,1,9,4,0,4,2026-07-15T10:22:09.716590
85,1,10,4,0,4,2026-07-15T10:22:10.391317
85,2,1,0,1,0,2026-07-15T12:45:50.062057
85,2,2,0,0,0,2026-07-15T10:22:13.118844
85,2,3,0,0,0,2026-07-15T10:22:13.804866
85,2,4,0,0,0,2026-07-15T10:22:14.250903
85,2,5,0,0,0,2026-07-15T10:22:14.574694
85,2,6,0,0,0,2026-07-15T10:22:14.899108
85,2,7,0,1,0,2026-07-15T12:45:50.433877
85,2,8,0,0,0,2026-07-15T10:22:16.569013
85,2,9,0,0,0,2026-07-15T10:22:16.944124
85,2,10,0,0,0,2026-07-15T10:22:17.285284
85,3,1,4,0,4,2026-07-15T10:22:17.749666
85,3,2,4,0,4,2026-07-15T10:22:18.113484
85,3,3,4,0,4,2026-07-15T10:22:18.742335
85,3,4,4,0,4,2026-07-15T10:22:19.034369
85,3,5,4,0,4,2026-07-15T10:22:19.352608
85,3,6,4,0,4,2026-07-15T10:22:19.675070
85,3,7,4,0,4,2026-07-15T10:22:21.246627
85,3,8,4,0,4,2026-07-15T10:22:21.695383
85,3,9,4,0,4,2026-07-15T10:22:22.374867
85,3,10,4,0,4,2026-07-15T10:22:23.020693
85,4,1,0,1,0,2026-07-15T12:45:50.970003
85,4,2,0,0,0,2026-07-15T10:22:24.677064
85,4,3,0,0,0,2026-07-15T10:22:25.201035
85,4,4,0,0,0,2026-07-15T10:22:26.197512
85,4,5,0,0,0,2026-07-15T10:22:26.642368
85,4,6,0,0,0,2026-07-15T10:22:27.084551
85,4,7,0,0,0,2026-07-15T10:22:27.748250
85,4,8,0,0,0,2026-07-15T10:22:28.143642
85,4,9,0,0,0,2026-07-15T10:22:29.504753
85,4,10,0,0,0,2026-07-15T10:22:29.963873
85,5,1,4,0,4,2026-07-15T10:22:30.508732
85,5,2,4,0,4,2026-07-15T10:22:31.618649
85,5,3,4,1,4,2026-07-15T12:45:51.562249
85,5,4,4,0,4,2026-07-15T10:22:33.917617
85,5,5,4,0,4,2026-07-15T10:22:34.230572
85,5,6,4,1,4,2026-07-15T12:45:52.368606
85,5,7,4,0,4,2026-07-15T10:22:35.824981
85,5,8,4,0,4,2026-07-15T10:22:36.241783
85,5,9,4,0,4,2026-07-15T10:22:36.784614
85,5,10,4,0,4,2026-07-15T10:22:37.461862
85,6,1,0,0,0,2026-07-15T10:22:37.846557
85,6,2,0,0,0,2026-07-15T10:22:38.906306
85,6,3,0,0,0,2026-07-15T10:22:39.510466
85,6,4,0,1,0,2026-07-15T12:45:52.926708
85,6,5,0,0,0,2026-07-15T10:22:41.044341
85,6,6,0,0,0,2026-07-15T10:22:41.372931
85,6,7,0,0,0,2026-07-15T10:22:42.035013
85,6,8,0,0,0,2026-07-15T10:22:42.639244
85,6,9,0,0,0,2026-07-15T10:22:43.066315
85,6,10,0,0,0,2026-07-15T10:22:43.373684
85,7,1,5,0,5,2026-07-15T10:22:43.738010
85,7,2,5,0,5,2026-07-15T10:22:44.384416
85,7,3,5,0,5,2026-07-15T10:22:45.239266
85,7,4,5,0,5,2026-07-15T10:22:46.546707
85,7,5,5,0,5,2026-07-15T10:22:47.208868
85,7,6,5,0,5,2026-07-15T10:22:47.515200
85,7,7,5,0,5,2026-07-15T10:22:47.890002
85,7,8,5,0,5,2026-07-15T10:22:48.193201
85,7,9,5,0,5,2026-07-15T10:22:48.509734
85,7,10,5,0,5,2026-07-15T10:22:48.804430
85,8,1,2,0,2,2026-07-15T10:22:49.128844
85,8,2,2,0,2,2026-07-15T10:22:49.992342
85,8,3,2,0,2,2026-07-15T10:22:50.317644
85,8,4,2,0,2,2026-07-15T10:22:50.681535
85,8,5,2,0,2,2026-07-15T10:22:51.457197
85,8,6,2,0,2,2026-07-15T10:22:51.816914
85,8,7,2,0,2,2026-07-15T10:22:52.150752
85,8,8,2,0,2,2026-07-15T10:22:52.454380
85,8,9,2,0,2,2026-07-15T10:22:53.075539
85,8,10,2,0,2,2026-07-15T10:22:53.400123
85,9,1,5,0,5,2026-07-15T10:22:53.793857
85,9,2,5,0,5,2026-07-15T10:22:54.352277
85,9,3,5,0,5,2026-07-15T10:22:54.717229
85,9,4,5,0,5,2026-07-15T10:22:55.158707
85,9,5,5,0,5,2026-07-15T10:22:55.966709
85,9,6,5,0,5,2026-07-15T10:22:56.550009
85,9,7,5,0,5,2026-07-15T10:22:56.998614
85,9,8,5,0,5,2026-07-15T10:22:57.915470
85,9,9,5,0,5,2026-07-15T10:22:58.441400
85,9,10,5,0,5,2026-07-15T10:22:58.953063
86,1,1,2,0,2,2026-07-15T10:22:59.734206
86,1,2,4,1,4,2026-07-15T12:45:56.856930
86,1,3,4,0,4,2026-07-15T10:23:01.315472
86,1,4,2,0,2,2026-07-15T10:23:02.359938
86,1,5,2,0,2,2026-07-15T10:23:02.959629
86,1,6,2,0,2,2026-07-15T10:23:03.768563
86,1,7,4,1,4,2026-07-15T12:45:57.458653
86,1,8,4,0,4,2026-07-15T10:23:05.471914
86,1,9,4,0,4,2026-07-15T10:23:05.894117
86,1,10,2,0,2,2026-07-15T10:23:06.374501
86,2,1,0,1,0,2026-07-15T12:45:58.605524
86,2,2,0,0,0,2026-07-15T10:23:08.360190
86,2,3,0,0,0,2026-07-15T10:23:08.724598
86,2,4,0,0,0,2026-07-15T10:23:09.381562
86,2,5,0,0,0,2026-07-15T10:23:10.565605
86,2,6,0,0,0,2026-07-15T10:23:10.916354
86,2,7,0,1,0,2026-07-15T12:45:59.010500
86,2,8,0,0,0,2026-07-15T10:23:13.116218
86,2,9,0,0,0,2026-07-15T10:23:14.462767
86,2,10,0,0,0,2026-07-15T10:23:14.768314
86,3,1,0,0,0,2026-07-15T10:23:15.643473
86,3,2,0,1,0,2026-07-15T12:46:00.054034
86,3,3,0,0,0,2026-07-15T10:23:17.370337
86,3,4,2,0,2,2026-07-15T10:23:19.929189
86,3,5,0,0,0,2026-07-15T10:23:20.818050
86,3,6,2,0,2,2026-07-15T10:23:21.292359
86,3,7,2,0,2,2026-07-15T10:23:22.003670
86,3,8,0,0,0,2026-07-15T10:23:22.713184
86,3,9,2,0,2,2026-07-15T10:23:23.376963
86,3,10,0,0,0,2026-07-15T10:23:24.078060
86,4,1,0,0,0,2026-07-15T10:23:24.841362
86,4,2,0,0,0,2026-07-15T10:23:25.300788
86,4,3,0,0,0,2026-07-15T10:23:25.628061
86,4,4,0,0,0,2026-07-15T10:23:26.014510
86,4,5,0,0,0,2026-07-15T10:23:26.479901
86,4,6,0,0,0,2026-07-15T10:23:26.779073
86,4,7,0,0,0,2026-07-15T10:23:27.338992
86,4,8,0,0,0,2026-07-15T10:23:27.784179
86,4,9,0,0,0,2026-07-15T10:23:28.534621
86,4,10,0,0,0,2026-07-15T10:23:28.960420
86,5,1,4,0,4,2026-07-15T10:23:29.851640
86,5,2,4,0,4,2026-07-15T10:23:30.281038
86,5,3,4,0,4,2026-07-15T10:23:30.627034
86,5,4,4,0,4,2026-07-15T10:23:31.782256
86,5,5,4,0,4,2026-07-15T10:23:32.085807
86,5,6,4,0,4,2026-07-15T10:23:32.544424
86,5,7,4,0,4,2026-07-15T10:23:33.942834
86,5,8,4,0,4,2026-07-15T10:23:34.642860
86,5,9,4,1,4,2026-07-15T12:46:00.963025
86,5,10,4,0,4,2026-07-15T10:23:36.157144
86,6,1,0,0,0,2026-07-15T10:23:36.465108
86,6,2,0,0,0,2026-07-15T10:23:37.258862
86,6,3,0,0,0,2026-07-15T10:23:37.683613
86,6,4,0,0,0,2026-07-15T10:23:38.053282
86,6,5,0,0,0,2026-07-15T10:23:38.643461
86,6,6,0,0,0,2026-07-15T10:23:39.031521
86,6,7,0,0,0,2026-07-15T10:23:39.451022
86,6,8,0,0,0,2026-07-15T10:23:39.733585
86,6,9,0,0,0,2026-07-15T10:23:40.499963
86,6,10,0,0,0,2026-07-15T10:23:41.059832
86,7,1,5,0,5,2026-07-15T10:23:41.395670
86,7,2,5,0,5,2026-07-15T10:23:41.787263
86,7,3,4,0,4,2026-07-15T10:23:42.574830
86,7,4,5,0,5,2026-07-15T10:23:43.407850
86,7,5,4,0,4,2026-07-15T10:23:43.903852
86,7,6,4,0,4,2026-07-15T10:23:44.410169
86,7,7,5,1,5,2026-07-15T12:46:02.693463
86,7,8,4,0,4,2026-07-15T10:23:45.943319
86,7,9,4,0,4,2026-07-15T10:23:46.464969
86,7,10,4,0,4,2026-07-15T10:23:47.151044
86,8,1,0,0,0,2026-07-15T10:23:47.840992
86,8,2,0,0,0,2026-07-15T10:23:48.587238
86,8,3,2,0,2,2026-07-15T10:23:50.050753
86,8,4,0,1,0,2026-07-15T12:46:03.591758
86,8,5,0,0,0,2026-07-15T10:23:51.247639
86,8,6,0,0,0,2026-07-15T10:23:51.935439
86,8,7,2,0,2,2026-07-15T10:23:52.639836
86,8,8,2,0,2,2026-07-15T10:23:53.183122
86,8,9,2,0,2,2026-07-15T10:23:53.643885
86,8,10,2,0,2,2026-07-15T10:23:54.947430
86,9,1,5,0,5,2026-07-15T10:23:55.278606
86,9,2,5,0,5,2026-07-15T10:23:55.823711
86,9,3,5,0,5,2026-07-15T10:23:56.146653
86,9,4,5,0,5,2026-07-15T10:23:56.452769
86,9,5,5,1,5,2026-07-15T12:46:04.633662
86,9,6,5,0,5,2026-07-15T10:23:57.985222
86,9,7,5,0,5,2026-07-15T10:23:58.352617
86,9,8,5,0,5,2026-07-15T10:23:58.783377
86,9,9,5,0,5,2026-07-15T10:23:59.207531
86,9,10,5,0,5,2026-07-15T10:23:59.832030
87,1,1,5,0,5,2026-07-15T10:24:00.284428
87,1,2,5,0,5,2026-07-15T10:24:00.898199
87,1,3,5,0,5,2026-07-15T10:24:01.554649
87,1,4,5,0,5,2026-07-15T10:24:02.580545
87,1,5,5,0,5,2026-07-15T10:24:03.615805
87,1,6,5,0,5,2026-07-15T10:24:04.293212
87,1,7,5,0,5,2026-07-15T10:24:04.664215
87,1,8,5,0,5,2026-07-15T10:24:04.985720
87,1,9,5,0,5,2026-07-15T10:24:05.426577
87,1,10,5,0,5,2026-07-15T10:24:05.816294
87,2,1,0,0,0,2026-07-15T10:24:06.337290
87,2,2,0,0,0,2026-07-15T10:24:06.635560
87,2,3,0,0,0,2026-07-15T10:24:07.531706
87,2,4,0,0,0,2026-07-15T10:24:07.866240
87,2,5,0,0,0,2026-07-15T10:24:08.239324
87,2,6,0,0,0,2026-07-15T10:24:08.894153
87,2,7,0,1,0,2026-07-15T12:46:05.171894
87,2,8,0,0,0,2026-07-15T10:24:11.166867
87,2,9,0,0,0,2026-07-15T10:24:12.572841
87,2,10,0,0,0,2026-07-15T10:24:13.971809
87,3,1,4,1,4,2026-07-15T12:46:05.748266
87,3,2,4,0,4,2026-07-15T10:24:15.774791
87,3,3,4,0,4,2026-07-15T10:24:16.304329
87,3,4,4,0,4,2026-07-15T10:24:16.632993
87,3,5,4,0,4,2026-07-15T10:24:18.325152
87,3,6,4,0,4,2026-07-15T10:24:19.740179
87,3,7,4,0,4,2026-07-15T10:24:20.605184
87,3,8,4,0,4,2026-07-15T10:24:21.034357
87,3,9,4,0,4,2026-07-15T10:24:21.409292
87,3,10,4,0,4,2026-07-15T10:24:22.051866
87,4,1,0,0,0,2026-07-15T10:24:22.511978
87,4,2,0,0,0,2026-07-15T10:24:23.130044
87,4,3,0,0,0,2026-07-15T10:24:23.843556
87,4,4,0,0,0,2026-07-15T10:24:24.500142
87,4,5,0,1,0,2026-07-15T12:46:07.639275
87,4,6,0,0,0,2026-07-15T10:24:25.997381
87,4,7,0,0,0,2026-07-15T10:24:26.332437
87,4,8,0,0,0,2026-07-15T10:24:26.931503
87,4,9,0,0,0,2026-07-15T10:24:27.307610
87,4,10,0,0,0,2026-07-15T10:24:28.059903
87,5,1,4,0,4,2026-07-15T10:24:28.711416
87,5,2,4,0,4,2026-07-15T10:24:29.295293
87,5,3,4,0,4,2026-07-15T10:24:29.759101
87,5,4,4,1,4,2026-07-15T12:46:08.200588
87,5,5,4,0,4,2026-07-15T10:24:31.770480
87,5,6,4,0,4,2026-07-15T10:24:32.243210
87,5,7,4,1,4,2026-07-15T12:46:08.652186
87,5,8,4,0,4,2026-07-15T10:24:33.717784
87,5,9,4,0,4,2026-07-15T10:24:34.481177
87,5,10,4,0,4,2026-07-15T10:24:34.825522
87,6,1,0,0,0,2026-07-15T10:24:35.142971
87,6,2,0,1,0,2026-07-15T12:46:09.146620
87,6,3,0,0,0,2026-07-15T10:24:38.501116
87,6,4,0,0,0,2026-07-15T10:24:38.822917
87,6,5,0,0,0,2026-07-15T10:24:39.383976
87,6,6,0,0,0,2026-07-15T10:24:39.707475
87,6,7,0,0,0,2026-07-15T10:24:40.157170
87,6,8,0,0,0,2026-07-15T10:24:40.455793
87,6,9,0,0,0,2026-07-15T10:24:40.762849
87,6,10,0,0,0,2026-07-15T10:24:41.327559
87,7,1,5,0,5,2026-07-15T10:24:41.830621
87,7,2,5,0,5,2026-07-15T10:24:42.147935
87,7,3,5,0,5,2026-07-15T10:24:42.496512
87,7,4,5,1,5,2026-07-15T12:46:09.616449
87,7,5,5,0,5,2026-07-15T10:24:44.164788
87,7,6,5,1,5,2026-07-15T12:46:10.009014
87,7,7,5,0,5,2026-07-15T10:24:45.757422
87,7,8,5,0,5,2026-07-15T10:24:46.289107
87,7,9,5,0,5,2026-07-15T10:24:46.643211
87,7,10,5,0,5,2026-07-15T10:24:47.222532
87,8,1,2,0,2,2026-07-15T10:24:48.423172
87,8,2,2,0,2,2026-07-15T10:24:48.989503
87,8,3,2,0,2,2026-07-15T10:24:49.290433
87,8,4,0,0,0,2026-07-15T10:24:50.033064
87,8,5,0,0,0,2026-07-15T10:24:50.574646
87,8,6,4,0,4,2026-07-15T10:24:51.261075
87,8,7,2,0,2,2026-07-15T10:24:51.736336
87,8,8,2,0,2,2026-07-15T10:24:52.856321
87,8,9,0,0,0,2026-07-15T10:24:53.504081
87,8,10,0,0,0,2026-07-15T10:24:54.428901
87,9,1,5,0,5,2026-07-15T10:24:54.846549
87,9,2,5,0,5,2026-07-15T10:24:55.786162
87,9,3,5,0,5,2026-07-15T10:24:56.669662
87,9,4,5,0,5,2026-07-15T10:24:57.172387
87,9,5,5,0,5,2026-07-15T10:24:57.670455
87,9,6,5,0,5,2026-07-15T10:24:58.221647
87,9,7,5,0,5,2026-07-15T10:24:58.978657
87,9,8,5,0,5,2026-07-15T10:24:59.298932
87,9,9,5,0,5,2026-07-15T10:24:59.661994
87,9,10,5,0,5,2026-07-15T10:24:59.994543
88,1,1,4,0,4,2026-07-15T10:25:01.138149
88,1,2,5,0,5,2026-07-15T10:25:01.542082
88,1,3,5,0,5,2026-07-15T10:25:02.105373
88,1,4,4,0,4,2026-07-15T10:25:02.704762
88,1,5,5,0,5,2026-07-15T10:25:03.092056
88,1,6,5,0,5,2026-07-15T10:25:03.466797
88,1,7,4,2,4,2026-07-15T12:48:11.730741
88,1,8,5,0,5,2026-07-15T10:25:05.534439
88,1,9,4,0,4,2026-07-15T10:25:06.181186
88,1,10,4,1,4,2026-07-15T12:46:12.903753
88,2,1,0,1,0,2026-07-15T12:46:13.616411
88,2,2,0,0,0,2026-07-15T10:25:09.079540
88,2,3,0,0,0,2026-07-15T10:25:10.520971
88,2,4,0,0,0,2026-07-15T10:25:11.234839
88,2,5,0,0,0,2026-07-15T10:25:11.561952
88,2,6,0,0,0,2026-07-15T10:25:11.944668
88,2,7,0,1,0,2026-07-15T12:46:14.237880
88,2,8,0,0,0,2026-07-15T10:25:14.443289
88,2,9,0,0,0,2026-07-15T10:25:14.751530
88,2,10,0,0,0,2026-07-15T10:25:15.468949
88,3,1,4,0,4,2026-07-15T10:25:16.015247
88,3,2,4,0,4,2026-07-15T10:25:16.625067
88,3,3,4,0,4,2026-07-15T10:25:17.565849
88,3,4,4,0,4,2026-07-15T10:25:18.211135
88,3,5,4,0,4,2026-07-15T10:25:18.572633
88,3,6,4,0,4,2026-07-15T10:25:18.978711
88,3,7,4,1,4,2026-07-15T12:46:14.875108
88,3,8,4,0,4,2026-07-15T10:25:20.517752
88,3,9,4,0,4,2026-07-15T10:25:20.812488
88,3,10,4,0,4,2026-07-15T10:25:21.281127
88,4,1,0,0,0,2026-07-15T10:25:21.715508
88,4,2,0,0,0,2026-07-15T10:25:22.890636
88,4,3,0,0,0,2026-07-15T10:25:23.431180
88,4,4,0,0,0,2026-07-15T10:25:24.192006
88,4,5,0,0,0,2026-07-15T10:25:25.180745
88,4,6,0,0,0,2026-07-15T10:25:25.714124
88,4,7,0,0,0,2026-07-15T10:25:26.106285
88,4,8,0,0,0,2026-07-15T10:25:27.050776
88,4,9,0,0,0,2026-07-15T10:25:27.439661
88,4,10,0,0,0,2026-07-15T10:25:27.851302
88,5,1,2,0,2,2026-07-15T10:25:28.811051
88,5,2,4,0,4,2026-07-15T10:25:29.812525
88,5,3,4,0,4,2026-07-15T10:25:30.594465
88,5,4,2,0,2,2026-07-15T10:25:31.572619
88,5,5,2,0,2,2026-07-15T10:25:32.162888
88,5,6,4,0,4,2026-07-15T10:25:32.569275
88,5,7,4,0,4,2026-07-15T10:25:32.937208
88,5,8,2,0,2,2026-07-15T10:25:33.296483
88,5,9,4,0,4,2026-07-15T10:25:33.865534
88,5,10,4,0,4,2026-07-15T10:25:34.212302
88,6,1,0,0,0,2026-07-15T10:25:34.711672
88,6,2,0,0,0,2026-07-15T10:25:35.115118
88,6,3,0,0,0,2026-07-15T10:25:35.725252
88,6,4,0,0,0,2026-07-15T10:25:36.090283
88,6,5,0,0,0,2026-07-15T10:25:36.800754
88,6,6,0,0,0,2026-07-15T10:25:37.592956
88,6,7,0,0,0,2026-07-15T10:25:37.921602
88,6,8,0,0,0,2026-07-15T10:25:38.307080
88,6,9,0,0,0,2026-07-15T10:25:38.729878
88,6,10,0,0,0,2026-07-15T10:25:39.278714
88,7,1,5,0,5,2026-07-15T10:25:39.654108
88,7,2,5,0,5,2026-07-15T10:25:40.361536
88,7,3,5,0,5,2026-07-15T10:25:40.906307
88,7,4,5,1,5,2026-07-15T12:46:15.476981
88,7,5,5,0,5,2026-07-15T10:25:43.845017
88,7,6,5,0,5,2026-07-15T10:25:44.537772
88,7,7,5,0,5,2026-07-15T10:25:44.948597
88,7,8,5,0,5,2026-07-15T10:25:45.462231
88,7,9,5,0,5,2026-07-15T10:25:46.556407
88,7,10,5,0,5,2026-07-15T10:25:47.517045
88,8,1,0,0,0,2026-07-15T10:25:48.018218
88,8,2,0,0,0,2026-07-15T10:25:48.461583
88,8,3,0,0,0,2026-07-15T10:25:48.797708
88,8,4,0,0,0,2026-07-15T10:25:49.844599
88,8,5,0,0,0,2026-07-15T10:25:50.219993
88,8,6,0,0,0,2026-07-15T10:25:50.861138
88,8,7,0,0,0,2026-07-15T10:25:51.356738
88,8,8,0,0,0,2026-07-15T10:25:52.334972
88,8,9,0,0,0,2026-07-15T10:25:53.183970
88,8,10,0,0,0,2026-07-15T10:25:54.377188
88,9,1,5,0,5,2026-07-15T10:25:54.723707
88,9,2,5,0,5,2026-07-15T10:25:55.085148
88,9,3,5,0,5,2026-07-15T10:25:55.603547
88,9,4,5,0,5,2026-07-15T10:25:56.404193
88,9,5,5,1,5,2026-07-15T12:46:16.350504
88,9,6,5,0,5,2026-07-15T10:25:58.113862
88,9,7,5,0,5,2026-07-15T10:25:58.555629
88,9,8,5,0,5,2026-07-15T10:25:58.937171
88,9,9,5,0,5,2026-07-15T10:25:59.405013
88,9,10,5,0,5,2026-07-15T10:25:59.857664
89,1,1,5,0,5,2026-07-15T10:26:00.560786
89,1,2,5,0,5,2026-07-15T10:26:00.970338
89,1,3,4,0,4,2026-07-15T10:26:01.399266
89,1,4,5,1,5,2026-07-15T12:46:17.430706
89,1,5,5,0,5,2026-07-15T10:26:03.510525
89,1,6,4,1,4,2026-07-15T12:46:20.151935
89,1,7,4,0,4,2026-07-15T10:26:04.781818
89,1,8,5,0,5,2026-07-15T10:26:05.341042
89,1,9,4,0,4,2026-07-15T10:26:05.803585
89,1,10,5,0,5,2026-07-15T10:26:06.720350
89,2,1,0,0,0,2026-07-15T10:26:07.494474
89,2,2,0,0,0,2026-07-15T10:26:08.910665
89,2,3,0,0,0,2026-07-15T10:26:09.331856
89,2,4,0,0,0,2026-07-15T10:26:10.305653
89,2,5,0,0,0,2026-07-15T10:26:10.854666
89,2,6,0,0,0,2026-07-15T10:26:11.181296
89,2,7,0,0,0,2026-07-15T10:26:11.523489
89,2,8,0,1,0,2026-07-15T12:46:21.565162
89,2,9,0,1,0,2026-07-15T12:46:22.494432
89,2,10,0,0,0,2026-07-15T10:26:14.180995
89,3,1,4,0,4,2026-07-15T10:26:14.796346
89,3,2,4,0,4,2026-07-15T10:26:15.502788
89,3,3,2,0,2,2026-07-15T10:26:16.248472
89,3,4,4,0,4,2026-07-15T10:26:16.804963
89,3,5,4,0,4,2026-07-15T10:26:17.238721
89,3,6,4,0,4,2026-07-15T10:26:17.648268
89,3,7,4,0,4,2026-07-15T10:26:19.031881
89,3,8,2,0,2,2026-07-15T10:26:19.578290
89,3,9,4,0,4,2026-07-15T10:26:19.924573
89,3,10,2,0,2,2026-07-15T10:26:20.386297
89,4,1,0,0,0,2026-07-15T10:26:20.814155
89,4,2,0,0,0,2026-07-15T10:26:21.182104
89,4,3,0,0,0,2026-07-15T10:26:21.871901
89,4,4,0,0,0,2026-07-15T10:26:22.532119
89,4,5,0,0,0,2026-07-15T10:26:22.893400
89,4,6,0,0,0,2026-07-15T10:26:23.597460
89,4,7,0,0,0,2026-07-15T10:26:24.400359
89,4,8,0,0,0,2026-07-15T10:26:24.854260
89,4,9,0,0,0,2026-07-15T10:26:25.167924
89,4,10,0,0,0,2026-07-15T10:26:25.481228
89,5,1,4,0,4,2026-07-15T10:26:25.908855
89,5,2,2,0,2,2026-07-15T10:26:26.258083
89,5,3,4,0,4,2026-07-15T10:26:26.857421
89,5,4,2,0,2,2026-07-15T10:26:27.938486
89,5,5,4,0,4,2026-07-15T10:26:28.587738
89,5,6,4,0,4,2026-07-15T10:26:28.985430
89,5,7,4,0,4,2026-07-15T10:26:29.340491
89,5,8,4,0,4,2026-07-15T10:26:29.694200
89,5,9,2,0,2,2026-07-15T10:26:30.411034
89,5,10,4,0,4,2026-07-15T10:26:30.863821
89,6,1,0,0,0,2026-07-15T10:26:31.240826
89,6,2,0,0,0,2026-07-15T10:26:31.621364
89,6,3,0,0,0,2026-07-15T10:26:32.022835
89,6,4,0,0,0,2026-07-15T10:26:32.350046
89,6,5,0,0,0,2026-07-15T10:26:32.920777
89,6,6,0,0,0,2026-07-15T10:26:33.655885
89,6,7,0,0,0,2026-07-15T10:26:34.219613
89,6,8,0,0,0,2026-07-15T10:26:34.966325
89,6,9,0,0,0,2026-07-15T10:26:36.722629
89,6,10,0,0,0,2026-07-15T10:26:37.145970
89,7,1,5,0,5,2026-07-15T10:26:37.586822
89,7,2,5,0,5,2026-07-15T10:26:38.074880
89,7,3,5,0,5,2026-07-15T10:26:39.559880
89,7,4,5,0,5,2026-07-15T10:26:39.909610
89,7,5,5,0,5,2026-07-15T10:26:40.678525
89,7,6,5,0,5,2026-07-15T10:26:41.040086
89,7,7,5,0,5,2026-07-15T10:26:41.405146
89,7,8,5,0,5,2026-07-15T10:26:41.978794
89,7,9,5,0,5,2026-07-15T10:26:42.404210
89,7,10,5,0,5,2026-07-15T10:26:43.228532
89,8,1,0,0,0,2026-07-15T10:26:43.609705
89,8,2,0,0,0,2026-07-15T10:26:43.979418
89,8,3,0,0,0,2026-07-15T10:26:44.377251
89,8,4,0,0,0,2026-07-15T10:26:45.383851
89,8,5,0,0,0,2026-07-15T10:26:45.879619
89,8,6,0,1,0,2026-07-15T12:46:22.954344
89,8,7,0,0,0,2026-07-15T10:26:46.854786
89,8,8,0,0,0,2026-07-15T10:26:47.380894
89,8,9,0,0,0,2026-07-15T10:26:47.749877
89,8,10,0,0,0,2026-07-15T10:26:48.347818
89,9,1,5,0,5,2026-07-15T10:26:48.826944
89,9,2,5,0,5,2026-07-15T10:26:49.112729
89,9,3,5,0,5,2026-07-15T10:26:49.644567
89,9,4,5,0,5,2026-07-15T10:26:51.085129
89,9,5,5,0,5,2026-07-15T10:26:51.411475
89,9,6,5,0,5,2026-07-15T10:26:52.064281
89,9,7,5,0,5,2026-07-15T10:26:52.652415
89,9,8,5,0,5,2026-07-15T10:26:53.121095
89,9,9,5,0,5,2026-07-15T10:26:53.871174
89,9,10,5,0,5,2026-07-15T10:26:54.304912
90,1,1,4,0,4,2026-07-15T10:26:54.916244
90,1,2,2,0,2,2026-07-15T10:26:55.291500
90,1,3,2,0,2,2026-07-15T10:26:55.882108
90,1,4,2,0,2,2026-07-15T10:26:56.591396
90,1,5,2,0,2,2026-07-15T10:26:56.978541
90,1,6,2,0,2,2026-07-15T10:26:57.440222
90,1,7,4,0,4,2026-07-15T10:26:57.835840
90,1,8,4,0,4,2026-07-15T10:26:58.357291
90,1,9,4,0,4,2026-07-15T10:26:59.863233
90,1,10,4,0,4,2026-07-15T10:27:00.159477
90,2,1,0,0,0,2026-07-15T10:27:00.735643
90,2,2,0,0,0,2026-07-15T10:27:01.209496
90,2,3,0,0,0,2026-07-15T10:27:01.693425
90,2,4,0,0,0,2026-07-15T10:27:02.279375
90,2,5,0,0,0,2026-07-15T10:27:03.430366
90,2,6,0,0,0,2026-07-15T10:27:03.968499
90,2,7,0,0,0,2026-07-15T10:27:05.785082
90,2,8,0,0,0,2026-07-15T10:27:06.232166
90,2,9,0,0,0,2026-07-15T10:27:06.716112
90,2,10,0,0,0,2026-07-15T10:27:07.054356
90,3,1,2,0,2,2026-07-15T10:27:07.521286
90,3,2,2,0,2,2026-07-15T10:27:08.271603
90,3,3,2,0,2,2026-07-15T10:27:09.853998
90,3,4,2,0,2,2026-07-15T10:27:11.369005
90,3,5,2,0,2,2026-07-15T10:27:11.866150
90,3,6,2,0,2,2026-07-15T10:27:12.481661
90,3,7,2,0,2,2026-07-15T10:27:13.111384
90,3,8,2,0,2,2026-07-15T10:27:13.468487
90,3,9,2,0,2,2026-07-15T10:27:13.891786
90,3,10,2,0,2,2026-07-15T10:27:14.261223
90,4,1,0,0,0,2026-07-15T10:27:14.748731
90,4,2,0,0,0,2026-07-15T10:27:15.276677
90,4,3,0,0,0,2026-07-15T10:27:15.907371
90,4,4,0,0,0,2026-07-15T10:27:16.761779
90,4,5,0,0,0,2026-07-15T10:27:17.382105
90,4,6,0,0,0,2026-07-15T10:27:17.754359
90,4,7,0,0,0,2026-07-15T10:27:18.145073
90,4,8,0,0,0,2026-07-15T10:27:18.915580
90,4,9,0,0,0,2026-07-15T10:27:19.453721
90,4,10,0,0,0,2026-07-15T10:27:19.973562
90,5,1,4,1,4,2026-07-15T12:46:23.514897
90,5,2,4,0,4,2026-07-15T10:27:21.628322
90,5,3,4,0,4,2026-07-15T10:27:22.075671
90,5,4,4,0,4,2026-07-15T10:27:23.461299
90,5,5,4,1,4,2026-07-15T12:46:24.424565
90,5,6,4,0,4,2026-07-15T10:27:27.741536
90,5,7,4,0,4,2026-07-15T10:27:28.726838
90,5,8,4,0,4,2026-07-15T10:27:30.606930
90,5,9,4,0,4,2026-07-15T10:27:31.165381
90,5,10,4,0,4,2026-07-15T10:27:31.497060
90,6,1,0,0,0,2026-07-15T10:27:32.064165
90,6,2,0,0,0,2026-07-15T10:27:37.864923
90,6,3,0,0,0,2026-07-15T10:27:38.324979
90,6,4,0,0,0,2026-07-15T10:27:39.389980
90,6,5,0,0,0,2026-07-15T10:27:41.751388
90,6,6,0,1,0,2026-07-15T12:46:25.205507
90,6,7,0,0,0,2026-07-15T10:27:43.313319
90,6,8,0,0,0,2026-07-15T10:27:43.639203
90,6,9,0,0,0,2026-07-15T10:27:43.916593
90,6,10,0,0,0,2026-07-15T10:27:44.301383
90,7,1,5,0,5,2026-07-15T10:27:50.087973
90,7,2,5,0,5,2026-07-15T10:27:52.673587
90,7,3,5,0,5,2026-07-15T10:27:52.990089
90,7,4,5,0,5,2026-07-15T10:27:53.461837
90,7,5,5,0,5,2026-07-15T10:27:54.069553
90,7,6,5,0,5,2026-07-15T10:27:54.802494
90,7,7,5,1,5,2026-07-15T12:46:25.800293
90,7,8,5,0,5,2026-07-15T10:27:56.894506
90,7,9,5,0,5,2026-07-15T10:27:57.511020
90,7,10,5,0,5,2026-07-15T10:27:58.068962
90,8,1,0,0,0,2026-07-15T10:27:59.535509
90,8,2,0,0,0,2026-07-15T10:28:01.091243
90,8,3,0,0,0,2026-07-15T10:28:06.769887
90,8,4,0,0,0,2026-07-15T10:28:07.676858
90,8,5,0,1,0,2026-07-15T12:46:26.271382
90,8,6,0,0,0,2026-07-15T10:28:09.840476
90,8,7,0,0,0,2026-07-15T10:28:10.308405
90,8,8,0,0,0,2026-07-15T10:28:10.619453
90,8,9,0,0,0,2026-07-15T10:28:13.971995
90,8,10,0,2,0,2026-07-15T12:48:12.180991
90,9,1,5,0,5,2026-07-15T10:28:14.994993
90,9,2,5,0,5,2026-07-15T10:28:15.442687
90,9,3,5,0,5,2026-07-15T10:28:15.947971
90,9,4,5,0,5,2026-07-15T10:28:16.298452
90,9,5,5,1,5,2026-07-15T12:46:27.979823
90,9,6,5,0,5,2026-07-15T10:28:18.589091
90,9,7,5,0,5,2026-07-15T10:28:18.912241
90,9,8,5,0,5,2026-07-15T10:28:19.535670
90,9,9,5,0,5,2026-07-15T10:28:21.257195
90,9,10,5,0,5,2026-07-15T10:28:22.238415
91,1,1,4,0,4,2026-07-15T10:28:22.960320
91,1,2,4,0,4,2026-07-15T10:28:23.428969
91,1,3,4,0,4,2026-07-15T10:28:23.783902
91,1,4,4,0,4,2026-07-15T10:28:24.312513
91,1,5,4,0,4,2026-07-15T10:28:24.606416
91,1,6,4,0,4,2026-07-15T10:28:24.989338
91,1,7,4,0,4,2026-07-15T10:28:25.408495
91,1,8,4,0,4,2026-07-15T10:28:25.734297
91,1,9,4,0,4,2026-07-15T10:28:26.076405
91,1,10,4,0,4,2026-07-15T10:28:28.112259
91,2,1,0,0,0,2026-07-15T10:28:28.488867
91,2,2,0,0,0,2026-07-15T10:28:28.937683
91,2,3,0,0,0,2026-07-15T10:28:29.326213
91,2,4,0,0,0,2026-07-15T10:28:30.124952
91,2,5,0,1,0,2026-07-15T12:46:28.625622
91,2,6,0,0,0,2026-07-15T10:28:31.737168
91,2,7,0,0,0,2026-07-15T10:28:32.162595
91,2,8,0,0,0,2026-07-15T10:28:32.872416
91,2,9,0,0,0,2026-07-15T10:28:33.262251
91,2,10,0,0,0,2026-07-15T10:28:33.656757
91,3,1,3,0,3,2026-07-15T10:28:34.030340
91,3,2,3,0,3,2026-07-15T10:28:34.654544
91,3,3,4,0,4,2026-07-15T10:28:35.026283
91,3,4,4,0,4,2026-07-15T10:28:35.564485
91,3,5,4,0,4,2026-07-15T10:28:35.998491
91,3,6,4,0,4,2026-07-15T10:28:36.611945
91,3,7,4,0,4,2026-07-15T10:28:37.048947
91,3,8,4,0,4,2026-07-15T10:28:37.479827
91,3,9,4,0,4,2026-07-15T10:28:37.976834
91,3,10,3,0,3,2026-07-15T10:28:38.355894
91,4,1,0,0,0,2026-07-15T10:28:38.783154
91,4,2,0,0,0,2026-07-15T10:28:39.095769
91,4,3,0,0,0,2026-07-15T10:28:39.433015
91,4,4,0,0,0,2026-07-15T10:28:40.054555
91,4,5,0,0,0,2026-07-15T10:28:40.437347
91,4,6,0,0,0,2026-07-15T10:28:41.068056
91,4,7,0,0,0,2026-07-15T10:28:41.776991
91,4,8,0,0,0,2026-07-15T10:28:42.134896
91,4,9,0,0,0,2026-07-15T10:28:42.539677
91,4,10,0,0,0,2026-07-15T10:28:42.849579
91,5,1,4,0,4,2026-07-15T10:28:43.236897
91,5,2,4,0,4,2026-07-15T10:28:43.890127
91,5,3,4,1,4,2026-07-15T12:46:29.098266
91,5,4,4,0,4,2026-07-15T10:28:45.567168
91,5,5,4,0,4,2026-07-15T10:28:45.995215
91,5,6,4,0,4,2026-07-15T10:28:46.296556
91,5,7,4,0,4,2026-07-15T10:28:46.604162
91,5,8,4,0,4,2026-07-15T10:28:46.940369
91,5,9,4,0,4,2026-07-15T10:28:47.484128
91,5,10,4,0,4,2026-07-15T10:28:48.584383
91,6,1,0,0,0,2026-07-15T10:28:48.932985
91,6,2,0,0,0,2026-07-15T10:28:49.340500
91,6,3,0,0,0,2026-07-15T10:28:49.833856
91,6,4,0,0,0,2026-07-15T10:28:50.157213
91,6,5,0,0,0,2026-07-15T10:28:50.497562
91,6,6,0,1,0,2026-07-15T12:46:30.259110
91,6,7,0,0,0,2026-07-15T10:28:52.009118
91,6,8,0,0,0,2026-07-15T10:28:52.495543
91,6,9,0,0,0,2026-07-15T10:28:52.914744
91,6,10,0,0,0,2026-07-15T10:28:53.250301
91,7,1,5,0,5,2026-07-15T10:28:53.760314
91,7,2,5,0,5,2026-07-15T10:28:54.284772
91,7,3,5,1,5,2026-07-15T12:46:33.233524
91,7,4,5,0,5,2026-07-15T10:28:55.256841
91,7,5,5,0,5,2026-07-15T10:28:55.661736
91,7,6,5,0,5,2026-07-15T10:28:56.077407
91,7,7,5,0,5,2026-07-15T10:28:56.458662
91,7,8,5,0,5,2026-07-15T10:28:56.758047
91,7,9,5,0,5,2026-07-15T10:28:58.253984
91,7,10,5,1,5,2026-07-15T12:46:33.907770
91,8,1,2,0,2,2026-07-15T10:28:59.710732
91,8,2,2,0,2,2026-07-15T10:29:00.164290
91,8,3,2,0,2,2026-07-15T10:29:00.665385
91,8,4,2,0,2,2026-07-15T10:29:01.170384
91,8,5,2,0,2,2026-07-15T10:29:01.492310
91,8,6,2,0,2,2026-07-15T10:29:02.895919
91,8,7,2,0,2,2026-07-15T10:29:03.757973
91,8,8,0,0,0,2026-07-15T10:29:04.139186
91,8,9,0,0,0,2026-07-15T10:29:04.912178
91,8,10,0,0,0,2026-07-15T10:29:05.491229
91,9,1,5,0,5,2026-07-15T10:29:06.082163
91,9,2,5,0,5,2026-07-15T10:29:06.470656
91,9,3,5,1,5,2026-07-15T12:46:34.384489
91,9,4,5,0,5,2026-07-15T10:29:08.067208
91,9,5,5,0,5,2026-07-15T10:29:09.562573
91,9,6,5,0,5,2026-07-15T10:29:10.054343
91,9,7,5,1,5,2026-07-15T12:46:35.465192
91,9,8,5,0,5,2026-07-15T10:29:11.736552
91,9,9,5,0,5,2026-07-15T10:29:12.163702
91,9,10,5,0,5,2026-07-15T10:29:12.604759
92,1,1,4,0,4,2026-07-15T10:29:13.005199
92,1,2,4,0,4,2026-07-15T10:29:13.687777
92,1,3,4,0,4,2026-07-15T10:29:14.078236
92,1,4,4,0,4,2026-07-15T10:29:14.560985
92,1,5,4,0,4,2026-07-15T10:29:14.925068
92,1,6,4,0,4,2026-07-15T10:29:15.645973
92,1,7,4,0,4,2026-07-15T10:29:16.062426
92,1,8,4,1,4,2026-07-15T12:46:35.925051
92,1,9,4,0,4,2026-07-15T10:29:17.654883
92,1,10,4,0,4,2026-07-15T10:29:18.157540
92,2,1,0,0,0,2026-07-15T10:29:18.505999
92,2,2,0,0,0,2026-07-15T10:29:18.945377
92,2,3,0,0,0,2026-07-15T10:29:19.323272
92,2,4,0,0,0,2026-07-15T10:29:20.179607
92,2,5,0,0,0,2026-07-15T10:29:20.508705
92,2,6,0,0,0,2026-07-15T10:29:20.963600
92,2,7,0,0,0,2026-07-15T10:29:21.506657
92,2,8,0,0,0,2026-07-15T10:29:22.131317
92,2,9,0,0,0,2026-07-15T10:29:22.708776
92,2,10,0,0,0,2026-07-15T10:29:23.122307
92,3,1,4,0,4,2026-07-15T10:29:24.295475
92,3,2,4,0,4,2026-07-15T10:29:24.802211
92,3,3,4,0,4,2026-07-15T10:29:25.659800
92,3,4,4,1,4,2026-07-15T12:46:36.572512
92,3,5,4,0,4,2026-07-15T10:29:27.171490
92,3,6,4,0,4,2026-07-15T10:29:27.504599
92,3,7,4,0,4,2026-07-15T10:29:28.314614
92,3,8,4,0,4,2026-07-15T10:29:28.800518
92,3,9,4,0,4,2026-07-15T10:29:29.687245
92,3,10,4,0,4,2026-07-15T10:29:30.596322
92,4,1,0,0,0,2026-07-15T10:29:30.927174
92,4,2,0,0,0,2026-07-15T10:29:31.244253
92,4,3,0,0,0,2026-07-15T10:29:31.549500
92,4,4,0,0,0,2026-07-15T10:29:31.908883
92,4,5,0,0,0,2026-07-15T10:29:32.542787
92,4,6,0,1,0,2026-07-15T12:46:37.171523
92,4,7,0,0,0,2026-07-15T10:29:33.576205
92,4,8,0,0,0,2026-07-15T10:29:34.129514
92,4,9,0,0,0,2026-07-15T10:29:34.452788
92,4,10,0,0,0,2026-07-15T10:29:34.869340
92,5,1,4,0,4,2026-07-15T10:29:35.368885
92,5,2,4,0,4,2026-07-15T10:29:35.674389
92,5,3,4,0,4,2026-07-15T10:29:36.038339
92,5,4,4,0,4,2026-07-15T10:29:37.099337
92,5,5,4,0,4,2026-07-15T10:29:38.275607
92,5,6,4,0,4,2026-07-15T10:29:39.715892
92,5,7,4,0,4,2026-07-15T10:29:40.077258
92,5,8,4,0,4,2026-07-15T10:29:40.597699
92,5,9,4,1,4,2026-07-15T12:46:37.950355
92,5,10,4,0,4,2026-07-15T10:29:42.714145
92,6,1,0,0,0,2026-07-15T10:29:43.576217
92,6,2,0,0,0,2026-07-15T10:29:44.110973
92,6,3,0,0,0,2026-07-15T10:29:44.456763
92,6,4,0,0,0,2026-07-15T10:29:44.886285
92,6,5,0,0,0,2026-07-15T10:29:45.267569
92,6,6,0,0,0,2026-07-15T10:29:45.691813
92,6,7,0,0,0,2026-07-15T10:29:46.086273
92,6,8,0,0,0,2026-07-15T10:29:46.441181
92,6,9,0,0,0,2026-07-15T10:29:47.907683
92,6,10,0,1,0,2026-07-15T12:46:38.586563
92,7,1,5,0,5,2026-07-15T10:29:49.861241
92,7,2,5,0,5,2026-07-15T10:29:50.457574
92,7,3,5,0,5,2026-07-15T10:29:51.218006
92,7,4,5,0,5,2026-07-15T10:29:51.781908
92,7,5,5,0,5,2026-07-15T10:29:52.208490
92,7,6,5,0,5,2026-07-15T10:29:53.074976
92,7,7,5,0,5,2026-07-15T10:29:53.511558
92,7,8,5,0,5,2026-07-15T10:29:53.839235
92,7,9,5,0,5,2026-07-15T10:29:54.958899
92,7,10,5,0,5,2026-07-15T10:29:55.665499
92,8,1,0,2,0,2026-07-15T12:48:12.768997
92,8,2,0,0,0,2026-07-15T10:29:57.126232
92,8,3,2,0,2,2026-07-15T10:29:57.545801
92,8,4,0,0,0,2026-07-15T10:29:57.917281
92,8,5,2,1,2,2026-07-15T12:46:40.250965
92,8,6,2,0,2,2026-07-15T10:29:59.521295
92,8,7,0,0,0,2026-07-15T10:30:00.078334
92,8,8,0,0,0,2026-07-15T10:30:00.449688
92,8,9,0,0,0,2026-07-15T10:30:00.768608
92,8,10,0,0,0,2026-07-15T10:30:01.212259
92,9,1,5,0,5,2026-07-15T10:30:02.797191
92,9,2,5,0,5,2026-07-15T10:30:03.092729
92,9,3,5,0,5,2026-07-15T10:30:03.510503
92,9,4,5,0,5,2026-07-15T10:30:03.919736
92,9,5,5,0,5,2026-07-15T10:30:04.318495
92,9,6,5,0,5,2026-07-15T10:30:04.599470
92,9,7,5,0,5,2026-07-15T10:30:04.966249
92,9,8,5,1,5,2026-07-15T12:46:40.956340
92,9,9,5,0,5,2026-07-15T10:30:06.128750
92,9,10,5,0,5,2026-07-15T10:30:06.691286
93,1,1,4,0,4,2026-07-15T10:30:07.634075
93,1,2,4,0,4,2026-07-15T10:30:08.034553
93,1,3,4,0,4,2026-07-15T10:30:08.733921
93,1,4,4,0,4,2026-07-15T10:30:09.829026
93,1,5,4,0,4,2026-07-15T10:30:10.402945
93,1,6,4,1,4,2026-07-15T12:46:41.677010
93,1,7,4,0,4,2026-07-15T10:30:12.477389
93,1,8,4,0,4,2026-07-15T10:30:12.890010
93,1,9,4,0,4,2026-07-15T10:30:13.516692
93,1,10,4,0,4,2026-07-15T10:30:14.520009
93,2,1,0,0,0,2026-07-15T10:30:15.209262
93,2,2,0,0,0,2026-07-15T10:30:15.812730
93,2,3,0,0,0,2026-07-15T10:30:16.170560
93,2,4,0,0,0,2026-07-15T10:30:16.513929
93,2,5,0,0,0,2026-07-15T10:30:16.831795
93,2,6,0,0,0,2026-07-15T10:30:17.615555
93,2,7,0,0,0,2026-07-15T10:30:18.656641
93,2,8,0,0,0,2026-07-15T10:30:19.011654
93,2,9,0,0,0,2026-07-15T10:30:20.037464
93,2,10,0,1,0,2026-07-15T12:46:42.059609
93,3,1,4,0,4,2026-07-15T10:30:21.636188
93,3,2,4,0,4,2026-07-15T10:30:22.062286
93,3,3,4,0,4,2026-07-15T10:30:23.204994
93,3,4,4,2,4,2026-07-15T12:48:13.293690
93,3,5,4,0,4,2026-07-15T10:30:25.465561
93,3,6,4,0,4,2026-07-15T10:30:26.330129
93,3,7,4,0,4,2026-07-15T10:30:27.019322
93,3,8,4,0,4,2026-07-15T10:30:27.590297
93,3,9,4,0,4,2026-07-15T10:30:28.221946
93,3,10,4,0,4,2026-07-15T10:30:28.827736
93,4,1,0,0,0,2026-07-15T10:30:29.195935
93,4,2,0,0,0,2026-07-15T10:30:30.287707
93,4,3,0,0,0,2026-07-15T10:30:30.778111
93,4,4,0,0,0,2026-07-15T10:30:31.507891
93,4,5,0,0,0,2026-07-15T10:30:31.928589
93,4,6,0,0,0,2026-07-15T10:30:33.526123
93,4,7,0,0,0,2026-07-15T10:30:33.846417
93,4,8,0,0,0,2026-07-15T10:30:34.142652
93,4,9,0,0,0,2026-07-15T10:30:34.828825
93,4,10,0,0,0,2026-07-15T10:30:36.206458
93,5,1,4,0,4,2026-07-15T10:30:36.620908
93,5,2,4,2,4,2026-07-15T12:48:13.804617
93,5,3,4,0,4,2026-07-15T10:30:39.084121
93,5,4,4,0,4,2026-07-15T10:30:39.405735
93,5,5,4,0,4,2026-07-15T10:30:40.750439
93,5,6,4,0,4,2026-07-15T10:30:41.069885
93,5,7,4,0,4,2026-07-15T10:30:41.389378
93,5,8,4,0,4,2026-07-15T10:30:41.807900
93,5,9,4,0,4,2026-07-15T10:30:42.162315
93,5,10,4,0,4,2026-07-15T10:30:42.598098
93,6,1,0,0,0,2026-07-15T10:30:43.434267
93,6,2,0,0,0,2026-07-15T10:30:43.913391
93,6,3,0,0,0,2026-07-15T10:30:44.299915
93,6,4,0,1,0,2026-07-15T12:46:44.548834
93,6,5,0,0,0,2026-07-15T10:30:45.811590
93,6,6,0,0,0,2026-07-15T10:30:46.135112
93,6,7,0,0,0,2026-07-15T10:30:46.525844
93,6,8,0,0,0,2026-07-15T10:30:47.197912
93,6,9,0,0,0,2026-07-15T10:30:47.614490
93,6,10,0,1,0,2026-07-15T12:46:45.002791
93,7,1,5,0,5,2026-07-15T10:30:49.277713
93,7,2,5,0,5,2026-07-15T10:30:50.740771
93,7,3,5,0,5,2026-07-15T10:30:51.180501
93,7,4,5,0,5,2026-07-15T10:30:52.079795
93,7,5,5,0,5,2026-07-15T10:30:52.486508
93,7,6,5,0,5,2026-07-15T10:30:52.802513
93,7,7,5,0,5,2026-07-15T10:30:53.474794
93,7,8,5,0,5,2026-07-15T10:30:53.959103
93,7,9,5,0,5,2026-07-15T10:30:54.358818
93,7,10,5,0,5,2026-07-15T10:30:54.869125
93,8,1,0,1,0,2026-07-15T12:46:45.653939
93,8,2,0,3,0,2026-07-15T12:48:20.737792
93,8,3,0,0,0,2026-07-15T10:31:01.286964
93,8,4,0,0,0,2026-07-15T10:31:02.356694
93,8,5,0,0,0,2026-07-15T10:31:02.733175
93,8,6,0,1,0,2026-07-15T12:46:46.669768
93,8,7,2,1,2,2026-07-15T12:46:47.223435
93,8,8,0,0,0,2026-07-15T10:31:03.762510
93,8,9,0,2,0,2026-07-15T12:48:14.585551
93,8,10,2,1,2,2026-07-15T12:46:50.145293
93,9,1,5,0,5,2026-07-15T10:31:05.053306
93,9,2,5,0,5,2026-07-15T10:31:05.396178
93,9,3,5,0,5,2026-07-15T10:31:05.782829
93,9,4,5,0,5,2026-07-15T10:31:06.444552
93,9,5,5,0,5,2026-07-15T10:31:06.902007
93,9,6,5,0,5,2026-07-15T10:31:07.529697
93,9,7,5,0,5,2026-07-15T10:31:08.241429
93,9,8,5,0,5,2026-07-15T10:31:08.758374
93,9,9,5,0,5,2026-07-15T10:31:09.433510
93,9,10,5,0,5,2026-07-15T10:31:09.887968
94,1,1,4,0,4,2026-07-15T10:31:10.809482
94,1,2,4,0,4,2026-07-15T10:31:12.872653
94,1,3,4,0,4,2026-07-15T10:31:14.041652
94,1,4,4,1,4,2026-07-15T12:46:51.051718
94,1,5,4,0,4,2026-07-15T10:31:15.686610
94,1,6,4,0,4,2026-07-15T10:31:16.189864
94,1,7,4,0,4,2026-07-15T10:31:16.941488
94,1,8,4,0,4,2026-07-15T10:31:17.791956
94,1,9,4,1,4,2026-07-15T12:46:51.533625
94,1,10,4,1,4,2026-07-15T12:46:51.980479
94,2,1,0,0,0,2026-07-15T10:31:21.622836
94,2,2,0,0,0,2026-07-15T10:31:22.475376
94,2,3,0,0,0,2026-07-15T10:31:23.436955
94,2,4,0,0,0,2026-07-15T10:31:24.036495
94,2,5,0,0,0,2026-07-15T10:31:25.139314
94,2,6,0,0,0,2026-07-15T10:31:25.577060
94,2,7,0,0,0,2026-07-15T10:31:26.611775
94,2,8,0,0,0,2026-07-15T10:31:27.167405
94,2,9,0,0,0,2026-07-15T10:31:27.783526
94,2,10,0,0,0,2026-07-15T10:31:29.047496
94,3,1,2,0,2,2026-07-15T10:31:30.059884
94,3,2,2,0,2,2026-07-15T10:31:31.596991
94,3,3,2,0,2,2026-07-15T10:31:32.545302
94,3,4,2,0,2,2026-07-15T10:31:33.541402
94,3,5,4,0,4,2026-07-15T10:31:35.424375
94,3,6,4,0,4,2026-07-15T10:31:36.371448
94,3,7,4,0,4,2026-07-15T10:31:36.858648
94,3,8,4,0,4,2026-07-15T10:31:39.187023
94,3,9,4,0,4,2026-07-15T10:31:41.040884
94,3,10,2,1,2,2026-07-15T12:46:55.610881
94,4,1,0,0,0,2026-07-15T10:31:43.175893
94,4,2,0,0,0,2026-07-15T10:31:43.957109
94,4,3,0,0,0,2026-07-15T10:31:44.721779
94,4,4,0,0,0,2026-07-15T10:31:46.772144
94,4,5,0,0,0,2026-07-15T10:31:47.616894
94,4,6,0,0,0,2026-07-15T10:31:47.990794
94,4,7,0,0,0,2026-07-15T10:31:48.568387
94,4,8,0,0,0,2026-07-15T10:31:48.935956
94,4,9,0,0,0,2026-07-15T10:31:49.529375
94,4,10,0,0,0,2026-07-15T10:31:50.857625
94,5,1,5,0,5,2026-07-15T10:31:51.428140
94,5,2,4,0,4,2026-07-15T10:31:52.420128
94,5,3,4,0,4,2026-07-15T10:31:53.280064
94,5,4,4,0,4,2026-07-15T10:31:53.923202
94,5,5,4,0,4,2026-07-15T10:31:54.774492
94,5,6,4,0,4,2026-07-15T10:31:57.592951
94,5,7,4,1,4,2026-07-15T12:46:56.387282
94,5,8,5,0,5,2026-07-15T10:32:00.270536
94,5,9,5,0,5,2026-07-15T10:32:01.198482
94,5,10,5,0,5,2026-07-15T10:32:01.738481
94,6,1,0,0,0,2026-07-15T10:32:02.333528
94,6,2,0,1,0,2026-07-15T12:46:56.820785
94,6,3,0,2,0,2026-07-15T12:48:15.181590
94,6,4,0,0,0,2026-07-15T10:32:06.688941
94,6,5,0,0,0,2026-07-15T10:32:07.673626
94,6,6,0,0,0,2026-07-15T10:32:09.714178
94,6,7,0,0,0,2026-07-15T10:32:11.784904
94,6,8,0,0,0,2026-07-15T10:32:12.633650
94,6,9,0,0,0,2026-07-15T10:32:13.397924
94,6,10,0,0,0,2026-07-15T10:32:14.487941
94,7,1,5,0,5,2026-07-15T10:32:15.580174
94,7,2,5,0,5,2026-07-15T10:32:16.199584
94,7,3,5,0,5,2026-07-15T10:32:17.205581
94,7,4,5,0,5,2026-07-15T10:32:17.997698
94,7,5,5,2,5,2026-07-15T12:48:15.756436
94,7,6,5,0,5,2026-07-15T10:32:21.465205
94,7,7,5,0,5,2026-07-15T10:32:25.401885
94,7,8,5,0,5,2026-07-15T10:32:27.935664
94,7,9,5,1,5,2026-07-15T12:47:03.139918
94,7,10,5,1,5,2026-07-15T12:47:03.833153
94,8,1,0,0,0,2026-07-15T10:32:31.003040
94,8,2,0,2,0,2026-07-15T12:48:17.204976
94,8,3,0,0,0,2026-07-15T10:32:33.424369
94,8,4,0,0,0,2026-07-15T10:32:35.075882
94,8,5,0,0,0,2026-07-15T10:32:36.307649
94,8,6,0,0,0,2026-07-15T10:32:37.009077
94,8,7,0,1,0,2026-07-15T12:47:06.610700
94,8,8,0,1,0,2026-07-15T12:47:07.095878
94,8,9,0,1,0,2026-07-15T12:47:07.928825
94,8,10,0,0,0,2026-07-15T10:32:42.850520
94,9,1,5,0,5,2026-07-15T10:32:43.648432
94,9,2,5,0,5,2026-07-15T10:32:44.298644
94,9,3,5,0,5,2026-07-15T10:32:45.053701
94,9,4,5,0,5,2026-07-15T10:32:46.267204
94,9,5,5,1,5,2026-07-15T12:47:08.511160
94,9,6,5,1,5,2026-07-15T12:47:09.306876
94,9,7,5,0,5,2026-07-15T10:32:52.193070
94,9,8,5,0,5,2026-07-15T10:32:53.029215
94,9,9,5,0,5,2026-07-15T10:32:54.219395
94,9,10,5,0,5,2026-07-15T10:32:55.608122
95,1,1,4,0,4,2026-07-15T10:32:56.299019
95,1,2,4,0,4,2026-07-15T10:32:57.113234
95,1,3,5,1,5,2026-07-15T12:47:10.235489
95,1,4,5,0,5,2026-07-15T10:32:59.109758
95,1,5,5,1,5,2026-07-15T12:47:10.877163
95,1,6,5,0,5,2026-07-15T10:33:02.415250
95,1,7,5,0,5,2026-07-15T10:33:02.881342
95,1,8,5,1,5,2026-07-15T12:47:11.806750
95,1,9,5,0,5,2026-07-15T10:33:05.893423
95,1,10,5,0,5,2026-07-15T10:33:07.426313
95,2,1,0,0,0,2026-07-15T10:33:08.471606
95,2,2,0,1,0,2026-07-15T12:47:12.324138
95,2,3,0,0,0,2026-07-15T10:33:10.893355
95,2,4,0,0,0,2026-07-15T10:33:11.594556
95,2,5,0,0,0,2026-07-15T10:33:12.319155
95,2,6,0,0,0,2026-07-15T10:33:14.661977
95,2,7,0,0,0,2026-07-15T10:33:16.713787
95,2,8,0,0,0,2026-07-15T10:33:17.184285
95,2,9,0,1,0,2026-07-15T12:47:12.793320
95,2,10,0,1,0,2026-07-15T12:47:13.397135
95,3,1,2,0,2,2026-07-15T10:33:20.556913
95,3,2,2,0,2,2026-07-15T10:33:21.403579
95,3,3,2,0,2,2026-07-15T10:33:22.443083
95,3,4,2,0,2,2026-07-15T10:33:23.297947
95,3,5,2,0,2,2026-07-15T10:33:24.246813
95,3,6,2,0,2,2026-07-15T10:33:24.789638
95,3,7,4,1,4,2026-07-15T12:47:13.929157
95,3,8,2,2,2,2026-07-15T12:48:17.954317
95,3,9,2,0,2,2026-07-15T10:33:28.331609
95,3,10,4,0,4,2026-07-15T10:33:28.912952
95,4,1,0,0,0,2026-07-15T10:33:29.392063
95,4,2,0,1,0,2026-07-15T12:47:15.081942
95,4,3,0,0,0,2026-07-15T10:33:31.560173
95,4,4,0,0,0,2026-07-15T10:33:33.331397
95,4,5,0,0,0,2026-07-15T10:33:33.666131
95,4,6,0,0,0,2026-07-15T10:33:34.260541
95,4,7,0,1,0,2026-07-15T12:47:15.718562
95,4,8,0,0,0,2026-07-15T10:33:36.419238
95,4,9,0,0,0,2026-07-15T10:33:37.058369
95,4,10,0,0,0,2026-07-15T10:33:37.601561
95,5,1,4,0,4,2026-07-15T10:33:38.099861
95,5,2,4,0,4,2026-07-15T10:33:38.442710
95,5,3,4,0,4,2026-07-15T10:33:39.329529
95,5,4,4,0,4,2026-07-15T10:33:39.976354
95,5,5,5,0,5,2026-07-15T10:33:40.469928
95,5,6,4,0,4,2026-07-15T10:33:40.994145
95,5,7,4,0,4,2026-07-15T10:33:41.310009
95,5,8,5,0,5,2026-07-15T10:33:41.754480
95,5,9,5,0,5,2026-07-15T10:33:42.200762
95,5,10,5,0,5,2026-07-15T10:33:42.796572
95,6,1,0,0,0,2026-07-15T10:33:43.341653
95,6,2,0,0,0,2026-07-15T10:33:44.025059
95,6,3,0,0,0,2026-07-15T10:33:44.547032
95,6,4,0,0,0,2026-07-15T10:33:44.938276
95,6,5,0,0,0,2026-07-15T10:33:45.676945
95,6,6,0,0,0,2026-07-15T10:33:46.217197
95,6,7,0,1,0,2026-07-15T12:47:16.489480
95,6,8,0,0,0,2026-07-15T10:33:48.760256
95,6,9,0,0,0,2026-07-15T10:33:49.333958
95,6,10,0,0,0,2026-07-15T10:33:49.801979
95,7,1,5,0,5,2026-07-15T10:33:50.226612
95,7,2,5,0,5,2026-07-15T10:33:51.319178
95,7,3,5,0,5,2026-07-15T10:33:52.021604
95,7,4,5,0,5,2026-07-15T10:33:52.623950
95,7,5,5,0,5,2026-07-15T10:33:53.074333
95,7,6,5,0,5,2026-07-15T10:33:53.777731
95,7,7,5,0,5,2026-07-15T10:33:54.113141
95,7,8,5,0,5,2026-07-15T10:33:54.590258
95,7,9,5,0,5,2026-07-15T10:33:54.908803
95,7,10,5,0,5,2026-07-15T10:33:55.314565
95,8,1,0,0,0,2026-07-15T10:33:56.043640
95,8,2,0,0,0,2026-07-15T10:33:56.509089
95,8,3,0,1,0,2026-07-15T12:47:17.187290
95,8,4,0,0,0,2026-07-15T10:33:58.667205
95,8,5,0,0,0,2026-07-15T10:33:59.622398
95,8,6,0,0,0,2026-07-15T10:34:00.035459
95,8,7,0,0,0,2026-07-15T10:34:00.600905
95,8,8,0,0,0,2026-07-15T10:34:01.032517
95,8,9,0,0,0,2026-07-15T10:34:01.491163
95,8,10,0,0,0,2026-07-15T10:34:02.107296
95,9,1,5,0,5,2026-07-15T10:34:02.855895
95,9,2,5,0,5,2026-07-15T10:34:03.292214
95,9,3,5,0,5,2026-07-15T10:34:05.882290
95,9,4,5,0,5,2026-07-15T10:34:06.195065
95,9,5,5,0,5,2026-07-15T10:34:06.507848
95,9,6,5,0,5,2026-07-15T10:34:07.117892
95,9,7,5,0,5,2026-07-15T10:34:08.099149
95,9,8,5,0,5,2026-07-15T10:34:08.455506
95,9,9,5,0,5,2026-07-15T10:34:09.224045
95,9,10,5,0,5,2026-07-15T10:34:10.615371
96,1,1,5,0,5,2026-07-15T10:34:11.021551
96,1,2,5,0,5,2026-07-15T10:34:11.817879
96,1,3,4,0,4,2026-07-15T10:34:12.179945
96,1,4,5,0,5,2026-07-15T10:34:13.730952
96,1,5,5,0,5,2026-07-15T10:34:14.170010
96,1,6,4,0,4,2026-07-15T10:34:14.663101
96,1,7,5,0,5,2026-07-15T10:34:15.788792
96,1,8,5,0,5,2026-07-15T10:34:16.256709
96,1,9,4,0,4,2026-07-15T10:34:17.876572
96,1,10,4,1,4,2026-07-15T12:47:17.787020
96,2,1,0,0,0,2026-07-15T10:34:19.667640
96,2,2,0,0,0,2026-07-15T10:34:20.639594
96,2,3,0,0,0,2026-07-15T10:34:21.539175
96,2,4,0,0,0,2026-07-15T10:34:21.978941
96,2,5,0,0,0,2026-07-15T10:34:22.362514
96,2,6,0,0,0,2026-07-15T10:34:22.906400
96,2,7,0,0,0,2026-07-15T10:34:23.642395
96,2,8,0,0,0,2026-07-15T10:34:24.440569
96,2,9,0,0,0,2026-07-15T10:34:24.864774
96,2,10,0,0,0,2026-07-15T10:34:25.474840
96,3,1,4,0,4,2026-07-15T10:34:25.788403
96,3,2,4,0,4,2026-07-15T10:34:26.223766
96,3,3,2,0,2,2026-07-15T10:34:26.632219
96,3,4,2,0,2,2026-07-15T10:34:27.479343
96,3,5,2,0,2,2026-07-15T10:34:27.849017
96,3,6,2,0,2,2026-07-15T10:34:28.708231
96,3,7,4,0,4,2026-07-15T10:34:29.003269
96,3,8,4,0,4,2026-07-15T10:34:29.381503
96,3,9,2,0,2,2026-07-15T10:34:29.769886
96,3,10,4,0,4,2026-07-15T10:34:30.165811
96,4,1,0,0,0,2026-07-15T10:34:31.500148
96,4,2,0,0,0,2026-07-15T10:34:31.836039
96,4,3,0,0,0,2026-07-15T10:34:32.244147
96,4,4,0,0,0,2026-07-15T10:34:32.713504
96,4,5,0,0,0,2026-07-15T10:34:33.011031
96,4,6,0,0,0,2026-07-15T10:34:34.429485
96,4,7,0,0,0,2026-07-15T10:34:34.780223
96,4,8,0,1,0,2026-07-15T12:47:18.417232
96,4,9,0,0,0,2026-07-15T10:34:36.494423
96,4,10,0,0,0,2026-07-15T10:34:37.967779
96,5,1,4,0,4,2026-07-15T10:34:38.474576
96,5,2,4,0,4,2026-07-15T10:34:39.012830
96,5,3,2,0,2,2026-07-15T10:34:40.071537
96,5,4,4,0,4,2026-07-15T10:34:40.592223
96,5,5,4,0,4,2026-07-15T10:34:41.245366
96,5,6,4,0,4,2026-07-15T10:34:41.623564
96,5,7,4,0,4,2026-07-15T10:34:42.367656
96,5,8,4,0,4,2026-07-15T10:34:42.862730
96,5,9,2,1,2,2026-07-15T12:47:19.693687
96,5,10,2,0,2,2026-07-15T10:34:44.980497
96,6,1,0,0,0,2026-07-15T10:34:45.601242
96,6,2,0,0,0,2026-07-15T10:34:45.936300
96,6,3,0,0,0,2026-07-15T10:34:46.258541
96,6,4,0,0,0,2026-07-15T10:34:46.737857
96,6,5,0,0,0,2026-07-15T10:34:47.261523
96,6,6,0,0,0,2026-07-15T10:34:47.969099
96,6,7,0,0,0,2026-07-15T10:34:48.623695
96,6,8,0,0,0,2026-07-15T10:34:49.684328
96,6,9,0,0,0,2026-07-15T10:34:50.023426
96,6,10,0,0,0,2026-07-15T10:34:50.361267
96,7,1,5,0,5,2026-07-15T10:34:50.844097
96,7,2,5,0,5,2026-07-15T10:34:51.249694
96,7,3,5,0,5,2026-07-15T10:34:52.308614
96,7,4,5,0,5,2026-07-15T10:34:52.735734
96,7,5,5,0,5,2026-07-15T10:34:53.155781
96,7,6,5,0,5,2026-07-15T10:34:53.671396
96,7,7,5,1,5,2026-07-15T12:47:21.055927
96,7,8,5,0,5,2026-07-15T10:34:56.734026
96,7,9,5,0,5,2026-07-15T10:34:57.502514
96,7,10,5,0,5,2026-07-15T10:34:58.209389
96,8,1,2,0,2,2026-07-15T10:34:58.546567
96,8,2,2,0,2,2026-07-15T10:34:59.069810
96,8,3,2,0,2,2026-07-15T10:35:00.002831
96,8,4,2,0,2,2026-07-15T10:35:00.369512
96,8,5,2,0,2,2026-07-15T10:35:00.903341
96,8,6,2,0,2,2026-07-15T10:35:01.330281
96,8,7,2,0,2,2026-07-15T10:35:02.101217
96,8,8,2,0,2,2026-07-15T10:35:02.632587
96,8,9,2,0,2,2026-07-15T10:35:03.084667
96,8,10,2,0,2,2026-07-15T10:35:04.102781
96,9,1,5,0,5,2026-07-15T10:35:04.494112
96,9,2,5,0,5,2026-07-15T10:35:05.843086
96,9,3,5,0,5,2026-07-15T10:35:06.218313
96,9,4,5,0,5,2026-07-15T10:35:07.603221
96,9,5,5,0,5,2026-07-15T10:35:08.194998
96,9,6,5,1,5,2026-07-15T12:47:21.696773
96,9,7,5,0,5,2026-07-15T10:35:09.835439
96,9,8,5,0,5,2026-07-15T10:35:10.324681
96,9,9,5,1,5,2026-07-15T12:47:22.122692
96,9,10,5,0,5,2026-07-15T10:35:13.083438
97,1,1,5,0,5,2026-07-15T10:35:13.713885
97,1,2,5,0,5,2026-07-15T10:35:14.248213
97,1,3,4,0,4,2026-07-15T10:35:14.855556
97,1,4,5,0,5,2026-07-15T10:35:15.359180
97,1,5,5,0,5,2026-07-15T10:35:15.710863
97,1,6,5,0,5,2026-07-15T10:35:16.159942
97,1,7,5,0,5,2026-07-15T10:35:16.742967
97,1,8,5,0,5,2026-07-15T10:35:17.063788
97,1,9,5,0,5,2026-07-15T10:35:17.601666
97,1,10,4,1,4,2026-07-15T12:47:22.491183
97,2,1,0,0,0,2026-07-15T10:35:19.732522
97,2,2,0,1,0,2026-07-15T12:47:23.214232
97,2,3,0,0,0,2026-07-15T10:35:21.357476
97,2,4,0,0,0,2026-07-15T10:35:21.757981
97,2,5,0,0,0,2026-07-15T10:35:22.426990
97,2,6,0,0,0,2026-07-15T10:35:22.772612
97,2,7,0,0,0,2026-07-15T10:35:23.278606
97,2,8,0,0,0,2026-07-15T10:35:23.803444
97,2,9,0,0,0,2026-07-15T10:35:24.510334
97,2,10,0,0,0,2026-07-15T10:35:24.821122
97,3,1,4,0,4,2026-07-15T10:35:25.228568
97,3,2,2,0,2,2026-07-15T10:35:26.216928
97,3,3,2,0,2,2026-07-15T10:35:27.748974
97,3,4,4,0,4,2026-07-15T10:35:28.446255
97,3,5,2,0,2,2026-07-15T10:35:29.454137
97,3,6,2,0,2,2026-07-15T10:35:30.868435
97,3,7,2,0,2,2026-07-15T10:35:31.384842
97,3,8,4,0,4,2026-07-15T10:35:32.809790
97,3,9,2,0,2,2026-07-15T10:35:33.276647
97,3,10,2,0,2,2026-07-15T10:35:33.619641
97,4,1,0,0,0,2026-07-15T10:35:33.936615
97,4,2,0,0,0,2026-07-15T10:35:34.296460
97,4,3,0,0,0,2026-07-15T10:35:34.647272
97,4,4,0,1,0,2026-07-15T12:47:23.799073
97,4,5,0,0,0,2026-07-15T10:35:36.286901
97,4,6,0,0,0,2026-07-15T10:35:36.792846
97,4,7,0,0,0,2026-07-15T10:35:37.881339
97,4,8,0,0,0,2026-07-15T10:35:38.566484
97,4,9,0,0,0,2026-07-15T10:35:39.051239
97,4,10,0,0,0,2026-07-15T10:35:39.487013
97,5,1,4,0,4,2026-07-15T10:35:40.980075
97,5,2,4,0,4,2026-07-15T10:35:41.324365
97,5,3,4,0,4,2026-07-15T10:35:43.273837
97,5,4,4,0,4,2026-07-15T10:35:43.625043
97,5,5,4,0,4,2026-07-15T10:35:44.373267
97,5,6,4,0,4,2026-07-15T10:35:45.102488
97,5,7,4,0,4,2026-07-15T10:35:46.229605
97,5,8,4,0,4,2026-07-15T10:35:46.700657
97,5,9,4,0,4,2026-07-15T10:35:47.096496
97,5,10,4,0,4,2026-07-15T10:35:47.413030
97,6,1,0,0,0,2026-07-15T10:35:48.981715
97,6,2,0,0,0,2026-07-15T10:35:49.313100
97,6,3,0,0,0,2026-07-15T10:35:49.699570
97,6,4,0,0,0,2026-07-15T10:35:50.233610
97,6,5,0,0,0,2026-07-15T10:35:52.220340
97,6,6,0,0,0,2026-07-15T10:35:52.542773
97,6,7,0,0,0,2026-07-15T10:35:52.873397
97,6,8,0,0,0,2026-07-15T10:35:53.772182
97,6,9,0,0,0,2026-07-15T10:35:54.708959
97,6,10,0,0,0,2026-07-15T10:35:56.252010
97,7,1,5,0,5,2026-07-15T10:35:56.640100
97,7,2,5,1,5,2026-07-15T12:47:24.421248
97,7,3,5,0,5,2026-07-15T10:35:58.211329
97,7,4,5,1,5,2026-07-15T12:47:25.678536
97,7,5,5,1,5,2026-07-15T12:47:26.828350
97,7,6,5,0,5,2026-07-15T10:36:01.301561
97,7,7,5,0,5,2026-07-15T10:36:01.862596
97,7,8,5,0,5,2026-07-15T10:36:02.164522
97,7,9,5,0,5,2026-07-15T10:36:02.545042
97,7,10,5,0,5,2026-07-15T10:36:03.095585
97,8,1,0,0,0,2026-07-15T10:36:03.461519
97,8,2,0,0,0,2026-07-15T10:36:03.859647
97,8,3,0,0,0,2026-07-15T10:36:04.852335
97,8,4,0,0,0,2026-07-15T10:36:05.151076
97,8,5,0,0,0,2026-07-15T10:36:05.650011
97,8,6,0,0,0,2026-07-15T10:36:05.967581
97,8,7,0,0,0,2026-07-15T10:36:06.415110
97,8,8,0,0,0,2026-07-15T10:36:06.732056
97,8,9,0,0,0,2026-07-15T10:36:07.193956
97,8,10,0,0,0,2026-07-15T10:36:08.022292
97,9,1,5,0,5,2026-07-15T10:36:09.053635
97,9,2,5,0,5,2026-07-15T10:36:09.918136
97,9,3,5,0,5,2026-07-15T10:36:11.349767
97,9,4,5,0,5,2026-07-15T10:36:11.648264
97,9,5,5,0,5,2026-07-15T10:36:12.300209
97,9,6,5,1,5,2026-07-15T12:47:30.200068
97,9,7,5,0,5,2026-07-15T10:36:14.550790
97,9,8,5,0,5,2026-07-15T10:36:15.551501
97,9,9,5,0,5,2026-07-15T10:36:16.235141
97,9,10,5,0,5,2026-07-15T10:36:16.582167
98,1,1,4,0,4,2026-07-15T10:36:17.108260
98,1,2,4,0,4,2026-07-15T10:36:17.786394
98,1,3,4,0,4,2026-07-15T10:36:18.217240
98,1,4,4,0,4,2026-07-15T10:36:18.604066
98,1,5,4,0,4,2026-07-15T10:36:18.936667
98,1,6,4,0,4,2026-07-15T10:36:19.650202
98,1,7,4,0,4,2026-07-15T10:36:20.114406
98,1,8,4,0,4,2026-07-15T10:36:20.827106
98,1,9,4,1,4,2026-07-15T12:47:30.880521
98,1,10,4,0,4,2026-07-15T10:36:22.496966
98,2,1,0,0,0,2026-07-15T10:36:23.077923
98,2,2,0,0,0,2026-07-15T10:36:23.684638
98,2,3,0,0,0,2026-07-15T10:36:24.176318
98,2,4,0,0,0,2026-07-15T10:36:24.545902
98,2,5,0,0,0,2026-07-15T10:36:26.178752
98,2,6,0,0,0,2026-07-15T10:36:27.560726
98,2,7,0,0,0,2026-07-15T10:36:28.293938
98,2,8,0,0,0,2026-07-15T10:36:28.814820
98,2,9,0,0,0,2026-07-15T10:36:29.716521
98,2,10,0,0,0,2026-07-15T10:36:30.155024
98,3,1,2,0,2,2026-07-15T10:36:30.981423
98,3,2,2,0,2,2026-07-15T10:36:32.075627
98,3,3,2,0,2,2026-07-15T10:36:32.752417
98,3,4,2,1,2,2026-07-15T12:47:31.917845
98,3,5,2,0,2,2026-07-15T10:36:33.757553
98,3,6,2,0,2,2026-07-15T10:36:34.257318
98,3,7,2,0,2,2026-07-15T10:36:34.667752
98,3,8,2,0,2,2026-07-15T10:36:35.146579
98,3,9,2,1,2,2026-07-15T12:47:32.462214
98,3,10,2,0,2,2026-07-15T10:36:36.808611
98,4,1,0,0,0,2026-07-15T10:36:37.200886
98,4,2,0,1,0,2026-07-15T12:47:33.387275
98,4,3,0,0,0,2026-07-15T10:36:39.176956
98,4,4,0,0,0,2026-07-15T10:36:39.543799
98,4,5,0,0,0,2026-07-15T10:36:39.992878
98,4,6,0,0,0,2026-07-15T10:36:40.553778
98,4,7,0,0,0,2026-07-15T10:36:40.928719
98,4,8,0,1,0,2026-07-15T12:47:34.250579
98,4,9,0,0,0,2026-07-15T10:36:42.410568
98,4,10,0,0,0,2026-07-15T10:36:42.765860
98,5,1,4,0,4,2026-07-15T10:36:43.219562
98,5,2,4,0,4,2026-07-15T10:36:44.335733
98,5,3,4,0,4,2026-07-15T10:36:46.060739
98,5,4,4,0,4,2026-07-15T10:36:46.735617
98,5,5,4,0,4,2026-07-15T10:36:47.068908
98,5,6,4,1,4,2026-07-15T12:47:34.984271
98,5,7,4,0,4,2026-07-15T10:36:50.876444
98,5,8,4,0,4,2026-07-15T10:36:51.234108
98,5,9,4,0,4,2026-07-15T10:36:51.754106
98,5,10,2,0,2,2026-07-15T10:36:52.647439
98,6,1,0,1,0,2026-07-15T12:47:35.612542
98,6,2,0,0,0,2026-07-15T10:36:54.463272
98,6,3,0,0,0,2026-07-15T10:36:55.174083
98,6,4,0,0,0,2026-07-15T10:36:55.572755
98,6,5,0,0,0,2026-07-15T10:36:56.131970
98,6,6,0,0,0,2026-07-15T10:36:56.673245
98,6,7,0,0,0,2026-07-15T10:36:57.166498
98,6,8,0,1,0,2026-07-15T12:47:36.153110
98,6,9,0,0,0,2026-07-15T10:36:58.317171
98,6,10,0,0,0,2026-07-15T10:36:58.723276
98,7,1,5,0,5,2026-07-15T10:36:59.127479
98,7,2,5,0,5,2026-07-15T10:36:59.513596
98,7,3,5,0,5,2026-07-15T10:37:00.358514
98,7,4,5,0,5,2026-07-15T10:37:01.077178
98,7,5,5,0,5,2026-07-15T10:37:01.928930
98,7,6,5,0,5,2026-07-15T10:37:02.405078
98,7,7,5,0,5,2026-07-15T10:37:03.709347
98,7,8,5,0,5,2026-07-15T10:37:04.017605
98,7,9,5,0,5,2026-07-15T10:37:04.358682
98,7,10,5,0,5,2026-07-15T10:37:05.752953
98,8,1,0,0,0,2026-07-15T10:37:06.091652
98,8,2,0,0,0,2026-07-15T10:37:07.073998
98,8,3,0,0,0,2026-07-15T10:37:07.798045
98,8,4,0,0,0,2026-07-15T10:37:08.278880
98,8,5,0,0,0,2026-07-15T10:37:09.673025
98,8,6,0,1,0,2026-07-15T12:47:36.552373
98,8,7,0,0,0,2026-07-15T10:37:11.534183
98,8,8,0,0,0,2026-07-15T10:37:11.855455
98,8,9,0,0,0,2026-07-15T10:37:12.187012
98,8,10,0,0,0,2026-07-15T10:37:13.052199
98,9,1,5,1,5,2026-07-15T12:47:37.042972
98,9,2,5,0,5,2026-07-15T10:37:16.191545
98,9,3,5,0,5,2026-07-15T10:37:16.919369
98,9,4,5,0,5,2026-07-15T10:37:17.241985
98,9,5,5,0,5,2026-07-15T10:37:17.926021
98,9,6,5,0,5,2026-07-15T10:37:18.761695
98,9,7,5,0,5,2026-07-15T10:37:19.429501
98,9,8,5,0,5,2026-07-15T10:37:19.792340
98,9,9,5,0,5,2026-07-15T10:37:20.235425
98,9,10,5,0,5,2026-07-15T10:37:20.894888
99,1,1,4,0,4,2026-07-15T10:37:21.326778
99,1,2,4,1,4,2026-07-15T12:47:37.656802
99,1,3,4,0,4,2026-07-15T10:37:22.805494
99,1,4,4,0,4,2026-07-15T10:37:23.562226
99,1,5,4,0,4,2026-07-15T10:37:23.924035
99,1,6,4,0,4,2026-07-15T10:37:24.319775
99,1,7,4,0,4,2026-07-15T10:37:24.905037
99,1,8,4,0,4,2026-07-15T10:37:25.460771
99,1,9,4,0,4,2026-07-15T10:37:25.811023
99,1,10,4,0,4,2026-07-15T10:37:26.404719
99,2,1,0,0,0,2026-07-15T10:37:27.210321
99,2,2,0,0,0,2026-07-15T10:37:27.627713
99,2,3,0,0,0,2026-07-15T10:37:27.987081
99,2,4,0,0,0,2026-07-15T10:37:28.487776
99,2,5,0,0,0,2026-07-15T10:37:29.520461
99,2,6,0,0,0,2026-07-15T10:37:29.852187
99,2,7,0,0,0,2026-07-15T10:37:30.260194
99,2,8,0,0,0,2026-07-15T10:37:31.008896
99,2,9,0,1,0,2026-07-15T12:47:38.803892
99,2,10,0,0,0,2026-07-15T10:37:33.010291
99,3,1,4,0,4,2026-07-15T10:37:33.476415
99,3,2,3,0,3,2026-07-15T10:37:34.309908
99,3,3,3,0,3,2026-07-15T10:37:34.662240
99,3,4,4,0,4,2026-07-15T10:37:35.329012
99,3,5,4,0,4,2026-07-15T10:37:36.163812
99,3,6,4,0,4,2026-07-15T10:37:36.520118
99,3,7,4,0,4,2026-07-15T10:37:36.860783
99,3,8,4,0,4,2026-07-15T10:37:37.165671
99,3,9,4,0,4,2026-07-15T10:37:37.932389
99,3,10,4,0,4,2026-07-15T10:37:38.493815
99,4,1,0,0,0,2026-07-15T10:37:38.835739
99,4,2,0,0,0,2026-07-15T10:37:39.391063
99,4,3,0,0,0,2026-07-15T10:37:39.877354
99,4,4,0,0,0,2026-07-15T10:37:40.272377
99,4,5,0,0,0,2026-07-15T10:37:41.602321
99,4,6,0,0,0,2026-07-15T10:37:41.977334
99,4,7,0,0,0,2026-07-15T10:37:42.299376
99,4,8,0,0,0,2026-07-15T10:37:42.751930
99,4,9,0,0,0,2026-07-15T10:37:43.469406
99,4,10,0,0,0,2026-07-15T10:37:43.950722
99,5,1,4,0,4,2026-07-15T10:37:44.427231
99,5,2,4,0,4,2026-07-15T10:37:44.813103
99,5,3,4,0,4,2026-07-15T10:37:45.150799
99,5,4,4,0,4,2026-07-15T10:37:45.460650
99,5,5,4,0,4,2026-07-15T10:37:46.108086
99,5,6,4,0,4,2026-07-15T10:37:46.507281
99,5,7,4,0,4,2026-07-15T10:37:46.951724
99,5,8,4,0,4,2026-07-15T10:37:47.380555
99,5,9,4,0,4,2026-07-15T10:37:47.826428
99,5,10,4,0,4,2026-07-15T10:37:48.534626
99,6,1,0,0,0,2026-07-15T10:37:49.059618
99,6,2,0,0,0,2026-07-15T10:37:49.845148
99,6,3,0,0,0,2026-07-15T10:37:50.186702
99,6,4,0,0,0,2026-07-15T10:37:51.054309
99,6,5,0,0,0,2026-07-15T10:37:51.451685
99,6,6,0,0,0,2026-07-15T10:37:52.589716
99,6,7,0,0,0,2026-07-15T10:37:53.172141
99,6,8,0,0,0,2026-07-15T10:37:53.526449
99,6,9,0,0,0,2026-07-15T10:37:53.908352
99,6,10,0,0,0,2026-07-15T10:37:54.671894
99,7,1,5,0,5,2026-07-15T10:37:55.755765
99,7,2,5,0,5,2026-07-15T10:37:56.360443
99,7,3,5,0,5,2026-07-15T10:37:56.789804
99,7,4,5,0,5,2026-07-15T10:37:57.107760
99,7,5,5,0,5,2026-07-15T10:37:57.758150
99,7,6,5,0,5,2026-07-15T10:37:58.929633
99,7,7,5,0,5,2026-07-15T10:37:59.749240
99,7,8,5,0,5,2026-07-15T10:38:00.401911
99,7,9,5,0,5,2026-07-15T10:38:01.181314
99,7,10,5,0,5,2026-07-15T10:38:01.565281
99,8,1,2,0,2,2026-07-15T10:38:02.154741
99,8,2,2,0,2,2026-07-15T10:38:02.524878
99,8,3,2,0,2,2026-07-15T10:38:03.990380
99,8,4,2,0,2,2026-07-15T10:38:04.453308
99,8,5,2,1,2,2026-07-15T12:47:39.348663
99,8,6,2,0,2,2026-07-15T10:38:06.204907
99,8,7,2,0,2,2026-07-15T10:38:06.710562
99,8,8,0,0,0,2026-07-15T10:38:07.531691
99,8,9,0,0,0,2026-07-15T10:38:07.939374
99,8,10,2,0,2,2026-07-15T10:38:08.350650
99,9,1,5,0,5,2026-07-15T10:38:08.756934
99,9,2,5,0,5,2026-07-15T10:38:09.285610
99,9,3,5,1,5,2026-07-15T12:47:39.896997
99,9,4,5,0,5,2026-07-15T10:38:10.854393
99,9,5,5,0,5,2026-07-15T10:38:11.698658
99,9,6,5,1,5,2026-07-15T12:47:40.355158
99,9,7,5,0,5,2026-07-15T10:38:13.571001
99,9,8,5,1,5,2026-07-15T12:47:40.768207
99,9,9,5,0,5,2026-07-15T10:38:15.728880
99,9,10,5,0,5,2026-07-15T10:38:16.405478
